Id,JrcId,Microchip,MicrochipType,BreederId,OwnerId,TrainerId,SireId,DamId,Name,Type,IsTattooed,IsImported,CountryBredId,Gender,ColorId,IsTurnedOut,IsEnabled,IsRegistered,FoaledAt,RegisteredAt,LastRacedAt,LastWorkedOutAt,CreatedAt
22327,,,0,,,,,,HILLY'S VISION,1,0,0,,4,,0,1,0,,,,,2021-05-17 07:14:18
41386,,,0,,,,,,NO IDENTITY,1,0,0,,4,,0,1,0,,,,,2021-05-17 07:14:18
81020,,,0,,,,,,NINA DORADA,1,0,0,,4,,0,1,0,,,,,2021-05-17 07:14:18
100144,,,0,,,,,,TURNONTHELIGHT,1,0,0,,4,,0,1,0,,,,,2021-05-17 07:14:18
104900,,,0,,,,,,EXCESSIVE FORCE,1,0,0,,4,8.0,0,1,0,,,,,2021-05-17 07:14:18
111881,,,0,,,,,,FURTHER AND BEYOND,1,0,0,,4,,0,1,0,,,,,2021-05-17 07:14:18
190020,,,0,,,,,,KNOCKANEY BRIDGE,1,0,0,,4,1.0,0,1,0,,,,,2020-09-15 06:26:10
190040,,,0,,,,,,SELENE,1,0,0,,4,1.0,0,1,0,,,,,2020-09-15 06:26:10
190060,,,0,,,,,,MALVA,1,0,0,,4,1.0,0,1,0,,,,,2020-09-15 06:26:10
190106,,,0,,,,,,LADY JUROR,1,0,0,,4,1.0,0,1,0,,,,,2020-09-15 06:26:10
190722,,,0,,,,,,GREENSBORO,1,0,0,,4,1.0,0,1,0,,,,,2020-09-15 06:26:10
200027,,,0,,,,,,MILFOIL,1,0,0,,4,,0,1,0,,,,,2020-09-15 06:26:28
200047,,,0,,,,,,LET HER FLY,1,0,0,,4,1.0,0,1,0,,,,,2020-09-15 06:26:28
200067,,,0,,,,,,TERESINA,1,0,0,,4,8.0,0,1,0,,,,,2020-09-15 06:26:28
200087,,,0,,,,,,SWEETHEART,1,0,0,,4,8.0,0,1,0,,,,,2020-09-15 06:26:28
201135,,,0,,,,,,MOONLIGHT BREW,1,0,0,,4,,0,1,0,,,,,2021-05-17 07:14:36
19210025,,,0,,,,,,MUMTAZ MAHAL,1,0,0,,4,9.0,0,1,0,,,,,2020-09-15 06:26:10
19210045,,,0,,,,,,REGAL ROMAN,1,0,0,,4,8.0,0,1,0,,,,,2020-09-15 06:26:10
19210065,,,0,,,,,,APPLEBY,1,0,0,,4,8.0,0,1,0,,,,,2020-09-15 06:26:10
19220043,,,0,,,,,,GLENMAKERIN,1,0,0,,4,1.0,0,1,0,,,,,2020-09-15 06:26:10
19220063,,,0,,,,,,MOTHER GOOSE,1,0,0,,4,,0,1,0,,,,,2020-09-15 06:26:10
19230021,,,0,,,,,,RUNEBB,1,0,0,,4,,0,1,0,,,,,2020-09-15 06:26:10
19230061,,,0,,,,,,FRIARS CARSE,1,0,0,,4,8.0,0,1,0,,,,,2020-09-15 06:26:10
19230081,,,0,,,,,,SWEET LAVENDER,1,0,0,,4,8.0,0,1,0,,,,,2020-09-15 06:26:10
19230107,,,0,,,,,,TRAFFIC,1,0,0,,4,1.0,0,1,0,,,,,2020-09-15 06:26:10
19230127,,,0,,,,,,SISTER STELLA,1,0,0,,4,8.0,0,1,0,,,,,2020-09-15 06:26:10
19240029,,,0,,,,,,SARITA,1,0,0,,4,,0,1,0,,,,,2020-09-15 06:26:10
19250027,,,0,,,,,,JEANNE D'ARC,1,0,0,,4,8.0,0,1,0,,,,,2020-09-15 06:26:10
19250047,,,0,,,,,,BLESSINGS,1,0,0,,4,1.0,0,1,0,,,,,2020-09-15 06:26:10
19251622,,,0,,,,,,STEPHANIE,1,0,0,,4,,0,1,0,,,,,2020-09-15 06:26:10
19260025,,,0,,,,,,LA TROIENNE,1,0,0,,4,1.0,0,1,0,,,,,2020-09-15 06:26:10
19260045,,,0,,,,,,ARIADNE,1,0,0,,4,,0,1,0,,,,,2020-09-15 06:26:10
19260065,,,0,,,,,,SWEEP OUT,1,0,0,,4,1.0,0,1,0,,,,,2020-09-15 06:26:10
19260085,,,0,,,,,,DUSTWHIRL (USA),1,0,0,,4,1.0,0,1,0,,,,,2020-09-15 06:26:10
19270023,,,0,,,,,,SUNSTROKE,1,0,0,,4,8.0,0,1,0,,,,,2020-09-15 06:26:10
19270043,,,0,,,,,,BELOVED,1,0,0,,4,,0,1,0,,,,,2020-09-15 06:26:10
19270063,,,0,,,,,,ALCIBIADES(USA),1,0,0,,4,8.0,0,1,0,,,,,2020-09-15 06:26:10
19270109,,,0,,,,,,PEACE,1,0,0,,4,9.0,0,1,0,,,,,2020-09-15 06:26:10
19280041,,,0,,,,,,SELKA,1,0,0,,4,,0,1,0,,,,,2020-09-15 06:26:10
19280061,,,0,,,,,,NOGARA,1,0,0,,4,1.0,0,1,0,,,,,2020-09-15 06:26:10
19280081,,,0,,,,,,MAH MAHAL,1,0,0,,4,9.0,0,1,0,,,,,2020-09-15 06:26:10
19280107,,,0,,,,,,LADY OF THE SNOWS,1,0,0,,4,1.0,0,1,0,,,,,2020-09-15 06:26:10
19280147,,,0,,,,,,BABA KENNY,1,0,0,,4,,0,1,0,,,,,2020-09-15 06:26:10
19290029,,,0,,,,,,TOLBOOTH,1,0,0,,4,8.0,0,1,0,,,,,2020-09-15 06:26:10
19290049,,,0,,,,,,SEKHMET,1,0,0,,4,8.0,0,1,0,,,,,2020-09-15 06:26:10
19290069,,,0,,,,,,BRUSHUP,1,0,0,,4,1.0,0,1,0,,,,,2020-09-15 06:26:10
19290089,,,0,,,,,,BUCK BARN,1,0,0,,4,1.0,0,1,0,,,,,2020-09-15 06:26:10
19300026,,,0,,,,,,LAVENDULA (FR),1,0,0,,4,,0,1,0,,,,,2020-09-15 06:26:10
19300046,,,0,,,,,,SISTER SARAH,1,0,0,,4,,0,1,0,,,,,2020-09-15 06:26:10
19300066,,,0,,,,,,BLACK QUEEN,1,0,0,,4,,0,1,0,,,,,2020-09-15 06:26:10
19300086,,,0,,,,,,QUICKLY,1,0,0,,4,,0,1,0,,,,,2020-09-15 06:26:10
19300102,,,0,,,,,,LA CHICA,1,0,0,,4,9.0,0,1,0,,,,,2020-09-15 06:26:10
19310024,,,0,,,,,,FAIRY SLIPPER,1,0,0,,4,8.0,0,1,0,,,,,2020-09-15 06:26:10
19310044,,,0,,,,,,CUPDENE,1,0,0,,4,,0,1,0,,,,,2020-09-15 06:26:10
19310064,,,0,,,,,,DALMARY,1,0,0,,4,,0,1,0,,,,,2020-09-15 06:26:10
19320022,,,0,,,,,,MUMTAZ BEGAM,1,0,0,,4,1.0,0,1,0,,,,,2020-09-15 06:26:10
19320042,,,0,,,,,,BLOODROOT,1,0,0,,4,1.0,0,1,0,,,,,2020-09-15 06:26:10
19320062,,,0,,,,,,BANISH FEAR,1,0,0,,4,,0,1,0,,,,,2020-09-15 06:26:10
19320082,,,0,,,,,,MYRTLEWOOD,1,0,0,,4,1.0,0,1,0,,,,,2020-09-15 06:26:10
19328720,,,0,,,,,,FOR WHY,1,0,0,,4,,0,1,0,,,,,2020-09-15 06:26:10
19330040,,,0,,,,,,MARY TERRY,1,0,0,,4,1.0,0,1,0,,,,,2020-09-15 06:26:10
19330060,,,0,,,,,,COSQUILLA,1,0,0,,4,1.0,0,1,0,,,,,2020-09-15 06:26:10
19330080,,,0,,,,,,KONG,1,0,0,,4,9.0,0,1,0,,,,,2020-09-15 06:26:10
19330106,,,0,,,,,,TWO BOB,1,0,0,,4,8.0,0,1,0,,,,,2020-09-15 06:26:10
19330126,,,0,,,,,,ART PAPER,1,0,0,,4,,0,1,0,,,,,2020-09-15 06:26:10
19330146,,,0,,,,,,LIZ F.,1,0,0,,4,8.0,0,1,0,,,,,2020-09-15 06:26:10
19340028,,,0,,,,,,LITTLE KATIE,1,0,0,,4,,0,1,0,,,,,2020-09-15 06:26:10
19340048,,,0,,,,,,RUSTOM MAHAL,1,0,0,,4,,0,1,0,,,,,2020-09-15 06:26:10
19340053,,,0,,,,,,GOOD SELKA,1,0,0,,4,,0,1,0,,,,,2020-09-15 06:26:10
19340068,,,0,,,,,,CINQUEPACE,1,0,0,,4,1.0,0,1,0,,,,,2020-09-15 06:26:10
19340088,,,0,,,,,,LADY GLORY,1,0,0,,4,,0,1,0,,,,,2020-09-15 06:26:10
19340104,,,0,,,,,,PERLETTE,1,0,0,,4,,0,1,0,,,,,2020-09-15 06:26:10
19350026,,,0,,,,,,MIYAKO,1,0,0,,4,9.0,0,1,0,,,,,2020-09-15 06:26:10
19350046,,,0,,,,,,WILD VIOLET,1,0,0,,4,1.0,0,1,0,,,,,2020-09-15 06:26:10
19350066,,,0,,,,,,BRANSOME,1,0,0,,4,9.0,0,1,0,,,,,2020-09-15 06:26:10
19360004,,,0,,,,,,LA CLOCHE,1,0,0,,4,,0,1,0,,,,,2020-09-15 06:26:10
19360024,,,0,,,,,,WAR SWEPT,1,0,0,,4,,0,1,0,,,,,2020-09-15 06:26:10
19360044,,,0,,,,,,OUTDONE,1,0,0,,4,1.0,0,1,0,,,,,2020-09-15 06:26:10
19360064,,,0,,,,,,BLACK POLLY,1,0,0,,4,1.0,0,1,0,,,,,2020-09-15 06:26:10
19370022,,,0,,,,,,STEPPING DAY,1,0,0,,4,8.0,0,1,0,,,,,2020-09-15 06:26:10
19370042,,,0,,,,,,THORN APPLE,1,0,0,,4,8.0,0,1,0,,,,,2020-09-15 06:26:10
19370062,,,0,,,,,,SUN PRINCESS,1,0,0,,4,1.0,0,1,0,,,,,2020-09-15 06:26:10
19370082,,,0,,,,,,ARBITRATOR,1,0,0,,4,1.0,0,1,0,,,,,2020-09-15 06:26:10
19370108,,,0,,,,,,SNOWBERRY,1,0,0,,4,1.0,0,1,0,,,,,2020-09-15 06:26:10
19370128,,,0,,,,,,ALPOISE,1,0,0,,4,1.0,0,1,0,,,,,2020-09-15 06:26:10
19370148,,,0,,,,,,BOOLA BROOK,1,0,0,,4,1.0,0,1,0,,,,,2020-09-15 06:26:10
19370168,,,0,,,,,,COLOSSEUM,1,0,0,,4,8.0,0,1,0,,,,,2020-09-15 06:26:10
19370188,,,0,,,,,,QUICK ARROW,1,0,0,,4,,0,1,0,,,,,2020-09-15 06:26:10
19370204,,,0,,,,,,JACQUELINE,1,0,0,,4,1.0,0,1,0,,,,,2020-09-15 06:26:10
19370224,,,0,,,,,,HELEN GLEASON,1,0,0,,4,8.0,0,1,0,,,,,2020-09-15 06:26:10
19370244,,,0,,,,,,WISE ALLY,1,0,0,,4,,0,1,0,,,,,2020-09-15 06:26:10
19380020,,,0,,,,,,PRECOCITY,1,0,0,,4,,0,1,0,,,,,2020-09-15 06:26:10
19380040,,,0,,,,,,BUCREYE,1,0,0,,4,,0,1,0,,,,,2020-09-15 06:26:10
19380060,,,0,,,,,,REVENGEFUL,1,0,0,,4,,0,1,0,,,,,2020-09-15 06:26:10
19380080,,,0,,,,,,VOLUPTAS,1,0,0,,4,,0,1,0,,,,,2020-09-15 06:26:10
19380106,,,0,,,,,,TRAFFIC COURT,1,0,0,,4,,0,1,0,,,,,2020-09-15 06:26:10
19380126,,,0,,,,,,IMPERATRICE,1,0,0,,4,,0,1,0,,,,,2020-09-15 06:26:10
19380166,,,0,,,,,,BLINKING OWL,1,0,0,,4,,0,1,0,,,,,2020-09-15 06:26:10
19380186,,,0,,,,,,COMMOTION,1,0,0,,4,1.0,0,1,0,,,,,2020-09-15 06:26:10
19380222,,,0,,,,,,BIG EVENT,1,0,0,,4,1.0,0,1,0,,,,,2020-09-15 06:26:10
19380242,,,0,,,,,,UP THE HILL,1,0,0,,4,1.0,0,1,0,,,,,2020-09-15 06:26:10
19380444,,,0,,,,,,HYDROPLANE II,1,0,0,,4,,0,1,0,,,,,2020-09-15 06:26:10
19390028,,,0,,,,,,JEANNE'S POISE,1,0,0,,4,8.0,0,1,0,,,,,2020-09-15 06:26:10
19390048,,,0,,,,,,MAJIDEH,1,0,0,,4,,0,1,0,,,,,2020-09-15 06:26:10
19390068,,,0,,,,,,HOT GANETA,1,0,0,,4,,0,1,0,,,,,2020-09-15 06:26:10
19390088,,,0,,,,,,BELLAGAMBA,1,0,0,,4,,0,1,0,,,,,2020-09-15 06:26:10
19390124,,,0,,,,,,FICKLE,1,0,0,,4,8.0,0,1,0,,,,,2020-09-15 06:26:10
19390144,,,0,,,,,,CORALIE,1,0,0,,4,1.0,0,1,0,,,,,2020-09-15 06:26:10
19390164,,,0,,,,,,MISSMAHOOT,1,0,0,,4,,0,1,0,,,,,2020-09-15 06:26:10
19390184,,,0,,,,,,BUSINESSLIKE,1,0,0,,4,,0,1,0,,,,,2020-09-15 06:26:10
19390200,,,0,,,,,,NATIVE GAL,1,0,0,,4,1.0,0,1,0,,,,,2020-09-15 06:26:10
19390220,,,0,,,,,,MISS DOGWOOD,1,0,0,,4,,0,1,0,,,,,2020-09-15 06:26:10
19400025,,,0,,,,,,DUCHESS ANITA,1,0,0,,4,,0,1,0,,,,,2020-09-15 06:26:10
19400045,,,0,,,,,,FLICKA,1,0,0,,4,,0,1,0,,,,,2020-09-15 06:26:10
19400065,,,0,,,,,,CAPPELLINA,1,0,0,,4,,0,1,0,,,,,2020-09-15 06:26:10
19400085,,,0,,,,,,BASHFUL,1,0,0,,4,9.0,0,1,0,,,,,2020-09-15 06:26:10
19400101,,,0,,,,,,SOURCE SUCREE,1,0,0,,4,,0,1,0,,,,,2020-09-15 06:26:10
19400121,,,0,,,,,,LIFE HILL,1,0,0,,4,1.0,0,1,0,,,,,2020-09-15 06:26:10
19400141,,,0,,,,,,LA REIGH,1,0,0,,4,8.0,0,1,0,,,,,2020-09-15 06:26:10
19400161,,,0,,,,,,VENETA,1,0,0,,4,8.0,0,1,0,,,,,2020-09-15 06:26:10
19400181,,,0,,,,,,DOUBLOON,1,0,0,,4,8.0,0,1,0,,,,,2020-09-15 06:26:10
19410003,,,0,,,,,,TEMORA,1,0,0,,4,,0,1,0,,,,,2020-09-15 06:26:10
19410023,,,0,,,,,,FIRST FIDDLE,1,0,0,,4,8.0,0,1,0,,,,,2020-09-15 06:26:10
19410043,,,0,,,,,,CYBELLE,1,0,0,,4,,0,1,0,,,,,2020-09-15 06:26:10
19410063,,,0,,,,,,CAMELINA,1,0,0,,4,,0,1,0,,,,,2020-09-15 06:26:10
19410083,,,0,,,,,,ESTORIL,1,0,0,,4,,0,1,0,,,,,2020-09-15 06:26:10
19410109,,,0,,,,,,KNIGHTS DAUGHTER,1,0,0,,4,1.0,0,1,0,,,,,2020-09-15 06:26:10
19410149,,,0,,,,,,DUNSINANE,1,0,0,,4,1.0,0,1,0,,,,,2020-09-15 06:26:10
19410407,,,0,,,,,,STEPWISELY,1,0,0,,4,,0,1,0,,,,,2020-09-15 06:26:10
19410705,,,0,,,,,,BLUE MANTLE,1,0,0,,4,,0,1,0,,,,,2020-09-15 06:26:10
19420021,,,0,,,,,,GOOD BLOOD,1,0,0,,4,,0,1,0,,,,,2020-09-15 06:26:10
19420041,,,0,,,,,,WAR DAMSEL,1,0,0,,4,,0,1,0,,,,,2020-09-15 06:26:10
19420061,,,0,,,,,,RIAGENO,1,0,0,,4,,0,1,0,,,,,2020-09-15 06:26:10
19420081,,,0,,,,,,ADMIRAL'S LADY,1,0,0,,4,,0,1,0,,,,,2020-09-15 06:26:10
19420107,,,0,,,,,,KARAKAL,1,0,0,,4,1.0,0,1,0,,,,,2020-09-15 06:26:10
19420127,,,0,,,,,,CHASTE LADY,1,0,0,,4,1.0,0,1,0,,,,,2020-09-15 06:26:10
19420132,,,0,,,,,,BE FAITHFUL,1,0,0,,4,,0,1,0,,,,,2020-09-15 06:26:10
19420147,,,0,,,,,,GAGA,1,0,0,,4,1.0,0,1,0,,,,,2020-09-15 06:26:10
19420167,,,0,,,,,,BOURTAI,1,0,0,,4,1.0,0,1,0,,,,,2020-09-15 06:26:10
19420187,,,0,,,,,,SEGULA,1,0,0,,4,1.0,0,1,0,,,,,2020-09-15 06:26:10
19420203,,,0,,,,,,WE HAIL,1,0,0,,4,,0,1,0,,,,,2020-09-15 06:26:10
19421664,,,0,,,,,,VERTU,1,0,0,,4,,0,1,0,,,,,2020-09-15 06:26:10
19430009,,,0,,,,,,SOLITUDE,1,0,0,,4,,0,1,0,,,,,2020-09-15 06:26:10
19430029,,,0,,,,,,BLUE GEM,1,0,0,,4,,0,1,0,,,,,2020-09-15 06:26:10
19430049,,,0,,,,,,EASTERN LIGHT,1,0,0,,4,,0,1,0,,,,,2020-09-15 06:26:10
19430069,,,0,,,,,,WHITE ROCKET,1,0,0,,4,1.0,0,1,0,,,,,2020-09-15 06:26:10
19430089,,,0,,,,,,GEISHA,1,0,0,,4,9.0,0,1,0,,,,,2020-09-15 06:26:10
19430105,,,0,,,,,,STEADY AIM,1,0,0,,4,1.0,0,1,0,,,,,2020-09-15 06:26:10
19430145,,,0,,,,,,ROMANELLA,1,0,0,,4,8.0,0,1,0,,,,,2020-09-15 06:26:10
19430165,,,0,,,,,,ROUSED,1,0,0,,4,1.0,0,1,0,,,,,2020-09-15 06:26:10
19430185,,,0,,,,,,S. BEE,1,0,0,,4,,0,1,0,,,,,2020-09-15 06:26:10
19430307,,,0,,,,,,GOLDEN GLOW,1,0,0,,4,,0,1,0,,,,,2020-09-15 06:26:10
19431248,,,0,,,,,,MARGERY DAW,1,0,0,,4,,0,1,0,,,,,2020-09-15 06:26:10
19431480,,,0,,,,,,MARION K,1,0,0,,4,,0,1,0,,,,,2020-09-15 06:26:10
19440007,,,0,,,,,,SCARLET,1,0,0,,4,,0,1,0,,,,,2020-09-15 06:26:10
19440047,,,0,,,,,,RONA,1,0,0,,4,8.0,0,1,0,,,,,2020-09-15 06:26:10
19440067,,,0,,,,,,BLUE EYED MOMO,1,0,0,,4,,0,1,0,,,,,2020-09-15 06:26:10
19440087,,,0,,,,,,SNOW BUNNY,1,0,0,,4,,0,1,0,,,,,2020-09-15 06:26:10
19440103,,,0,,,,,,BIMLETTE,1,0,0,,4,,0,1,0,,,,,2020-09-15 06:26:10
19440143,,,0,,,,,,SHELLO,1,0,0,,4,,0,1,0,,,,,2020-09-15 06:26:10
19440163,,,0,,,,,,LADY ANGELA,1,0,0,,4,8.0,0,1,0,,,,,2020-09-15 06:26:10
19440183,,,0,,,,,,CAMARGO,1,0,0,,4,1.0,0,1,0,,,,,2020-09-15 06:26:10
19440209,,,0,,,,,,ROUGH SHOD,1,0,0,,4,1.0,0,1,0,,,,,2020-09-15 06:26:10
19440229,,,0,,,,,,GOOD EXAMPLE,1,0,0,,4,,0,1,0,,,,,2020-09-15 06:26:10
19440249,,,0,,,,,,LOUISIANA LOU,1,0,0,,4,,0,1,0,,,,,2020-09-15 06:26:10
19440269,,,0,,,,,,MERMAID (USA),1,0,0,,4,1.0,0,1,0,,,,,2020-09-15 06:26:10
19440441,,,0,,,,,,MAE QUEEN,1,0,0,,4,,0,1,0,,,,,2020-09-15 06:26:10
19440461,,,0,,,,,,MISS DISCO,1,0,0,,4,,0,1,0,,,,,2020-09-15 06:26:10
19440749,,,0,,,,,,GONDOLINE,1,0,0,,4,,0,1,0,,,,,2020-09-15 06:26:10
19442265,,,0,,,,,,TORTOSA,1,0,0,,4,,0,1,0,,,,,2020-09-15 06:26:10
19450005,,,0,,,,,,WINTER DUMPLING,1,0,0,,4,,0,1,0,,,,,2020-09-15 06:26:10
19450025,,,0,,,,,,LURLINE B,1,0,0,,4,,0,1,0,,,,,2020-09-15 06:26:10
19450045,,,0,,,,,,FEDELA,1,0,0,,4,,0,1,0,,,,,2020-09-15 06:26:10
19450065,,,0,,,,,,MILLY,1,0,0,,4,,0,1,0,,,,,2020-09-15 06:26:10
19450085,,,0,,,,,,FAIRY PALACE,1,0,0,,4,,0,1,0,,,,,2020-09-15 06:26:10
19450101,,,0,,,,,,KANACE,1,0,0,,4,,0,1,0,,,,,2020-09-15 06:26:10
19450121,,,0,,,,,,AURELIE,1,0,0,,4,8.0,0,1,0,,,,,2020-09-15 06:26:10
19450141,,,0,,,,,,SISITER MILES,1,0,0,,4,8.0,0,1,0,,,,,2020-09-15 06:26:10
19450181,,,0,,,,,,GOLDEN APPLE,1,0,0,,4,8.0,0,1,0,,,,,2020-09-15 06:26:10
19450207,,,0,,,,,,DANDILY (USA),1,0,0,,4,,0,1,0,,,,,2020-09-15 06:26:10
19450227,,,0,,,,,,ALABLUE,1,0,0,,4,1.0,0,1,0,,,,,2020-09-15 06:26:10
19450247,,,0,,,,,,SHIMMER,1,0,0,,4,1.0,0,1,0,,,,,2020-09-15 06:26:10
19450267,,,0,,,,,,LEA LARK,1,0,0,,4,,0,1,0,,,,,2020-09-15 06:26:10
19450287,,,0,,,,,,EMALI,1,0,0,,4,1.0,0,1,0,,,,,2020-09-15 06:26:10
19450303,,,0,,,,,,DYNAMO(USA),1,0,0,,4,9.0,0,1,0,,,,,2020-09-15 06:26:10
19450323,,,0,,,,,,WHIRL RIGHT,1,0,0,,4,1.0,0,1,0,,,,,2020-09-15 06:26:10
19450449,,,0,,,,,,DAPHNE'S DELIGHT,1,0,0,,4,,0,1,0,,,,,2020-09-15 06:26:10
19450969,,,0,,,,,,CHAKITA,1,0,0,,4,,0,1,0,,,,,2020-09-15 06:26:10
19450989,,,0,,,,,,MUSAE,1,0,0,,4,,0,1,0,,,,,2020-09-15 06:26:10
19451864,,,0,,,,,,GREENBRIDGE,1,0,0,,4,,0,1,0,,,,,2020-09-15 06:26:10
19460003,,,0,,,,,,TATTING BIRD,1,0,0,,4,,0,1,0,,,,,2020-09-15 06:26:10
19460023,,,0,,,,,,BELINDA BLUE EYES,1,0,0,,4,1.0,0,1,0,,,,,2020-09-15 06:26:10
19460043,,,0,,,,,,GAMBOL,1,0,0,,4,,0,1,0,,,,,2020-09-15 06:26:10
19460063,,,0,,,,,,WHITE ROSE,1,0,0,,4,1.0,0,1,0,,,,,2020-09-15 06:26:10
19460083,,,0,,,,,,SCHWIFAT,1,0,0,,4,,0,1,0,,,,,2020-09-15 06:26:10
19460109,,,0,,,,,,MYRTLE BANK,1,0,0,,4,1.0,0,1,0,,,,,2020-09-15 06:26:10
19460129,,,0,,,,,,MAZARINADE,1,0,0,,4,,0,1,0,,,,,2020-09-15 06:26:10
19460149,,,0,,,,,,IRISH WITCH,1,0,0,,4,,0,1,0,,,,,2020-09-15 06:26:10
19460169,,,0,,,,,,THE MAID,1,0,0,,4,,0,1,0,,,,,2020-09-15 06:26:10
19460189,,,0,,,,,,PORT LUNA,1,0,0,,4,,0,1,0,,,,,2020-09-15 06:26:10
19460205,,,0,,,,,,RAISE YOU,1,0,0,,4,,0,1,0,,,,,2020-09-15 06:26:10
19460225,,,0,,,,,,PATMIGIRL,1,0,0,,4,1.0,0,1,0,,,,,2020-09-15 06:26:10
19460245,,,0,,,,,,SEQUENCE,1,0,0,,4,,0,1,0,,,,,2020-09-15 06:26:10
19460265,,,0,,,,,,JAZZ BABY,1,0,0,,4,9.0,0,1,0,,,,,2020-09-15 06:26:10
19460285,,,0,,,,,,MYRTLE CHARM,1,0,0,,4,1.0,0,1,0,,,,,2020-09-15 06:26:10
19460301,,,0,,,,,,TWO LEA,1,0,0,,4,1.0,0,1,0,,,,,2020-09-15 06:26:10
19460321,,,0,,,,,,TOWER ISLE,1,0,0,,4,1.0,0,1,0,,,,,2020-09-15 06:26:10
19460407,,,0,,,,,,PRETTY BABY,1,0,0,,4,,0,1,0,,,,,2020-09-15 06:26:10
19460467,,,0,,,,,,WEE WALVIS,1,0,0,,4,,0,1,0,,,,,2020-09-15 06:26:10
19460705,,,0,,,,,,BOBRAE,1,0,0,,4,,0,1,0,,,,,2020-09-15 06:26:10
19460785,,,0,,,,,,BLUE BESS,1,0,0,,4,,0,1,0,,,,,2020-09-15 06:26:10
19460801,,,0,,,,,,BLUE BOUQUET,1,0,0,,4,,0,1,0,,,,,2020-09-15 06:26:10
19460841,,,0,,,,,,LILLY VALENTI,1,0,0,,4,,0,1,0,,,,,2020-09-15 06:26:10
19463039_dam,,,0,,,,,,PALESTINIAN,1,0,0,,4,,0,1,0,,,,,2020-09-15 06:26:10
19470021,,,0,,,,,,MERRYHEART,1,0,0,,4,,0,1,0,,,,,2020-09-15 06:26:10
19470061,,,0,,,,,,FALINE,1,0,0,,4,9.0,0,1,0,,,,,2020-09-15 06:26:10
19470081,,,0,,,,,,BELLE OF TROY,1,0,0,,4,,0,1,0,,,,,2020-09-15 06:26:10
19470107,,,0,,,,,,RISKING,1,0,0,,4,,0,1,0,,,,,2020-09-15 06:26:10
19470127,,,0,,,,,,OUR PATRICE,1,0,0,,4,,0,1,0,,,,,2020-09-15 06:26:10
19470147,,,0,,,,,,OISEAU,1,0,0,,4,,0,1,0,,,,,2020-09-15 06:26:10
19470167,,,0,,,,,,NO MA'AM,1,0,0,,4,,0,1,0,,,,,2020-09-15 06:26:10
19470187,,,0,,,,,,FLYING ALICE,1,0,0,,4,8.0,0,1,0,,,,,2020-09-15 06:26:10
19470203,,,0,,,,,,PASHMINA,1,0,0,,4,,0,1,0,,,,,2020-09-15 06:26:10
19470223,,,0,,,,,,DENTIFRICE,1,0,0,,4,,0,1,0,,,,,2020-09-15 06:26:10
19470243,,,0,,,,,,ALMAHMOUD,1,0,0,,4,8.0,0,1,0,,,,,2020-09-15 06:26:10
19470263,,,0,,,,,,BUSANDA,1,0,0,,4,,0,1,0,,,,,2020-09-15 06:26:10
19470283,,,0,,,,,,GLEN ARVIS,1,0,0,,4,8.0,0,1,0,,,,,2020-09-15 06:26:10
19470309,,,0,,,,,,ILTIS,1,0,0,,4,1.0,0,1,0,,,,,2020-09-15 06:26:10
19470329,,,0,,,,,,VERITE,1,0,0,,4,,0,1,0,,,,,2020-09-15 06:26:10
19470349,,,0,,,,,,ROSIE V,1,0,0,,4,,0,1,0,,,,,2020-09-15 06:26:10
19470369,,,0,,,,,,MY RECIPE,1,0,0,,4,1.0,0,1,0,,,,,2020-09-15 06:26:10
19470425,,,0,,,,,,RARE PERFUME,1,0,0,,4,1.0,0,1,0,,,,,2020-09-15 06:26:10
19470501,,,0,,,,,,SALIENT,1,0,0,,4,,0,1,0,,,,,2020-09-15 06:26:10
19470647,,,0,,,,,,PICTURE PLAY,1,0,0,,4,,0,1,0,,,,,2020-09-15 06:26:10
19470703,,,0,,,,,,JESSAMINE,1,0,0,,4,,0,1,0,,,,,2020-09-15 06:26:10
19470723,,,0,,,,,,PARTICULAR,1,0,0,,4,,0,1,0,,,,,2020-09-15 06:26:10
19470763,,,0,,,,,,RAVEN LOCKS,1,0,0,,4,,0,1,0,,,,,2020-09-15 06:26:10
19470809,,,0,,,,,,BLUE CROSS,1,0,0,,4,,0,1,0,,,,,2020-09-15 06:26:10
19470849,,,0,,,,,,LITTLE ACTRESS,1,0,0,,4,,0,1,0,,,,,2020-09-15 06:26:10
19470869,,,0,,,,,,MATELDA,1,0,0,,4,,0,1,0,,,,,2020-09-15 06:26:10
19470889,,,0,,,,,,PIGIWIGI,1,0,0,,4,,0,1,0,,,,,2020-09-15 06:26:10
19470925,,,0,,,,,,MY FRIEND,1,0,0,,4,,0,1,0,,,,,2020-09-15 06:26:10
19470965,,,0,,,,,,WALTER QUEEN,1,0,0,,4,,0,1,0,,,,,2020-09-15 06:26:10
19480009,,,0,,,,,,MIDAS BELL,1,0,0,,4,,0,1,0,,,,,2020-09-15 06:26:10
19480029,,,0,,,,,,COPPER PENNY,1,0,0,,4,1.0,0,1,0,,,,,2020-09-15 06:26:10
19480049,,,0,,,,,,ROCK DUST,1,0,0,,4,1.0,0,1,0,,,,,2020-09-15 06:26:10
19480069,,,0,,,,,,LIBBA,1,0,0,,4,8.0,0,1,0,,,,,2020-09-15 06:26:10
19480089,,,0,,,,,,CARACOCHA,1,0,0,,4,,0,1,0,,,,,2020-09-15 06:26:10
19480105,,,0,,,,,,MISS TRAFFIC,1,0,0,,4,,0,1,0,,,,,2020-09-15 06:26:10
19480125,,,0,,,,,,WITCH SONG,1,0,0,,4,,0,1,0,,,,,2020-09-15 06:26:10
19480145,,,0,,,,,,PRINCESS GERALDINE,1,0,0,,4,,0,1,0,,,,,2020-09-15 06:26:10
19480165,,,0,,,,,,DEODORA,1,0,0,,4,,0,1,0,,,,,2020-09-15 06:26:10
19480185,,,0,,,,,,SHY BIM,1,0,0,,4,9.0,0,1,0,,,,,2020-09-15 06:26:10
19480201,,,0,,,,,,CARIOCA,1,0,0,,4,,0,1,0,,,,,2020-09-15 06:26:10
19480221,,,0,,,,,,NAVARRA,1,0,0,,4,1.0,0,1,0,,,,,2020-09-15 06:26:10
19480241,,,0,,,,,,NOT AFRAID,1,0,0,,4,,0,1,0,,,,,2020-09-15 06:26:10
19480261,,,0,,,,,,SAILING HOME,1,0,0,,4,8.0,0,1,0,,,,,2020-09-15 06:26:10
19480281,,,0,,,,,,NATIVE VALOR,1,0,0,,4,,0,1,0,,,,,2020-09-15 06:26:10
19480307,,,0,,,,,,SPRING RUN,1,0,0,,4,1.0,0,1,0,,,,,2020-09-15 06:26:10
19480327,,,0,,,,,,NOTHIRDCHANCE,1,0,0,,4,1.0,0,1,0,,,,,2020-09-15 06:26:10
19480347,,,0,,,,,,BOLD IRISH,1,0,0,,4,,0,1,0,,,,,2020-09-15 06:26:10
19480367,,,0,,,,,,FAIR CATCH,1,0,0,,4,1.0,0,1,0,,,,,2020-09-15 06:26:10
19480781,,,0,,,,,,SOPHRONIA,1,0,0,,4,,0,1,0,,,,,2020-09-15 06:26:10
19480847,,,0,,,,,,VENDETTA,1,0,0,,4,,0,1,0,,,,,2020-09-15 06:26:10
19482225,,,0,,,,,,HOT SUE,1,0,0,,4,,0,1,0,,,,,2020-09-15 06:26:10
19485004,,,0,,,,,,SOPRTS MODEL,1,0,0,,4,,0,1,0,,,,,2020-09-15 06:26:10
19485448,,,0,,,,,,FAIRY TALE,1,0,0,,4,,0,1,0,,,,,2020-09-15 06:26:10
19485968,,,0,,,,,,SUNTIME,1,0,0,,4,,0,1,0,,,,,2020-09-15 06:26:10
19486283,,,0,,,,,,WAR BESTY,1,0,0,,4,,0,1,0,,,,,2020-09-15 06:26:10
19486763,,,0,,,,,,BETTY DOE,1,0,0,,4,,0,1,0,,,,,2020-09-15 06:26:10
19486783,,,0,,,,,,MISS PAT,1,0,0,,4,,0,1,0,,,,,2020-09-15 06:26:10
19486809,,,0,,,,,,VININA,1,0,0,,4,,0,1,0,,,,,2020-09-15 06:26:10
19486829,,,0,,,,,,MISS PAM,1,0,0,,4,,0,1,0,,,,,2020-09-15 06:26:10
19486849,,,0,,,,,,SKI RUN,1,0,0,,4,,0,1,0,,,,,2020-09-15 06:26:10
19486889,,,0,,,,,,SWIFT FLYER,1,0,0,,4,,0,1,0,,,,,2020-09-15 06:26:10
19486965,,,0,,,,,,CARPET SLIPPER,1,0,0,,4,,0,1,0,,,,,2020-09-15 06:26:10
19490047,,,0,,,,,,TRICIA FISKE,1,0,0,,4,,0,1,0,,,,,2020-09-15 06:26:10
19490067,,,0,,,,,,GILLYFLOWER,1,0,0,,4,1.0,0,1,0,,,,,2020-09-15 06:26:10
19490087,,,0,,,,,,PAY ROLL,1,0,0,,4,,0,1,0,,,,,2020-09-15 06:26:10
19490103,,,0,,,,,,STRENS RING,1,0,0,,4,1.0,0,1,0,,,,,2020-09-15 06:26:10
19490123,,,0,,,,,,ARDUE,1,0,0,,4,8.0,0,1,0,,,,,2020-09-15 06:26:10
19490143,,,0,,,,,,JANDY,1,0,0,,4,,0,1,0,,,,,2020-09-15 06:26:10
19490163,,,0,,,,,,ELUDE,1,0,0,,4,8.0,0,1,0,,,,,2020-09-15 06:26:10
19490183,,,0,,,,,,STAR OF IRAN,1,0,0,,4,,0,1,0,,,,,2020-09-15 06:26:10
19490209,,,0,,,,,,TENEBREUSE,1,0,0,,4,,0,1,0,,,,,2020-09-15 06:26:10
19490229,,,0,,,,,,CIMBALOM,1,0,0,,4,,0,1,0,,,,,2020-09-15 06:26:10
19490249,,,0,,,,,,FLYNET,1,0,0,,4,8.0,0,1,0,,,,,2020-09-15 06:26:10
19490269,,,0,,,,,,REAL DELIGHT (USA),1,0,0,,4,1.0,0,1,0,,,,,2020-09-15 06:26:10
19490289,,,0,,,,,,BRITISH RAILWAYS,1,0,0,,4,1.0,0,1,0,,,,,2020-09-15 06:26:10
19490345,,,0,,,,,,BLOSSOM,1,0,0,,4,,0,1,0,,,,,2020-09-15 06:26:10
19490421,,,0,,,,,,QUEEN PANDORA,1,0,0,,4,,0,1,0,,,,,2020-09-15 06:26:10
19490507,,,0,,,,,,MIXTE,1,0,0,,4,,0,1,0,,,,,2020-09-15 06:26:10
19490643,,,0,,,,,,VEILLE FINE,1,0,0,,4,,0,1,0,,,,,2020-09-15 06:26:10
19490709,,,0,,,,,,LADY MICO,1,0,0,,4,,0,1,0,,,,,2020-09-15 06:26:10
19490789,,,0,,,,,,PATRIOT ANN,1,0,0,,4,,0,1,0,,,,,2020-09-15 06:26:10
19490901,,,0,,,,,,PRAIRIE STAR,1,0,0,,4,,0,1,0,,,,,2020-09-15 06:26:10
19490921,,,0,,,,,,FREE FOR ME,1,0,0,,4,,0,1,0,,,,,2020-09-15 06:26:10
19490941,,,0,,,,,,WANDARI,1,0,0,,4,,0,1,0,,,,,2020-09-15 06:26:10
19490961,,,0,,,,,,THEME SONG,1,0,0,,4,,0,1,0,,,,,2020-09-15 06:26:10
19490981,,,0,,,,,,FRESH BLOOM,1,0,0,,4,,0,1,0,,,,,2020-09-15 06:26:10
19500004,,,0,,,,,,FIREPLACE,1,0,0,,4,,0,1,0,,,,,2020-09-15 06:26:10
19500044,,,0,,,,,,PENNY RED,1,0,0,,4,,0,1,0,,,,,2020-09-15 06:26:10
19500064,,,0,,,,,,CROSS BUN,1,0,0,,4,8.0,0,1,0,,,,,2020-09-15 06:26:10
19500084,,,0,,,,,,DRYAD,1,0,0,,4,,0,1,0,,,,,2020-09-15 06:26:10
19500100,,,0,,,,,,GOLDEN RULE,1,0,0,,4,,0,1,0,,,,,2020-09-15 06:26:10
19500120,,,0,,,,,,TRIP UP,1,0,0,,4,,0,1,0,,,,,2020-09-15 06:26:10
19500140,,,0,,,,,,FAVORECIDA 2ND,1,0,0,,4,,0,1,0,,,,,2020-09-15 06:26:10
19500160,,,0,,,,,,CHICKIE C,1,0,0,,4,,0,1,0,,,,,2020-09-15 06:26:10
19500180,,,0,,,,,,STEPPING STONE,1,0,0,,4,,0,1,0,,,,,2020-09-15 06:26:10
19500206,,,0,,,,,,BLACKBALL,1,0,0,,4,,0,1,0,,,,,2020-09-15 06:26:10
19500226,,,0,,,,,,ANGUAR,1,0,0,,4,1.0,0,1,0,,,,,2020-09-15 06:26:10
19500448,,,0,,,,,,WEST ABBEY,1,0,0,,4,,0,1,0,,,,,2020-09-15 06:26:10
19500468,,,0,,,,,,TINTED VENUS,1,0,0,,4,,0,1,0,,,,,2020-09-15 06:26:10
19500544,,,0,,,,,,SMILING THROUGH,1,0,0,,4,,0,1,0,,,,,2020-09-15 06:26:10
19500564,,,0,,,,,,MOON GAY,1,0,0,,4,,0,1,0,,,,,2020-09-15 06:26:10
19500706,,,0,,,,,,SINNER'S DIRGE,1,0,0,,4,,0,1,0,,,,,2020-09-15 06:26:10
19500822,,,0,,,,,,BROWN PRUNE,1,0,0,,4,,0,1,0,,,,,2020-09-15 06:26:10
19500882,,,0,,,,,,BELINDA,1,0,0,,4,,0,1,0,,,,,2020-09-15 06:26:10
19500988,,,0,,,,,,VA T'EN,1,0,0,,4,,0,1,0,,,,,2020-09-15 06:26:10
19501288,,,0,,,,,,ESSOLENE,1,0,0,,4,,0,1,0,,,,,2020-09-15 06:26:10
19510002,,,0,,,,,,NIX,1,0,0,,4,,0,1,0,,,,,2020-09-15 06:26:10
19510022,,,0,,,,,,FLUMMING,1,0,0,,4,1.0,0,1,0,,,,,2020-09-15 06:26:10
19510042,,,0,,,,,,STELLA COELI,1,0,0,,4,,0,1,0,,,,,2020-09-15 06:26:10
19510062,,,0,,,,,,BELLE'S BABY,1,0,0,,4,1.0,0,1,0,,,,,2020-09-15 06:26:10
19510082,,,0,,,,,,BROOK FLOWER,1,0,0,,4,,0,1,0,,,,,2020-09-15 06:26:10
19510108,,,0,,,,,,PEMPILIA,1,0,0,,4,,0,1,0,,,,,2020-09-15 06:26:10
19510128,,,0,,,,,,CRIMSON,1,0,0,,4,,0,1,0,,,,,2020-09-15 06:26:10
19510148,,,0,,,,,,WILD GIRL,1,0,0,,4,8.0,0,1,0,,,,,2020-09-15 06:26:10
19510168,,,0,,,,,,PERCEPTION,1,0,0,,4,8.0,0,1,0,,,,,2020-09-15 06:26:10
19510188,,,0,,,,,,SUN CAP,1,0,0,,4,8.0,0,1,0,,,,,2020-09-15 06:26:10
19510204,,,0,,,,,,HASTY GIRL,1,0,0,,4,1.0,0,1,0,,,,,2020-09-15 06:26:10
19510224,,,0,,,,,,HAPPY MOOD,1,0,0,,4,8.0,0,1,0,,,,,2020-09-15 06:26:10
19510244,,,0,,,,,,TREVISA,1,0,0,,4,8.0,0,1,0,,,,,2020-09-15 06:26:10
19510300,,,0,,,,,,FALSE IMPRESSION,1,0,0,,4,,0,1,0,,,,,2020-09-15 06:26:10
19510380,,,0,,,,,,ATTYMON,1,0,0,,4,,0,1,0,,,,,2020-09-15 06:26:10
19510688,,,0,,,,,,MISS FRAN,1,0,0,,4,,0,1,0,,,,,2020-09-15 06:26:11
19510724,,,0,,,,,,SANDAL,1,0,0,,4,,0,1,0,,,,,2020-09-15 06:26:11
19510744,,,0,,,,,,MISS MUFFET,1,0,0,,4,,0,1,0,,,,,2020-09-15 06:26:11
19510764,,,0,,,,,,SONNET,1,0,0,,4,,0,1,0,,,,,2020-09-15 06:26:11
19510800,,,0,,,,,,MARSETTE,1,0,0,,4,,0,1,0,,,,,2020-09-15 06:26:11
19510820,,,0,,,,,,MONA LISA,1,0,0,,4,,0,1,0,,,,,2020-09-15 06:26:11
19510840,,,0,,,,,,JENNY WREN,1,0,0,,4,,0,1,0,,,,,2020-09-15 06:26:11
19510880,,,0,,,,,,PAPOSE,1,0,0,,4,,0,1,0,,,,,2020-09-15 06:26:11
19510926,,,0,,,,,,DEBBIE DIAN,1,0,0,,4,,0,1,0,,,,,2020-09-15 06:26:11
19510946,,,0,,,,,,FANCY PANTS,1,0,0,,4,,0,1,0,,,,,2020-09-15 06:26:11
19510966,,,0,,,,,,MEMORY GEM,1,0,0,,4,,0,1,0,,,,,2020-09-15 06:26:11
19510986,,,0,,,,,,OCEAN PRINCESS,1,0,0,,4,,0,1,0,,,,,2020-09-15 06:26:11
19511884,,,0,,,,,,PRINCESS ALICE,1,0,0,,4,,0,1,0,,,,,2020-09-15 06:26:11
19520000,,,0,,,,,,MARIANNA,1,0,0,,4,1.0,0,1,0,,,,,2020-09-15 06:26:11
19520020,,,0,,,,,,KITTY WEST,1,0,0,,4,8.0,0,1,0,,,,,2020-09-15 06:26:11
19520040,,,0,,,,,,BEST POINT,1,0,0,,4,,0,1,0,,,,,2020-09-15 06:26:11
19520060,,,0,,,,,,FANTAN,1,0,0,,4,,0,1,0,,,,,2020-09-15 06:26:11
19520080,,,0,,,,,,DUSTWHIRL,1,0,0,,4,,0,1,0,,,,,2020-09-15 06:26:11
19520106,,,0,,,,,,LULU LIL,1,0,0,,4,,0,1,0,,,,,2020-09-15 06:26:11
19520126,,,0,,,,,,BREATH O' MORN,1,0,0,,4,,0,1,0,,,,,2020-09-15 06:26:11
19520146,,,0,,,,,,DELTA (USA),1,0,0,,4,1.0,0,1,0,,,,,2020-09-15 06:26:11
19520166,,,0,,,,,,SOMETHINGROYAL,1,0,0,,4,1.0,0,1,0,,,,,2020-09-15 06:26:11
19520186,,,0,,,,,,LEA LANE,1,0,0,,4,1.0,0,1,0,,,,,2020-09-15 06:26:11
19520202,,,0,,,,,,BRIGHT CIRCLET,1,0,0,,4,,0,1,0,,,,,2020-09-15 06:26:11
19520222,,,0,,,,,,CELEBRITY,1,0,0,,4,,0,1,0,,,,,2020-09-15 06:26:11
19520242,,,0,,,,,,FLOWER BOWL,1,0,0,,4,1.0,0,1,0,,,,,2020-09-15 06:26:11
19520262,,,0,,,,,,OLYMPIA LOU,1,0,0,,4,,0,1,0,,,,,2020-09-15 06:26:11
19520282,,,0,,,,,,PETITIONERS,1,0,0,,4,1.0,0,1,0,,,,,2020-09-15 06:26:11
19520308,,,0,,,,,,BRIDLE WAY,1,0,0,,4,1.0,0,1,0,,,,,2020-09-15 06:26:11
19520328,,,0,,,,,,PORTAGE,1,0,0,,4,1.0,0,1,0,,,,,2020-09-15 06:26:11
19520348,,,0,,,,,,HIGH VOLTAGE(USA),1,0,0,,4,9.0,0,1,0,,,,,2020-09-15 06:26:11
19520520,,,0,,,,,,OUR CLEO,1,0,0,,4,,0,1,0,,,,,2020-09-15 06:26:11
19520646,,,0,,,,,,BABY BOUQUET,1,0,0,,4,,0,1,0,,,,,2020-09-15 06:26:11
19520944,,,0,,,,,,ORINDA,1,0,0,,4,,0,1,0,,,,,2020-09-15 06:26:11
19521007,,,0,,,,,,MERLEE,1,0,0,,4,,0,1,0,,,,,2020-09-15 06:26:11
19521163,,,0,,,,,,FEDERATION,1,0,0,,4,,0,1,0,,,,,2020-09-15 06:26:11
19521421,,,0,,,,,,ROSALIE,1,0,0,,4,,0,1,0,,,,,2020-09-15 06:26:11
19521441,,,0,,,,,,SAROJANIE,1,0,0,,4,,0,1,0,,,,,2020-09-15 06:26:11
19521527,,,0,,,,,,CHANTILLY,1,0,0,,4,,0,1,0,,,,,2020-09-15 06:26:11
19521567,,,0,,,,,,BEST SIDE,1,0,0,,4,,0,1,0,,,,,2020-09-15 06:26:11
19521749,,,0,,,,,,MATIGRAM,1,0,0,,4,,0,1,0,,,,,2020-09-15 06:26:11
19521845,,,0,,,,,,SHORT SHADOW,1,0,0,,4,,0,1,0,,,,,2020-09-15 06:26:11
19521901,,,0,,,,,,DONYA,1,0,0,,4,,0,1,0,,,,,2020-09-15 06:26:11
19522044,,,0,,,,,,GREAT DAY,1,0,0,,4,,0,1,0,,,,,2020-09-15 06:26:11
19522100,,,0,,,,,,EURYDICE,1,0,0,,4,,0,1,0,,,,,2020-09-15 06:26:11
19522160,,,0,,,,,,RAMZAN,1,0,0,,4,,0,1,0,,,,,2020-09-15 06:26:11
19522226,,,0,,,,,,MISS BROOMSHOT,1,0,0,,4,,0,1,0,,,,,2020-09-15 06:26:11
19522246,,,0,,,,,,JINGLE BELLS,1,0,0,,4,,0,1,0,,,,,2020-09-15 06:26:11
19522266,,,0,,,,,,SNOOTY,1,0,0,,4,,0,1,0,,,,,2020-09-15 06:26:11
19522286,,,0,,,,,,LADY SURF,1,0,0,,4,,0,1,0,,,,,2020-09-15 06:26:11
19522322,,,0,,,,,,EUTERPE,1,0,0,,4,,0,1,0,,,,,2020-09-15 06:26:11
19522342,,,0,,,,,,OREVENT,1,0,0,,4,,0,1,0,,,,,2020-09-15 06:26:11
19522382,,,0,,,,,,CHANTEY,1,0,0,,4,,0,1,0,,,,,2020-09-15 06:26:11
19524200,,,0,,,,,,MOTOR CRANE,1,0,0,,4,,0,1,0,,,,,2020-09-15 06:26:11
19530008,,,0,,,,,,MARGARET M,1,0,0,,4,,0,1,0,,,,,2020-09-15 06:26:11
19530028,,,0,,,,,,END MONEY,1,0,0,,4,,0,1,0,,,,,2020-09-15 06:26:11
19530048,,,0,,,,,,WHIRLWIND 11,1,0,0,,4,1.0,0,1,0,,,,,2020-09-15 06:26:11
19530068,,,0,,,,,,BANGLE,1,0,0,,4,,0,1,0,,,,,2020-09-15 06:26:11
19530088,,,0,,,,,,VELAINE,1,0,0,,4,,0,1,0,,,,,2020-09-15 06:26:11
19530104,,,0,,,,,,GOOD DATE,1,0,0,,4,1.0,0,1,0,,,,,2020-09-15 06:26:11
19530124,,,0,,,,,,COLONATE,1,0,0,,4,9.0,0,1,0,,,,,2020-09-15 06:26:11
19530144,,,0,,,,,,SHE DEVIL,1,0,0,,4,8.0,0,1,0,,,,,2020-09-15 06:26:11
19530164,,,0,,,,,,MISS DRAG OUT,1,0,0,,4,,0,1,0,,,,,2020-09-15 06:26:11
19530184,,,0,,,,,,FOREST MAID,1,0,0,,4,,0,1,0,,,,,2020-09-15 06:26:11
19530200,,,0,,,,,,BOLERO LADY,1,0,0,,4,,0,1,0,,,,,2020-09-15 06:26:11
19530220,,,0,,,,,,LITTLE MAY,1,0,0,,4,,0,1,0,,,,,2020-09-15 06:26:11
19530240,,,0,,,,,,NEMKLIA,1,0,0,,4,,0,1,0,,,,,2020-09-15 06:26:11
19530260,,,0,,,,,,THANK YOU MA'M,1,0,0,,4,8.0,0,1,0,,,,,2020-09-15 06:26:11
19530280,,,0,,,,,,COMMEMORATION 2ND,1,0,0,,4,,0,1,0,,,,,2020-09-15 06:26:11
19530306,,,0,,,,,,BRIGHT SCENE,1,0,0,,4,,0,1,0,,,,,2020-09-15 06:26:11
19530326,,,0,,,,,,MAGNETO,1,0,0,,4,,0,1,0,,,,,2020-09-15 06:26:11
19530346,,,0,,,,,,GLAMOUR,1,0,0,,4,1.0,0,1,0,,,,,2020-09-15 06:26:11
19530366,,,0,,,,,,EXCLUSIVE (USA),1,0,0,,4,8.0,0,1,0,,,,,2020-09-15 06:26:11
19530386,,,0,,,,,,ABYSSINIA (GB),1,0,0,,4,9.0,0,1,0,,,,,2020-09-15 06:26:11
19530402,,,0,,,,,,HOLIDAY TIME,1,0,0,,4,,0,1,0,,,,,2020-09-15 06:26:11
19530422,,,0,,,,,,SPORTING MISS,1,0,0,,4,,0,1,0,,,,,2020-09-15 06:26:11
19530442,,,0,,,,,,COSMAH,1,0,0,,4,1.0,0,1,0,,,,,2020-09-15 06:26:11
19530462,,,0,,,,,,GOLDEN BEACH,1,0,0,,4,8.0,0,1,0,,,,,2020-09-15 06:26:11
19530604,,,0,,,,,,GRATITUDE,1,0,0,,4,,0,1,0,,,,,2020-09-15 06:26:11
19530664,,,0,,,,,,LADY SHOOTER,1,0,0,,4,,0,1,0,,,,,2020-09-15 06:26:11
19530700,,,0,,,,,,MISS BARTOK,1,0,0,,4,,0,1,0,,,,,2020-09-15 06:26:11
19530806,,,0,,,,,,ANGELOLA,1,0,0,,4,,0,1,0,,,,,2020-09-15 06:26:11
19530846,,,0,,,,,,PETRINA,1,0,0,,4,,0,1,0,,,,,2020-09-15 06:26:11
19530866,,,0,,,,,,IT'S A PIPPIN,1,0,0,,4,,0,1,0,,,,,2020-09-15 06:26:11
19530902,,,0,,,,,,HIGH TIDE,1,0,0,,4,,0,1,0,,,,,2020-09-15 06:26:11
19530962,,,0,,,,,,ROMAN ROSE,1,0,0,,4,,0,1,0,,,,,2020-09-15 06:26:11
19530982,,,0,,,,,,FAIRFIELD,1,0,0,,4,,0,1,0,,,,,2020-09-15 06:26:11
19531005,,,0,,,,,,JULIE,1,0,0,,4,,0,1,0,,,,,2020-09-15 06:26:11
19531085,,,0,,,,,,CHANGING SCENE,1,0,0,,4,,0,1,0,,,,,2020-09-15 06:26:11
19531121,,,0,,,,,,GREAT EXPECTATION,1,0,0,,4,,0,1,0,,,,,2020-09-15 06:26:11
19531181,,,0,,,,,,THE JET,1,0,0,,4,,0,1,0,,,,,2020-09-15 06:26:11
19531207,,,0,,,,,,D.F.C.,1,0,0,,4,,0,1,0,,,,,2020-09-15 06:26:11
19531449,,,0,,,,,,SINGING LADY,1,0,0,,4,,0,1,0,,,,,2020-09-15 06:26:11
19531707,,,0,,,,,,HAPPY THOUGHT,1,0,0,,4,,0,1,0,,,,,2020-09-15 06:26:11
19532340,,,0,,,,,,LADY PARK,1,0,0,,4,,0,1,0,,,,,2020-09-15 06:26:11
19532380,,,0,,,,,,LONELY CHIME,1,0,0,,4,,0,1,0,,,,,2020-09-15 06:26:11
19540006,,,0,,,,,,BLUE WARBLER,1,0,0,,4,,0,1,0,,,,,2020-09-15 06:26:11
19540026,,,0,,,,,,LA RAGE,1,0,0,,4,1.0,0,1,0,,,,,2020-09-15 06:26:11
19540046,,,0,,,,,,BRITANICA,1,0,0,,4,,0,1,0,,,,,2020-09-15 06:26:11
19540066,,,0,,,,,,ROUND THE CLOCK,1,0,0,,4,,0,1,0,,,,,2020-09-15 06:26:11
19540086,,,0,,,,,,I OFFBEAT,1,0,0,,4,,0,1,0,,,,,2020-09-15 06:26:11
19540102,,,0,,,,,,QUEEN'S DELIGHT,1,0,0,,4,,0,1,0,,,,,2020-09-15 06:26:11
19540122,,,0,,,,,,SCENTED SLIPPER,1,0,0,,4,,0,1,0,,,,,2020-09-15 06:26:11
19540142,,,0,,,,,,JOLIE DYA,1,0,0,,4,,0,1,0,,,,,2020-09-15 06:26:11
19540162,,,0,,,,,,PLACIDE,1,0,0,,4,,0,1,0,,,,,2020-09-15 06:26:11
19540182,,,0,,,,,,LA TURBIE,1,0,0,,4,,0,1,0,,,,,2020-09-15 06:26:11
19540208,,,0,,,,,,DIN,1,0,0,,4,,0,1,0,,,,,2020-09-15 06:26:11
19540228,,,0,,,,,,BERNICE,1,0,0,,4,8.0,0,1,0,,,,,2020-09-15 06:26:11
19540248,,,0,,,,,,MAHARI,1,0,0,,4,9.0,0,1,0,,,,,2020-09-15 06:26:11
19540268,,,0,,,,,,PICCALILLI,1,0,0,,4,1.0,0,1,0,,,,,2020-09-15 06:26:11
19540288,,,0,,,,,,STANTON BRIDGE,1,0,0,,4,,0,1,0,,,,,2020-09-15 06:26:11
19540304,,,0,,,,,,RANAVALO,1,0,0,,4,1.0,0,1,0,,,,,2020-09-15 06:26:11
19540324,,,0,,,,,,WORTH SAVING,1,0,0,,4,1.0,0,1,0,,,,,2020-09-15 06:26:11
19540344,,,0,,,,,,ALANESIAN,1,0,0,,4,1.0,0,1,0,,,,,2020-09-15 06:26:11
19540364,,,0,,,,,,ASPIDISTRA,1,0,0,,4,1.0,0,1,0,,,,,2020-09-15 06:26:11
19540400,,,0,,,,,,BOLTED RING,1,0,0,,4,,0,1,0,,,,,2020-09-15 06:26:11
19540526,,,0,,,,,,NEWS CARRIER,1,0,0,,4,,0,1,0,,,,,2020-09-15 06:26:11
19540546,,,0,,,,,,VIVIEN,1,0,0,,4,,0,1,0,,,,,2020-09-15 06:26:11
19540622,,,0,,,,,,DELIVER ME,1,0,0,,4,,0,1,0,,,,,2020-09-15 06:26:11
19540708,,,0,,,,,,COVEY B,1,0,0,,4,,0,1,0,,,,,2020-09-15 06:26:11
19540788,,,0,,,,,,GALE STORM,1,0,0,,4,,0,1,0,,,,,2020-09-15 06:26:11
19540804,,,0,,,,,,OUT OF DOORS,1,0,0,,4,,0,1,0,,,,,2020-09-15 06:26:11
19540864,,,0,,,,,,BUCOVINE,1,0,0,,4,,0,1,0,,,,,2020-09-15 06:26:11
19540884,,,0,,,,,,WHITEWAY II,1,0,0,,4,,0,1,0,,,,,2020-09-15 06:26:11
19541023,,,0,,,,,,ROXELETA,1,0,0,,4,,0,1,0,,,,,2020-09-15 06:26:11
19541063,,,0,,,,,,PAPILLON,1,0,0,,4,,0,1,0,,,,,2020-09-15 06:26:11
19541109,,,0,,,,,,INCA,1,0,0,,4,,0,1,0,,,,,2020-09-15 06:26:11
19541301,,,0,,,,,,NEWSKY NOOK,1,0,0,,4,,0,1,0,,,,,2020-09-15 06:26:11
19541629,,,0,,,,,,TUDOR JANE,1,0,0,,4,,0,1,0,,,,,2020-09-15 06:26:11
19541669,,,0,,,,,,BANDANA,1,0,0,,4,,0,1,0,,,,,2020-09-15 06:26:11
19541841,,,0,,,,,,RADIO QUEEN,1,0,0,,4,,0,1,0,,,,,2020-09-15 06:26:11
19541881,,,0,,,,,,GALLOWAY JEAN,1,0,0,,4,,0,1,0,,,,,2020-09-15 06:26:11
19541987,,,0,,,,,,DOUBLE MISS,1,0,0,,4,,0,1,0,,,,,2020-09-15 06:26:11
19542146,,,0,,,,,,CORRIE DON,1,0,0,,4,,0,1,0,,,,,2020-09-15 06:26:11
19542222,,,0,,,,,,FAIR THOUGHT,1,0,0,,4,,0,1,0,,,,,2020-09-15 06:26:11
19542242,,,0,,,,,,GOLD MINE,1,0,0,,4,,0,1,0,,,,,2020-09-15 06:26:11
19542308,,,0,,,,,,INNY,1,0,0,,4,,0,1,0,,,,,2020-09-15 06:26:11
19542368,,,0,,,,,,FUNNYCUT,1,0,0,,4,,0,1,0,,,,,2020-09-15 06:26:11
19550004,,,0,,,,,,BETSY BERN,1,0,0,,4,,0,1,0,,,,,2020-09-15 06:26:11
19550024,,,0,,,,,,BRANSTON HONEY,1,0,0,,4,,0,1,0,,,,,2020-09-15 06:26:11
19550044,,,0,,,,,,CRACKANUT,1,0,0,,4,,0,1,0,,,,,2020-09-15 06:26:11
19550084,,,0,,,,,,THREE OAKS,1,0,0,,4,8.0,0,1,0,,,,,2020-09-15 06:26:11
19550100,,,0,,,,,,DINNER DISH,1,0,0,,4,,0,1,0,,,,,2020-09-15 06:26:11
19550120,,,0,,,,,,PEPPERY,1,0,0,,4,1.0,0,1,0,,,,,2020-09-15 06:26:11
19550140,,,0,,,,,,IRREFUTABLE,1,0,0,,4,1.0,0,1,0,,,,,2020-09-15 06:26:11
19550160,,,0,,,,,,LADY SCYLLA,1,0,0,,4,8.0,0,1,0,,,,,2020-09-15 06:26:11
19550180,,,0,,,,,,BEDSPREAD,1,0,0,,4,,0,1,0,,,,,2020-09-15 06:26:11
19550206,,,0,,,,,,LITTLE MULLEN,1,0,0,,4,1.0,0,1,0,,,,,2020-09-15 06:26:11
19550246,,,0,,,,,,RICH AND RARE 2ND,1,0,0,,4,,0,1,0,,,,,2020-09-15 06:26:11
19550266,,,0,,,,,,POLAMIA,1,0,0,,4,,0,1,0,,,,,2020-09-15 06:26:11
19550302,,,0,,,,,,JUDY JUMP-UP,1,0,0,,4,,0,1,0,,,,,2020-09-15 06:26:11
19550322,,,0,,,,,,SUNNY LIL,1,0,0,,4,9.0,0,1,0,,,,,2020-09-15 06:26:11
19550342,,,0,,,,,,SHY DANCER,1,0,0,,4,9.0,0,1,0,,,,,2020-09-15 06:26:11
19550362,,,0,,,,,,CHAMBORD,1,0,0,,4,8.0,0,1,0,,,,,2020-09-15 06:26:11
19550382,,,0,,,,,,POCAHONTAS,1,0,0,,4,,0,1,0,,,,,2020-09-15 06:26:11
19550408,,,0,,,,,,PANGE,1,0,0,,4,8.0,0,1,0,,,,,2020-09-15 06:26:11
19550428,,,0,,,,,,FALL WIND,1,0,0,,4,1.0,0,1,0,,,,,2020-09-15 06:26:11
19550488,,,0,,,,,,EASTER GIRL,1,0,0,,4,,0,1,0,,,,,2020-09-15 06:26:11
19550544,,,0,,,,,,COMRIE,1,0,0,,4,,0,1,0,,,,,2020-09-15 06:26:11
19550600_dam,,,0,,,,,,GLENGARY,1,0,0,,4,,0,1,0,,,,,2020-09-15 06:26:11
19550660,,,0,,,,,,ELVIC,1,0,0,,4,,0,1,0,,,,,2020-09-15 06:26:11
19550766,,,0,,,,,,FLIGHT'S ORCHID,1,0,0,,4,,0,1,0,,,,,2020-09-15 06:26:11
19550822,,,0,,,,,,EASTER GIRL,1,0,0,,4,,0,1,0,,,,,2020-09-15 06:26:11
19550908,,,0,,,,,,CANDY II,1,0,0,,4,,0,1,0,,,,,2020-09-15 06:26:11
19551026,,,0,,,,,,WHEEL OF FORTUNE,1,0,0,,4,,0,1,0,,,,,2020-09-15 06:26:11
19551061,,,0,,,,,,LONGFORD,1,0,0,,4,,0,1,0,,,,,2020-09-15 06:26:11
19551081,,,0,,,,,,MIDNIGHT LADY,1,0,0,,4,,0,1,0,,,,,2020-09-15 06:26:11
19551127,,,0,,,,,,FLUTTER,1,0,0,,4,,0,1,0,,,,,2020-09-15 06:26:11
19551147,,,0,,,,,,MORNING MELODY,1,0,0,,4,,0,1,0,,,,,2020-09-15 06:26:11
19551243,,,0,,,,,,FRIENDLY ELLEN,1,0,0,,4,,0,1,0,,,,,2020-09-15 06:26:11
19551445,,,0,,,,,,BONNIE A.,1,0,0,,4,,0,1,0,,,,,2020-09-15 06:26:11
19551465,,,0,,,,,,DINNER DISH,1,0,0,,4,,0,1,0,,,,,2020-09-15 06:26:11
19551501,,,0,,,,,,KINGS SUE,1,0,0,,4,,0,1,0,,,,,2020-09-15 06:26:11
19551561,,,0,,,,,,PRAISE,1,0,0,,4,,0,1,0,,,,,2020-09-15 06:26:11
19551647,,,0,,,,,,GRADIFLORA,1,0,0,,4,,0,1,0,,,,,2020-09-15 06:26:11
19551723,,,0,,,,,,GEORGIA MAY,1,0,0,,4,,0,1,0,,,,,2020-09-15 06:26:11
19551849,,,0,,,,,,FUSILADE,1,0,0,,4,,0,1,0,,,,,2020-09-15 06:26:11
19551905,,,0,,,,,,FAIRYLIGHT,1,0,0,,4,,0,1,0,,,,,2020-09-15 06:26:11
19552088,,,0,,,,,,BALLET SLIPPER,1,0,0,,4,,0,1,0,,,,,2020-09-15 06:26:11
19552124,,,0,,,,,,WHITTIWIND,1,0,0,,4,,0,1,0,,,,,2020-09-15 06:26:11
19552184,,,0,,,,,,NIGHT BRIDE,1,0,0,,4,,0,1,0,,,,,2020-09-15 06:26:11
19552220,,,0,,,,,,SUNTOP,1,0,0,,4,,0,1,0,,,,,2020-09-15 06:26:11
19552260,,,0,,,,,,ESCAPADE,1,0,0,,4,,0,1,0,,,,,2020-09-15 06:26:11
19552280,,,0,,,,,,SUN JEDDA,1,0,0,,4,,0,1,0,,,,,2020-09-15 06:26:11
19552326,,,0,,,,,,TENDER AND TRUE II,1,0,0,,4,,0,1,0,,,,,2020-09-15 06:26:11
19552366,,,0,,,,,,SNOW OWL,1,0,0,,4,,0,1,0,,,,,2020-09-15 06:26:11
19552386,,,0,,,,,,PROSPECT PRINCESS,1,0,0,,4,,0,1,0,,,,,2020-09-15 06:26:11
19560002,,,0,,,,,,MOUNTAIN LIGHT,1,0,0,,4,8.0,0,1,0,,,,,2020-09-15 06:26:11
19560022,,,0,,,,,,QUEEN OF SHEBA,1,0,0,,4,1.0,0,1,0,,,,,2020-09-15 06:26:11
19560042,,,0,,,,,,ZINAP,1,0,0,,4,4.0,0,1,0,,,,,2020-09-15 06:26:11
19560062,,,0,,,,,,CHARMION,1,0,0,,4,8.0,0,1,0,,,,,2020-09-15 06:26:11
19560082,,,0,,,,,,PRACLA,1,0,0,,4,,0,1,0,,,,,2020-09-15 06:26:11
19560108,,,0,,,,,,AIRY ANN,1,0,0,,4,,0,1,0,,,,,2020-09-15 06:26:11
19560128,,,0,,,,,,ROYAL CHRISTMAS,1,0,0,,4,,0,1,0,,,,,2020-09-15 06:26:11
19560148,,,0,,,,,,DAYBREAK,1,0,0,,4,1.0,0,1,0,,,,,2020-09-15 06:26:11
19560168,,,0,,,,,,BORGAN'S FOLLY,1,0,0,,4,,0,1,0,,,,,2020-09-15 06:26:11
19560188,,,0,,,,,,HIGH NOON,1,0,0,,4,,0,1,0,,,,,2020-09-15 06:26:11
19560204,,,0,,,,,,DAINTY LADY,1,0,0,,4,,0,1,0,,,,,2020-09-15 06:26:11
19560224,,,0,,,,,,LASTING FIRE,1,0,0,,4,8.0,0,1,0,,,,,2020-09-15 06:26:11
19560244,,,0,,,,,,SAYONARA,1,0,0,,4,1.0,0,1,0,,,,,2020-09-15 06:26:11
19560264,,,0,,,,,,FLEET PATH,1,0,0,,4,1.0,0,1,0,,,,,2020-09-15 06:26:11
19560284,,,0,,,,,,SANDY DEVIL,1,0,0,,4,1.0,0,1,0,,,,,2020-09-15 06:26:11
19560300,,,0,,,,,,GILTS,1,0,0,,4,,0,1,0,,,,,2020-09-15 06:26:11
19560320,,,0,,,,,,FIVE MINUTES,1,0,0,,4,1.0,0,1,0,,,,,2020-09-15 06:26:11
19560340,,,0,,,,,,HEIRLOOM,1,0,0,,4,,0,1,0,,,,,2020-09-15 06:26:11
19560360,,,0,,,,,,COQUETTE,1,0,0,,4,,0,1,0,,,,,2020-09-15 06:26:11
19560380,,,0,,,,,,RUTHA,1,0,0,,4,,0,1,0,,,,,2020-09-15 06:26:11
19560406,,,0,,,,,,DONNA DEBRA,1,0,0,,4,,0,1,0,,,,,2020-09-15 06:26:11
19560426,,,0,,,,,,SIMPLE FORTUNE,1,0,0,,4,,0,1,0,,,,,2020-09-15 06:26:11
19560446,,,0,,,,,,FINE FEATHERS 2ND,1,0,0,,4,,0,1,0,,,,,2020-09-15 06:26:11
19560466,,,0,,,,,,GOLDEN STAR,1,0,0,,4,,0,1,0,,,,,2020-09-15 06:26:11
19560486,,,0,,,,,,DECOR II,1,0,0,,4,,0,1,0,,,,,2020-09-15 06:26:11
19560542,,,0,,,,,,LEEATO,1,0,0,,4,1.0,0,1,0,,,,,2020-09-15 06:26:11
19560608,,,0,,,,,,VENARTIC,1,0,0,,4,,0,1,0,,,,,2020-09-15 06:26:11
19560628,,,0,,,,,,SUN SPELL,1,0,0,,4,,0,1,0,,,,,2020-09-15 06:26:11
19560648,,,0,,,,,,NOBLE LASSIE,1,0,0,,4,1.0,0,1,0,,,,,2020-09-15 06:26:11
19560668,,,0,,,,,,HIGH BID,1,0,0,,4,1.0,0,1,0,,,,,2020-09-15 06:26:11
19560688,,,0,,,,,,GOLD COAST,1,0,0,,4,,0,1,0,,,,,2020-09-15 06:26:11
19560704,,,0,,,,,,CEQUILLO,1,0,0,,4,1.0,0,1,0,,,,,2020-09-15 06:26:11
19560724,,,0,,,,,,BIMY BARS,1,0,0,,4,,0,1,0,,,,,2020-09-15 06:26:11
19560764,,,0,,,,,,FLEET PATH,1,0,0,,4,,0,1,0,,,,,2020-09-15 06:26:11
19560784,,,0,,,,,,HER GLORY,1,0,0,,4,,0,1,0,,,,,2020-09-15 06:26:11
19560800,,,0,,,,,,PURE GOLD,1,0,0,,4,,0,1,0,,,,,2020-09-15 06:26:11
19560820,,,0,,,,,,TRUE GIRL,1,0,0,,4,,0,1,0,,,,,2020-09-15 06:26:11
19560840,,,0,,,,,,SCHATZI,1,0,0,,4,,0,1,0,,,,,2020-09-15 06:26:11
19560860,,,0,,,,,,ASCONA,1,0,0,,4,1.0,0,1,0,,,,,2020-09-15 06:26:11
19561069,,,0,,,,,,BLUSH,1,0,0,,4,,0,1,0,,,,,2020-09-15 06:26:11
19561185,,,0,,,,,,TWILIGHT,1,0,0,,4,,0,1,0,,,,,2020-09-15 06:26:11
19561221,,,0,,,,,,MY LOVE,1,0,0,,4,,0,1,0,,,,,2020-09-15 06:26:11
19561261,,,0,,,,,,DAT'S ME,1,0,0,,4,,0,1,0,,,,,2020-09-15 06:26:11
19561367,,,0,,,,,,ESCORT,1,0,0,,4,,0,1,0,,,,,2020-09-15 06:26:11
19561463,,,0,,,,,,HOTSY TOPSY,1,0,0,,4,,0,1,0,,,,,2020-09-15 06:26:11
19561529,,,0,,,,,,WILD CAT,1,0,0,,4,,0,1,0,,,,,2020-09-15 06:26:11
19561589,,,0,,,,,,ESCORT,1,0,0,,4,,0,1,0,,,,,2020-09-15 06:26:11
19561665,,,0,,,,,,JOHNS GUESS,1,0,0,,4,,0,1,0,,,,,2020-09-15 06:26:11
19561761,,,0,,,,,,MY LOVE,1,0,0,,4,,0,1,0,,,,,2020-09-15 06:26:11
19561781,,,0,,,,,,TRUE LOVER,1,0,0,,4,,0,1,0,,,,,2020-09-15 06:26:11
19561827,,,0,,,,,,HIGHLAND CHARM,1,0,0,,4,,0,1,0,,,,,2020-09-15 06:26:11
19561887,,,0,,,,,,SPRINGTIME II,1,0,0,,4,,0,1,0,,,,,2020-09-15 06:26:11
19561903,,,0,,,,,,WHISTLE STOP,1,0,0,,4,,0,1,0,,,,,2020-09-15 06:26:11
19561983,,,0,,,,,,FLAMINIA,1,0,0,,4,,0,1,0,,,,,2020-09-15 06:26:11
19562026,,,0,,,,,,KILT,1,0,0,,4,,0,1,0,,,,,2020-09-15 06:26:11
19562066,,,0,,,,,,PARURE,1,0,0,,4,,0,1,0,,,,,2020-09-15 06:26:11
19562086,,,0,,,,,,LUSS,1,0,0,,4,,0,1,0,,,,,2020-09-15 06:26:11
19562122,,,0,,,,,,LOVE TO ALL,1,0,0,,4,,0,1,0,,,,,2020-09-15 06:26:11
19562162,,,0,,,,,,BLISS,1,0,0,,4,,0,1,0,,,,,2020-09-15 06:26:11
19562182,,,0,,,,,,BENGAL BRIDE,1,0,0,,4,,0,1,0,,,,,2020-09-15 06:26:11
19562248,,,0,,,,,,CAN DO,1,0,0,,4,,0,1,0,,,,,2020-09-15 06:26:11
19562268,,,0,,,,,,SKIN'S DAUGHTER,1,0,0,,4,,0,1,0,,,,,2020-09-15 06:26:11
19562288,,,0,,,,,,WYNROSA,1,0,0,,4,,0,1,0,,,,,2020-09-15 06:26:11
19562324,,,0,,,,,,INDIAN LADY,1,0,0,,4,,0,1,0,,,,,2020-09-15 06:26:11
19562344,,,0,,,,,,ZIPPY,1,0,0,,4,,0,1,0,,,,,2020-09-15 06:26:11
19562384,,,0,,,,,,IDLENESS,1,0,0,,4,,0,1,0,,,,,2020-09-15 06:26:11
19570000,,,0,,,,,,BEWITCHED,1,0,0,,4,1.0,0,1,0,,,,,2020-09-15 06:26:11
19570020,,,0,,,,,,CINDY,1,0,0,,4,8.0,0,1,0,,,,,2020-09-15 06:26:11
19570040,,,0,,,,,,DOUBLE CROSS,1,0,0,,4,1.0,0,1,0,,,,,2020-09-15 06:26:11
19570060,,,0,,,,,,GYPSY,1,0,0,,4,9.0,0,1,0,,,,,2020-09-15 06:26:11
19570080,,,0,,,,,,IF,1,0,0,,4,1.0,0,1,0,,,,,2020-09-15 06:26:11
19570106,,,0,,,,,,SCARLET SLIPPER,1,0,0,,4,1.0,0,1,0,,,,,2020-09-15 06:26:11
19570126,,,0,,,,,,RAVE,1,0,0,,4,,0,1,0,,,,,2020-09-15 06:26:11
19570146,,,0,,,,,,BLUE WATERS,1,0,0,,4,,0,1,0,,,,,2020-09-15 06:26:11
19570166,,,0,,,,,,EREMITE,1,0,0,,4,,0,1,0,,,,,2020-09-15 06:26:11
19570186,,,0,,,,,,BETSIE JANE,1,0,0,,4,,0,1,0,,,,,2020-09-15 06:26:11
19570202,,,0,,,,,,ATOMIUM,1,0,0,,4,,0,1,0,,,,,2020-09-15 06:26:11
19570222,,,0,,,,,,GREEN TRUNK,1,0,0,,4,,0,1,0,,,,,2020-09-15 06:26:11
19570242,,,0,,,,,,JAN'S WISH,1,0,0,,4,,0,1,0,,,,,2020-09-15 06:26:11
19570262,,,0,,,,,,JEANELOU,1,0,0,,4,,0,1,0,,,,,2020-09-15 06:26:11
19570282,,,0,,,,,,MY FAIR LADY,1,0,0,,4,,0,1,0,,,,,2020-09-15 06:26:11
19570308,,,0,,,,,,GAY HOSTESS,1,0,0,,4,,0,1,0,,,,,2020-09-15 06:26:11
19570328,,,0,,,,,,RASH STATEMENT,1,0,0,,4,,0,1,0,,,,,2020-09-15 06:26:11
19570348,,,0,,,,,,FAIR NOON,1,0,0,,4,,0,1,0,,,,,2020-09-15 06:26:11
19570368,,,0,,,,,,BLACK DISCOVERY,1,0,0,,4,,0,1,0,,,,,2020-09-15 06:26:11
19570388,,,0,,,,,,MERRY WIDOW,1,0,0,,4,,0,1,0,,,,,2020-09-15 06:26:11
19570404,,,0,,,,,,EXTATICA,1,0,0,,4,,0,1,0,,,,,2020-09-15 06:26:11
19570424,,,0,,,,,,DARDANETTE,1,0,0,,4,,0,1,0,,,,,2020-09-15 06:26:11
19570444,,,0,,,,,,WEE PET,1,0,0,,4,,0,1,0,,,,,2020-09-15 06:26:11
19570464,,,0,,,,,,NATALMA,1,0,0,,4,1.0,0,1,0,,,,,2020-09-15 06:26:11
19570484,,,0,,,,,,SCARLET RIBBON,1,0,0,,4,1.0,0,1,0,,,,,2020-09-15 06:26:11
19570500,,,0,,,,,,AIMEE,1,0,0,,4,1.0,0,1,0,,,,,2020-09-15 06:26:11
19570520,,,0,,,,,,WELL WHISTLED,1,0,0,,4,,0,1,0,,,,,2020-09-15 06:26:11
19570540,,,0,,,,,,FICTITIOUS,1,0,0,,4,1.0,0,1,0,,,,,2020-09-15 06:26:11
19570560,,,0,,,,,,MY DEAR GIRL,1,0,0,,4,8.0,0,1,0,,,,,2020-09-15 06:26:11
19570580,,,0,,,,,,CHADWICK,1,0,0,,4,8.0,0,1,0,,,,,2020-09-15 06:26:11
19570606,,,0,,,,,,GALLANT DEAL,1,0,0,,4,,0,1,0,,,,,2020-09-15 06:26:11
19570666,,,0,,,,,,TARDINO,1,0,0,,4,,0,1,0,,,,,2020-09-15 06:26:11
19570722,,,0,,,,,,PARLEZ-VOUS,1,0,0,,4,,0,1,0,,,,,2020-09-15 06:26:11
19570742,,,0,,,,,,SHONSHONI GUIDE,1,0,0,,4,,0,1,0,,,,,2020-09-15 06:26:11
19570762,,,0,,,,,,ROUNDABOUT,1,0,0,,4,,0,1,0,,,,,2020-09-15 06:26:11
19570828,,,0,,,,,,HIGH SOCIETY,1,0,0,,4,,0,1,0,,,,,2020-09-15 06:26:11
19570848,,,0,,,,,,STREET LIGHT,1,0,0,,4,,0,1,0,,,,,2020-09-15 06:26:11
19570868,,,0,,,,,,DUMBIE,1,0,0,,4,,0,1,0,,,,,2020-09-15 06:26:11
19570888,,,0,,,,,,STELLARIA,1,0,0,,4,,0,1,0,,,,,2020-09-15 06:26:11
19570904,,,0,,,,,,THE SCARLET WOMAN,1,0,0,,4,,0,1,0,,,,,2020-09-15 06:26:11
19571007,,,0,,,,,,RESTORE,1,0,0,,4,,0,1,0,,,,,2020-09-15 06:26:11
19571027,,,0,,,,,,GOOD MORNING,1,0,0,,4,,0,1,0,,,,,2020-09-15 06:26:11
19571067,,,0,,,,,,LISBOA,1,0,0,,4,,0,1,0,,,,,2020-09-15 06:26:11
19571103,,,0,,,,,,PORTRAIT,1,0,0,,4,,0,1,0,,,,,2020-09-15 06:26:11
19571123,,,0,,,,,,IDUN,1,0,0,,4,,0,1,0,,,,,2020-09-15 06:26:11
19571143,,,0,,,,,,SHOSHONI GUIDE,1,0,0,,4,,0,1,0,,,,,2020-09-15 06:26:11
19571183,,,0,,,,,,DOUBLE ROSE,1,0,0,,4,,0,1,0,,,,,2020-09-15 06:26:11
19571249,,,0,,,,,,ANNOTATION,1,0,0,,4,,0,1,0,,,,,2020-09-15 06:26:11
19571269,,,0,,,,,,IDUN,1,0,0,,4,,0,1,0,,,,,2020-09-15 06:26:11
19571289,,,0,,,,,,SNOW CAPPED,1,0,0,,4,,0,1,0,,,,,2020-09-15 06:26:11
19571365,,,0,,,,,,CAPRICE,1,0,0,,4,,0,1,0,,,,,2020-09-15 06:26:11
19571385,,,0,,,,,,SEASIDE,1,0,0,,4,,0,1,0,,,,,2020-09-15 06:26:11
19571421,,,0,,,,,,REGAL LODGE,1,0,0,,4,,0,1,0,,,,,2020-09-15 06:26:11
19571461,,,0,,,,,,MARGARET WOOD,1,0,0,,4,,0,1,0,,,,,2020-09-15 06:26:11
19571507,,,0,,,,,,GUINEVERE,1,0,0,,4,,0,1,0,,,,,2020-09-15 06:26:11
19571527,,,0,,,,,,PRETTY POLLY,1,0,0,,4,,0,1,0,,,,,2020-09-15 06:26:11
19571643,,,0,,,,,,TENELEE,1,0,0,,4,,0,1,0,,,,,2020-09-15 06:26:11
19571825,,,0,,,,,,NIRVANA,1,0,0,,4,,0,1,0,,,,,2020-09-15 06:26:11
19571865,,,0,,,,,,ALEMAP,1,0,0,,4,,0,1,0,,,,,2020-09-15 06:26:11
19571885,,,0,,,,,,PRICKLY PEAR,1,0,0,,4,,0,1,0,,,,,2020-09-15 06:26:11
19571921,,,0,,,,,,SPREAD EAGLE,1,0,0,,4,,0,1,0,,,,,2020-09-15 06:26:11
19572044,,,0,,,,,,BOUCHERON,1,0,0,,4,,0,1,0,,,,,2020-09-15 06:26:11
19572100,,,0,,,,,,MISTLETOE,1,0,0,,4,,0,1,0,,,,,2020-09-15 06:26:11
19572140,,,0,,,,,,BEBOP II,1,0,0,,4,,0,1,0,,,,,2020-09-15 06:26:11
19572160,,,0,,,,,,BERNICE N,1,0,0,,4,,0,1,0,,,,,2020-09-15 06:26:11
19572180,,,0,,,,,,COMMEN,1,0,0,,4,,0,1,0,,,,,2020-09-15 06:26:11
19572246,,,0,,,,,,ENA,1,0,0,,4,,0,1,0,,,,,2020-09-15 06:26:11
19572286,,,0,,,,,,CHUTNEY,1,0,0,,4,,0,1,0,,,,,2020-09-15 06:26:11
19572302,,,0,,,,,,VOLARE,1,0,0,,4,,0,1,0,,,,,2020-09-15 06:26:11
19580008,,,0,,,,,,ROSALINE,1,0,0,,4,8.0,0,1,0,,,,,2020-09-15 06:26:11
19580028,,,0,,,,,,BIRNADEEN,1,0,0,,4,1.0,0,1,0,,,,,2020-09-15 06:26:11
19580048,,,0,,,,,,BONNIE BLUE FLAG,1,0,0,,4,8.0,0,1,0,,,,,2020-09-15 06:26:11
19580068,,,0,,,,,,BANDON,1,0,0,,4,9.0,0,1,0,,,,,2020-09-15 06:26:11
19580088,,,0,,,,,,ENDINE,1,0,0,,4,,0,1,0,,,,,2020-09-15 06:26:11
19580104,,,0,,,,,,BRANDY QUEEN,1,0,0,,4,,0,1,0,,,,,2020-09-15 06:26:11
19580124,,,0,,,,,,SINGING RIVER,1,0,0,,4,,0,1,0,,,,,2020-09-15 06:26:11
19580164,,,0,,,,,,PRINCESS ROYAL,1,0,0,,4,,0,1,0,,,,,2020-09-15 06:26:11
19580184,,,0,,,,,,HASTY BABE,1,0,0,,4,,0,1,0,,,,,2020-09-15 06:26:11
19580200,,,0,,,,,,PLAYER,1,0,0,,4,8.0,0,1,0,,,,,2020-09-15 06:26:11
19580220,,,0,,,,,,GLENURLA,1,0,0,,4,,0,1,0,,,,,2020-09-15 06:26:11
19580240,,,0,,,,,,TICKLEGAIL,1,0,0,,4,,0,1,0,,,,,2020-09-15 06:26:11
19580260,,,0,,,,,,JENNIFER'S CHOICE,1,0,0,,4,8.0,0,1,0,,,,,2020-09-15 06:26:11
19580306,,,0,,,,,,ZEHENNA,1,0,0,,4,,0,1,0,,,,,2020-09-15 06:26:11
19580326,,,0,,,,,,CHICHA,1,0,0,,4,,0,1,0,,,,,2020-09-15 06:26:11
19580346,,,0,,,,,,BE AMBITIOUS,1,0,0,,4,,0,1,0,,,,,2020-09-15 06:26:11
19580366,,,0,,,,,,WYNARA,1,0,0,,4,1.0,0,1,0,,,,,2020-09-15 06:26:11
19580386,,,0,,,,,,VENICE,1,0,0,,4,8.0,0,1,0,,,,,2020-09-15 06:26:11
19580402,,,0,,,,,,CONTINUE,1,0,0,,4,,0,1,0,,,,,2020-09-15 06:26:11
19580422,,,0,,,,,,FAIR DIANA,1,0,0,,4,,0,1,0,,,,,2020-09-15 06:26:11
19580442,,,0,,,,,,BLUE CANOE,1,0,0,,4,1.0,0,1,0,,,,,2020-09-15 06:26:11
19580462,,,0,,,,,,KERALA,1,0,0,,4,,0,1,0,,,,,2020-09-15 06:26:11
19580482,,,0,,,,,,PLUM CAKE,1,0,0,,4,8.0,0,1,0,,,,,2020-09-15 06:26:11
19580508,,,0,,,,,,GHANA,1,0,0,,4,,0,1,0,,,,,2020-09-15 06:26:11
19580528,,,0,,,,,,MY BRUNETTE,1,0,0,,4,,0,1,0,,,,,2020-09-15 06:26:11
19580548,,,0,,,,,,ROYAL CREMO,1,0,0,,4,,0,1,0,,,,,2020-09-15 06:26:11
19580568,,,0,,,,,,ROSE BOWER,1,0,0,,4,8.0,0,1,0,,,,,2020-09-15 06:26:11
19580588,,,0,,,,,,PETTY TREASON,1,0,0,,4,,0,1,0,,,,,2020-09-15 06:26:11
19580604,,,0,,,,,,BUSHEL-N-PECK,1,0,0,,4,,0,1,0,,,,,2020-09-15 06:26:11
19580624,,,0,,,,,,QUEEN ZAGDA,1,0,0,,4,,0,1,0,,,,,2020-09-15 06:26:11
19580644,,,0,,,,,,ALIDA VALLI,1,0,0,,4,,0,1,0,,,,,2020-09-15 06:26:11
19580664,,,0,,,,,,VICTORIA REGINA,1,0,0,,4,8.0,0,1,0,,,,,2020-09-15 06:26:11
19580684,,,0,,,,,,SHIMMY DANCER,1,0,0,,4,9.0,0,1,0,,,,,2020-09-15 06:26:11
19580700,,,0,,,,,,N.R.A.,1,0,0,,4,,0,1,0,,,,,2020-09-15 06:26:11
19580720,,,0,,,,,,GAZELLE,1,0,0,,4,,0,1,0,,,,,2020-09-15 06:26:11
19580902,,,0,,,,,,CHARRON,1,0,0,,4,,0,1,0,,,,,2020-09-15 06:26:11
19580922,,,0,,,,,,BLUE SIDE,1,0,0,,4,,0,1,0,,,,,2020-09-15 06:26:11
19580942,,,0,,,,,,FLOWERS,1,0,0,,4,,0,1,0,,,,,2020-09-15 06:26:11
19580962,,,0,,,,,,FLORA McDONALD,1,0,0,,4,,0,1,0,,,,,2020-09-15 06:26:11
19581025,,,0,,,,,,PEPPER LASS,1,0,0,,4,,0,1,0,,,,,2020-09-15 06:26:11
19581101,,,0,,,,,,THIRD GIRL,1,0,0,,4,,0,1,0,,,,,2020-09-15 06:26:11
19581267,,,0,,,,,,BERNIE,1,0,0,,4,,0,1,0,,,,,2020-09-15 06:26:11
19581323,,,0,,,,,,MADRID,1,0,0,,4,,0,1,0,,,,,2020-09-15 06:26:11
19581400,,,0,,,,,,FAYE'S RED,1,0,0,,4,,0,1,0,,,,,2020-09-15 06:26:11
19581469,,,0,,,,,,FLAMBOYANT,1,0,0,,4,,0,1,0,,,,,2020-09-15 06:26:11
19581489,,,0,,,,,,MAE WEST,1,0,0,,4,,0,1,0,,,,,2020-09-15 06:26:12
19581545,,,0,,,,,,MELODY QUEEN,1,0,0,,4,,0,1,0,,,,,2020-09-15 06:26:12
19581565,,,0,,,,,,LADY CHALLENGER,1,0,0,,4,,0,1,0,,,,,2020-09-15 06:26:12
19581585,,,0,,,,,,JOLLY PRINCESS,1,0,0,,4,,0,1,0,,,,,2020-09-15 06:26:12
19581621,,,0,,,,,,TUDOR LADY,1,0,0,,4,,0,1,0,,,,,2020-09-15 06:26:12
19581661,,,0,,,,,,ANOTHER WAY,1,0,0,,4,,0,1,0,,,,,2020-09-15 06:26:12
19581681,,,0,,,,,,HIGH NOTE,1,0,0,,4,,0,1,0,,,,,2020-09-15 06:26:12
19581727,,,0,,,,,,ROSE MARIE,1,0,0,,4,,0,1,0,,,,,2020-09-15 06:26:12
19581767,,,0,,,,,,POLYNAISE,1,0,0,,4,,0,1,0,,,,,2020-09-15 06:26:12
19581823,,,0,,,,,,MILKY WHEY,1,0,0,,4,,0,1,0,,,,,2020-09-15 06:26:12
19581863,,,0,,,,,,MARY MOON,1,0,0,,4,,0,1,0,,,,,2020-09-15 06:26:12
19581909,,,0,,,,,,SHEILA,1,0,0,,4,,0,1,0,,,,,2020-09-15 06:26:12
19581949,,,0,,,,,,MARY CASSATT,1,0,0,,4,,0,1,0,,,,,2020-09-15 06:26:12
19581969,,,0,,,,,,LINDA,1,0,0,,4,,0,1,0,,,,,2020-09-15 06:26:12
19581989,,,0,,,,,,CLARA REBECCA,1,0,0,,4,,0,1,0,,,,,2020-09-15 06:26:12
19582042,,,0,,,,,,FLUORESEE,1,0,0,,4,,0,1,0,,,,,2020-09-15 06:26:12
19582082,,,0,,,,,,SILVER DAPPLE,1,0,0,,4,,0,1,0,,,,,2020-09-15 06:26:12
19582224,,,0,,,,,,ROYAL GAIL,1,0,0,,4,,0,1,0,,,,,2020-09-15 06:26:12
19582284,,,0,,,,,,SIGNORINA DORO,1,0,0,,4,,0,1,0,,,,,2020-09-15 06:26:12
19582300,,,0,,,,,,GOLDEN OPPORTUNITY,1,0,0,,4,,0,1,0,,,,,2020-09-15 06:26:12
19582320,,,0,,,,,,BELLARIA,1,0,0,,4,,0,1,0,,,,,2020-09-15 06:26:12
19582340,,,0,,,,,,BONNIE LASS,1,0,0,,4,,0,1,0,,,,,2020-09-15 06:26:12
19582380,,,0,,,,,,RECONNOITRE,1,0,0,,4,,0,1,0,,,,,2020-09-15 06:26:12
19590006,,,0,,,,,,SUZIE LEE,1,0,0,,4,9.0,0,1,0,,,,,2020-09-15 06:26:12
19590026,,,0,,,,,,SUSIE D,1,0,0,,4,8.0,0,1,0,,,,,2020-09-15 06:26:12
19590046,,,0,,,,,,TWINKLING STAR,1,0,0,,4,1.0,0,1,0,,,,,2020-09-15 06:26:12
19590066,,,0,,,,,,ALL THE WAY,1,0,0,,4,1.0,0,1,0,,,,,2020-09-15 06:26:12
19590086,,,0,,,,,,ANYTHING GOES,1,0,0,,4,1.0,0,1,0,,,,,2020-09-15 06:26:12
19590102,,,0,,,,,,LOVELY POINT,1,0,0,,4,8.0,0,1,0,,,,,2020-09-15 06:26:12
19590122,,,0,,,,,,DELILAH,1,0,0,,4,1.0,0,1,0,,,,,2020-09-15 06:26:12
19590142,,,0,,,,,,HIGHLAND BREEZE,1,0,0,,4,1.0,0,1,0,,,,,2020-09-15 06:26:12
19590162,,,0,,,,,,HI HONEY,1,0,0,,4,1.0,0,1,0,,,,,2020-09-15 06:26:12
19590182,,,0,,,,,,HELIODRIFT,1,0,0,,4,1.0,0,1,0,,,,,2020-09-15 06:26:12
19590208,,,0,,,,,,FAIR SKY,1,0,0,,4,,0,1,0,,,,,2020-09-15 06:26:12
19590228,,,0,,,,,,SERVICE ACE,1,0,0,,4,,0,1,0,,,,,2020-09-15 06:26:12
19590229,,,0,,,,,,CIMBALON,1,0,0,,4,,0,1,0,,,,,2020-09-15 06:26:12
19590248,,,0,,,,,,PUFFIN,1,0,0,,4,,0,1,0,,,,,2020-09-15 06:26:12
19590268,,,0,,,,,,NO TELEGRAMS,1,0,0,,4,8.0,0,1,0,,,,,2020-09-15 06:26:12
19590288,,,0,,,,,,ATTA GIRL,1,0,0,,4,1.0,0,1,0,,,,,2020-09-15 06:26:12
19590304,,,0,,,,,,ROSA,1,0,0,,4,,0,1,0,,,,,2020-09-15 06:26:12
19590324,,,0,,,,,,FLY AGAIN,1,0,0,,4,,0,1,0,,,,,2020-09-15 06:26:12
19590344,,,0,,,,,,GRAND FAIR,1,0,0,,4,,0,1,0,,,,,2020-09-15 06:26:12
19590347,,,0,,,,,,LADY D,1,0,0,,4,,0,1,0,,,,,2020-09-15 06:26:12
19590364,,,0,,,,,,MAALOULAH,1,0,0,,4,,0,1,0,,,,,2020-09-15 06:26:12
19590384,,,0,,,,,,ROSE OF PARIS,1,0,0,,4,8.0,0,1,0,,,,,2020-09-15 06:26:12
19590400,,,0,,,,,,EASEL,1,0,0,,4,,0,1,0,,,,,2020-09-15 06:26:12
19590420,,,0,,,,,,WILLING,1,0,0,,4,1.0,0,1,0,,,,,2020-09-15 06:26:12
19590440,,,0,,,,,,STARLIGHT PRINCESS,1,0,0,,4,,0,1,0,,,,,2020-09-15 06:26:12
19590460,,,0,,,,,,CHRISTMAS GIRL,1,0,0,,4,,0,1,0,,,,,2020-09-15 06:26:12
19590480,,,0,,,,,,LEA LANG,1,0,0,,4,1.0,0,1,0,,,,,2020-09-15 06:26:12
19590506,,,0,,,,,,.,1,0,0,,4,,0,1,0,,,,,2020-09-15 06:26:12
19590526,,,0,,,,,,DELILAH,1,0,0,,4,8.0,0,1,0,,,,,2020-09-15 06:26:12
19590566,,,0,,,,,,LUCKY DANEHURST,1,0,0,,4,,0,1,0,,,,,2020-09-15 06:26:12
19590586,,,0,,,,,,CLASSIC ACTION,1,0,0,,4,,0,1,0,,,,,2020-09-15 06:26:12
19590602,,,0,,,,,,PEGRU,1,0,0,,4,,0,1,0,,,,,2020-09-15 06:26:12
19590622,,,0,,,,,,PLAY GIRL,1,0,0,,4,,0,1,0,,,,,2020-09-15 06:26:12
19590642,,,0,,,,,,MISS MOONDUST,1,0,0,,4,8.0,0,1,0,,,,,2020-09-15 06:26:12
19590662,,,0,,,,,,DREAM VISION,1,0,0,,4,,0,1,0,,,,,2020-09-15 06:26:12
19590682,,,0,,,,,,BENT TWIG,1,0,0,,4,,0,1,0,,,,,2020-09-15 06:26:12
19590708,,,0,,,,,,FLAMING  PAGE,1,0,0,,4,1.0,0,1,0,,,,,2020-09-15 06:26:12
19590728,,,0,,,,,,PINK PARASOL,1,0,0,,4,,0,1,0,,,,,2020-09-15 06:26:12
19590748,,,0,,,,,,LAUGHTER,1,0,0,,4,,0,1,0,,,,,2020-09-15 06:26:12
19590768,,,0,,,,,,DELIVERY,1,0,0,,4,,0,1,0,,,,,2020-09-15 06:26:12
19590788,,,0,,,,,,FAIR CHARMER,1,0,0,,4,8.0,0,1,0,,,,,2020-09-15 06:26:12
19590804,,,0,,,,,,KEY BRIDGE,1,0,0,,4,1.0,0,1,0,,,,,2020-09-15 06:26:12
19590824,,,0,,,,,,CINGUEFOIL,1,0,0,,4,,0,1,0,,,,,2020-09-15 06:26:12
19590844,,,0,,,,,,SATERO,1,0,0,,4,,0,1,0,,,,,2020-09-15 06:26:12
19590864,,,0,,,,,,MAALOULAH,1,0,0,,4,,0,1,0,,,,,2020-09-15 06:26:12
19590900,,,0,,,,,,AUNT ESTELLE,1,0,0,,4,,0,1,0,,,,,2020-09-15 06:26:12
19590920,,,0,,,,,,HYPERBELLE,1,0,0,,4,,0,1,0,,,,,2020-09-15 06:26:12
19590940,,,0,,,,,,GOELETTE,1,0,0,,4,8.0,0,1,0,,,,,2020-09-15 06:26:12
19590960,,,0,,,,,,QUEEN OF THE SHIRE,1,0,0,,4,,0,1,0,,,,,2020-09-15 06:26:12
19591003,,,0,,,,,,BERLO,1,0,0,,4,,0,1,0,,,,,2020-09-15 06:26:12
19591043,,,0,,,,,,LADY MASSIF,1,0,0,,4,,0,1,0,,,,,2020-09-15 06:26:12
19591063,,,0,,,,,,CHARMING HOSTESS,1,0,0,,4,,0,1,0,,,,,2020-09-15 06:26:12
19591129,,,0,,,,,,SWEET NORENE,1,0,0,,4,,0,1,0,,,,,2020-09-15 06:26:12
19591149,,,0,,,,,,HIGH FLARE,1,0,0,,4,,0,1,0,,,,,2020-09-15 06:26:12
19591169,,,0,,,,,,DIANORA,1,0,0,,4,,0,1,0,,,,,2020-09-15 06:26:12
19591189,,,0,,,,,,MISS ORLEAN,1,0,0,,4,,0,1,0,,,,,2020-09-15 06:26:12
19591225,,,0,,,,,,SAHARA,1,0,0,,4,,0,1,0,,,,,2020-09-15 06:26:12
19591301,,,0,,,,,,BRITISH RAILWAYS,1,0,0,,4,,0,1,0,,,,,2020-09-15 06:26:12
19591361,,,0,,,,,,TELESTAR,1,0,0,,4,,0,1,0,,,,,2020-09-15 06:26:12
19591427,,,0,,,,,,ROSELDEEN,1,0,0,,4,,0,1,0,,,,,2020-09-15 06:26:12
19591523,,,0,,,,,,LEVITY,1,0,0,,4,,0,1,0,,,,,2020-09-15 06:26:12
19591583,,,0,,,,,,CHAMINADE,1,0,0,,4,,0,1,0,,,,,2020-09-15 06:26:12
19591629,,,0,,,,,,LUTE,1,0,0,,4,,0,1,0,,,,,2020-09-15 06:26:12
19591669,,,0,,,,,,HELD UP,1,0,0,,4,,0,1,0,,,,,2020-09-15 06:26:12
19591705,,,0,,,,,,GAIL SLIPPER,1,0,0,,4,,0,1,0,,,,,2020-09-15 06:26:12
19591725,,,0,,,,,,SUNNY TIMES,1,0,0,,4,,0,1,0,,,,,2020-09-15 06:26:12
19591745,,,0,,,,,,CRESTA RUN,1,0,0,,4,,0,1,0,,,,,2020-09-15 06:26:12
19591785,,,0,,,,,,SONATA,1,0,0,,4,,0,1,0,,,,,2020-09-15 06:26:12
19591801,,,0,,,,,,EAGLE DORA,1,0,0,,4,,0,1,0,,,,,2020-09-15 06:26:12
19591841,,,0,,,,,,CONITA,1,0,0,,4,,0,1,0,,,,,2020-09-15 06:26:12
19591967,,,0,,,,,,PRINCESS KAIULANI,1,0,0,,4,,0,1,0,,,,,2020-09-15 06:26:12
19591987,,,0,,,,,,BUTTON HOOK,1,0,0,,4,,0,1,0,,,,,2020-09-15 06:26:12
19592020,,,0,,,,,,LUCKY OLIVE,1,0,0,,4,,0,1,0,,,,,2020-09-15 06:26:12
19592040,,,0,,,,,,GAIL,1,0,0,,4,,0,1,0,,,,,2020-09-15 06:26:12
19592060,,,0,,,,,,LADY BOUGH,1,0,0,,4,,0,1,0,,,,,2020-09-15 06:26:12
19592106,,,0,,,,,,TRULY FAIRY GOLD,1,0,0,,4,,0,1,0,,,,,2020-09-15 06:26:12
19592126,,,0,,,,,,RUE GOYA,1,0,0,,4,,0,1,0,,,,,2020-09-15 06:26:12
19592146,,,0,,,,,,INCHAGOILL,1,0,0,,4,,0,1,0,,,,,2020-09-15 06:26:12
19592166,,,0,,,,,,CLEOPATRA,1,0,0,,4,,0,1,0,,,,,2020-09-15 06:26:12
19592186,,,0,,,,,,DECALOGUE,1,0,0,,4,,0,1,0,,,,,2020-09-15 06:26:12
19592202,,,0,,,,,,JUSTERINA,1,0,0,,4,,0,1,0,,,,,2020-09-15 06:26:12
19592222,,,0,,,,,,MAYDAY,1,0,0,,4,,0,1,0,,,,,2020-09-15 06:26:12
19592308,,,0,,,,,,BAY PRINCESS,1,0,0,,4,,0,1,0,,,,,2020-09-15 06:26:12
19592328,,,0,,,,,,ZETA,1,0,0,,4,,0,1,0,,,,,2020-09-15 06:26:12
19592368,,,0,,,,,,PRELUDE,1,0,0,,4,,0,1,0,,,,,2020-09-15 06:26:12
19592388,,,0,,,,,,TALOWA,1,0,0,,4,,0,1,0,,,,,2020-09-15 06:26:12
19600003,,,0,,,,,,PUZZLE,1,0,0,,4,8.0,0,1,0,,,,,2020-09-15 06:26:12
19600023,,,0,,,,,,RICH ROYALTY,1,0,0,,4,,0,1,0,,,,,2020-09-15 06:26:12
19600043,,,0,,,,,,VIOLA,1,0,0,,4,1.0,0,1,0,,,,,2020-09-15 06:26:12
19600063,,,0,,,,,,WOW,1,0,0,,4,1.0,0,1,0,,,,,2020-09-15 06:26:12
19600083,,,0,,,,,,MIGRANT,1,0,0,,4,9.0,0,1,0,,,,,2020-09-15 06:26:12
19600109,,,0,,,,,,EASTER PARADE,1,0,0,,4,1.0,0,1,0,,,,,2020-09-15 06:26:12
19600129,,,0,,,,,,GOLDEN SAW,1,0,0,,4,8.0,0,1,0,,,,,2020-09-15 06:26:12
19600149,,,0,,,,,,MANICURE,1,0,0,,4,1.0,0,1,0,,,,,2020-09-15 06:26:12
19600169,,,0,,,,,,OUR DEEDEE,1,0,0,,4,,0,1,0,,,,,2020-09-15 06:26:12
19600189,,,0,,,,,,TAMARK,1,0,0,,4,,0,1,0,,,,,2020-09-15 06:26:12
19600205,,,0,,,,,,BABY DOLL,1,0,0,,4,,0,1,0,,,,,2020-09-15 06:26:12
19600225,,,0,,,,,,LAW SUIT,1,0,0,,4,1.0,0,1,0,,,,,2020-09-15 06:26:12
19600245,,,0,,,,,,ROYAL CHOICE,1,0,0,,4,1.0,0,1,0,,,,,2020-09-15 06:26:12
19600265,,,0,,,,,,QUEEN'S COLOUR,1,0,0,,4,,0,1,0,,,,,2020-09-15 06:26:12
19600285,,,0,,,,,,VA BELLE,1,0,0,,4,1.0,0,1,0,,,,,2020-09-15 06:26:12
19600301,,,0,,,,,,TOUCH AND GOLD,1,0,0,,4,,0,1,0,,,,,2020-09-15 06:26:12
19600341,,,0,,,,,,RONDEL,1,0,0,,4,,0,1,0,,,,,2020-09-15 06:26:12
19600361,,,0,,,,,,PONTINGS,1,0,0,,4,,0,1,0,,,,,2020-09-15 06:26:12
19600381,,,0,,,,,,MISS WESTBROOK,1,0,0,,4,8.0,0,1,0,,,,,2020-09-15 06:26:12
19600407,,,0,,,,,,PALAMA FAIR,1,0,0,,4,,0,1,0,,,,,2020-09-15 06:26:12
19600427,,,0,,,,,,MEADOW MIST,1,0,0,,4,,0,1,0,,,,,2020-09-15 06:26:12
19600447,,,0,,,,,,DARLING DENISE,1,0,0,,4,,0,1,0,,,,,2020-09-15 06:26:12
19600467,,,0,,,,,,VIOLET BANK,1,0,0,,4,8.0,0,1,0,,,,,2020-09-15 06:26:12
19600503,,,0,,,,,,BARLCHA,1,0,0,,4,,0,1,0,,,,,2020-09-15 06:26:12
19600523,,,0,,,,,,.,1,0,0,,4,,0,1,0,,,,,2020-09-15 06:26:12
19600543,,,0,,,,,,CONFLUENCIA,1,0,0,,4,,0,1,0,,,,,2020-09-15 06:26:12
19600563,,,0,,,,,,ROBADAN,1,0,0,,4,,0,1,0,,,,,2020-09-15 06:26:12
19600583,,,0,,,,,,SECOND THOUGHT,1,0,0,,4,,0,1,0,,,,,2020-09-15 06:26:12
19600609,,,0,,,,,,BURN BEAUTY,1,0,0,,4,,0,1,0,,,,,2020-09-15 06:26:12
19600629,,,0,,,,,,ADVANTAGE,1,0,0,,4,,0,1,0,,,,,2020-09-15 06:26:12
19600649,,,0,,,,,,LUNDY PRINCESS,1,0,0,,4,,0,1,0,,,,,2020-09-15 06:26:12
19600669,,,0,,,,,,BELLE CIGALE,1,0,0,,4,,0,1,0,,,,,2020-09-15 06:26:12
19600705,,,0,,,,,,COUNTESS LUCY,1,0,0,,4,,0,1,0,,,,,2020-09-15 06:26:12
19600745,,,0,,,,,,BOLD PRINCESS,1,0,0,,4,1.0,0,1,0,,,,,2020-09-15 06:26:12
19600765,,,0,,,,,,LADY CHESTER,1,0,0,,4,,0,1,0,,,,,2020-09-15 06:26:12
19600785,,,0,,,,,,BELTHAZAR,1,0,0,,4,,0,1,0,,,,,2020-09-15 06:26:12
19600801,,,0,,,,,,DOLLYWOOD,1,0,0,,4,,0,1,0,,,,,2020-09-15 06:26:12
19600821,,,0,,,,,,SHILOH,1,0,0,,4,,0,1,0,,,,,2020-09-15 06:26:12
19600841,,,0,,,,,,RUTA,1,0,0,,4,1.0,0,1,0,,,,,2020-09-15 06:26:12
19600861,,,0,,,,,,SCOTCH VERDICT,1,0,0,,4,8.0,0,1,0,,,,,2020-09-15 06:26:12
19600881,,,0,,,,,,TIPOPICK,1,0,0,,4,1.0,0,1,0,,,,,2020-09-15 06:26:12
19600927,,,0,,,,,,ROSAVIL,1,0,0,,4,,0,1,0,,,,,2020-09-15 06:26:12
19600947,,,0,,,,,,APSE HEATH,1,0,0,,4,,0,1,0,,,,,2020-09-15 06:26:12
19600967,,,0,,,,,,ANOTHER SONG,1,0,0,,4,1.0,0,1,0,,,,,2020-09-15 06:26:12
19601000,,,0,,,,,,PIROUETTE,1,0,0,,4,,0,1,0,,,,,2020-09-15 06:26:12
19601020,,,0,,,,,,SLAVE GIRL,1,0,0,,4,,0,1,0,,,,,2020-09-15 06:26:12
19601040,,,0,,,,,,SPITFIRE,1,0,0,,4,,0,1,0,,,,,2020-09-15 06:26:12
19601106,,,0,,,,,,NANETTE,1,0,0,,4,,0,1,0,,,,,2020-09-15 06:26:12
19601126,,,0,,,,,,WAR SPARKLER,1,0,0,,4,,0,1,0,,,,,2020-09-15 06:26:12
19601166,,,0,,,,,,ESSOLETTE,1,0,0,,4,,0,1,0,,,,,2020-09-15 06:26:12
19601202,,,0,,,,,,ESTA SAIL,1,0,0,,4,,0,1,0,,,,,2020-09-15 06:26:12
19601222,,,0,,,,,,POCHETTE,1,0,0,,4,,0,1,0,,,,,2020-09-15 06:26:12
19601242,,,0,,,,,,PHANTASIA,1,0,0,,4,,0,1,0,,,,,2020-09-15 06:26:12
19601308,,,0,,,,,,ANAGRAM,1,0,0,,4,,0,1,0,,,,,2020-09-15 06:26:12
19601328,,,0,,,,,,HEBREW SONG,1,0,0,,4,,0,1,0,,,,,2020-09-15 06:26:12
19601424,,,0,,,,,,COLLETTE,1,0,0,,4,,0,1,0,,,,,2020-09-15 06:26:12
19601444,,,0,,,,,,BURN BEAUTY,1,0,0,,4,,0,1,0,,,,,2020-09-15 06:26:12
19601464,,,0,,,,,,CARJU,1,0,0,,4,,0,1,0,,,,,2020-09-15 06:26:12
19601500,,,0,,,,,,TUTI,1,0,0,,4,,0,1,0,,,,,2020-09-15 06:26:12
19601540,,,0,,,,,,MISS SOUTH STAR,1,0,0,,4,,0,1,0,,,,,2020-09-15 06:26:12
19601580,,,0,,,,,,CAROLINE PARK,1,0,0,,4,,0,1,0,,,,,2020-09-15 06:26:12
19601666,,,0,,,,,,FRUGALIDAD,1,0,0,,4,,0,1,0,,,,,2020-09-15 06:26:12
19601722,,,0,,,,,,BEST OUT,1,0,0,,4,,0,1,0,,,,,2020-09-15 06:26:12
19601742,,,0,,,,,,WINSOME,1,0,0,,4,,0,1,0,,,,,2020-09-15 06:26:12
19601782,,,0,,,,,,WIT,1,0,0,,4,,0,1,0,,,,,2020-09-15 06:26:12
19601808,,,0,,,,,,ATHLON,1,0,0,,4,,0,1,0,,,,,2020-09-15 06:26:12
19601828,,,0,,,,,,SHE'S A GIRL,1,0,0,,4,,0,1,0,,,,,2020-09-15 06:26:12
19601924,,,0,,,,,,GOLDEN ALICE,1,0,0,,4,,0,1,0,,,,,2020-09-15 06:26:12
19601984,,,0,,,,,,NANBEE,1,0,0,,4,,0,1,0,,,,,2020-09-15 06:26:12
19602007,,,0,,,,,,TEMOSA,1,0,0,,4,,0,1,0,,,,,2020-09-15 06:26:12
19602183,,,0,,,,,,FUNICULA,1,0,0,,4,,0,1,0,,,,,2020-09-15 06:26:12
19602209,,,0,,,,,,SANDRA DEE,1,0,0,,4,4.0,0,1,0,,,,,2020-09-15 06:26:12
19602249,,,0,,,,,,PALM TREE,1,0,0,,4,,0,1,0,,,,,2020-09-15 06:26:12
19602269,,,0,,,,,,SAUCY GIRL,1,0,0,,4,,0,1,0,,,,,2020-09-15 06:26:12
19602345,,,0,,,,,,DELINQUENT,1,0,0,,4,,0,1,0,,,,,2020-09-15 06:26:12
19610001,,,0,,,,,,MAUREARA,1,0,0,,4,8.0,0,1,0,,,,,2020-09-15 06:26:12
19610021,,,0,,,,,,AMIRA,1,0,0,,4,,0,1,0,,,,,2020-09-15 06:26:12
19610041,,,0,,,,,,BELLASHANTER,1,0,0,,4,8.0,0,1,0,,,,,2020-09-15 06:26:12
19610061,,,0,,,,,,CORRINA,1,0,0,,4,1.0,0,1,0,,,,,2020-09-15 06:26:12
19610081,,,0,,,,,,CAROLE,1,0,0,,4,1.0,0,1,0,,,,,2020-09-15 06:26:12
19610107,,,0,,,,,,ENCHANTED,1,0,0,,4,4.0,0,1,0,,,,,2020-09-15 06:26:12
19610127,,,0,,,,,,ENSOM LADY,1,0,0,,4,1.0,0,1,0,,,,,2020-09-15 06:26:12
19610147,,,0,,,,,,FIVE WIGI,1,0,0,,4,8.0,0,1,0,,,,,2020-09-15 06:26:12
19610167,,,0,,,,,,GOLD COIN,1,0,0,,4,4.0,0,1,0,,,,,2020-09-15 06:26:12
19610187,,,0,,,,,,TARA II,1,0,0,,4,8.0,0,1,0,,,,,2020-09-15 06:26:12
19610223,,,0,,,,,,THE TIME,1,0,0,,4,,0,1,0,,,,,2020-09-15 06:26:12
19610243,,,0,,,,,,ALICE R,1,0,0,,4,,0,1,0,,,,,2020-09-15 06:26:12
19610263,,,0,,,,,,FLUTE ROSE,1,0,0,,4,,0,1,0,,,,,2020-09-15 06:26:12
19610283,,,0,,,,,,TRIM AIRKI,1,0,0,,4,1.0,0,1,0,,,,,2020-09-15 06:26:12
19610309,,,0,,,,,,COBBLER'S DAUGHTER,1,0,0,,4,8.0,0,1,0,,,,,2020-09-15 06:26:12
19610349,,,0,,,,,,SLOSHED,1,0,0,,4,,0,1,0,,,,,2020-09-15 06:26:12
19610389,,,0,,,,,,ISKRA,1,0,0,,4,,0,1,0,,,,,2020-09-15 06:26:12
19610405,,,0,,,,,,SOLAR'S SHONIE,1,0,0,,4,,0,1,0,,,,,2020-09-15 06:26:12
19610425,,,0,,,,,,NILENE WONDER,1,0,0,,4,,0,1,0,,,,,2020-09-15 06:26:12
19610465,,,0,,,,,,TAMMY'S TWIST,1,0,0,,4,1.0,0,1,0,,,,,2020-09-15 06:26:12
19610501,,,0,,,,,,NEEDLEBUG,1,0,0,,4,1.0,0,1,0,,,,,2020-09-15 06:26:12
19610521,,,0,,,,,,SAVE UP,1,0,0,,4,8.0,0,1,0,,,,,2020-09-15 06:26:12
19610541,,,0,,,,,,GRATITUDE II,1,0,0,,4,8.0,0,1,0,,,,,2020-09-15 06:26:12
19610561,,,0,,,,,,PUSSY TOES,1,0,0,,4,1.0,0,1,0,,,,,2020-09-15 06:26:12
19610581,,,0,,,,,,LEVEN ONES,1,0,0,,4,,0,1,0,,,,,2020-09-15 06:26:12
19610647,,,0,,,,,,ICECAPADE,1,0,0,,4,,0,1,0,,,,,2020-09-15 06:26:12
19610687,,,0,,,,,,CLEOBAR,1,0,0,,4,1.0,0,1,0,,,,,2020-09-15 06:26:12
19610703,,,0,,,,,,NICOLA,1,0,0,,4,,0,1,0,,,,,2020-09-15 06:26:12
19610723,,,0,,,,,,ABERPORTH,1,0,0,,4,,0,1,0,,,,,2020-09-15 06:26:12
19610827,,,0,,,,,,VEGA,1,0,0,,4,1.0,0,1,0,,,,,2020-09-15 06:26:12
19611008,,,0,,,,,,RANGEM,1,0,0,,4,,0,1,0,,,,,2020-09-15 06:26:12
19611028,,,0,,,,,,MAGIC MAIDEN,1,0,0,,4,,0,1,0,,,,,2020-09-15 06:26:12
19611046,,,0,,,,,,MY PRECIOUS,1,0,0,,4,,0,1,0,,,,,2020-09-15 06:26:12
19611104,,,0,,,,,,RIVANNA,1,0,0,,4,,0,1,0,,,,,2020-09-15 06:26:12
19611124,,,0,,,,,,WILLOW RUN,1,0,0,,4,,0,1,0,,,,,2020-09-15 06:26:12
19611144,,,0,,,,,,SOME FLYER,1,0,0,,4,,0,1,0,,,,,2020-09-15 06:26:12
19611164,,,0,,,,,,SIXTH SYMPHONY,1,0,0,,4,,0,1,0,,,,,2020-09-15 06:26:12
19611184,,,0,,,,,,TIARA,1,0,0,,4,,0,1,0,,,,,2020-09-15 06:26:12
19611220,,,0,,,,,,DIAL TRUNKS,1,0,0,,4,,0,1,0,,,,,2020-09-15 06:26:12
19611306,,,0,,,,,,BELINDA REINE,1,0,0,,4,,0,1,0,,,,,2020-09-15 06:26:12
19611346,,,0,,,,,,QUE SERA,1,0,0,,4,,0,1,0,,,,,2020-09-15 06:26:12
19611442,,,0,,,,,,SARAGOLD,1,0,0,,4,,0,1,0,,,,,2020-09-15 06:26:12
19611508,,,0,,,,,,TAMO'S CHOICE,1,0,0,,4,,0,1,0,,,,,2020-09-15 06:26:12
19611548,,,0,,,,,,THE PHILISTINE,1,0,0,,4,,0,1,0,,,,,2020-09-15 06:26:12
19611568,,,0,,,,,,LEA DONNA,1,0,0,,4,,0,1,0,,,,,2020-09-15 06:26:12
19611720,,,0,,,,,,BLITE,1,0,0,,4,,0,1,0,,,,,2020-09-15 06:26:12
19611740,,,0,,,,,,EASTER QUEEN,1,0,0,,4,,0,1,0,,,,,2020-09-15 06:26:12
19611760,,,0,,,,,,PRINCESSE IXE,1,0,0,,4,,0,1,0,,,,,2020-09-15 06:26:12
19611780,,,0,,,,,,STAR LUCK,1,0,0,,4,,0,1,0,,,,,2020-09-15 06:26:12
19611922,,,0,,,,,,TIARA,1,0,0,,4,,0,1,0,,,,,2020-09-15 06:26:12
19611942,,,0,,,,,,STYLISH PATTERN,1,0,0,,4,,0,1,0,,,,,2020-09-15 06:26:12
19612005,,,0,,,,,,BOXING DAY,1,0,0,,4,,0,1,0,,,,,2020-09-15 06:26:12
19612045,,,0,,,,,,FAST FLIRT,1,0,0,,4,,0,1,0,,,,,2020-09-15 06:26:12
19612101,,,0,,,,,,CLEAR PICTURE,1,0,0,,4,,0,1,0,,,,,2020-09-15 06:26:12
19612161,,,0,,,,,,COUNTESS PEG,1,0,0,,4,,0,1,0,,,,,2020-09-15 06:26:12
19612181,,,0,,,,,,BLOND SIREN,1,0,0,,4,,0,1,0,,,,,2020-09-15 06:26:12
19612207,,,0,,,,,,WARNED OF,1,0,0,,4,,0,1,0,,,,,2020-09-15 06:26:12
19612247,,,0,,,,,,MY JADE,1,0,0,,4,,0,1,0,,,,,2020-09-15 06:26:12
19612303,,,0,,,,,,AINE DOREA,1,0,0,,4,,0,1,0,,,,,2020-09-15 06:26:12
19612363,,,0,,,,,,FIDELE,1,0,0,,4,1.0,0,1,0,,,,,2020-09-15 06:26:12
19612383,,,0,,,,,,LANDINE M,1,0,0,,4,,0,1,0,,,,,2020-09-15 06:26:12
19612787,,,0,,,,,,BALLYROSE,1,0,0,,4,,0,1,0,,,,,2020-09-15 06:26:12
19612909,,,0,,,,,,BANSHEE,1,0,0,,4,,0,1,0,,,,,2020-09-15 06:26:12
19613042,,,0,,,,,,ARISTOCRAT,1,0,0,,4,,0,1,0,,,,,2020-09-15 06:26:12
19613108,,,0,,,,,,LATCHMIE RANEE,1,0,0,,4,,0,1,0,,,,,2020-09-15 06:26:12
19613360,,,0,,,,,,TIDY SLIPPER,1,0,0,,4,,0,1,0,,,,,2020-09-15 06:26:12
19613380,,,0,,,,,,DEW,1,0,0,,4,,0,1,0,,,,,2020-09-15 06:26:12
19613744,,,0,,,,,,GRAND GALA,1,0,0,,4,,0,1,0,,,,,2020-09-15 06:26:12
19613820,,,0,,,,,,GRANDIOSA,1,0,0,,4,,0,1,0,,,,,2020-09-15 06:26:12
19613860,,,0,,,,,,RIO GRANDE,1,0,0,,4,,0,1,0,,,,,2020-09-15 06:26:12
19613946,,,0,,,,,,ZE PRAYING MANTIS,1,0,0,,4,,0,1,0,,,,,2020-09-15 06:26:12
19614009,,,0,,,,,,CASTLE FORBES,1,0,0,,4,,0,1,0,,,,,2020-09-15 06:26:12
19620009,,,0,,,,,,MACUSHLA,1,0,0,,4,1.0,0,1,0,,,,,2020-09-15 06:26:12
19620029,,,0,,,,,,PAT'S FOLLY,1,0,0,,4,1.0,0,1,0,,,,,2020-09-15 06:26:12
19620049,,,0,,,,,,PATTI PAGE,1,0,0,,4,1.0,0,1,0,,,,,2020-09-15 06:26:12
19620069,,,0,,,,,,ROYAL SNOB,1,0,0,,4,1.0,0,1,0,,,,,2020-09-15 06:26:12
19620089,,,0,,,,,,ROMANTICO,1,0,0,,4,8.0,0,1,0,,,,,2020-09-15 06:26:12
19620105,,,0,,,,,,REGARDLESS,1,0,0,,4,1.0,0,1,0,,,,,2020-09-15 06:26:12
19620125,,,0,,,,,,SWISS SILVER,1,0,0,,4,9.0,0,1,0,,,,,2020-09-15 06:26:12
19620145,,,0,,,,,,ARTEMIS,1,0,0,,4,1.0,0,1,0,,,,,2020-09-15 06:26:12
19620165,,,0,,,,,,BLUE NYMPH,1,0,0,,4,1.0,0,1,0,,,,,2020-09-15 06:26:12
19620185,,,0,,,,,,FLY BABY,1,0,0,,4,1.0,0,1,0,,,,,2020-09-15 06:26:12
19620201,,,0,,,,,,FULL DRESS,1,0,0,,4,8.0,0,1,0,,,,,2020-09-15 06:26:12
19620221,,,0,,,,,,GOLD SPOON,1,0,0,,4,8.0,0,1,0,,,,,2020-09-15 06:26:12
19620241,,,0,,,,,,HIGH HOPES,1,0,0,,4,8.0,0,1,0,,,,,2020-09-15 06:26:12
19620261,,,0,,,,,,SPRED SATIN,1,0,0,,4,8.0,0,1,0,,,,,2020-09-15 06:26:12
19620281,,,0,,,,,,SOLITAIRE II,1,0,0,,4,,0,1,0,,,,,2020-09-15 06:26:12
19620307,,,0,,,,,,DECK COURT,1,0,0,,4,,0,1,0,,,,,2020-09-15 06:26:12
19620327,,,0,,,,,,PORTIA,1,0,0,,4,,0,1,0,,,,,2020-09-15 06:26:12
19620347,,,0,,,,,,BEAUTY,1,0,0,,4,,0,1,0,,,,,2020-09-15 06:26:12
19620367,,,0,,,,,,*,1,0,0,,4,,0,1,0,,,,,2020-09-15 06:26:12
19620387,,,0,,,,,,SMUGGLER'S PRIDE,1,0,0,,4,,0,1,0,,,,,2020-09-15 06:26:12
19620403,,,0,,,,,,PACIFIC,1,0,0,,4,,0,1,0,,,,,2020-09-15 06:26:12
19620423,,,0,,,,,,FLORAL BEAM,1,0,0,,4,,0,1,0,,,,,2020-09-15 06:26:12
19620443,,,0,,,,,,ORCHESTRAL,1,0,0,,4,,0,1,0,,,,,2020-09-15 06:26:12
19620483,,,0,,,,,,DASAHARA,1,0,0,,4,,0,1,0,,,,,2020-09-15 06:26:12
19620509,,,0,,,,,,WUNDERBAR,1,0,0,,4,,0,1,0,,,,,2020-09-15 06:26:12
19620529,,,0,,,,,,PRINCESS IRMGARD,1,0,0,,4,8.0,0,1,0,,,,,2020-09-15 06:26:12
19620549,,,0,,,,,,KISS ME TWICE,1,0,0,,4,,0,1,0,,,,,2020-09-15 06:26:12
19620569,,,0,,,,,,MY LITTA,1,0,0,,4,1.0,0,1,0,,,,,2020-09-15 06:26:12
19620589,,,0,,,,,,SHENANDOAH,1,0,0,,4,,0,1,0,,,,,2020-09-15 06:26:12
19620605,,,0,,,,,,SWEET FLOWER,1,0,0,,4,,0,1,0,,,,,2020-09-15 06:26:12
19620625,,,0,,,,,,BETTY'S LADY,1,0,0,,4,1.0,0,1,0,,,,,2020-09-15 06:26:12
19620645,,,0,,,,,,APPLAUSE,1,0,0,,4,11.0,0,1,0,,,,,2020-09-15 06:26:12
19620665,,,0,,,,,,MOONDRAMA,1,0,0,,4,8.0,0,1,0,,,,,2020-09-15 06:26:12
19620685,,,0,,,,,,SHULA,1,0,0,,4,8.0,0,1,0,,,,,2020-09-15 06:26:12
19620701,,,0,,,,,,CLUB GIRL,1,0,0,,4,1.0,0,1,0,,,,,2020-09-15 06:26:12
19620721,,,0,,,,,,COULTER BELLE,1,0,0,,4,,0,1,0,,,,,2020-09-15 06:26:12
19620741,,,0,,,,,,JULIET'S ARIA,1,0,0,,4,,0,1,0,,,,,2020-09-15 06:26:12
19620761,,,0,,,,,,DYNAMITE,1,0,0,,4,,0,1,0,,,,,2020-09-15 06:26:12
19620781,,,0,,,,,,SMILING BUDDIE,1,0,0,,4,1.0,0,1,0,,,,,2020-09-15 06:26:12
19620807,,,0,,,,,,GODD AS GOLD,1,0,0,,4,,0,1,0,,,,,2020-09-15 06:26:12
19620847,,,0,,,,,,TITANIA (USA),1,0,0,,4,8.0,0,1,0,,,,,2020-09-15 06:26:12
19620867,,,0,,,,,,ELECTRIC FLASH,1,0,0,,4,,0,1,0,,,,,2020-09-15 06:26:12
19620887,,,0,,,,,,QUARRY II,1,0,0,,4,,0,1,0,,,,,2020-09-15 06:26:12
19620903,,,0,,,,,,WAYS TO LEARN,1,0,0,,4,,0,1,0,,,,,2020-09-15 06:26:12
19620943,,,0,,,,,,RUNAWAY BRIDE,1,0,0,,4,1.0,0,1,0,,,,,2020-09-15 06:26:12
19620963,,,0,,,,,,GRAND SPLENDOR,1,0,0,,4,1.0,0,1,0,,,,,2020-09-15 06:26:12
19620983,,,0,,,,,,PRETTY WIT,1,0,0,,4,,0,1,0,,,,,2020-09-15 06:26:12
19621006,,,0,,,,,,ZEPHIE,1,0,0,,4,,0,1,0,,,,,2020-09-15 06:26:12
19621026,,,0,,,,,,BALLYGOOD,1,0,0,,4,,0,1,0,,,,,2020-09-15 06:26:12
19621066,,,0,,,,,,TAMERETT,1,0,0,,4,,0,1,0,,,,,2020-09-15 06:26:12
19621086,,,0,,,,,,BEBOPPER,1,0,0,,4,1.0,0,1,0,,,,,2020-09-15 06:26:12
19621122,,,0,,,,,,PEACE BID,1,0,0,,4,,0,1,0,,,,,2020-09-15 06:26:12
19621142,,,0,,,,,,MISS MANAGER,1,0,0,,4,,0,1,0,,,,,2020-09-15 06:26:12
19621162,,,0,,,,,,RESPECT STING,1,0,0,,4,,0,1,0,,,,,2020-09-15 06:26:12
19621182,,,0,,,,,,TOM BOY,1,0,0,,4,,0,1,0,,,,,2020-09-15 06:26:12
19621208,,,0,,,,,,DIABLETTE,1,0,0,,4,,0,1,0,,,,,2020-09-15 06:26:12
19621228,,,0,,,,,,WHISTLE AHEAD,1,0,0,,4,,0,1,0,,,,,2020-09-15 06:26:12
19621268,,,0,,,,,,MASHUGAR,1,0,0,,4,,0,1,0,,,,,2020-09-15 06:26:12
19621288,,,0,,,,,,LASTRON,1,0,0,,4,,0,1,0,,,,,2020-09-15 06:26:12
19621324,,,0,,,,,,POLLY ANN,1,0,0,,4,,0,1,0,,,,,2020-09-15 06:26:12
19621364,,,0,,,,,,BLACKFLY,1,0,0,,4,,0,1,0,,,,,2020-09-15 06:26:12
19621400,,,0,,,,,,TEPID TONE,1,0,0,,4,,0,1,0,,,,,2020-09-15 06:26:12
19621526,,,0,,,,,,HASTING,1,0,0,,4,,0,1,0,,,,,2020-09-15 06:26:12
19621602,,,0,,,,,,IRISH LIGHT,1,0,0,,4,,0,1,0,,,,,2020-09-15 06:26:12
19621662,,,0,,,,,,REGAL MADAM,1,0,0,,4,,0,1,0,,,,,2020-09-15 06:26:12
19621748,,,0,,,,,,ECHO DELL,1,0,0,,4,,0,1,0,,,,,2020-09-15 06:26:12
19621788,,,0,,,,,,AT NIGHT,1,0,0,,4,,0,1,0,,,,,2020-09-15 06:26:12
19621844,,,0,,,,,,REGALA,1,0,0,,4,,0,1,0,,,,,2020-09-15 06:26:12
19621900,,,0,,,,,,MISS UNIVERSE,1,0,0,,4,8.0,0,1,0,,,,,2020-09-15 06:26:12
19621980,,,0,,,,,,MY BABY,1,0,0,,4,,0,1,0,,,,,2020-09-15 06:26:12
19622003,,,0,,,,,,RIDING HIGH,1,0,0,,4,,0,1,0,,,,,2020-09-15 06:26:12
19622169,,,0,,,,,,DECKED OUT,1,0,0,,4,,0,1,0,,,,,2020-09-15 06:26:12
19622205,,,0,,,,,,BELLE TUDOR,1,0,0,,4,,0,1,0,,,,,2020-09-15 06:26:12
19622361,,,0,,,,,,SMUGGLERS PRIDE,1,0,0,,4,,0,1,0,,,,,2020-09-15 06:26:12
19622381,,,0,,,,,,WILD NOTE,1,0,0,,4,,0,1,0,,,,,2020-09-15 06:26:12
19622609,,,0,,,,,,GOLD DIGGER,1,0,0,,4,,0,1,0,,,,,2020-09-15 06:26:12
19622881,,,0,,,,,,INGOT,1,0,0,,4,,0,1,0,,,,,2020-09-15 06:26:12
19623000,,,0,,,,,,ALLEY CAT,1,0,0,,4,,0,1,0,,,,,2020-09-15 06:26:12
19623020,,,0,,,,,,ROMANTICO,1,0,0,,4,,0,1,0,,,,,2020-09-15 06:26:12
19623060,,,0,,,,,,BACON ROW,1,0,0,,4,,0,1,0,,,,,2020-09-15 06:26:12
19623080,,,0,,,,,,MARY AMBREE,1,0,0,,4,,0,1,0,,,,,2020-09-15 06:26:12
19623222,,,0,,,,,,MAGGIE LIN,1,0,0,,4,,0,1,0,,,,,2020-09-15 06:26:12
19623328,,,0,,,,,,THE BLACK MAGIC,1,0,0,,4,,0,1,0,,,,,2020-09-15 06:26:12
19623388,,,0,,,,,,MARTIAL BLOOM,1,0,0,,4,,0,1,0,,,,,2020-09-15 06:26:12
19623444,,,0,,,,,,SHOW OFF,1,0,0,,4,,0,1,0,,,,,2020-09-15 06:26:12
19623560,,,0,,,,,,MOTHERLESS,1,0,0,,4,,0,1,0,,,,,2020-09-15 06:26:12
19623944,,,0,,,,,,TANYA,1,0,0,,4,,0,1,0,,,,,2020-09-15 06:26:13
19630007,,,0,,,,,,MERCEDES,1,0,0,,4,8.0,0,1,0,,,,,2020-09-15 06:26:13
19630027,,,0,,,,,,MA NAINE,1,0,0,,4,1.0,0,1,0,,,,,2020-09-15 06:26:13
19630047,,,0,,,,,,MERRY GOLD,1,0,0,,4,8.0,0,1,0,,,,,2020-09-15 06:26:13
19630067,,,0,,,,,,NO TRUMP,1,0,0,,4,1.0,0,1,0,,,,,2020-09-15 06:26:13
19630087,,,0,,,,,,PINK PRIMROSE,1,0,0,,4,4.0,0,1,0,,,,,2020-09-15 06:26:13
19630103,,,0,,,,,,TRAFFIC LIGHT,1,0,0,,4,9.0,0,1,0,,,,,2020-09-15 06:26:13
19630123,,,0,,,,,,UMPQUA,1,0,0,,4,4.0,0,1,0,,,,,2020-09-15 06:26:13
19630143,,,0,,,,,,WHODUNIT,1,0,0,,4,8.0,0,1,0,,,,,2020-09-15 06:26:13
19630163,,,0,,,,,,BLUE HORIZON,1,0,0,,4,4.0,0,1,0,,,,,2020-09-15 06:26:13
19630183,,,0,,,,,,BRYNHILDR,1,0,0,,4,8.0,0,1,0,,,,,2020-09-15 06:26:13
19630209,,,0,,,,,,CHEQUE,1,0,0,,4,1.0,0,1,0,,,,,2020-09-15 06:26:13
19630229,,,0,,,,,,CARRY GO,1,0,0,,4,1.0,0,1,0,,,,,2020-09-15 06:26:13
19630249,,,0,,,,,,DANCING FLOOR,1,0,0,,4,8.0,0,1,0,,,,,2020-09-15 06:26:13
19630269,,,0,,,,,,DESIRE,1,0,0,,4,1.0,0,1,0,,,,,2020-09-15 06:26:13
19630289,,,0,,,,,,EARTH FLEA,1,0,0,,4,8.0,0,1,0,,,,,2020-09-15 06:26:13
19630305,,,0,,,,,,FRANCHONETTE,1,0,0,,4,,0,1,0,,,,,2020-09-15 06:26:13
19630325,,,0,,,,,,HIGH HEELS,1,0,0,,4,1.0,0,1,0,,,,,2020-09-15 06:26:13
19630345,,,0,,,,,,IN BOUNTY,1,0,0,,4,8.0,0,1,0,,,,,2020-09-15 06:26:13
19630365,,,0,,,,,,INNINA,1,0,0,,4,1.0,0,1,0,,,,,2020-09-15 06:26:13
19630385,,,0,,,,,,MARLENE,1,0,0,,4,1.0,0,1,0,,,,,2020-09-15 06:26:13
19630401,,,0,,,,,,SUPER B,1,0,0,,4,1.0,0,1,0,,,,,2020-09-15 06:26:13
19630421,,,0,,,,,,SYNCOPATION,1,0,0,,4,1.0,0,1,0,,,,,2020-09-15 06:26:13
19630441,,,0,,,,,,FRANNIE'S ORPHAN,1,0,0,,4,,0,1,0,,,,,2020-09-15 06:26:13
19630461,,,0,,,,,,LOVELY SHELIA,1,0,0,,4,,0,1,0,,,,,2020-09-15 06:26:13
19630507,,,0,,,,,,PATTY RED,1,0,0,,4,1.0,0,1,0,,,,,2020-09-15 06:26:13
19630527,,,0,,,,,,CASHONI,1,0,0,,4,,0,1,0,,,,,2020-09-15 06:26:13
19630547,,,0,,,,,,SABINE,1,0,0,,4,,0,1,0,,,,,2020-09-15 06:26:13
19630587,,,0,,,,,,EFFERVESCENCE,1,0,0,,4,1.0,0,1,0,,,,,2020-09-15 06:26:13
19630623,,,0,,,,,,PRAISE BE,1,0,0,,4,,0,1,0,,,,,2020-09-15 06:26:13
19630683,,,0,,,,,,BARTEX,1,0,0,,4,,0,1,0,,,,,2020-09-15 06:26:13
19630709,,,0,,,,,,QUICK STOP,1,0,0,,4,,0,1,0,,,,,2020-09-15 06:26:13
19630729,,,0,,,,,,KAPELLE,1,0,0,,4,8.0,0,1,0,,,,,2020-09-15 06:26:13
19630749,,,0,,,,,,SULENAN,1,0,0,,4,,0,1,0,,,,,2020-09-15 06:26:13
19630769,,,0,,,,,,TRAVELING LADY,1,0,0,,4,,0,1,0,,,,,2020-09-15 06:26:13
19630789,,,0,,,,,,CHRISTMAS PAGEANT,1,0,0,,4,,0,1,0,,,,,2020-09-15 06:26:13
19630825,,,0,,,,,,SPORT QUEEN,1,0,0,,4,,0,1,0,,,,,2020-09-15 06:26:13
19630845,,,0,,,,,,BURNING SAND 2ND,1,0,0,,4,,0,1,0,,,,,2020-09-15 06:26:13
19630865,,,0,,,,,,KRASNY BOR,1,0,0,,4,,0,1,0,,,,,2020-09-15 06:26:13
19630885,,,0,,,,,,NEEDLE NELL,1,0,0,,4,,0,1,0,,,,,2020-09-15 06:26:13
19630901,,,0,,,,,,NIMBRALINE,1,0,0,,4,,0,1,0,,,,,2020-09-15 06:26:13
19630921,,,0,,,,,,PEN-EMMA,1,0,0,,4,,0,1,0,,,,,2020-09-15 06:26:13
19630941,,,0,,,,,,PRECIOUS HEART,1,0,0,,4,,0,1,0,,,,,2020-09-15 06:26:13
19630961,,,0,,,,,,LANDING LIGHTS,1,0,0,,4,,0,1,0,,,,,2020-09-15 06:26:13
19630981,,,0,,,,,,REASON TO EARN,1,0,0,,4,,0,1,0,,,,,2020-09-15 06:26:13
19631004,,,0,,,,,,BRING COME,1,0,0,,4,8.0,0,1,0,,,,,2020-09-15 06:26:13
19631024,,,0,,,,,,WHITSUN FOLLY,1,0,0,,4,,0,1,0,,,,,2020-09-15 06:26:13
19631044,,,0,,,,,,SKA,1,0,0,,4,,0,1,0,,,,,2020-09-15 06:26:13
19631064,,,0,,,,,,JETOMISS,1,0,0,,4,,0,1,0,,,,,2020-09-15 06:26:13
19631100,,,0,,,,,,EBVALE,1,0,0,,4,,0,1,0,,,,,2020-09-15 06:26:13
19631120,,,0,,,,,,DANCING FLOOR,1,0,0,,4,,0,1,0,,,,,2020-09-15 06:26:13
19631160,,,0,,,,,,TUHELA,1,0,0,,4,,0,1,0,,,,,2020-09-15 06:26:13
19631180,,,0,,,,,,MAIDSTONE,1,0,0,,4,8.0,0,1,0,,,,,2020-09-15 06:26:13
19631206,,,0,,,,,,BEAUTY PRIZE,1,0,0,,4,1.0,0,1,0,,,,,2020-09-15 06:26:13
19631226,,,0,,,,,,STERLAWAY,1,0,0,,4,,0,1,0,,,,,2020-09-15 06:26:13
19631246,,,0,,,,,,IN THE WINGS,1,0,0,,4,8.0,0,1,0,,,,,2020-09-15 06:26:13
19631266,,,0,,,,,,TWINKLE TOES,1,0,0,,4,,0,1,0,,,,,2020-09-15 06:26:13
19631302,,,0,,,,,,WAKE ROBIN,1,0,0,,4,1.0,0,1,0,,,,,2020-09-15 06:26:13
19631322,,,0,,,,,,WITCH,1,0,0,,4,,0,1,0,,,,,2020-09-15 06:26:13
19631342,,,0,,,,,,TYMPANIST,1,0,0,,4,9.0,0,1,0,,,,,2020-09-15 06:26:13
19631362,,,0,,,,,,GUESELLIE,1,0,0,,4,,0,1,0,,,,,2020-09-15 06:26:13
19631382,,,0,,,,,,ALTAICA,1,0,0,,4,8.0,0,1,0,,,,,2020-09-15 06:26:13
19631408,,,0,,,,,,DESERT TRIAL,1,0,0,,4,8.0,0,1,0,,,,,2020-09-15 06:26:13
19631428,,,0,,,,,,SHENANIGANS II,1,0,0,,4,8.0,0,1,0,,,,,2020-09-15 06:26:13
19631448,,,0,,,,,,DAINTY PETAL,1,0,0,,4,,0,1,0,,,,,2020-09-15 06:26:13
19631468,,,0,,,,,,AVIE,1,0,0,,4,1.0,0,1,0,,,,,2020-09-15 06:26:13
19631504,,,0,,,,,,WIN SHANE,1,0,0,,4,1.0,0,1,0,,,,,2020-09-15 06:26:13
19631524,,,0,,,,,,ANY PORT,1,0,0,,4,,0,1,0,,,,,2020-09-15 06:26:13
19631544,,,0,,,,,,FALSE FASHION,1,0,0,,4,8.0,0,1,0,,,,,2020-09-15 06:26:13
19631584,,,0,,,,,,TILL,1,0,0,,4,,0,1,0,,,,,2020-09-15 06:26:13
19631660,,,0,,,,,,ECOLIERE,1,0,0,,4,,0,1,0,,,,,2020-09-15 06:26:13
19631726,,,0,,,,,,SAULISA,1,0,0,,4,,0,1,0,,,,,2020-09-15 06:26:13
19631746,,,0,,,,,,SWIFT SURF,1,0,0,,4,,0,1,0,,,,,2020-09-15 06:26:13
19631988,,,0,,,,,,MELISSA'S FOLLY,1,0,0,,4,,0,1,0,,,,,2020-09-15 06:26:13
19632061,,,0,,,,,,CHRISTMAS CHIMES,1,0,0,,4,,0,1,0,,,,,2020-09-15 06:26:13
19632203,,,0,,,,,,HULLABALOO,1,0,0,,4,,0,1,0,,,,,2020-09-15 06:26:13
19632205,,,0,,,,,,RITA,1,0,0,,4,,0,1,0,,,,,2020-09-15 06:26:13
19632283,,,0,,,,,,NEVER ON SUNDAY,1,0,0,,4,8.0,0,1,0,,,,,2020-09-15 06:26:13
19632329,,,0,,,,,,LADY CAVAN,1,0,0,,4,,0,1,0,,,,,2020-09-15 06:26:13
19632389,,,0,,,,,,GALIVANTIN LADY,1,0,0,,4,,0,1,0,,,,,2020-09-15 06:26:13
19632703,,,0,,,,,,MOCCASIN,1,0,0,,4,,0,1,0,,,,,2020-09-15 06:26:13
19632743,,,0,,,,,,JUSTAKISS,1,0,0,,4,,0,1,0,,,,,2020-09-15 06:26:13
19633088,,,0,,,,,,SILVER TASSEL,1,0,0,,4,,0,1,0,,,,,2020-09-15 06:26:13
19633200,,,0,,,,,,NIMBLE,1,0,0,,4,1.0,0,1,0,,,,,2020-09-15 06:26:13
19633508,,,0,,,,,,ENDORA,1,0,0,,4,,0,1,0,,,,,2020-09-15 06:26:13
19633548,,,0,,,,,,LILAH,1,0,0,,4,,0,1,0,,,,,2020-09-15 06:26:13
19633588,,,0,,,,,,PRESTIGE,1,0,0,,4,,0,1,0,,,,,2020-09-15 06:26:13
19633624,,,0,,,,,,QUICK STEP,1,0,0,,4,,0,1,0,,,,,2020-09-15 06:26:13
19633644,,,0,,,,,,PEACEFUL SKY,1,0,0,,4,,0,1,0,,,,,2020-09-15 06:26:13
19633740,,,0,,,,,,ROMAN SANDAL,1,0,0,,4,,0,1,0,,,,,2020-09-15 06:26:13
19633826,,,0,,,,,,FAIR TACK,1,0,0,,4,,0,1,0,,,,,2020-09-15 06:26:13
19634121,,,0,,,,,,CAPRI,1,0,0,,4,,0,1,0,,,,,2020-09-15 06:26:13
19634227,,,0,,,,,,CHELSEA SHOW,1,0,0,,4,,0,1,0,,,,,2020-09-15 06:26:13
19640005,,,0,,,,,,ALERT FORM,1,0,0,,4,,0,1,0,,,,,2020-09-15 06:26:13
19640025,,,0,,,,,,AMYGRAM,1,0,0,,4,,0,1,0,,,,,2020-09-15 06:26:13
19640045,,,0,,,,,,BLUE PENNY,1,0,0,,4,1.0,0,1,0,,,,,2020-09-15 06:26:13
19640065,,,0,,,,,,CASSANDRA,1,0,0,,4,9.0,0,1,0,,,,,2020-09-15 06:26:13
19640085,,,0,,,,,,CHANTERELLE,1,0,0,,4,9.0,0,1,0,,,,,2020-09-15 06:26:13
19640101,,,0,,,,,,CAPRICIOUS,1,0,0,,4,9.0,0,1,0,,,,,2020-09-15 06:26:13
19640121,,,0,,,,,,BACCHANTE,1,0,0,,4,8.0,0,1,0,,,,,2020-09-15 06:26:13
19640141,,,0,,,,,,DOLLY PARK,1,0,0,,4,1.0,0,1,0,,,,,2020-09-15 06:26:13
19640161,,,0,,,,,,GOLD FINGER,1,0,0,,4,8.0,0,1,0,,,,,2020-09-15 06:26:13
19640181,,,0,,,,,,GOLDEN STAR,1,0,0,,4,8.0,0,1,0,,,,,2020-09-15 06:26:13
19640207,,,0,,,,,,GIRL GUIDE,1,0,0,,4,1.0,0,1,0,,,,,2020-09-15 06:26:13
19640227,,,0,,,,,,HONEY BELLE,1,0,0,,4,8.0,0,1,0,,,,,2020-09-15 06:26:13
19640247,,,0,,,,,,HALF WAY HOME,1,0,0,,4,4.0,0,1,0,,,,,2020-09-15 06:26:13
19640267,,,0,,,,,,JERSEY BELLE,1,0,0,,4,,0,1,0,,,,,2020-09-15 06:26:13
19640287,,,0,,,,,,LUCINA,1,0,0,,4,8.0,0,1,0,,,,,2020-09-15 06:26:13
19640303,,,0,,,,,,LULU BELLE,1,0,0,,4,8.0,0,1,0,,,,,2020-09-15 06:26:13
19640323,,,0,,,,,,MOCCASIN,1,0,0,,4,4.0,0,1,0,,,,,2020-09-15 06:26:13
19640343,,,0,,,,,,MISS CALIFORNIA,1,0,0,,4,1.0,0,1,0,,,,,2020-09-15 06:26:13
19640363,,,0,,,,,,POLLY TOO GOOD,1,0,0,,4,1.0,0,1,0,,,,,2020-09-15 06:26:13
19640383,,,0,,,,,,REAR ACTION,1,0,0,,4,1.0,0,1,0,,,,,2020-09-15 06:26:13
19640409,,,0,,,,,,ROSEY SKIN,1,0,0,,4,1.0,0,1,0,,,,,2020-09-15 06:26:13
19640429,,,0,,,,,,SICABELLE,1,0,0,,4,8.0,0,1,0,,,,,2020-09-15 06:26:13
19640449,,,0,,,,,,TERPSICHORE,1,0,0,,4,4.0,0,1,0,,,,,2020-09-15 06:26:13
19640469,,,0,,,,,,TROPICAL,1,0,0,,4,1.0,0,1,0,,,,,2020-09-15 06:26:13
19640489,,,0,,,,,,WARLIKE,1,0,0,,4,8.0,0,1,0,,,,,2020-09-15 06:26:13
19640505,,,0,,,,,,HEDDY GAL,1,0,0,,4,1.0,0,1,0,,,,,2020-09-15 06:26:13
19640525,,,0,,,,,,JENNY CAPRI,1,0,0,,4,8.0,0,1,0,,,,,2020-09-15 06:26:13
19640545,,,0,,,,,,GOLDYLOCKS,1,0,0,,4,8.0,0,1,0,,,,,2020-09-15 06:26:13
19640565,,,0,,,,,,PEPPER GALORE,1,0,0,,4,1.0,0,1,0,,,,,2020-09-15 06:26:13
19640601,,,0,,,,,,MUCHO CALOR,1,0,0,,4,,0,1,0,,,,,2020-09-15 06:26:13
19640621,,,0,,,,,,WOMAN OR MOUSE,1,0,0,,4,1.0,0,1,0,,,,,2020-09-15 06:26:13
19640641,,,0,,,,,,SKY QUEEN,1,0,0,,4,,0,1,0,,,,,2020-09-15 06:26:13
19640681,,,0,,,,,,IMPASSIVE,1,0,0,,4,1.0,0,1,0,,,,,2020-09-15 06:26:13
19640707,,,0,,,,,,THE DREAM,1,0,0,,4,,0,1,0,,,,,2020-09-15 06:26:13
19640727,,,0,,,,,,PERSIAN COIN,1,0,0,,4,,0,1,0,,,,,2020-09-15 06:26:13
19640747,,,0,,,,,,DIVORA,1,0,0,,4,,0,1,0,,,,,2020-09-15 06:26:13
19640767,,,0,,,,,,SARI,1,0,0,,4,,0,1,0,,,,,2020-09-15 06:26:13
19640787,,,0,,,,,,DANCING TIME,1,0,0,,4,1.0,0,1,0,,,,,2020-09-15 06:26:13
19640803,,,0,,,,,,THONG,1,0,0,,4,,0,1,0,,,,,2020-09-15 06:26:13
19640843,,,0,,,,,,PASTELITA,1,0,0,,4,,0,1,0,,,,,2020-09-15 06:26:13
19640883,,,0,,,,,,PROPHECY,1,0,0,,4,8.0,0,1,0,,,,,2020-09-15 06:26:13
19640909,,,0,,,,,,NICOMA,1,0,0,,4,,0,1,0,,,,,2020-09-15 06:26:13
19640929,,,0,,,,,,GUESS ALL,1,0,0,,4,,0,1,0,,,,,2020-09-15 06:26:13
19640969,,,0,,,,,,GLENFORSA,1,0,0,,4,,0,1,0,,,,,2020-09-15 06:26:13
19640989,,,0,,,,,,MONEY BACK,1,0,0,,4,,0,1,0,,,,,2020-09-15 06:26:13
19641002,,,0,,,,,,METALINE,1,0,0,,4,,0,1,0,,,,,2020-09-15 06:26:13
19641022,,,0,,,,,,GALLOWAY GAIL,1,0,0,,4,8.0,0,1,0,,,,,2020-09-15 06:26:13
19641042,,,0,,,,,,SQUARE DANCE,1,0,0,,4,,0,1,0,,,,,2020-09-15 06:26:13
19641062,,,0,,,,,,ROYAL SAINT,1,0,0,,4,,0,1,0,,,,,2020-09-15 06:26:13
19641108,,,0,,,,,,TOO BALD,1,0,0,,4,,0,1,0,,,,,2020-09-15 06:26:13
19641128,,,0,,,,,,SUN GATE,1,0,0,,4,1.0,0,1,0,,,,,2020-09-15 06:26:13
19641148,,,0,,,,,,LAST PHASE,1,0,0,,4,,0,1,0,,,,,2020-09-15 06:26:13
19641168,,,0,,,,,,MISS ORTON,1,0,0,,4,4.0,0,1,0,,,,,2020-09-15 06:26:13
19641188,,,0,,,,,,SCHERZO,1,0,0,,4,,0,1,0,,,,,2020-09-15 06:26:13
19641204,,,0,,,,,,FLUER,1,0,0,,4,1.0,0,1,0,,,,,2020-09-15 06:26:13
19641224,,,0,,,,,,ON TOP,1,0,0,,4,,0,1,0,,,,,2020-09-15 06:26:13
19641244,,,0,,,,,,CRAFTY ALICE,1,0,0,,4,8.0,0,1,0,,,,,2020-09-15 06:26:13
19641264,,,0,,,,,,GUINIE WIND,1,0,0,,4,,0,1,0,,,,,2020-09-15 06:26:13
19641284,,,0,,,,,,INTRIGUING,1,0,0,,4,8.0,0,1,0,,,,,2020-09-15 06:26:13
19641320,,,0,,,,,,ANTIDOTE,1,0,0,,4,1.0,0,1,0,,,,,2020-09-15 06:26:13
19641340,,,0,,,,,,ROSETTA STONE,1,0,0,,4,8.0,0,1,0,,,,,2020-09-15 06:26:13
19641360,,,0,,,,,,MISS BOYNTON BEACH,1,0,0,,4,1.0,0,1,0,,,,,2020-09-15 06:26:13
19641380,,,0,,,,,,PHILOMEL,1,0,0,,4,,0,1,0,,,,,2020-09-15 06:26:13
19641426,,,0,,,,,,FUNNY ANN,1,0,0,,4,,0,1,0,,,,,2020-09-15 06:26:13
19641486,,,0,,,,,,OCEAN COUNTESS,1,0,0,,4,,0,1,0,,,,,2020-09-15 06:26:13
19641562,,,0,,,,,,WHITE FLAME,1,0,0,,4,,0,1,0,,,,,2020-09-15 06:26:13
19641582,,,0,,,,,,LORI MAC,1,0,0,,4,,0,1,0,,,,,2020-09-15 06:26:13
19641602,,,0,,,,,,ARRIBA,1,0,0,,4,,0,1,0,,,,,2020-09-15 06:26:13
19641608,,,0,,,,,,PUFFERS,1,0,0,,4,,0,1,0,,,,,2020-09-15 06:26:13
19641628,,,0,,,,,,BLUE COIN,1,0,0,,4,,0,1,0,,,,,2020-09-15 06:26:13
19641668,,,0,,,,,,MOMENTA,1,0,0,,4,,0,1,0,,,,,2020-09-15 06:26:13
19641744,,,0,,,,,,SKY LARK,1,0,0,,4,,0,1,0,,,,,2020-09-15 06:26:13
19641764,,,0,,,,,,MILLION GIRL,1,0,0,,4,,0,1,0,,,,,2020-09-15 06:26:13
19641820,,,0,,,,,,VOGUISH,1,0,0,,4,,0,1,0,,,,,2020-09-15 06:26:13
19641860,,,0,,,,,,GOLD FINGER,1,0,0,,4,,0,1,0,,,,,2020-09-15 06:26:13
19641926,,,0,,,,,,BALLY FAIR,1,0,0,,4,1.0,0,1,0,,,,,2020-09-15 06:26:13
19642029,,,0,,,,,,MISAK'S GAL,1,0,0,,4,,0,1,0,,,,,2020-09-15 06:26:13
19642165,,,0,,,,,,MOVE UP,1,0,0,,4,,0,1,0,,,,,2020-09-15 06:26:13
19642185,,,0,,,,,,LONELY WAY,1,0,0,,4,,0,1,0,,,,,2020-09-15 06:26:13
19642201,,,0,,,,,,EMONEVE,1,0,0,,4,8.0,0,1,0,,,,,2020-09-15 06:26:13
19642221,,,0,,,,,,EL MISTI,1,0,0,,4,,0,1,0,,,,,2020-09-15 06:26:13
19642241,,,0,,,,,,AYSHEA,1,0,0,,4,,0,1,0,,,,,2020-09-15 06:26:13
19642387,,,0,,,,,,JUNE'S JOY,1,0,0,,4,,0,1,0,,,,,2020-09-15 06:26:13
19642807,,,0,,,,,,CYPRUS,1,0,0,,4,,0,1,0,,,,,2020-09-15 06:26:13
19643006,,,0,,,,,,TEMPUS,1,0,0,,4,,0,1,0,,,,,2020-09-15 06:26:13
19643026,,,0,,,,,,GREEN LIGHT,1,0,0,,4,,0,1,0,,,,,2020-09-15 06:26:13
19643102,,,0,,,,,,THE SHRIMP,1,0,0,,4,,0,1,0,,,,,2020-09-15 06:26:13
19643182,,,0,,,,,,GALIMOUD,1,0,0,,4,,0,1,0,,,,,2020-09-15 06:26:13
19643344,,,0,,,,,,FIRST LADY,1,0,0,,4,,0,1,0,,,,,2020-09-15 06:26:13
19643364,,,0,,,,,,MAKE BELIEVE,1,0,0,,4,,0,1,0,,,,,2020-09-15 06:26:13
19643768,,,0,,,,,,BLUE BELL,1,0,0,,4,,0,1,0,,,,,2020-09-15 06:26:13
19650003,,,0,,,,,,B BRAVE,1,0,0,,4,8.0,0,1,0,,,,,2020-09-15 06:26:13
19650023,,,0,,,,,,BLUE BIRD,1,0,0,,4,4.0,0,1,0,,,,,2020-09-15 06:26:13
19650043,,,0,,,,,,BRUSH N'TUMBLE,1,0,0,,4,8.0,0,1,0,,,,,2020-09-15 06:26:13
19650063,,,0,,,,,,CRAFTY RING,1,0,0,,4,8.0,0,1,0,,,,,2020-09-15 06:26:13
19650083,,,0,,,,,,CHAN CHAN,1,0,0,,4,1.0,0,1,0,,,,,2020-09-15 06:26:13
19650109,,,0,,,,,,GOLDEN DAYS,1,0,0,,4,1.0,0,1,0,,,,,2020-09-15 06:26:13
19650129,,,0,,,,,,HARDLY LIKELY,1,0,0,,4,1.0,0,1,0,,,,,2020-09-15 06:26:13
19650149,,,0,,,,,,HIALEAH,1,0,0,,4,8.0,0,1,0,,,,,2020-09-15 06:26:13
19650169,,,0,,,,,,HUSH,1,0,0,,4,1.0,0,1,0,,,,,2020-09-15 06:26:13
19650189,,,0,,,,,,HOLD YOUR FIRE,1,0,0,,4,8.0,0,1,0,,,,,2020-09-15 06:26:13
19650205,,,0,,,,,,HAUGHTY QUEEN,1,0,0,,4,8.0,0,1,0,,,,,2020-09-15 06:26:13
19650225,,,0,,,,,,IS IN TIME,1,0,0,,4,,0,1,0,,,,,2020-09-15 06:26:13
19650245,,,0,,,,,,JEANNE DE RETZ,1,0,0,,4,2.0,0,1,0,,,,,2020-09-15 06:26:13
19650265,,,0,,,,,,JACKIE'S JILL,1,0,0,,4,1.0,0,1,0,,,,,2020-09-15 06:26:13
19650285,,,0,,,,,,KERLIAM,1,0,0,,4,4.0,0,1,0,,,,,2020-09-15 06:26:13
19650301,,,0,,,,,,LYRIC,1,0,0,,4,,0,1,0,,,,,2020-09-15 06:26:13
19650321,,,0,,,,,,MY BEV,1,0,0,,4,8.0,0,1,0,,,,,2020-09-15 06:26:13
19650341,,,0,,,,,,MARY POPPINS,1,0,0,,4,2.0,0,1,0,,,,,2020-09-15 06:26:13
19650361,,,0,,,,,,MOUNTAIN WIND II,1,0,0,,4,,0,1,0,,,,,2020-09-15 06:26:13
19650381,,,0,,,,,,PELOMAR,1,0,0,,4,8.0,0,1,0,,,,,2020-09-15 06:26:13
19650407,,,0,,,,,,PETITE GALLANT,1,0,0,,4,1.0,0,1,0,,,,,2020-09-15 06:26:13
19650427,,,0,,,,,,RED ASH,1,0,0,,4,8.0,0,1,0,,,,,2020-09-15 06:26:13
19650447,,,0,,,,,,SOLO MIO,1,0,0,,4,1.0,0,1,0,,,,,2020-09-15 06:26:13
19650467,,,0,,,,,,STILL RICH,1,0,0,,4,4.0,0,1,0,,,,,2020-09-15 06:26:13
19650487,,,0,,,,,,SWIMMING GIRL,1,0,0,,4,4.0,0,1,0,,,,,2020-09-15 06:26:13
19650503,,,0,,,,,,SMASHING,1,0,0,,4,8.0,0,1,0,,,,,2020-09-15 06:26:13
19650523,,,0,,,,,,SEA SPRAY,1,0,0,,4,1.0,0,1,0,,,,,2020-09-15 06:26:13
19650543,,,0,,,,,,SEI-C-BON,1,0,0,,4,1.0,0,1,0,,,,,2020-09-15 06:26:13
19650563,,,0,,,,,,SNOW WHITE,1,0,0,,4,9.0,0,1,0,,,,,2020-09-15 06:26:13
19650583,,,0,,,,,,SHAHARAZAD,1,0,0,,4,9.0,0,1,0,,,,,2020-09-15 06:26:13
19650609,,,0,,,,,,WINSOME GIRL,1,0,0,,4,,0,1,0,,,,,2020-09-15 06:26:13
19650629,,,0,,,,,,WATERLOO,1,0,0,,4,,0,1,0,,,,,2020-09-15 06:26:13
19650649,,,0,,,,,,WORDS OF BEAUTY,1,0,0,,4,8.0,0,1,0,,,,,2020-09-15 06:26:13
19650669,,,0,,,,,,ZAKILYN,1,0,0,,4,8.0,0,1,0,,,,,2020-09-15 06:26:13
19650689,,,0,,,,,,SMALL VILLAGE,1,0,0,,4,1.0,0,1,0,,,,,2020-09-15 06:26:13
19650705,,,0,,,,,,SEA EMPRESS,1,0,0,,4,1.0,0,1,0,,,,,2020-09-15 06:26:13
19650725,,,0,,,,,,NANCY'S TIGER,1,0,0,,4,1.0,0,1,0,,,,,2020-09-15 06:26:13
19650745,,,0,,,,,,FIRST SIGHT,1,0,0,,4,1.0,0,1,0,,,,,2020-09-15 06:26:13
19650765,,,0,,,,,,STOLEN HOURS,1,0,0,,4,8.0,0,1,0,,,,,2020-09-15 06:26:13
19650801,,,0,,,,,,MISS FLUTE,1,0,0,,4,,0,1,0,,,,,2020-09-15 06:26:13
19650821,,,0,,,,,,MISS OCEAN BAR,1,0,0,,4,,0,1,0,,,,,2020-09-15 06:26:13
19650841,,,0,,,,,,HAPPY MEDIUM,1,0,0,,4,,0,1,0,,,,,2020-09-15 06:26:13
19650861,,,0,,,,,,FABI,1,0,0,,4,8.0,0,1,0,,,,,2020-09-15 06:26:13
19650881,,,0,,,,,,LILLYMERE,1,0,0,,4,1.0,0,1,0,,,,,2020-09-15 06:26:13
19650903,,,0,,,,,,WALLY GOLD,1,0,0,,4,8.0,0,1,0,,,,,2020-09-15 06:26:13
19650907,,,0,,,,,,MINMOGNOVICH,1,0,0,,4,,0,1,0,,,,,2020-09-15 06:26:13
19650947,,,0,,,,,,ENCORE,1,0,0,,4,,0,1,0,,,,,2020-09-15 06:26:13
19650967,,,0,,,,,,NEARLY BLIND,1,0,0,,4,,0,1,0,,,,,2020-09-15 06:26:13
19650987,,,0,,,,,,I SEE YOU,1,0,0,,4,,0,1,0,,,,,2020-09-15 06:26:13
19651000,,,0,,,,,,MESTRO'S MISS,1,0,0,,4,,0,1,0,,,,,2020-09-15 06:26:13
19651020,,,0,,,,,,RAISE A RUCKUS,1,0,0,,4,8.0,0,1,0,,,,,2020-09-15 06:26:13
19651040,,,0,,,,,,DANCING BY,1,0,0,,4,,0,1,0,,,,,2020-09-15 06:26:13
19651060,,,0,,,,,,GILNITE,1,0,0,,4,9.0,0,1,0,,,,,2020-09-15 06:26:13
19651080,,,0,,,,,,WEST WIND,1,0,0,,4,,0,1,0,,,,,2020-09-15 06:26:13
19651106,,,0,,,,,,COLD DEAD,1,0,0,,4,,0,1,0,,,,,2020-09-15 06:26:13
19651146,,,0,,,,,,ANTOINELLA,1,0,0,,4,4.0,0,1,0,,,,,2020-09-15 06:26:13
19651162,,,0,,,,,,KHALSEAU,1,0,0,,4,,0,1,0,,,,,2020-09-15 06:26:13
19651166,,,0,,,,,,LITTLE LERNO,1,0,0,,4,,0,1,0,,,,,2020-09-15 06:26:13
19651186,,,0,,,,,,WHO LIVES HERE,1,0,0,,4,,0,1,0,,,,,2020-09-15 06:26:13
19651202,,,0,,,,,,NASLAR,1,0,0,,4,1.0,0,1,0,,,,,2020-09-15 06:26:13
19651222,,,0,,,,,,MARTINI,1,0,0,,4,,0,1,0,,,,,2020-09-15 06:26:13
19651242,,,0,,,,,,MOTHER THAMES,1,0,0,,4,,0,1,0,,,,,2020-09-15 06:26:13
19651262,,,0,,,,,,LARA,1,0,0,,4,1.0,0,1,0,,,,,2020-09-15 06:26:13
19651282,,,0,,,,,,QUEEN'S BLADE,1,0,0,,4,,0,1,0,,,,,2020-09-15 06:26:13
19651308,,,0,,,,,,FOGGY NOTE,1,0,0,,4,9.0,0,1,0,,,,,2020-09-15 06:26:13
19651328,,,0,,,,,,ART PRINCESS,1,0,0,,4,4.0,0,1,0,,,,,2020-09-15 06:26:13
19651348,,,0,,,,,,OVER THE PHONE,1,0,0,,4,8.0,0,1,0,,,,,2020-09-15 06:26:13
19651388,,,0,,,,,,PADDYGRINO,1,0,0,,4,,0,1,0,,,,,2020-09-15 06:26:13
19651404,,,0,,,,,,TAMMY'S TURN,1,0,0,,4,,0,1,0,,,,,2020-09-15 06:26:13
19651424,,,0,,,,,,.,1,0,0,,4,,0,1,0,,,,,2020-09-15 06:26:13
19651444,,,0,,,,,,TURN TO NORTH,1,0,0,,4,1.0,0,1,0,,,,,2020-09-15 06:26:13
19651464,,,0,,,,,,SWEET TOOTH,1,0,0,,4,1.0,0,1,0,,,,,2020-09-15 06:26:13
19651484,,,0,,,,,,JANINA,1,0,0,,4,1.0,0,1,0,,,,,2020-09-15 06:26:13
19651560,,,0,,,,,,ISOLATION,1,0,0,,4,,0,1,0,,,,,2020-09-15 06:26:13
19651580,,,0,,,,,,CLOUD 9,1,0,0,,4,,0,1,0,,,,,2020-09-15 06:26:13
19651606,,,0,,,,,,GO GO WINDY,1,0,0,,4,1.0,0,1,0,,,,,2020-09-15 06:26:13
19651626,,,0,,,,,,BELINDA (USA),1,0,0,,4,1.0,0,1,0,,,,,2020-09-15 06:26:13
19651646,,,0,,,,,,SUNNY SKY,1,0,0,,4,,0,1,0,,,,,2020-09-15 06:26:13
19651722,,,0,,,,,,AIDA,1,0,0,,4,1.0,0,1,0,,,,,2020-09-15 06:26:13
19651782,,,0,,,,,,MISS CARRIE H,1,0,0,,4,,0,1,0,,,,,2020-09-15 06:26:13
19651868,,,0,,,,,,MINNIE'S JOHNETTE,1,0,0,,4,8.0,0,1,0,,,,,2020-09-15 06:26:13
19651888,,,0,,,,,,MOLLY MALONE,1,0,0,,4,1.0,0,1,0,,,,,2020-09-15 06:26:13
19651904,,,0,,,,,,I AM KNOW,1,0,0,,4,,0,1,0,,,,,2020-09-15 06:26:13
19651964,,,0,,,,,,LET TYTUS BUY,1,0,0,,4,,0,1,0,,,,,2020-09-15 06:26:13
19652027,,,0,,,,,,FUNNY MISS,1,0,0,,4,,0,1,0,,,,,2020-09-15 06:26:13
19652087,,,0,,,,,,SOLO MIO,1,0,0,,4,,0,1,0,,,,,2020-09-15 06:26:13
19652149,,,0,,,,,,PRINCESS DANCE,1,0,0,,4,,0,1,0,,,,,2020-09-15 06:26:13
19652209,,,0,,,,,,LIANA ROSE,1,0,0,,4,8.0,0,1,0,,,,,2020-09-15 06:26:13
19652229,,,0,,,,,,LATE MOON,1,0,0,,4,,0,1,0,,,,,2020-09-15 06:26:13
19652249,,,0,,,,,,RICLES,1,0,0,,4,,0,1,0,,,,,2020-09-15 06:26:13
19652345,,,0,,,,,,FIFTH OF NOVEMBER,1,0,0,,4,8.0,0,1,0,,,,,2020-09-15 06:26:13
19652623,,,0,,,,,,CAPUCINE,1,0,0,,4,,0,1,0,,,,,2020-09-15 06:26:13
19652643,,,0,,,,,,SATU,1,0,0,,4,,0,1,0,,,,,2020-09-15 06:26:13
19652709,,,0,,,,,,AVALANCHE LILY,1,0,0,,4,,0,1,0,,,,,2020-09-15 06:26:13
19652729,,,0,,,,,,ENCORE,1,0,0,,4,,0,1,0,,,,,2020-09-15 06:26:13
19652769,,,0,,,,,,MY DELIGHT,1,0,0,,4,1.0,0,1,0,,,,,2020-09-15 06:26:13
19652789,,,0,,,,,,SECONDHAND ROSE,1,0,0,,4,,0,1,0,,,,,2020-09-15 06:26:13
19652825,,,0,,,,,,BLODWYN,1,0,0,,4,1.0,0,1,0,,,,,2020-09-15 06:26:13
19652845,,,0,,,,,,TWIST 'N' TURN,1,0,0,,4,,0,1,0,,,,,2020-09-15 06:26:13
19652885,,,0,,,,,,DICTIONARY,1,0,0,,4,,0,1,0,,,,,2020-09-15 06:26:13
19652901,,,0,,,,,,ROZINANTE,1,0,0,,4,,0,1,0,,,,,2020-09-15 06:26:13
19652921,,,0,,,,,,SAUCY SUE,1,0,0,,4,,0,1,0,,,,,2020-09-15 06:26:13
19653180,,,0,,,,,,RELENTLESS,1,0,0,,4,,0,1,0,,,,,2020-09-15 06:26:13
19653302,,,0,,,,,,CRACKNUT,1,0,0,,4,,0,1,0,,,,,2020-09-15 06:26:13
19653362,,,0,,,,,,QUEEN'S JEWEL,1,0,0,,4,,0,1,0,,,,,2020-09-15 06:26:13
19653382,,,0,,,,,,THUMBELINA,1,0,0,,4,,0,1,0,,,,,2020-09-15 06:26:13
19653766,,,0,,,,,,EILDON,1,0,0,,4,,0,1,0,,,,,2020-09-15 06:26:13
19653822,,,0,,,,,,PETITE ECLAIR,1,0,0,,4,,0,1,0,,,,,2020-09-15 06:26:13
19653988,,,0,,,,,,SAFARI,1,0,0,,4,,0,1,0,,,,,2020-09-15 06:26:13
19654001,,,0,,,,,,MOONSHINE,1,0,0,,4,,0,1,0,,,,,2020-09-15 06:26:13
19654061,,,0,,,,,,IN BOND,1,0,0,,4,,0,1,0,,,,,2020-09-15 06:26:13
19654127,,,0,,,,,,SPELLBOUND,1,0,0,,4,,0,1,0,,,,,2020-09-15 06:26:13
19654405,,,0,,,,,,SALMON SPRAY,1,0,0,,4,,0,1,0,,,,,2020-09-15 06:26:13
19654445,,,0,,,,,,CLARKS FANCY,1,0,0,,4,,0,1,0,,,,,2020-09-15 06:26:13
19654743,,,0,,,,,,SULKA,1,0,0,,4,,0,1,0,,,,,2020-09-15 06:26:13
19654965,,,0,,,,,,BRUSH & TUMBLE,1,0,0,,4,,0,1,0,,,,,2020-09-15 06:26:13
19655048,,,0,,,,,,TIGER,1,0,0,,4,,0,1,0,,,,,2020-09-15 06:26:13
19655088,,,0,,,,,,SAMANTHA,1,0,0,,4,,0,1,0,,,,,2020-09-15 06:26:13
19655124,,,0,,,,,,MY DESIRE,1,0,0,,4,,0,1,0,,,,,2020-09-15 06:26:13
19655220,,,0,,,,,,COOL MIST,1,0,0,,4,,0,1,0,,,,,2020-09-15 06:26:13
19660001,,,0,,,,,,AFFECTIONATELY,1,0,0,,4,1.0,0,1,0,,,,,2020-09-15 06:26:13
19660021,,,0,,,,,,BIRD CALL,1,0,0,,4,1.0,0,1,0,,,,,2020-09-15 06:26:13
19660041,,,0,,,,,,BROADWAY,1,0,0,,4,9.0,0,1,0,,,,,2020-09-15 06:26:13
19660061,,,0,,,,,,BRIGHT STAR,1,0,0,,4,1.0,0,1,0,,,,,2020-09-15 06:26:13
19660081,,,0,,,,,,BLUE VALLEY,1,0,0,,4,9.0,0,1,0,,,,,2020-09-15 06:26:13
19660107,,,0,,,,,,CAPSULE,1,0,0,,4,1.0,0,1,0,,,,,2020-09-15 06:26:13
19660127,,,0,,,,,,ETERNAL ELF,1,0,0,,4,1.0,0,1,0,,,,,2020-09-15 06:26:13
19660147,,,0,,,,,,FAITHFUL ANNIE,1,0,0,,4,8.0,0,1,0,,,,,2020-09-15 06:26:13
19660167,,,0,,,,,,FRIENDLIEST,1,0,0,,4,1.0,0,1,0,,,,,2020-09-15 06:26:13
19660187,,,0,,,,,,FAIR HELENA,1,0,0,,4,8.0,0,1,0,,,,,2020-09-15 06:26:13
19660203,,,0,,,,,,FINEST JADE,1,0,0,,4,,0,1,0,,,,,2020-09-15 06:26:13
19660223,,,0,,,,,,GRAND FINALE,1,0,0,,4,1.0,0,1,0,,,,,2020-09-15 06:26:13
19660243,,,0,,,,,,GOOD COSMIC,1,0,0,,4,1.0,0,1,0,,,,,2020-09-15 06:26:13
19660263,,,0,,,,,,HIGH KEY,1,0,0,,4,1.0,0,1,0,,,,,2020-09-15 06:26:13
19660283,,,0,,,,,,INDIAN RIVER,1,0,0,,4,4.0,0,1,0,,,,,2020-09-15 06:26:13
19660309,,,0,,,,,,JULIE ANDREWS,1,0,0,,4,8.0,0,1,0,,,,,2020-09-15 06:26:13
19660329,,,0,,,,,,JEAN DE ACTRESS,1,0,0,,4,1.0,0,1,0,,,,,2020-09-15 06:26:13
19660349,,,0,,,,,,JAMMRAC,1,0,0,,4,8.0,0,1,0,,,,,2020-09-15 06:26:13
19660369,,,0,,,,,,KRONA,1,0,0,,4,1.0,0,1,0,,,,,2020-09-15 06:26:13
19660389,,,0,,,,,,LINDA MEHL,1,0,0,,4,1.0,0,1,0,,,,,2020-09-15 06:26:13
19660405,,,0,,,,,,LONDON STAR,1,0,0,,4,1.0,0,1,0,,,,,2020-09-15 06:26:13
19660425,,,0,,,,,,LADY LEE,1,0,0,,4,1.0,0,1,0,,,,,2020-09-15 06:26:13
19660445,,,0,,,,,,MY JEWEL,1,0,0,,4,1.0,0,1,0,,,,,2020-09-15 06:26:13
19660465,,,0,,,,,,MARCHING MARY,1,0,0,,4,1.0,0,1,0,,,,,2020-09-15 06:26:13
19660485,,,0,,,,,,MITTIE LADY,1,0,0,,4,4.0,0,1,0,,,,,2020-09-15 06:26:13
19660501,,,0,,,,,,MISS FUSILADE,1,0,0,,4,,0,1,0,,,,,2020-09-15 06:26:13
19660521,,,0,,,,,,NEVER AGAIN,1,0,0,,4,8.0,0,1,0,,,,,2020-09-15 06:26:13
19660541,,,0,,,,,,NOON WINE,1,0,0,,4,8.0,0,1,0,,,,,2020-09-15 06:26:13
19660561,,,0,,,,,,ONE A PENNY,1,0,0,,4,1.0,0,1,0,,,,,2020-09-15 06:26:13
19660581,,,0,,,,,,POLLY FAIR,1,0,0,,4,1.0,0,1,0,,,,,2020-09-15 06:26:13
19660607,,,0,,,,,,PRECIOUS LIGHT,1,0,0,,4,9.0,0,1,0,,,,,2020-09-15 06:26:13
19660627,,,0,,,,,,PAT B,1,0,0,,4,8.0,0,1,0,,,,,2020-09-15 06:26:13
19660647,,,0,,,,,,PIN UP,1,0,0,,4,1.0,0,1,0,,,,,2020-09-15 06:26:13
19660667,,,0,,,,,,QUEEN BEE,1,0,0,,4,8.0,0,1,0,,,,,2020-09-15 06:26:13
19660687,,,0,,,,,,ROYAL SAILING,1,0,0,,4,1.0,0,1,0,,,,,2020-09-15 06:26:13
19660703,,,0,,,,,,REGAL GLEAM,1,0,0,,4,8.0,0,1,0,,,,,2020-09-15 06:26:13
19660723,,,0,,,,,,REGGAE,1,0,0,,4,9.0,0,1,0,,,,,2020-09-15 06:26:13
19660743,,,0,,,,,,ROSEWOOD,1,0,0,,4,1.0,0,1,0,,,,,2020-09-15 06:26:13
19660763,,,0,,,,,,STEREO,1,0,0,,4,8.0,0,1,0,,,,,2020-09-15 06:26:13
19660783,,,0,,,,,,SILVER TOP,1,0,0,,4,8.0,0,1,0,,,,,2020-09-15 06:26:13
19660809,,,0,,,,,,SATINWOOD,1,0,0,,4,4.0,0,1,0,,,,,2020-09-15 06:26:13
19660829,,,0,,,,,,SHANGRILA,1,0,0,,4,8.0,0,1,0,,,,,2020-09-15 06:26:13
19660849,,,0,,,,,,TRIBAL SECRET,1,0,0,,4,1.0,0,1,0,,,,,2020-09-15 06:26:13
19660869,,,0,,,,,,STARUNA,1,0,0,,4,9.0,0,1,0,,,,,2020-09-15 06:26:13
19660889,,,0,,,,,,SYMPHONY,1,0,0,,4,8.0,0,1,0,,,,,2020-09-15 06:26:13
19660905,,,0,,,,,,TRIFFENA,1,0,0,,4,11.0,0,1,0,,,,,2020-09-15 06:26:13
19660925,,,0,,,,,,TRINKET,1,0,0,,4,1.0,0,1,0,,,,,2020-09-15 06:26:13
19660945,,,0,,,,,,UNFORGETTABLE,1,0,0,,4,8.0,0,1,0,,,,,2020-09-15 06:26:13
19660965,,,0,,,,,,VIVA,1,0,0,,4,9.0,0,1,0,,,,,2020-09-15 06:26:13
19660985,,,0,,,,,,WHITE CHRISTMAS,1,0,0,,4,9.0,0,1,0,,,,,2020-09-15 06:26:13
19661008,,,0,,,,,,WHISTLING JANE,1,0,0,,4,1.0,0,1,0,,,,,2020-09-15 06:26:13
19661028,,,0,,,,,,WOOD NYMPH,1,0,0,,4,1.0,0,1,0,,,,,2020-09-15 06:26:13
19661048,,,0,,,,,,SUNNY DAYS,1,0,0,,4,1.0,0,1,0,,,,,2020-09-15 06:26:13
19661068,,,0,,,,,,MATCH POINT,1,0,0,,4,8.0,0,1,0,,,,,2020-09-15 06:26:13
19661088,,,0,,,,,,SWEET KATHLEENE,1,0,0,,4,,0,1,0,,,,,2020-09-15 06:26:14
19661104,,,0,,,,,,SILKO,1,0,0,,4,8.0,0,1,0,,,,,2020-09-15 06:26:14
19661124,,,0,,,,,,APOLLO WAY,1,0,0,,4,,0,1,0,,,,,2020-09-15 06:26:14
19661144,,,0,,,,,,LORELEI MISS,1,0,0,,4,1.0,0,1,0,,,,,2020-09-15 06:26:14
19661200,,,0,,,,,,OH GO ON,1,0,0,,4,,0,1,0,,,,,2020-09-15 06:26:14
19661220,,,0,,,,,,HELIO BIRD,1,0,0,,4,,0,1,0,,,,,2020-09-15 06:26:14
19661260,,,0,,,,,,PAN AMBER,1,0,0,,4,,0,1,0,,,,,2020-09-15 06:26:14
19661280,,,0,,,,,,QARA,1,0,0,,4,,0,1,0,,,,,2020-09-15 06:26:14
19661346,,,0,,,,,,HELLO DOLLY,1,0,0,,4,8.0,0,1,0,,,,,2020-09-15 06:26:14
19661386,,,0,,,,,,ODE TO SPRING,1,0,0,,4,,0,1,0,,,,,2020-09-15 06:26:14
19661402,,,0,,,,,,ASK NO QUESTIONS,1,0,0,,4,,0,1,0,,,,,2020-09-15 06:26:14
19661442,,,0,,,,,,SUMMER HARVEST,1,0,0,,4,,0,1,0,,,,,2020-09-15 06:26:14
19661462,,,0,,,,,,.,1,0,0,,4,,0,1,0,,,,,2020-09-15 06:26:14
19661482,,,0,,,,,,HIGHLAND GAME,1,0,0,,4,,0,1,0,,,,,2020-09-15 06:26:14
19661508,,,0,,,,,,ALIMONY,1,0,0,,4,8.0,0,1,0,,,,,2020-09-15 06:26:14
19661568,,,0,,,,,,GEORGIA,1,0,0,,4,,0,1,0,,,,,2020-09-15 06:26:14
19661604,,,0,,,,,,GRAND RELATION,1,0,0,,4,,0,1,0,,,,,2020-09-15 06:26:14
19661624,,,0,,,,,,PIRANA,1,0,0,,4,,0,1,0,,,,,2020-09-15 06:26:14
19661664,,,0,,,,,,SHOSHONI PRIDE,1,0,0,,4,9.0,0,1,0,,,,,2020-09-15 06:26:14
19661740,,,0,,,,,,RUSTICA,1,0,0,,4,,0,1,0,,,,,2020-09-15 06:26:14
19661760,,,0,,,,,,SHOW CAUSE,1,0,0,,4,,0,1,0,,,,,2020-09-15 06:26:14
19661780,,,0,,,,,,PLEIN AIR,1,0,0,,4,,0,1,0,,,,,2020-09-15 06:26:14
19661806,,,0,,,,,,CUTE DRESS,1,0,0,,4,,0,1,0,,,,,2020-09-15 06:26:14
19661826,,,0,,,,,,YONNIE GIRL,1,0,0,,4,9.0,0,1,0,,,,,2020-09-15 06:26:14
19661846,,,0,,,,,,GUASAVE LADY,1,0,0,,4,,0,1,0,,,,,2020-09-15 06:26:14
19661866,,,0,,,,,,DRUMTOP,1,0,0,,4,1.0,0,1,0,,,,,2020-09-15 06:26:14
19661886,,,0,,,,,,COOL MOOD,1,0,0,,4,8.0,0,1,0,,,,,2020-09-15 06:26:14
19661902,,,0,,,,,,QUEEN SUCREE,1,0,0,,4,1.0,0,1,0,,,,,2020-09-15 06:26:14
19661922,,,0,,,,,,BIG DAWN,1,0,0,,4,4.0,0,1,0,,,,,2020-09-15 06:26:14
19662005,,,0,,,,,,FLAMEAMBER,1,0,0,,4,,0,1,0,,,,,2020-09-15 06:26:14
19662045,,,0,,,,,,REVADA,1,0,0,,4,1.0,0,1,0,,,,,2020-09-15 06:26:14
19662065,,,0,,,,,,OLMEC,1,0,0,,4,8.0,0,1,0,,,,,2020-09-15 06:26:14
19662085,,,0,,,,,,GRIS VITESSE,1,0,0,,4,9.0,0,1,0,,,,,2020-09-15 06:26:14
19662121,,,0,,,,,,CONFIDENTIAL,1,0,0,,4,1.0,0,1,0,,,,,2020-09-15 06:26:14
19662141,,,0,,,,,,EVER HOPEFUL,1,0,0,,4,1.0,0,1,0,,,,,2020-09-15 06:26:14
19662161,,,0,,,,,,LI ' L  PUSS,1,0,0,,4,,0,1,0,,,,,2020-09-15 06:26:14
19662181,,,0,,,,,,GLANEUSE,1,0,0,,4,1.0,0,1,0,,,,,2020-09-15 06:26:14
19662207,,,0,,,,,,BATTLE AXE,1,0,0,,4,1.0,0,1,0,,,,,2020-09-15 06:26:14
19662227,,,0,,,,,,IMPRESSARIO,1,0,0,,4,11.0,0,1,0,,,,,2020-09-15 06:26:14
19662247,,,0,,,,,,MAZACA,1,0,0,,4,,0,1,0,,,,,2020-09-15 06:26:14
19662267,,,0,,,,,,FAMILY PLANNING,1,0,0,,4,,0,1,0,,,,,2020-09-15 06:26:14
19662287,,,0,,,,,,CHATEAUPAVIA,1,0,0,,4,8.0,0,1,0,,,,,2020-09-15 06:26:14
19662363,,,0,,,,,,SECRET VERDICT,1,0,0,,4,1.0,0,1,0,,,,,2020-09-15 06:26:14
19662383,,,0,,,,,,MISS FLORENCE,1,0,0,,4,,0,1,0,,,,,2020-09-15 06:26:14
19662505,,,0,,,,,,BUNDLE OF JOY,1,0,0,,4,,0,1,0,,,,,2020-09-15 06:26:14
19662545,,,0,,,,,,CRY HEROINE,1,0,0,,4,,0,1,0,,,,,2020-09-15 06:26:14
19662661,,,0,,,,,,FIERY GEM,1,0,0,,4,,0,1,0,,,,,2020-09-15 06:26:14
19662681,,,0,,,,,,ROYAL RIDAN,1,0,0,,4,,0,1,0,,,,,2020-09-15 06:26:14
19662747,,,0,,,,,,PIN UP,1,0,0,,4,,0,1,0,,,,,2020-09-15 06:26:14
19662767,,,0,,,,,,U-ANNE,1,0,0,,4,,0,1,0,,,,,2020-09-15 06:26:14
19662823,,,0,,,,,,LALUME,1,0,0,,4,,0,1,0,,,,,2020-09-15 06:26:14
19662863,,,0,,,,,,LADY K,1,0,0,,4,,0,1,0,,,,,2020-09-15 06:26:14
19663042,,,0,,,,,,TUNEFUL GODDESS,1,0,0,,4,,0,1,0,,,,,2020-09-15 06:26:14
19663148,,,0,,,,,,KEY LADY BIRD,1,0,0,,4,,0,1,0,,,,,2020-09-15 06:26:14
19663320,,,0,,,,,,HARD CHOICE,1,0,0,,4,,0,1,0,,,,,2020-09-15 06:26:14
19663466,,,0,,,,,,NOORANI,1,0,0,,4,1.0,0,1,0,,,,,2020-09-15 06:26:14
19663744,,,0,,,,,,GRAY MATTER,1,0,0,,4,,0,1,0,,,,,2020-09-15 06:26:14
19663820,,,0,,,,,,NAVSUP,1,0,0,,4,,0,1,0,,,,,2020-09-15 06:26:14
19664049,,,0,,,,,,DUMPTYS LADY,1,0,0,,4,,0,1,0,,,,,2020-09-15 06:26:14
19664221,,,0,,,,,,SYRENA WARSZAWY,1,0,0,,4,,0,1,0,,,,,2020-09-15 06:26:14
19664781,,,0,,,,,,CAROUSEL,1,0,0,,4,,0,1,0,,,,,2020-09-15 06:26:14
19664827,,,0,,,,,,KIND LADY,1,0,0,,4,,0,1,0,,,,,2020-09-15 06:26:14
19664943,,,0,,,,,,VALLEY PRINCESS,1,0,0,,4,,0,1,0,,,,,2020-09-15 06:26:14
19665066,,,0,,,,,,SERENA,1,0,0,,4,,0,1,0,,,,,2020-09-15 06:26:14
19665268,,,0,,,,,,SILKY SAL,1,0,0,,4,,0,1,0,,,,,2020-09-15 06:26:14
19665288,,,0,,,,,,SONIC BOOM,1,0,0,,4,,0,1,0,,,,,2020-09-15 06:26:14
19665344,,,0,,,,,,SNOW SHOE,1,0,0,,4,,0,1,0,,,,,2020-09-15 06:26:14
19670009,,,0,,,,,,ALIXE,1,0,0,,4,8.0,0,1,0,,,,,2020-09-15 06:26:14
19670029,,,0,,,,,,CATTLEYA,1,0,0,,4,1.0,0,1,0,,,,,2020-09-15 06:26:14
19670049,,,0,,,,,,CALIOPE,1,0,0,,4,1.0,0,1,0,,,,,2020-09-15 06:26:14
19670069,,,0,,,,,,CAMILLE K,1,0,0,,4,9.0,0,1,0,,,,,2020-09-15 06:26:14
19670089,,,0,,,,,,CHARLOTTE RUSSE,1,0,0,,4,1.0,0,1,0,,,,,2020-09-15 06:26:14
19670105,,,0,,,,,,FUNNY GIRL,1,0,0,,4,,0,1,0,,,,,2020-09-15 06:26:14
19670125,,,0,,,,,,GLITTER,1,0,0,,4,1.0,0,1,0,,,,,2020-09-15 06:26:14
19670145,,,0,,,,,,GI GI,1,0,0,,4,1.0,0,1,0,,,,,2020-09-15 06:26:14
19670165,,,0,,,,,,GOLDEN GUINEAS,1,0,0,,4,9.0,0,1,0,,,,,2020-09-15 06:26:14
19670185,,,0,,,,,,HARD SUGAR,1,0,0,,4,4.0,0,1,0,,,,,2020-09-15 06:26:14
19670201,,,0,,,,,,HONEST TO ME,1,0,0,,4,1.0,0,1,0,,,,,2020-09-15 06:26:14
19670221,,,0,,,,,,HALF WILD,1,0,0,,4,8.0,0,1,0,,,,,2020-09-15 06:26:14
19670241,,,0,,,,,,JAVATA,1,0,0,,4,1.0,0,1,0,,,,,2020-09-15 06:26:14
19670261,,,0,,,,,,JUST DESSERT,1,0,0,,4,1.0,0,1,0,,,,,2020-09-15 06:26:14
19670281,,,0,,,,,,LOLITA,1,0,0,,4,1.0,0,1,0,,,,,2020-09-15 06:26:14
19670307,,,0,,,,,,NO PROBLEM,1,0,0,,4,1.0,0,1,0,,,,,2020-09-15 06:26:14
19670327,,,0,,,,,,NELL GWYN,1,0,0,,4,1.0,0,1,0,,,,,2020-09-15 06:26:14
19670347,,,0,,,,,,MERIDIAN,1,0,0,,4,1.0,0,1,0,,,,,2020-09-15 06:26:14
19670367,,,0,,,,,,MISS MAXINE,1,0,0,,4,,0,1,0,,,,,2020-09-15 06:26:14
19670387,,,0,,,,,,NATASHA,1,0,0,,4,,0,1,0,,,,,2020-09-15 06:26:14
19670403,,,0,,,,,,ON YOUR MARKS,1,0,0,,4,1.0,0,1,0,,,,,2020-09-15 06:26:14
19670423,,,0,,,,,,PUCHON ABBEY,1,0,0,,4,9.0,0,1,0,,,,,2020-09-15 06:26:14
19670443,,,0,,,,,,PENNY PIE,1,0,0,,4,8.0,0,1,0,,,,,2020-09-15 06:26:14
19670463,,,0,,,,,,POLKA DOTTY,1,0,0,,4,8.0,0,1,0,,,,,2020-09-15 06:26:14
19670483,,,0,,,,,,ROYAL THEME,1,0,0,,4,1.0,0,1,0,,,,,2020-09-15 06:26:14
19670509,,,0,,,,,,ROSE OF CASHEL,1,0,0,,4,1.0,0,1,0,,,,,2020-09-15 06:26:14
19670529,,,0,,,,,,ROHAYS,1,0,0,,4,1.0,0,1,0,,,,,2020-09-15 06:26:14
19670549,,,0,,,,,,SPORTMORE,1,0,0,,4,1.0,0,1,0,,,,,2020-09-15 06:26:14
19670569,,,0,,,,,,SECOND FIDDLE,1,0,0,,4,1.0,0,1,0,,,,,2020-09-15 06:26:14
19670589,,,0,,,,,,WAYNE LADY,1,0,0,,4,1.0,0,1,0,,,,,2020-09-15 06:26:14
19670605,,,0,,,,,,WINDOVER LASS,1,0,0,,4,2.0,0,1,0,,,,,2020-09-15 06:26:14
19670625,,,0,,,,,,CHRISTMAS TIME,1,0,0,,4,1.0,0,1,0,,,,,2020-09-15 06:26:14
19670645,,,0,,,,,,SNOWING GULF,1,0,0,,4,1.0,0,1,0,,,,,2020-09-15 06:26:14
19670665,,,0,,,,,,SHOSHONI PATH,1,0,0,,4,1.0,0,1,0,,,,,2020-09-15 06:26:14
19670685,,,0,,,,,,SEA PRINCESS,1,0,0,,4,1.0,0,1,0,,,,,2020-09-15 06:26:14
19670701,,,0,,,,,,FAYE'S LINE,1,0,0,,4,8.0,0,1,0,,,,,2020-09-15 06:26:14
19670721,,,0,,,,,,RIVER SPRITE,1,0,0,,4,,0,1,0,,,,,2020-09-15 06:26:14
19670741,,,0,,,,,,DAUNTLESS,1,0,0,,4,8.0,0,1,0,,,,,2020-09-15 06:26:14
19670761,,,0,,,,,,DEBRA JEAN,1,0,0,,4,8.0,0,1,0,,,,,2020-09-15 06:26:14
19670781,,,0,,,,,,HELGA,1,0,0,,4,,0,1,0,,,,,2020-09-15 06:26:14
19670807,,,0,,,,,,NUTCRACKER,1,0,0,,4,1.0,0,1,0,,,,,2020-09-15 06:26:14
19670827,,,0,,,,,,LATIN MYRA,1,0,0,,4,1.0,0,1,0,,,,,2020-09-15 06:26:14
19670847,,,0,,,,,,LOTSA TALENT,1,0,0,,4,1.0,0,1,0,,,,,2020-09-15 06:26:14
19670867,,,0,,,,,,QUEEN OF THE WATER,1,0,0,,4,1.0,0,1,0,,,,,2020-09-15 06:26:14
19670887,,,0,,,,,,PUNCHEN ABBEY,1,0,0,,4,9.0,0,1,0,,,,,2020-09-15 06:26:14
19670903,,,0,,,,,,PLEASE BLESS,1,0,0,,4,,0,1,0,,,,,2020-09-15 06:26:14
19670923,,,0,,,,,,LADY LOU,1,0,0,,4,,0,1,0,,,,,2020-09-15 06:26:14
19671006,,,0,,,,,,GIRL CATHERINE,1,0,0,,4,,0,1,0,,,,,2020-09-15 06:26:14
19671026,,,0,,,,,,KANKAKEE MISS,1,0,0,,4,,0,1,0,,,,,2020-09-15 06:26:14
19671046,,,0,,,,,,ROYAL ROSETTE,1,0,0,,4,,0,1,0,,,,,2020-09-15 06:26:14
19671066,,,0,,,,,,ATTARA,1,0,0,,4,,0,1,0,,,,,2020-09-15 06:26:14
19671086,,,0,,,,,,SEA ISLE,1,0,0,,4,,0,1,0,,,,,2020-09-15 06:26:14
19671102,,,0,,,,,,BOLD DAME,1,0,0,,4,,0,1,0,,,,,2020-09-15 06:26:14
19671142,,,0,,,,,,GRATIS,1,0,0,,4,,0,1,0,,,,,2020-09-15 06:26:14
19671208,,,0,,,,,,BORN FRIENDLY,1,0,0,,4,,0,1,0,,,,,2020-09-15 06:26:14
19671324,,,0,,,,,,ANORAK,1,0,0,,4,1.0,0,1,0,,,,,2020-09-15 06:26:14
19671344,,,0,,,,,,REGAL JUSTICE,1,0,0,,4,8.0,0,1,0,,,,,2020-09-15 06:26:14
19671440,,,0,,,,,,GALLANT FASHION,1,0,0,,4,8.0,0,1,0,,,,,2020-09-15 06:26:14
19671460,,,0,,,,,,TANFRELYCHE,1,0,0,,4,,0,1,0,,,,,2020-09-15 06:26:14
19671480,,,0,,,,,,DANKA KOBYLINSKA,1,0,0,,4,,0,1,0,,,,,2020-09-15 06:26:14
19671506,,,0,,,,,,TOO MANY GIRLS,1,0,0,,4,,0,1,0,,,,,2020-09-15 06:26:14
19671566,,,0,,,,,,AMBESTINE,1,0,0,,4,,0,1,0,,,,,2020-09-15 06:26:14
19671586,,,0,,,,,,SOUTH OCEAN,1,0,0,,4,1.0,0,1,0,,,,,2020-09-15 06:26:14
19671622,,,0,,,,,,JELLY BABY,1,0,0,,4,1.0,0,1,0,,,,,2020-09-15 06:26:14
19671642,,,0,,,,,,MY BUPERS,1,0,0,,4,,0,1,0,,,,,2020-09-15 06:26:14
19671662,,,0,,,,,,AURICULA,1,0,0,,4,,0,1,0,,,,,2020-09-15 06:26:14
19671682,,,0,,,,,,CONCERTO,1,0,0,,4,,0,1,0,,,,,2020-09-15 06:26:14
19671708,,,0,,,,,,TRES JOLIE,1,0,0,,4,,0,1,0,,,,,2020-09-15 06:26:14
19671728,,,0,,,,,,FANFRELUCHE,1,0,0,,4,,0,1,0,,,,,2020-09-15 06:26:14
19671768,,,0,,,,,,EASTER PRIAM,1,0,0,,4,,0,1,0,,,,,2020-09-15 06:26:14
19671788,,,0,,,,,,DOUBLE RULLAH,1,0,0,,4,,0,1,0,,,,,2020-09-15 06:26:14
19671804,,,0,,,,,,BETTE'S GOLD,1,0,0,,4,1.0,0,1,0,,,,,2020-09-15 06:26:14
19671824,,,0,,,,,,PETE'S TEDDY,1,0,0,,4,1.0,0,1,0,,,,,2020-09-15 06:26:14
19671864,,,0,,,,,,JUS FO FUN,1,0,0,,4,9.0,0,1,0,,,,,2020-09-15 06:26:14
19671884,,,0,,,,,,LIKELY LARK,1,0,0,,4,1.0,0,1,0,,,,,2020-09-15 06:26:14
19671980,,,0,,,,,,HAPPY MUSIC,1,0,0,,4,,0,1,0,,,,,2020-09-15 06:26:14
19672149,,,0,,,,,,CAMINO,1,0,0,,4,8.0,0,1,0,,,,,2020-09-15 06:26:14
19672189,,,0,,,,,,FRET HOLME,1,0,0,,4,,0,1,0,,,,,2020-09-15 06:26:14
19672205,,,0,,,,,,DEBBIE,1,0,0,,4,4.0,0,1,0,,,,,2020-09-15 06:26:14
19672225,,,0,,,,,,CHRISTMAS WISHES,1,0,0,,4,,0,1,0,,,,,2020-09-15 06:26:14
19672245,,,0,,,,,,IMAGE OF YOUTH,1,0,0,,4,,0,1,0,,,,,2020-09-15 06:26:14
19672361,,,0,,,,,,AEROGUIP,1,0,0,,4,,0,1,0,,,,,2020-09-15 06:26:14
19672381,,,0,,,,,,TRYSAIL,1,0,0,,4,8.0,0,1,0,,,,,2020-09-15 06:26:14
19672407,,,0,,,,,,HATTON GARDEN,1,0,0,,4,2.0,0,1,0,,,,,2020-09-15 06:26:14
19672629,,,0,,,,,,BUCK'S BIRTHDAY,1,0,0,,4,,0,1,0,,,,,2020-09-15 06:26:14
19672745,,,0,,,,,,DUCKHAM LASS,1,0,0,,4,,0,1,0,,,,,2020-09-15 06:26:14
19672765,,,0,,,,,,SANTA TINA,1,0,0,,4,,0,1,0,,,,,2020-09-15 06:26:14
19672785,,,0,,,,,,JANE GREY,1,0,0,,4,,0,1,0,,,,,2020-09-15 06:26:14
19672801,,,0,,,,,,LOVE LOCKET,1,0,0,,4,,0,1,0,,,,,2020-09-15 06:26:14
19672841,,,0,,,,,,RUNAGATE,1,0,0,,4,,0,1,0,,,,,2020-09-15 06:26:14
19673040,,,0,,,,,,ALBIONIA,1,0,0,,4,,0,1,0,,,,,2020-09-15 06:26:14
19673282,,,0,,,,,,CATTLEYA,1,0,0,,4,,0,1,0,,,,,2020-09-15 06:26:14
19673328,,,0,,,,,,CALIENTE,1,0,0,,4,,0,1,0,,,,,2020-09-15 06:26:14
19673348,,,0,,,,,,PILGRIM,1,0,0,,4,,0,1,0,,,,,2020-09-15 06:26:14
19673540,,,0,,,,,,SHEER VANITY,1,0,0,,4,,0,1,0,,,,,2020-09-15 06:26:14
19673646,,,0,,,,,,VICTORIAN ANSWER,1,0,0,,4,,0,1,0,,,,,2020-09-15 06:26:14
19673666,,,0,,,,,,CLOVER LANE,1,0,0,,4,,0,1,0,,,,,2020-09-15 06:26:14
19673742,,,0,,,,,,GREENE'S SUCCESS,1,0,0,,4,,0,1,0,,,,,2020-09-15 06:26:14
19673762,,,0,,,,,,CHINOOK,1,0,0,,4,,0,1,0,,,,,2020-09-15 06:26:14
19673828,,,0,,,,,,NEOPHYTE II,1,0,0,,4,,0,1,0,,,,,2020-09-15 06:26:14
19673848,,,0,,,,,,FAITH'S REWARD,1,0,0,,4,,0,1,0,,,,,2020-09-15 06:26:14
19673924,,,0,,,,,,ATLANTIC LASS,1,0,0,,4,,0,1,0,,,,,2020-09-15 06:26:14
19673964,,,0,,,,,,CHEVY CHASE,1,0,0,,4,,0,1,0,,,,,2020-09-15 06:26:14
19674027,,,0,,,,,,MISS MARCIA,1,0,0,,4,1.0,0,1,0,,,,,2020-09-15 06:26:14
19674047,,,0,,,,,,PASS THE PEPPER,1,0,0,,4,,0,1,0,,,,,2020-09-15 06:26:14
19674163,,,0,,,,,,SALLY'S GIRL,1,0,0,,4,,0,1,0,,,,,2020-09-15 06:26:14
19674183,,,0,,,,,,DEW DROP,1,0,0,,4,,0,1,0,,,,,2020-09-15 06:26:14
19674269,,,0,,,,,,SMILING FORTUNE,1,0,0,,4,,0,1,0,,,,,2020-09-15 06:26:14
19674345,,,0,,,,,,PAMESITO,1,0,0,,4,,0,1,0,,,,,2020-09-15 06:26:14
19674401,,,0,,,,,,SPREE,1,0,0,,4,,0,1,0,,,,,2020-09-15 06:26:14
19674421,,,0,,,,,,THE ITCH,1,0,0,,4,,0,1,0,,,,,2020-09-15 06:26:14
19680007,,,0,,,,,,APOLLO'S TIDE,1,0,0,,4,8.0,0,1,0,,,,,2020-09-15 06:26:14
19680027,,,0,,,,,,AUNT PETEY,1,0,0,,4,1.0,0,1,0,,,,,2020-09-15 06:26:14
19680047,,,0,,,,,,BABYLONIA,1,0,0,,4,1.0,0,1,0,,,,,2020-09-15 06:26:14
19680067,,,0,,,,,,BLUE MOON,1,0,0,,4,8.0,0,1,0,,,,,2020-09-15 06:26:14
19680087,,,0,,,,,,CAROLETTE,1,0,0,,4,8.0,0,1,0,,,,,2020-09-15 06:26:14
19680103,,,0,,,,,,CAMELLA,1,0,0,,4,1.0,0,1,0,,,,,2020-09-15 06:26:14
19680123,,,0,,,,,,DANDILY,1,0,0,,4,1.0,0,1,0,,,,,2020-09-15 06:26:14
19680143,,,0,,,,,,DEBDONTINA,1,0,0,,4,1.0,0,1,0,,,,,2020-09-15 06:26:14
19680163,,,0,,,,,,EVELYN FLORENCE,1,0,0,,4,1.0,0,1,0,,,,,2020-09-15 06:26:14
19680183,,,0,,,,,,FIRST AFFAIR,1,0,0,,4,9.0,0,1,0,,,,,2020-09-15 06:26:14
19680209,,,0,,,,,,FRONTIERA,1,0,0,,4,1.0,0,1,0,,,,,2020-09-15 06:26:14
19680229,,,0,,,,,,FRIPPERY,1,0,0,,4,1.0,0,1,0,,,,,2020-09-15 06:26:14
19680249,,,0,,,,,,FESTIVAL,1,0,0,,4,9.0,0,1,0,,,,,2020-09-15 06:26:14
19680269,,,0,,,,,,FEARLESS PRINCESS,1,0,0,,4,1.0,0,1,0,,,,,2020-09-15 06:26:14
19680289,,,0,,,,,,FOUR AND TWENTY,1,0,0,,4,8.0,0,1,0,,,,,2020-09-15 06:26:14
19680305,,,0,,,,,,GREYDON,1,0,0,,4,1.0,0,1,0,,,,,2020-09-15 06:26:14
19680325,,,0,,,,,,HYMETTUS,1,0,0,,4,4.0,0,1,0,,,,,2020-09-15 06:26:14
19680345,,,0,,,,,,JOLLY JEDDA,1,0,0,,4,8.0,0,1,0,,,,,2020-09-15 06:26:14
19680365,,,0,,,,,,KIMIKA,1,0,0,,4,1.0,0,1,0,,,,,2020-09-15 06:26:14
19680385,,,0,,,,,,LUSH LIFE,1,0,0,,4,1.0,0,1,0,,,,,2020-09-15 06:26:14
19680401,,,0,,,,,,LA-TE-DO,1,0,0,,4,1.0,0,1,0,,,,,2020-09-15 06:26:14
19680421,,,0,,,,,,LENNIE'S LASS,1,0,0,,4,2.0,0,1,0,,,,,2020-09-15 06:26:14
19680441,,,0,,,,,,LITTLE GWEN,1,0,0,,4,1.0,0,1,0,,,,,2020-09-15 06:26:14
19680461,,,0,,,,,,LAKE VIEW DRIVE,1,0,0,,4,1.0,0,1,0,,,,,2020-09-15 06:26:14
19680481,,,0,,,,,,MIA,1,0,0,,4,1.0,0,1,0,,,,,2020-09-15 06:26:14
19680507,,,0,,,,,,MAKE LOVE,1,0,0,,4,1.0,0,1,0,,,,,2020-09-15 06:26:14
19680527,,,0,,,,,,MAUVANEEN,1,0,0,,4,1.0,0,1,0,,,,,2020-09-15 06:26:14
19680547,,,0,,,,,,MIRADEL-DE-CARJU,1,0,0,,4,8.0,0,1,0,,,,,2020-09-15 06:26:14
19680567,,,0,,,,,,PERPETUAL,1,0,0,,4,1.0,0,1,0,,,,,2020-09-15 06:26:14
19680587,,,0,,,,,,PATRIOTIC SONG,1,0,0,,4,4.0,0,1,0,,,,,2020-09-15 06:26:14
19680603,,,0,,,,,,PRINCESS SARAH,1,0,0,,4,1.0,0,1,0,,,,,2020-09-15 06:26:14
19680623,,,0,,,,,,PROMISED LAND,1,0,0,,4,9.0,0,1,0,,,,,2020-09-15 06:26:14
19680643,,,0,,,,,,RUBY BEGONIA,1,0,0,,4,1.0,0,1,0,,,,,2020-09-15 06:26:14
19680663,,,0,,,,,,READY TO FIRE,1,0,0,,4,8.0,0,1,0,,,,,2020-09-15 06:26:14
19680683,,,0,,,,,,RED BERRY,1,0,0,,4,1.0,0,1,0,,,,,2020-09-15 06:26:14
19680709,,,0,,,,,,ROYAL ARCADE,1,0,0,,4,9.0,0,1,0,,,,,2020-09-15 06:26:14
19680729,,,0,,,,,,SPANGLE,1,0,0,,4,8.0,0,1,0,,,,,2020-09-15 06:26:14
19680749,,,0,,,,,,SING AGAIN,1,0,0,,4,1.0,0,1,0,,,,,2020-09-15 06:26:14
19680769,,,0,,,,,,SWIFT JET,1,0,0,,4,1.0,0,1,0,,,,,2020-09-15 06:26:14
19680789,,,0,,,,,,STORY TIME,1,0,0,,4,,0,1,0,,,,,2020-09-15 06:26:14
19680805,,,0,,,,,,SOUCHA,1,0,0,,4,4.0,0,1,0,,,,,2020-09-15 06:26:14
19680825,,,0,,,,,,SARNIA CONITA,1,0,0,,4,1.0,0,1,0,,,,,2020-09-15 06:26:14
19680845,,,0,,,,,,SKY WAY,1,0,0,,4,4.0,0,1,0,,,,,2020-09-15 06:26:14
19680865,,,0,,,,,,TARDOLA,1,0,0,,4,1.0,0,1,0,,,,,2020-09-15 06:26:14
19680885,,,0,,,,,,THANKFULNESS,1,0,0,,4,8.0,0,1,0,,,,,2020-09-15 06:26:14
19680901,,,0,,,,,,TWENTY ONE CARAT,1,0,0,,4,1.0,0,1,0,,,,,2020-09-15 06:26:14
19680921,,,0,,,,,,TRES ANITA,1,0,0,,4,8.0,0,1,0,,,,,2020-09-15 06:26:14
19680941,,,0,,,,,,VAGUELY ROYAL,1,0,0,,4,8.0,0,1,0,,,,,2020-09-15 06:26:14
19680961,,,0,,,,,,WELSH DARLING,1,0,0,,4,9.0,0,1,0,,,,,2020-09-15 06:26:14
19680981,,,0,,,,,,SAPPHIRE,1,0,0,,4,1.0,0,1,0,,,,,2020-09-15 06:26:14
19681004,,,0,,,,,,SPANISH FLYER,1,0,0,,4,1.0,0,1,0,,,,,2020-09-15 06:26:14
19681024,,,0,,,,,,LADY TUMBLE,1,0,0,,4,,0,1,0,,,,,2020-09-15 06:26:14
19681044,,,0,,,,,,WESTERN LUCK,1,0,0,,4,1.0,0,1,0,,,,,2020-09-15 06:26:14
19681064,,,0,,,,,,THE PILL,1,0,0,,4,8.0,0,1,0,,,,,2020-09-15 06:26:14
19681084,,,0,,,,,,POLLY CINDERS,1,0,0,,4,1.0,0,1,0,,,,,2020-09-15 06:26:14
19681100,,,0,,,,,,MISS BEN,1,0,0,,4,1.0,0,1,0,,,,,2020-09-15 06:26:14
19681120,,,0,,,,,,GUINEA CHICK,1,0,0,,4,1.0,0,1,0,,,,,2020-09-15 06:26:14
19681140,,,0,,,,,,DEAUVILLE DAME,1,0,0,,4,,0,1,0,,,,,2020-09-15 06:26:14
19681160,,,0,,,,,,KORNER'S SEBEN,1,0,0,,4,,0,1,0,,,,,2020-09-15 06:26:14
19681226,,,0,,,,,,BRIGHT CAT,1,0,0,,4,,0,1,0,,,,,2020-09-15 06:26:14
19681246,,,0,,,,,,ROYAL WOMAN,1,0,0,,4,1.0,0,1,0,,,,,2020-09-15 06:26:14
19681266,,,0,,,,,,ELEGANT TIGER,1,0,0,,4,1.0,0,1,0,,,,,2020-09-15 06:26:14
19681362,,,0,,,,,,PROOF REQUESTED,1,0,0,,4,1.0,0,1,0,,,,,2020-09-15 06:26:14
19681382,,,0,,,,,,KWIATUZEK,1,0,0,,4,,0,1,0,,,,,2020-09-15 06:26:14
19681488,,,0,,,,,,SIMPLEX,1,0,0,,4,1.0,0,1,0,,,,,2020-09-15 06:26:14
19681504,,,0,,,,,,ALL THE LUK,1,0,0,,4,1.0,0,1,0,,,,,2020-09-15 06:26:14
19681524,,,0,,,,,,NEVER READY,1,0,0,,4,8.0,0,1,0,,,,,2020-09-15 06:26:14
19681544,,,0,,,,,,PISTOL LADY,1,0,0,,4,1.0,0,1,0,,,,,2020-09-15 06:26:14
19681640,,,0,,,,,,LAUREL SONG,1,0,0,,4,8.0,0,1,0,,,,,2020-09-15 06:26:14
19681680,,,0,,,,,,PAS DE NOM,1,0,0,,4,,0,1,0,,,,,2020-09-15 06:26:14
19681706,,,0,,,,,,COLLEGE BOLD,1,0,0,,4,1.0,0,1,0,,,,,2020-09-15 06:26:14
19681746,,,0,,,,,,DESTINATION,1,0,0,,4,1.0,0,1,0,,,,,2020-09-15 06:26:14
19681766,,,0,,,,,,APPLE CHARLOTTE,1,0,0,,4,1.0,0,1,0,,,,,2020-09-15 06:26:14
19681786,,,0,,,,,,MARI MUNDO,1,0,0,,4,,0,1,0,,,,,2020-09-15 06:26:14
19681822,,,0,,,,,,WATER CRESS,1,0,0,,4,,0,1,0,,,,,2020-09-15 06:26:14
19681842,,,0,,,,,,STAR BOLERO,1,0,0,,4,,0,1,0,,,,,2020-09-15 06:26:14
19681862,,,0,,,,,,DCBLEA,1,0,0,,4,,0,1,0,,,,,2020-09-15 06:26:14
19681908,,,0,,,,,,MEL BABU,1,0,0,,4,9.0,0,1,0,,,,,2020-09-15 06:26:14
19681960,,,0,,,,,,FANOT,1,0,0,,4,,0,1,0,,,,,2020-09-15 06:26:14
19681988,,,0,,,,,,FRIENDLY WAYS,1,0,0,,4,1.0,0,1,0,,,,,2020-09-15 06:26:14
19682001,,,0,,,,,,SNOW BRIDGE,1,0,0,,4,9.0,0,1,0,,,,,2020-09-15 06:26:14
19682021,,,0,,,,,,GRAFITTI,1,0,0,,4,1.0,0,1,0,,,,,2020-09-15 06:26:14
19682041,,,0,,,,,,GEORGIE BABY,1,0,0,,4,8.0,0,1,0,,,,,2020-09-15 06:26:14
19682081,,,0,,,,,,FLIGHT MISTRESS,1,0,0,,4,1.0,0,1,0,,,,,2020-09-15 06:26:14
19682107,,,0,,,,,,SUN COLONY,1,0,0,,4,1.0,0,1,0,,,,,2020-09-15 06:26:14
19682127,,,0,,,,,,KEEN SWITCH,1,0,0,,4,8.0,0,1,0,,,,,2020-09-15 06:26:14
19682147,,,0,,,,,,LOOKS PROMISING,1,0,0,,4,9.0,0,1,0,,,,,2020-09-15 06:26:14
19682167,,,0,,,,,,GEMINI FEMMNE,1,0,0,,4,,0,1,0,,,,,2020-09-15 06:26:14
19682187,,,0,,,,,,RHINESTONE II,1,0,0,,4,,0,1,0,,,,,2020-09-15 06:26:14
19682203,,,0,,,,,,RAHTID,1,0,0,,4,1.0,0,1,0,,,,,2020-09-15 06:26:14
19682223,,,0,,,,,,SACRED ROSE,1,0,0,,4,1.0,0,1,0,,,,,2020-09-15 06:26:14
19682243,,,0,,,,,,PROUD ARABELLA,1,0,0,,4,,0,1,0,,,,,2020-09-15 06:26:14
19682309,,,0,,,,,,INCA QUEEN,1,0,0,,4,1.0,0,1,0,,,,,2020-09-15 06:26:14
19682329,,,0,,,,,,BABE BEATTLE,1,0,0,,4,,0,1,0,,,,,2020-09-15 06:26:14
19682349,,,0,,,,,,ALMA NORTH,1,0,0,,4,1.0,0,1,0,,,,,2020-09-15 06:26:14
19682369,,,0,,,,,,AIR MAID,1,0,0,,4,,0,1,0,,,,,2020-09-15 06:26:14
19682389,,,0,,,,,,GAL O GEM,1,0,0,,4,,0,1,0,,,,,2020-09-15 06:26:14
19682405,,,0,,,,,,FLAXEN,1,0,0,,4,8.0,0,1,0,,,,,2020-09-15 06:26:14
19682425,,,0,,,,,,SLEEK DANCER,1,0,0,,4,1.0,0,1,0,,,,,2020-09-15 06:26:14
19682445,,,0,,,,,,FLEET IRENE,1,0,0,,4,,0,1,0,,,,,2020-09-15 06:26:14
19682465,,,0,,,,,,CONTRAIL,1,0,0,,4,9.0,0,1,0,,,,,2020-09-15 06:26:14
19682485,,,0,,,,,,BELGA,1,0,0,,4,9.0,0,1,0,,,,,2020-09-15 06:26:14
19682667,,,0,,,,,,HYMETTUS,1,0,0,,4,,0,1,0,,,,,2020-09-15 06:26:14
19682687,,,0,,,,,,GUELLE DE BOIS,1,0,0,,4,4.0,0,1,0,,,,,2020-09-15 06:26:14
19682743,,,0,,,,,,NOU VEAU RICHE,1,0,0,,4,,0,1,0,,,,,2020-09-15 06:26:14
19682763,,,0,,,,,,QUEENIE'S DAUGHTER,1,0,0,,4,,0,1,0,,,,,2020-09-15 06:26:14
19682809,,,0,,,,,,LA LUCY,1,0,0,,4,,0,1,0,,,,,2020-09-15 06:26:14
19682829,,,0,,,,,,HASTY ELEGANCE,1,0,0,,4,,0,1,0,,,,,2020-09-15 06:26:14
19683068,,,0,,,,,,MORNING MIST,1,0,0,,4,9.0,0,1,0,,,,,2020-09-15 06:26:14
19683184,,,0,,,,,,GARDEN CITY,1,0,0,,4,,0,1,0,,,,,2020-09-15 06:26:14
19683220,,,0,,,,,,MOUDY DATE,1,0,0,,4,1.0,0,1,0,,,,,2020-09-15 06:26:14
19683240,,,0,,,,,,UNIQUE,1,0,0,,4,,0,1,0,,,,,2020-09-15 06:26:14
19683684,,,0,,,,,,AUTUMN BREEZE,1,0,0,,4,,0,1,0,,,,,2020-09-15 06:26:14
19683700,,,0,,,,,,GREENAWAY,1,0,0,,4,,0,1,0,,,,,2020-09-15 06:26:14
19683780,,,0,,,,,,PEPPA DISH,1,0,0,,4,,0,1,0,,,,,2020-09-15 06:26:14
19683806,,,0,,,,,,MORNING MIST,1,0,0,,4,,0,1,0,,,,,2020-09-15 06:26:14
19683922,,,0,,,,,,SAGGY'S GOLD,1,0,0,,4,,0,1,0,,,,,2020-09-15 06:26:14
19683942,,,0,,,,,,SECRET HARBOUR,1,0,0,,4,,0,1,0,,,,,2020-09-15 06:26:14
19684005,,,0,,,,,,THE LITTLE A,1,0,0,,4,,0,1,0,,,,,2020-09-15 06:26:14
19684045,,,0,,,,,,FIRE WATER,1,0,0,,4,,0,1,0,,,,,2020-09-15 06:26:14
19684065,,,0,,,,,,GOLDEN BLISS,1,0,0,,4,1.0,0,1,0,,,,,2020-09-15 06:26:14
19684101,,,0,,,,,,SUSITA GREY,1,0,0,,4,,0,1,0,,,,,2020-09-15 06:26:14
19684121,,,0,,,,,,OUT DRAW,1,0,0,,4,,0,1,0,,,,,2020-09-15 06:26:14
19684161,,,0,,,,,,STAR DANCER,1,0,0,,4,,0,1,0,,,,,2020-09-15 06:26:14
19684303,,,0,,,,,,LUCKY LEAP,1,0,0,,4,,0,1,0,,,,,2020-09-15 06:26:14
19684383,,,0,,,,,,MARY JO,1,0,0,,4,,0,1,0,,,,,2020-09-15 06:26:14
19684409,,,0,,,,,,ELTEETEE,1,0,0,,4,,0,1,0,,,,,2020-09-15 06:26:14
19684429,,,0,,,,,,BAMBAR,1,0,0,,4,,0,1,0,,,,,2020-09-15 06:26:14
19690005,,,0,,,,,,AHWAHNEE,1,0,0,,4,1.0,0,1,0,,,,,2020-09-15 06:26:14
19690025,,,0,,,,,,BLACK BULLET,1,0,0,,4,4.0,0,1,0,,,,,2020-09-15 06:26:14
19690045,,,0,,,,,,BONIFLEUR,1,0,0,,4,1.0,0,1,0,,,,,2020-09-15 06:26:14
19690065,,,0,,,,,,BEQUEST,1,0,0,,4,1.0,0,1,0,,,,,2020-09-15 06:26:14
19690085,,,0,,,,,,CHEROKEE,1,0,0,,4,9.0,0,1,0,,,,,2020-09-15 06:26:14
19690101,,,0,,,,,,COTTON CANDY,1,0,0,,4,1.0,0,1,0,,,,,2020-09-15 06:26:14
19690121,,,0,,,,,,CASINO,1,0,0,,4,9.0,0,1,0,,,,,2020-09-15 06:26:14
19690141,,,0,,,,,,CRACKERJACK,1,0,0,,4,1.0,0,1,0,,,,,2020-09-15 06:26:14
19690161,,,0,,,,,,DESIREEN,1,0,0,,4,8.0,0,1,0,,,,,2020-09-15 06:26:14
19690181,,,0,,,,,,DREAM SPOT,1,0,0,,4,1.0,0,1,0,,,,,2020-09-15 06:26:14
19690207,,,0,,,,,,FOLIES BERGERE,1,0,0,,4,,0,1,0,,,,,2020-09-15 06:26:14
19690227,,,0,,,,,,FLORENCE NIGHTINGALE,1,0,0,,4,1.0,0,1,0,,,,,2020-09-15 06:26:14
19690247,,,0,,,,,,FLY AWAY,1,0,0,,4,4.0,0,1,0,,,,,2020-09-15 06:26:14
19690267,,,0,,,,,,GWENDOLYN,1,0,0,,4,9.0,0,1,0,,,,,2020-09-15 06:26:14
19690287,,,0,,,,,,GLORY'S MARIPOSA,1,0,0,,4,1.0,0,1,0,,,,,2020-09-15 06:26:14
19690303,,,0,,,,,,INTERNATIONAL DISH,1,0,0,,4,,0,1,0,,,,,2020-09-15 06:26:14
19690323,,,0,,,,,,INCA MOON,1,0,0,,4,8.0,0,1,0,,,,,2020-09-15 06:26:14
19690343,,,0,,,,,,KLARIMOSA,1,0,0,,4,1.0,0,1,0,,,,,2020-09-15 06:26:14
19690363,,,0,,,,,,KIBO,1,0,0,,4,1.0,0,1,0,,,,,2020-09-15 06:26:14
19690383,,,0,,,,,,LADY PATRICIA,1,0,0,,4,1.0,0,1,0,,,,,2020-09-15 06:26:14
19690409,,,0,,,,,,MELODY,1,0,0,,4,8.0,0,1,0,,,,,2020-09-15 06:26:14
19690429,,,0,,,,,,MOUNTRINA,1,0,0,,4,8.0,0,1,0,,,,,2020-09-15 06:26:14
19690449,,,0,,,,,,MINNESOTA MADAM,1,0,0,,4,1.0,0,1,0,,,,,2020-09-15 06:26:14
19690469,,,0,,,,,,NEEDLES BABY,1,0,0,,4,,0,1,0,,,,,2020-09-15 06:26:14
19690489,,,0,,,,,,OLYMPIC GIRL,1,0,0,,4,8.0,0,1,0,,,,,2020-09-15 06:26:14
19690505,,,0,,,,,,PADDY'S DOLL,1,0,0,,4,8.0,0,1,0,,,,,2020-09-15 06:26:14
19690525,,,0,,,,,,PRINCESS EILEEN,1,0,0,,4,1.0,0,1,0,,,,,2020-09-15 06:26:14
19690545,,,0,,,,,,PROSIT,1,0,0,,4,4.0,0,1,0,,,,,2020-09-15 06:26:14
19690565,,,0,,,,,,ROCKMORE GIRL,1,0,0,,4,9.0,0,1,0,,,,,2020-09-15 06:26:14
19690585,,,0,,,,,,RED BIRD,1,0,0,,4,8.0,0,1,0,,,,,2020-09-15 06:26:14
19690601,,,0,,,,,,SA-SA-YEA,1,0,0,,4,1.0,0,1,0,,,,,2020-09-15 06:26:14
19690621,,,0,,,,,,SALVIA,1,0,0,,4,4.0,0,1,0,,,,,2020-09-15 06:26:14
19690641,,,0,,,,,,SUMMER GOLD,1,0,0,,4,1.0,0,1,0,,,,,2020-09-15 06:26:14
19690661,,,0,,,,,,STAR RELIC,1,0,0,,4,,0,1,0,,,,,2020-09-15 06:26:14
19690681,,,0,,,,,,SCARF DANCER,1,0,0,,4,8.0,0,1,0,,,,,2020-09-15 06:26:14
19690707,,,0,,,,,,TWO LOLLIPOPS,1,0,0,,4,1.0,0,1,0,,,,,2020-09-15 06:26:14
19690727,,,0,,,,,,TOP SPEED,1,0,0,,4,1.0,0,1,0,,,,,2020-09-15 06:26:14
19690747,,,0,,,,,,TARA KING,1,0,0,,4,8.0,0,1,0,,,,,2020-09-15 06:26:14
19690767,,,0,,,,,,TRULY ROYAL,1,0,0,,4,1.0,0,1,0,,,,,2020-09-15 06:26:14
19690787,,,0,,,,,,UNBEKNOWNST,1,0,0,,4,1.0,0,1,0,,,,,2020-09-15 06:26:14
19690803,,,0,,,,,,YOURS N' MINE,1,0,0,,4,1.0,0,1,0,,,,,2020-09-15 06:26:14
19690823,,,0,,,,,,ZAREBA,1,0,0,,4,8.0,0,1,0,,,,,2020-09-15 06:26:14
19690843,,,0,,,,,,ZARINA,1,0,0,,4,4.0,0,1,0,,,,,2020-09-15 06:26:14
19690863,,,0,,,,,,SUNKIST,1,0,0,,4,8.0,0,1,0,,,,,2020-09-15 06:26:14
19690883,,,0,,,,,,OYSTER HALL,1,0,0,,4,8.0,0,1,0,,,,,2020-09-15 06:26:14
19690909,,,0,,,,,,REAPING ROYAL,1,0,0,,4,1.0,0,1,0,,,,,2020-09-15 06:26:14
19690929,,,0,,,,,,MISSY MICHELLE,1,0,0,,4,1.0,0,1,0,,,,,2020-09-15 06:26:14
19690949,,,0,,,,,,WRONG REASON,1,0,0,,4,1.0,0,1,0,,,,,2020-09-15 06:26:14
19690969,,,0,,,,,,LADY BUTTERFLY,1,0,0,,4,,0,1,0,,,,,2020-09-15 06:26:14
19690989,,,0,,,,,,WITNESS,1,0,0,,4,1.0,0,1,0,,,,,2020-09-15 06:26:14
19691002,,,0,,,,,,DECATHAGAL,1,0,0,,4,8.0,0,1,0,,,,,2020-09-15 06:26:14
19691022,,,0,,,,,,TABATHA,1,0,0,,4,8.0,0,1,0,,,,,2020-09-15 06:26:14
19691042,,,0,,,,,,NESTLE UP,1,0,0,,4,,0,1,0,,,,,2020-09-15 06:26:14
19691148,,,0,,,,,,MELBA SAUCE,1,0,0,,4,,0,1,0,,,,,2020-09-15 06:26:14
19691188,,,0,,,,,,HIGH CIRCUIT,1,0,0,,4,,0,1,0,,,,,2020-09-15 06:26:14
19691204,,,0,,,,,,BRENDA BEAUTY,1,0,0,,4,,0,1,0,,,,,2020-09-15 06:26:14
19691224,,,0,,,,,,KAILUA PRINCESS,1,0,0,,4,,0,1,0,,,,,2020-09-15 06:26:14
19691264,,,0,,,,,,FLAPPING,1,0,0,,4,,0,1,0,,,,,2020-09-15 06:26:14
19691284,,,0,,,,,,BARBS COMPACT,1,0,0,,4,1.0,0,1,0,,,,,2020-09-15 06:26:14
19691320,,,0,,,,,,SMALL SLAM,1,0,0,,4,,0,1,0,,,,,2020-09-15 06:26:14
19691360,,,0,,,,,,JOYFUL NOISE,1,0,0,,4,,0,1,0,,,,,2020-09-15 06:26:14
19691380,,,0,,,,,,MY CHARMER,1,0,0,,4,1.0,0,1,0,,,,,2020-09-15 06:26:15
19691406,,,0,,,,,,C'EST BELLE,1,0,0,,4,,0,1,0,,,,,2020-09-15 06:26:15
19691446,,,0,,,,,,REAL DELIGHT,1,0,0,,4,1.0,0,1,0,,,,,2020-09-15 06:26:15
19691466,,,0,,,,,,SOUND OF SUCCESS,1,0,0,,4,,0,1,0,,,,,2020-09-15 06:26:15
19691522,,,0,,,,,,MISS T.H.,1,0,0,,4,,0,1,0,,,,,2020-09-15 06:26:15
19691562,,,0,,,,,,GUINEA ROSE,1,0,0,,4,9.0,0,1,0,,,,,2020-09-15 06:26:15
19691582,,,0,,,,,,IMPRESSIVE STYLE,1,0,0,,4,,0,1,0,,,,,2020-09-15 06:26:15
19691608,,,0,,,,,,GABRIELA,1,0,0,,4,,0,1,0,,,,,2020-09-15 06:26:15
19691668,,,0,,,,,,SISTER SHU,1,0,0,,4,8.0,0,1,0,,,,,2020-09-15 06:26:15
19691688,,,0,,,,,,PSYCHED OUT,1,0,0,,4,1.0,0,1,0,,,,,2020-09-15 06:26:15
19691704,,,0,,,,,,FEATHERED QUILL,1,0,0,,4,8.0,0,1,0,,,,,2020-09-15 06:26:15
19691724,,,0,,,,,,HOMESPUN,1,0,0,,4,1.0,0,1,0,,,,,2020-09-15 06:26:15
19691764,,,0,,,,,,T. C. KITCHEN,1,0,0,,4,8.0,0,1,0,,,,,2020-09-15 06:26:15
19691784,,,0,,,,,,SPECIAL,1,0,0,,4,1.0,0,1,0,,,,,2020-09-15 06:26:15
19691800,,,0,,,,,,MAGIC,1,0,0,,4,,0,1,0,,,,,2020-09-15 06:26:15
19691860,,,0,,,,,,LOVER'S WALK,1,0,0,,4,1.0,0,1,0,,,,,2020-09-15 06:26:15
19691906,,,0,,,,,,DOUBLE THINK,1,0,0,,4,,0,1,0,,,,,2020-09-15 06:26:15
19691946,,,0,,,,,,COZUMEL,1,0,0,,4,8.0,0,1,0,,,,,2020-09-15 06:26:15
19691966,,,0,,,,,,DOUBLE DANCER,1,0,0,,4,9.0,0,1,0,,,,,2020-09-15 06:26:15
19691986,,,0,,,,,,MARVILLA,1,0,0,,4,,0,1,0,,,,,2020-09-15 06:26:15
19692009,,,0,,,,,,REBROOK,1,0,0,,4,1.0,0,1,0,,,,,2020-09-15 06:26:15
19692049,,,0,,,,,,CAMELLA,1,0,0,,4,1.0,0,1,0,,,,,2020-09-15 06:26:15
19692069,,,0,,,,,,CROOKED LADY,1,0,0,,4,9.0,0,1,0,,,,,2020-09-15 06:26:15
19692125,,,0,,,,,,GIZELLE,1,0,0,,4,9.0,0,1,0,,,,,2020-09-15 06:26:15
19692145,,,0,,,,,,ESIRNUS,1,0,0,,4,1.0,0,1,0,,,,,2020-09-15 06:26:15
19692165,,,0,,,,,,AIR FUN,1,0,0,,4,,0,1,0,,,,,2020-09-15 06:26:15
19692185,,,0,,,,,,CRANBERRY,1,0,0,,4,,0,1,0,,,,,2020-09-15 06:26:15
19692201,,,0,,,,,,PIG PARTY,1,0,0,,4,,0,1,0,,,,,2020-09-15 06:26:15
19692221,,,0,,,,,,CHANGE WATER,1,0,0,,4,8.0,0,1,0,,,,,2020-09-15 06:26:15
19692261,,,0,,,,,,SPACE ODYSSEY,1,0,0,,4,,0,1,0,,,,,2020-09-15 06:26:15
19692281,,,0,,,,,,UNSOCIABLE,1,0,0,,4,,0,1,0,,,,,2020-09-15 06:26:15
19692307,,,0,,,,,,NASH'S ABBEY,1,0,0,,4,8.0,0,1,0,,,,,2020-09-15 06:26:15
19692341,,,0,,,,,,PERFIDIA,1,0,0,,4,,0,1,0,,,,,2020-09-15 06:26:15
19692367,,,0,,,,,,GRECIAN SILK,1,0,0,,4,,0,1,0,,,,,2020-09-15 06:26:15
19692387,,,0,,,,,,MY CAMILLE,1,0,0,,4,1.0,0,1,0,,,,,2020-09-15 06:26:15
19692509,,,0,,,,,,LUMBERED ACCOUNT,1,0,0,,4,,0,1,0,,,,,2020-09-15 06:26:15
19692605,,,0,,,,,,LA FRANZETTE,1,0,0,,4,,0,1,0,,,,,2020-09-15 06:26:15
19692625,,,0,,,,,,LADY EDGAR,1,0,0,,4,,0,1,0,,,,,2020-09-15 06:26:15
19692685,,,0,,,,,,PENTHOUSE PENNY,1,0,0,,4,,0,1,0,,,,,2020-09-15 06:26:15
19692721,,,0,,,,,,FADED GLORY,1,0,0,,4,,0,1,0,,,,,2020-09-15 06:26:15
19692741,,,0,,,,,,MY DARLING,1,0,0,,4,1.0,0,1,0,,,,,2020-09-15 06:26:15
19692781,,,0,,,,,,HAWAIIAN DANCER,1,0,0,,4,,0,1,0,,,,,2020-09-15 06:26:15
19692943,,,0,,,,,,ANGEL FACE,1,0,0,,4,,0,1,0,,,,,2020-09-15 06:26:15
19693142,,,0,,,,,,SEPTEMBER,1,0,0,,4,,0,1,0,,,,,2020-09-15 06:26:15
19693182,,,0,,,,,,MY SONG,1,0,0,,4,8.0,0,1,0,,,,,2020-09-15 06:26:15
19693788,,,0,,,,,,TANGINA,1,0,0,,4,,0,1,0,,,,,2020-09-15 06:26:15
19693824,,,0,,,,,,INTERNATIONAL DISH,1,0,0,,4,,0,1,0,,,,,2020-09-15 06:26:15
19693844,,,0,,,,,,REBELFILLIA,1,0,0,,4,,0,1,0,,,,,2020-09-15 06:26:15
19693864,,,0,,,,,,REBELDEEN,1,0,0,,4,8.0,0,1,0,,,,,2020-09-15 06:26:15
19693884,,,0,,,,,,ROSENDYKE,1,0,0,,4,,0,1,0,,,,,2020-09-15 06:26:15
19693900,,,0,,,,,,CRACK ON,1,0,0,,4,,0,1,0,,,,,2020-09-15 06:26:15
19693940,,,0,,,,,,HELWA,1,0,0,,4,,0,1,0,,,,,2020-09-15 06:26:15
19693960,,,0,,,,,,GRACIOUS SAKES,1,0,0,,4,,0,1,0,,,,,2020-09-15 06:26:15
19694285,,,0,,,,,,CURTAIN CALL,1,0,0,,4,,0,1,0,,,,,2020-09-15 06:26:15
19694361,,,0,,,,,,LOVE BUG,1,0,0,,4,1.0,0,1,0,,,,,2020-09-15 06:26:15
19700002,,,0,,,,,,ARBITRATION,1,0,0,,4,1.0,0,1,0,,,,,2020-09-15 06:26:15
19700022,,,0,,,,,,AGGREGATE,1,0,0,,4,1.0,0,1,0,,,,,2020-09-15 06:26:15
19700042,,,0,,,,,,AUSTERITY,1,0,0,,4,8.0,0,1,0,,,,,2020-09-15 06:26:15
19700062,,,0,,,,,,AS YOU LIKE IT,1,0,0,,4,1.0,0,1,0,,,,,2020-09-15 06:26:15
19700082,,,0,,,,,,AMOR INDIO,1,0,0,,4,1.0,0,1,0,,,,,2020-09-15 06:26:15
19700108,,,0,,,,,,ARTIFICE,1,0,0,,4,1.0,0,1,0,,,,,2020-09-15 06:26:15
19700128,,,0,,,,,,BIRBELLA,1,0,0,,4,1.0,0,1,0,,,,,2020-09-15 06:26:15
19700148,,,0,,,,,,BOBBISOX,1,0,0,,4,9.0,0,1,0,,,,,2020-09-15 06:26:15
19700168,,,0,,,,,,DIECAST,1,0,0,,4,1.0,0,1,0,,,,,2020-09-15 06:26:15
19700188,,,0,,,,,,EIGHT THIRTY,1,0,0,,4,1.0,0,1,0,,,,,2020-09-15 06:26:15
19700204,,,0,,,,,,EARLY BIRD,1,0,0,,4,1.0,0,1,0,,,,,2020-09-15 06:26:15
19700224,,,0,,,,,,EASTER MORN,1,0,0,,4,8.0,0,1,0,,,,,2020-09-15 06:26:15
19700244,,,0,,,,,,FLOWER SET,1,0,0,,4,8.0,0,1,0,,,,,2020-09-15 06:26:15
19700264,,,0,,,,,,GADABOUT,1,0,0,,4,1.0,0,1,0,,,,,2020-09-15 06:26:15
19700284,,,0,,,,,,HILL HOUSE,1,0,0,,4,1.0,0,1,0,,,,,2020-09-15 06:26:15
19700300,,,0,,,,,,JOAN OF ARC,1,0,0,,4,8.0,0,1,0,,,,,2020-09-15 06:26:15
19700320,,,0,,,,,,JEDAL,1,0,0,,4,4.0,0,1,0,,,,,2020-09-15 06:26:15
19700340,,,0,,,,,,LIBERTY BELLE,1,0,0,,4,1.0,0,1,0,,,,,2020-09-15 06:26:15
19700360,,,0,,,,,,LUCKY WONDER,1,0,0,,4,9.0,0,1,0,,,,,2020-09-15 06:26:15
19700380,,,0,,,,,,MISS SHINE ON,1,0,0,,4,,0,1,0,,,,,2020-09-15 06:26:15
19700406,,,0,,,,,,MISS AMERICA,1,0,0,,4,1.0,0,1,0,,,,,2020-09-15 06:26:15
19700426,,,0,,,,,,MEADOW LARK,1,0,0,,4,8.0,0,1,0,,,,,2020-09-15 06:26:15
19700446,,,0,,,,,,NORMA T.,1,0,0,,4,,0,1,0,,,,,2020-09-15 06:26:15
19700466,,,0,,,,,,ONCIDIUM,1,0,0,,4,9.0,0,1,0,,,,,2020-09-15 06:26:15
19700486,,,0,,,,,,PARTICIPATION,1,0,0,,4,8.0,0,1,0,,,,,2020-09-15 06:26:15
19700502,,,0,,,,,,PRIDE OF SARNEE,1,0,0,,4,1.0,0,1,0,,,,,2020-09-15 06:26:15
19700522,,,0,,,,,,PURPLE STAR,1,0,0,,4,1.0,0,1,0,,,,,2020-09-15 06:26:15
19700542,,,0,,,,,,PEG'S WAY,1,0,0,,4,8.0,0,1,0,,,,,2020-09-15 06:26:15
19700562,,,0,,,,,,POSITIVE ACTION,1,0,0,,4,1.0,0,1,0,,,,,2020-09-15 06:26:15
19700582,,,0,,,,,,RUCUMBINE,1,0,0,,4,8.0,0,1,0,,,,,2020-09-15 06:26:15
19700608,,,0,,,,,,REGAL BLOOM,1,0,0,,4,,0,1,0,,,,,2020-09-15 06:26:15
19700628,,,0,,,,,,ROSEY GOE,1,0,0,,4,1.0,0,1,0,,,,,2020-09-15 06:26:15
19700648,,,0,,,,,,ROSE ROYALE,1,0,0,,4,1.0,0,1,0,,,,,2020-09-15 06:26:15
19700668,,,0,,,,,,SEA WAVE,1,0,0,,4,8.0,0,1,0,,,,,2020-09-15 06:26:15
19700688,,,0,,,,,,SUMMER SPORT,1,0,0,,4,4.0,0,1,0,,,,,2020-09-15 06:26:15
19700704,,,0,,,,,,SPEED MENACE,1,0,0,,4,8.0,0,1,0,,,,,2020-09-15 06:26:15
19700724,,,0,,,,,,THE WHITE LADY,1,0,0,,4,9.0,0,1,0,,,,,2020-09-15 06:26:15
19700744,,,0,,,,,,TURBINE,1,0,0,,4,8.0,0,1,0,,,,,2020-09-15 06:26:15
19700764,,,0,,,,,,TOO SOON,1,0,0,,4,8.0,0,1,0,,,,,2020-09-15 06:26:15
19700784,,,0,,,,,,VICTORIAN AGE,1,0,0,,4,,0,1,0,,,,,2020-09-15 06:26:15
19700820,,,0,,,,,,SONGSTRESS,1,0,0,,4,1.0,0,1,0,,,,,2020-09-15 06:26:15
19700840,,,0,,,,,,SUMMER BREEZE,1,0,0,,4,8.0,0,1,0,,,,,2020-09-15 06:26:15
19700860,,,0,,,,,,SPARROW DANCER,1,0,0,,4,1.0,0,1,0,,,,,2020-09-15 06:26:15
19700880,,,0,,,,,,PRINCESS LEELA,1,0,0,,4,8.0,0,1,0,,,,,2020-09-15 06:26:15
19700906,,,0,,,,,,PATSY JO,1,0,0,,4,1.0,0,1,0,,,,,2020-09-15 06:26:15
19700926,,,0,,,,,,RICHMOND'S PRIDE,1,0,0,,4,1.0,0,1,0,,,,,2020-09-15 06:26:15
19700946,,,0,,,,,,JUNE DARLING,1,0,0,,4,1.0,0,1,0,,,,,2020-09-15 06:26:15
19700966,,,0,,,,,,SKY RIPPLE,1,0,0,,4,,0,1,0,,,,,2020-09-15 06:26:15
19700986,,,0,,,,,,BOLINAS GIRL,1,0,0,,4,,0,1,0,,,,,2020-09-15 06:26:15
19701009,,,0,,,,,,LADIES DAY,1,0,0,,4,4.0,0,1,0,,,,,2020-09-15 06:26:15
19701029,,,0,,,,,,BOLD ILLUSION,1,0,0,,4,,0,1,0,,,,,2020-09-15 06:26:15
19701049,,,0,,,,,,WALL STREET,1,0,0,,4,1.0,0,1,0,,,,,2020-09-15 06:26:15
19701069,,,0,,,,,,WELSH FURY,1,0,0,,4,,0,1,0,,,,,2020-09-15 06:26:15
19701089,,,0,,,,,,PARAMESE,1,0,0,,4,1.0,0,1,0,,,,,2020-09-15 06:26:15
19701105,,,0,,,,,,SEI-C-BELLE,1,0,0,,4,1.0,0,1,0,,,,,2020-09-15 06:26:15
19701125,,,0,,,,,,WHISTLING GIRL,1,0,0,,4,8.0,0,1,0,,,,,2020-09-15 06:26:15
19701145,,,0,,,,,,ZELPAH,1,0,0,,4,,0,1,0,,,,,2020-09-15 06:26:15
19701165,,,0,,,,,,CRICKETONTHEHEARTH,1,0,0,,4,,0,1,0,,,,,2020-09-15 06:26:15
19701185,,,0,,,,,,MIDDLE SCHOOL,1,0,0,,4,,0,1,0,,,,,2020-09-15 06:26:15
19701201,,,0,,,,,,CHATTERBOX,1,0,0,,4,,0,1,0,,,,,2020-09-15 06:26:15
19701221,,,0,,,,,,KHALICO,1,0,0,,4,8.0,0,1,0,,,,,2020-09-15 06:26:15
19701241,,,0,,,,,,PETITE FILLE,1,0,0,,4,1.0,0,1,0,,,,,2020-09-15 06:26:15
19701307,,,0,,,,,,HARMONIOUS,1,0,0,,4,1.0,0,1,0,,,,,2020-09-15 06:26:15
19701327,,,0,,,,,,SHIRLEY P,1,0,0,,4,,0,1,0,,,,,2020-09-15 06:26:15
19701589,,,0,,,,,,MUSKETEER MISS,1,0,0,,4,,0,1,0,,,,,2020-09-15 06:26:15
19701625,,,0,,,,,,PONTE VECCHIO,1,0,0,,4,,0,1,0,,,,,2020-09-15 06:26:15
19701761,,,0,,,,,,SUB LADY,1,0,0,,4,,0,1,0,,,,,2020-09-15 06:26:15
19701781,,,0,,,,,,PUDDIE Q,1,0,0,,4,1.0,0,1,0,,,,,2020-09-15 06:26:15
19701807,,,0,,,,,,CALIPHAH,1,0,0,,4,8.0,0,1,0,,,,,2020-09-15 06:26:15
19701867,,,0,,,,,,JUST PENNY,1,0,0,,4,8.0,0,1,0,,,,,2020-09-15 06:26:15
19702026,,,0,,,,,,BECKY T,1,0,0,,4,1.0,0,1,0,,,,,2020-09-15 06:26:15
19702046,,,0,,,,,,MILLINERY LADY,1,0,0,,4,,0,1,0,,,,,2020-09-15 06:26:15
19702066,,,0,,,,,,BREAKFAST BELL,1,0,0,,4,8.0,0,1,0,,,,,2020-09-15 06:26:15
19702086,,,0,,,,,,BONMORN,1,0,0,,4,8.0,0,1,0,,,,,2020-09-15 06:26:15
19702122,,,0,,,,,,SEX APPEAL,1,0,0,,4,8.0,0,1,0,,,,,2020-09-15 06:26:15
19702142,,,0,,,,,,JEROY,1,0,0,,4,,0,1,0,,,,,2020-09-15 06:26:15
19702182,,,0,,,,,,PRINCESS CROZIER,1,0,0,,4,,0,1,0,,,,,2020-09-15 06:26:15
19702228,,,0,,,,,,KILLALOE,1,0,0,,4,1.0,0,1,0,,,,,2020-09-15 06:26:15
19702248,,,0,,,,,,RESTING WIND,1,0,0,,4,,0,1,0,,,,,2020-09-15 06:26:15
19702288,,,0,,,,,,BUCKODAGO,1,0,0,,4,,0,1,0,,,,,2020-09-15 06:26:15
19702304,,,0,,,,,,SANTA RITA,1,0,0,,4,11.0,0,1,0,,,,,2020-09-15 06:26:15
19702321,,,0,,,,,,KALACUS,1,0,0,,4,9.0,0,1,0,,,,,2020-09-15 06:26:15
19702344,,,0,,,,,,KIMBERLEY JUNE,1,0,0,,4,,0,1,0,,,,,2020-09-15 06:26:15
19702364,,,0,,,,,,HARDY CLIMBER,1,0,0,,4,,0,1,0,,,,,2020-09-15 06:26:15
19702384,,,0,,,,,,JAMCO,1,0,0,,4,1.0,0,1,0,,,,,2020-09-15 06:26:15
19702400,,,0,,,,,,EMERALD LANDING,1,0,0,,4,1.0,0,1,0,,,,,2020-09-15 06:26:15
19702420,,,0,,,,,,ARCTIC FANCY,1,0,0,,4,1.0,0,1,0,,,,,2020-09-15 06:26:15
19702440,,,0,,,,,,DANCING BEND,1,0,0,,4,1.0,0,1,0,,,,,2020-09-15 06:26:15
19702460,,,0,,,,,,PANDORA,1,0,0,,4,8.0,0,1,0,,,,,2020-09-15 06:26:15
19702480,,,0,,,,,,BEAULIEU,1,0,0,,4,1.0,0,1,0,,,,,2020-09-15 06:26:15
19702622,,,0,,,,,,EVASIVE,1,0,0,,4,,0,1,0,,,,,2020-09-15 06:26:15
19702748,,,0,,,,,,ROYAL WISH,1,0,0,,4,,0,1,0,,,,,2020-09-15 06:26:15
19702900,,,0,,,,,,RESTLESS DEW,1,0,0,,4,,0,1,0,,,,,2020-09-15 06:26:15
19702920,,,0,,,,,,PANTS,1,0,0,,4,,0,1,0,,,,,2020-09-15 06:26:15
19703301,,,0,,,,,,HOWAMI DOING,1,0,0,,4,,0,1,0,,,,,2020-09-15 06:26:15
19703669,,,0,,,,,,BUH BUH BUH BOLD,1,0,0,,4,,0,1,0,,,,,2020-09-15 06:26:15
19703745,,,0,,,,,,MINT COPY,1,0,0,,4,,0,1,0,,,,,2020-09-15 06:26:15
19703765,,,0,,,,,,DANDY DAY,1,0,0,,4,1.0,0,1,0,,,,,2020-09-15 06:26:15
19704166,,,0,,,,,,FLOWERSET,1,0,0,,4,,0,1,0,,,,,2020-09-15 06:26:15
19704202,,,0,,,,,,QUEEN O'FLEET,1,0,0,,4,,0,1,0,,,,,2020-09-15 06:26:15
19704328,,,0,,,,,,CHATEAUCREEK,1,0,0,,4,,0,1,0,,,,,2020-09-15 06:26:15
19710000,,,0,,,,,,BRIGHT BABE,1,0,0,,4,1.0,0,1,0,,,,,2020-09-15 06:26:15
19710020,,,0,,,,,,CHOUGH,1,0,0,,4,8.0,0,1,0,,,,,2020-09-15 06:26:15
19710040,,,0,,,,,,CROWN JEWEL,1,0,0,,4,1.0,0,1,0,,,,,2020-09-15 06:26:15
19710060,,,0,,,,,,DRONE SPY,1,0,0,,4,8.0,0,1,0,,,,,2020-09-15 06:26:15
19710080,,,0,,,,,,DEBRETTE,1,0,0,,4,1.0,0,1,0,,,,,2020-09-15 06:26:15
19710106,,,0,,,,,,EXODUS,1,0,0,,4,1.0,0,1,0,,,,,2020-09-15 06:26:15
19710126,,,0,,,,,,EUNICE,1,0,0,,4,8.0,0,1,0,,,,,2020-09-15 06:26:15
19710146,,,0,,,,,,FATHER'S CHILD,1,0,0,,4,,0,1,0,,,,,2020-09-15 06:26:15
19710166,,,0,,,,,,FAIRY PRINCESS,1,0,0,,4,9.0,0,1,0,,,,,2020-09-15 06:26:15
19710186,,,0,,,,,,FLORIDIAN,1,0,0,,4,1.0,0,1,0,,,,,2020-09-15 06:26:15
19710202,,,0,,,,,,GRAND PARADE,1,0,0,,4,1.0,0,1,0,,,,,2020-09-15 06:26:15
19710222,,,0,,,,,,GLEE,1,0,0,,4,,0,1,0,,,,,2020-09-15 06:26:15
19710242,,,0,,,,,,GOLDA,1,0,0,,4,8.0,0,1,0,,,,,2020-09-15 06:26:15
19710262,,,0,,,,,,HOMEWARD BOUND,1,0,0,,4,8.0,0,1,0,,,,,2020-09-15 06:26:15
19710282,,,0,,,,,,JULES,1,0,0,,4,1.0,0,1,0,,,,,2020-09-15 06:26:15
19710308,,,0,,,,,,KAYRIS,1,0,0,,4,1.0,0,1,0,,,,,2020-09-15 06:26:15
19710328,,,0,,,,,,LITTLE MO,1,0,0,,4,1.0,0,1,0,,,,,2020-09-15 06:26:15
19710348,,,0,,,,,,LA BELLE ETOILE,1,0,0,,4,9.0,0,1,0,,,,,2020-09-15 06:26:15
19710368,,,0,,,,,,LANCE'S SONG,1,0,0,,4,8.0,0,1,0,,,,,2020-09-15 06:26:15
19710388,,,0,,,,,,LA GOLONDRINA,1,0,0,,4,1.0,0,1,0,,,,,2020-09-15 06:26:15
19710404,,,0,,,,,,MISS TATS,1,0,0,,4,8.0,0,1,0,,,,,2020-09-15 06:26:15
19710424,,,0,,,,,,NIGHT SPRITE,1,0,0,,4,1.0,0,1,0,,,,,2020-09-15 06:26:15
19710444,,,0,,,,,,NEVER FORGET,1,0,0,,4,,0,1,0,,,,,2020-09-15 06:26:15
19710464,,,0,,,,,,NEPTUNE'S DAUGHTER,1,0,0,,4,,0,1,0,,,,,2020-09-15 06:26:15
19710484,,,0,,,,,,NIC COLLEEN,1,0,0,,4,8.0,0,1,0,,,,,2020-09-15 06:26:15
19710500,,,0,,,,,,ON THE BALL,1,0,0,,4,8.0,0,1,0,,,,,2020-09-15 06:26:15
19710520,,,0,,,,,,ROSEY ROMAN,1,0,0,,4,1.0,0,1,0,,,,,2020-09-15 06:26:15
19710540,,,0,,,,,,REGAL BESS,1,0,0,,4,1.0,0,1,0,,,,,2020-09-15 06:26:15
19710560,,,0,,,,,,ROCKET'S DESIRE,1,0,0,,4,1.0,0,1,0,,,,,2020-09-15 06:26:15
19710580,,,0,,,,,,SIGNIFICANT,1,0,0,,4,8.0,0,1,0,,,,,2020-09-15 06:26:15
19710606,,,0,,,,,,SILVER BONNET,1,0,0,,4,1.0,0,1,0,,,,,2020-09-15 06:26:15
19710626,,,0,,,,,,SHARKIM,1,0,0,,4,1.0,0,1,0,,,,,2020-09-15 06:26:15
19710646,,,0,,,,,,TIDDLEWINKS,1,0,0,,4,1.0,0,1,0,,,,,2020-09-15 06:26:15
19710666,,,0,,,,,,TITANIA,1,0,0,,4,4.0,0,1,0,,,,,2020-09-15 06:26:15
19710686,,,0,,,,,,TEPID ROMAN,1,0,0,,4,,0,1,0,,,,,2020-09-15 06:26:15
19710702,,,0,,,,,,WHISPER,1,0,0,,4,1.0,0,1,0,,,,,2020-09-15 06:26:15
19710742,,,0,,,,,,ZALOTE,1,0,0,,4,9.0,0,1,0,,,,,2020-09-15 06:26:15
19710762,,,0,,,,,,MAGIC WAND,1,0,0,,4,1.0,0,1,0,,,,,2020-09-15 06:26:15
19710782,,,0,,,,,,ZALUCIE,1,0,0,,4,4.0,0,1,0,,,,,2020-09-15 06:26:15
19710808,,,0,,,,,,SHARIS LA MOUR,1,0,0,,4,8.0,0,1,0,,,,,2020-09-15 06:26:15
19710828,,,0,,,,,,ANNABELLE,1,0,0,,4,1.0,0,1,0,,,,,2020-09-15 06:26:15
19710848,,,0,,,,,,QUEEN OF SPADES,1,0,0,,4,4.0,0,1,0,,,,,2020-09-15 06:26:15
19710868,,,0,,,,,,GALAXY DANCER,1,0,0,,4,,0,1,0,,,,,2020-09-15 06:26:15
19710888,,,0,,,,,,LADY WONG,1,0,0,,4,1.0,0,1,0,,,,,2020-09-15 06:26:15
19710904,,,0,,,,,,HUMBLE PIE,1,0,0,,4,1.0,0,1,0,,,,,2020-09-15 06:26:15
19710924,,,0,,,,,,HEIRESS,1,0,0,,4,1.0,0,1,0,,,,,2020-09-15 06:26:15
19710964,,,0,,,,,,AMISS,1,0,0,,4,,0,1,0,,,,,2020-09-15 06:26:15
19710984,,,0,,,,,,LADY DE VILLE,1,0,0,,4,,0,1,0,,,,,2020-09-15 06:26:15
19711087,,,0,,,,,,PASSION,1,0,0,,4,,0,1,0,,,,,2020-09-15 06:26:15
19711103,,,0,,,,,,SWEETIE WATERS,1,0,0,,4,,0,1,0,,,,,2020-09-15 06:26:15
19711123,,,0,,,,,,HONEY SLIPPER,1,0,0,,4,4.0,0,1,0,,,,,2020-09-15 06:26:15
19711143,,,0,,,,,,HOPE DEMON,1,0,0,,4,,0,1,0,,,,,2020-09-15 06:26:15
19711163,,,0,,,,,,SWEET RAPPORT,1,0,0,,4,,0,1,0,,,,,2020-09-15 06:26:15
19711209,,,0,,,,,,BRILLANT SAGE,1,0,0,,4,,0,1,0,,,,,2020-09-15 06:26:15
19711229,,,0,,,,,,ROYAL POWDER,1,0,0,,4,,0,1,0,,,,,2020-09-15 06:26:15
19711269,,,0,,,,,,DISCIPLINED JO,1,0,0,,4,,0,1,0,,,,,2020-09-15 06:26:15
19711289,,,0,,,,,,SLIP AWAY,1,0,0,,4,,0,1,0,,,,,2020-09-15 06:26:15
19711401,,,0,,,,,,ALLURING WOMAN,1,0,0,,4,,0,1,0,,,,,2020-09-15 06:26:15
19711441,,,0,,,,,,CAPITAL GAIN,1,0,0,,4,,0,1,0,,,,,2020-09-15 06:26:15
19711527,,,0,,,,,,PERKY'S BID,1,0,0,,4,,0,1,0,,,,,2020-09-15 06:26:15
19711587,,,0,,,,,,HAPPY SUSAN,1,0,0,,4,,0,1,0,,,,,2020-09-15 06:26:15
19711789,,,0,,,,,,COMMAND,1,0,0,,4,,0,1,0,,,,,2020-09-15 06:26:15
19711901,,,0,,,,,,MY BUSH BABY,1,0,0,,4,,0,1,0,,,,,2020-09-15 06:26:15
19711921,,,0,,,,,,FOOLISH IMPULSE,1,0,0,,4,1.0,0,1,0,,,,,2020-09-15 06:26:15
19712024,,,0,,,,,,VERY HAUDI,1,0,0,,4,8.0,0,1,0,,,,,2020-09-15 06:26:15
19712120,,,0,,,,,,HONKY STAR,1,0,0,,4,,0,1,0,,,,,2020-09-15 06:26:15
19712206,,,0,,,,,,EXOTIC GARDEN,1,0,0,,4,1.0,0,1,0,,,,,2020-09-15 06:26:15
19712226,,,0,,,,,,ASSEMBLYWOMAN,1,0,0,,4,,0,1,0,,,,,2020-09-15 06:26:15
19712246,,,0,,,,,,STRUT YOUR STUFF,1,0,0,,4,,0,1,0,,,,,2020-09-15 06:26:15
19712286,,,0,,,,,,STAGE DOOR BETTY,1,0,0,,4,,0,1,0,,,,,2020-09-15 06:26:15
19712342,,,0,,,,,,PETITE ROCKETTE,1,0,0,,4,,0,1,0,,,,,2020-09-15 06:26:15
19712408,,,0,,,,,,FORTUNATE BID,1,0,0,,4,,0,1,0,,,,,2020-09-15 06:26:15
19712428,,,0,,,,,,DEAR EDITOR,1,0,0,,4,8.0,0,1,0,,,,,2020-09-15 06:26:15
19712448,,,0,,,,,,REBEL'S DREAM,1,0,0,,4,,0,1,0,,,,,2020-09-15 06:26:15
19712468,,,0,,,,,,ROYAJET,1,0,0,,4,,0,1,0,,,,,2020-09-15 06:26:15
19712488,,,0,,,,,,SHIFTY GYPSY,1,0,0,,4,,0,1,0,,,,,2020-09-15 06:26:15
19712504,,,0,,,,,,HYTANIA,1,0,0,,4,1.0,0,1,0,,,,,2020-09-15 06:26:15
19712524,,,0,,,,,,SPANKED,1,0,0,,4,1.0,0,1,0,,,,,2020-09-15 06:26:15
19712544,,,0,,,,,,HOPESPRINGSETERNAL,1,0,0,,4,8.0,0,1,0,,,,,2020-09-15 06:26:15
19712564,,,0,,,,,,SHOWYOURSELF,1,0,0,,4,1.0,0,1,0,,,,,2020-09-15 06:26:15
19712584,,,0,,,,,,RIDE THE TRAILS,1,0,0,,4,1.0,0,1,0,,,,,2020-09-15 06:26:15
19712620,,,0,,,,,,DESPERATE ACTIONS,1,0,0,,4,8.0,0,1,0,,,,,2020-09-15 06:26:15
19712640,,,0,,,,,,SENSIBILITY,1,0,0,,4,1.0,0,1,0,,,,,2020-09-15 06:26:15
19712680,,,0,,,,,,POCOMANIA,1,0,0,,4,,0,1,0,,,,,2020-09-15 06:26:15
19712706,,,0,,,,,,PARIS BREEZE,1,0,0,,4,,0,1,0,,,,,2020-09-15 06:26:15
19712726,,,0,,,,,,ROYAL LOOM,1,0,0,,4,1.0,0,1,0,,,,,2020-09-15 06:26:15
19712766,,,0,,,,,,STRIKE A POSE,1,0,0,,4,9.0,0,1,0,,,,,2020-09-15 06:26:15
19712786,,,0,,,,,,MELROSE NUGGET,1,0,0,,4,,0,1,0,,,,,2020-09-15 06:26:15
19712822,,,0,,,,,,LANDERA,1,0,0,,4,1.0,0,1,0,,,,,2020-09-15 06:26:15
19712842,,,0,,,,,,QUICK CURE,1,0,0,,4,8.0,0,1,0,,,,,2020-09-15 06:26:15
19712862,,,0,,,,,,DAME D' ARGENT,1,0,0,,4,9.0,0,1,0,,,,,2020-09-15 06:26:15
19712882,,,0,,,,,,LADY BOLD HOUR,1,0,0,,4,8.0,0,1,0,,,,,2020-09-15 06:26:15
19713001,,,0,,,,,,WIN 'N' SMILE,1,0,0,,4,,0,1,0,,,,,2020-09-15 06:26:15
19713021,,,0,,,,,,NATIVE PENNY,1,0,0,,4,,0,1,0,,,,,2020-09-15 06:26:15
19713041,,,0,,,,,,KHAL STELLA,1,0,0,,4,,0,1,0,,,,,2020-09-15 06:26:15
19713061,,,0,,,,,,BIRD OF PARADISE,1,0,0,,4,,0,1,0,,,,,2020-09-15 06:26:15
19713081,,,0,,,,,,DACOS DAPPLE,1,0,0,,4,,0,1,0,,,,,2020-09-15 06:26:15
19713107,,,0,,,,,,ELECTRA,1,0,0,,4,,0,1,0,,,,,2020-09-15 06:26:15
19713127,,,0,,,,,,KAYS JOY,1,0,0,,4,,0,1,0,,,,,2020-09-15 06:26:15
19713147,,,0,,,,,,ROSADA,1,0,0,,4,,0,1,0,,,,,2020-09-15 06:26:15
19713203,,,0,,,,,,HASTY MISS,1,0,0,,4,,0,1,0,,,,,2020-09-15 06:26:15
19713263,,,0,,,,,,KITTIWAKE,1,0,0,,4,,0,1,0,,,,,2020-09-15 06:26:15
19713329,,,0,,,,,,LA BASQUE,1,0,0,,4,,0,1,0,,,,,2020-09-15 06:26:15
19713349,,,0,,,,,,MADAME POMPIDOU,1,0,0,,4,1.0,0,1,0,,,,,2020-09-15 06:26:15
19713501,,,0,,,,,,GOLDEN GODDESS,1,0,0,,4,8.0,0,1,0,,,,,2020-09-15 06:26:15
19713627,,,0,,,,,,ROUNDUP ROSE,1,0,0,,4,,0,1,0,,,,,2020-09-15 06:26:15
19713667,,,0,,,,,,K D PRINCESS,1,0,0,,4,,0,1,0,,,,,2020-09-15 06:26:15
19713687,,,0,,,,,,MARK OVER,1,0,0,,4,,0,1,0,,,,,2020-09-15 06:26:15
19713743,,,0,,,,,,POJARSKY,1,0,0,,4,,0,1,0,,,,,2020-09-15 06:26:15
19713763,,,0,,,,,,ARAMIA,1,0,0,,4,,0,1,0,,,,,2020-09-15 06:26:15
19713829,,,0,,,,,,MISS PROMPT,1,0,0,,4,,0,1,0,,,,,2020-09-15 06:26:15
19713945,,,0,,,,,,DID SHE AGREE,1,0,0,,4,,0,1,0,,,,,2020-09-15 06:26:15
19720008,,,0,,,,,,BOLD DAMSEL,1,0,0,,4,1.0,0,1,0,,,,,2020-09-15 06:26:15
19720028,,,0,,,,,,BILLIE HOLIDAY,1,0,0,,4,1.0,0,1,0,,,,,2020-09-15 06:26:15
19720048,,,0,,,,,,BOADECIA,1,0,0,,4,8.0,0,1,0,,,,,2020-09-15 06:26:15
19720068,,,0,,,,,,BAGLONDA,1,0,0,,4,1.0,0,1,0,,,,,2020-09-15 06:26:15
19720088,,,0,,,,,,CLASSY CATHY,1,0,0,,4,8.0,0,1,0,,,,,2020-09-15 06:26:15
19720104,,,0,,,,,,C'EST LA VIE,1,0,0,,4,1.0,0,1,0,,,,,2020-09-15 06:26:15
19720124,,,0,,,,,,CABARET,1,0,0,,4,9.0,0,1,0,,,,,2020-09-15 06:26:15
19720144,,,0,,,,,,EDITH PIAF,1,0,0,,4,8.0,0,1,0,,,,,2020-09-15 06:26:15
19720164,,,0,,,,,,EROICA,1,0,0,,4,8.0,0,1,0,,,,,2020-09-15 06:26:15
19720184,,,0,,,,,,FAIRY QUEEN,1,0,0,,4,9.0,0,1,0,,,,,2020-09-15 06:26:15
19720200,,,0,,,,,,GREY WARBLER,1,0,0,,4,9.0,0,1,0,,,,,2020-09-15 06:26:15
19720220,,,0,,,,,,LULLABY,1,0,0,,4,9.0,0,1,0,,,,,2020-09-15 06:26:15
19720240,,,0,,,,,,LOVE AFFAIR,1,0,0,,4,8.0,0,1,0,,,,,2020-09-15 06:26:15
19720260,,,0,,,,,,MONET,1,0,0,,4,1.0,0,1,0,,,,,2020-09-15 06:26:15
19720280,,,0,,,,,,MIRTH,1,0,0,,4,1.0,0,1,0,,,,,2020-09-15 06:26:15
19720306,,,0,,,,,,NOTRE DAME,1,0,0,,4,8.0,0,1,0,,,,,2020-09-15 06:26:15
19720326,,,0,,,,,,NOBLE QUEEN,1,0,0,,4,1.0,0,1,0,,,,,2020-09-15 06:26:15
19720346,,,0,,,,,,POLLYWOOD,1,0,0,,4,1.0,0,1,0,,,,,2020-09-15 06:26:15
19720366,,,0,,,,,,PRIORITY,1,0,0,,4,8.0,0,1,0,,,,,2020-09-15 06:26:15
19720386,,,0,,,,,,PRINCESS INDRIA,1,0,0,,4,1.0,0,1,0,,,,,2020-09-15 06:26:15
19720402,,,0,,,,,,ROCKET'S JILL,1,0,0,,4,8.0,0,1,0,,,,,2020-09-15 06:26:15
19720422,,,0,,,,,,STARRY HALO,1,0,0,,4,1.0,0,1,0,,,,,2020-09-15 06:26:15
19720442,,,0,,,,,,SILLY SEASON,1,0,0,,4,1.0,0,1,0,,,,,2020-09-15 06:26:15
19720462,,,0,,,,,,SHOUT AGAIN,1,0,0,,4,,0,1,0,,,,,2020-09-15 06:26:15
19720482,,,0,,,,,,THE PRINCESS,1,0,0,,4,1.0,0,1,0,,,,,2020-09-15 06:26:15
19720508,,,0,,,,,,VIVACIOUS,1,0,0,,4,9.0,0,1,0,,,,,2020-09-15 06:26:15
19720528,,,0,,,,,,VIRENE,1,0,0,,4,1.0,0,1,0,,,,,2020-09-15 06:26:15
19720548,,,0,,,,,,WELCOME,1,0,0,,4,1.0,0,1,0,,,,,2020-09-15 06:26:15
19720568,,,0,,,,,,WARIAN QUEEN,1,0,0,,4,1.0,0,1,0,,,,,2020-09-15 06:26:15
19720588,,,0,,,,,,VALENTI'S TUNE,1,0,0,,4,8.0,0,1,0,,,,,2020-09-15 06:26:15
19720604,,,0,,,,,,GRAFFITTI,1,0,0,,4,8.0,0,1,0,,,,,2020-09-15 06:26:15
19720624,,,0,,,,,,GOLDEN CHIEFTAIN,1,0,0,,4,8.0,0,1,0,,,,,2020-09-15 06:26:15
19720644,,,0,,,,,,JOY'S MISTY,1,0,0,,4,,0,1,0,,,,,2020-09-15 06:26:15
19720664,,,0,,,,,,MISS COHEN,1,0,0,,4,1.0,0,1,0,,,,,2020-09-15 06:26:15
19720684,,,0,,,,,,SOME TREASURE,1,0,0,,4,4.0,0,1,0,,,,,2020-09-15 06:26:15
19720700,,,0,,,,,,UNI-SAL,1,0,0,,4,8.0,0,1,0,,,,,2020-09-15 06:26:15
19720720,,,0,,,,,,BAG ROYALE,1,0,0,,4,,0,1,0,,,,,2020-09-15 06:26:15
19720740,,,0,,,,,,GLOBE TROTTER,1,0,0,,4,1.0,0,1,0,,,,,2020-09-15 06:26:15
19720760,,,0,,,,,,WHOOPS,1,0,0,,4,1.0,0,1,0,,,,,2020-09-15 06:26:15
19720780,,,0,,,,,,TWISTER,1,0,0,,4,8.0,0,1,0,,,,,2020-09-15 06:26:15
19720806,,,0,,,,,,PENNYCREST,1,0,0,,4,8.0,0,1,0,,,,,2020-09-15 06:26:15
19720826,,,0,,,,,,BE QUICK,1,0,0,,4,1.0,0,1,0,,,,,2020-09-15 06:26:15
19720846,,,0,,,,,,ESSOLETTE,1,0,0,,4,1.0,0,1,0,,,,,2020-09-15 06:26:15
19720866,,,0,,,,,,HER LADY LEE,1,0,0,,4,,0,1,0,,,,,2020-09-15 06:26:15
19720902,,,0,,,,,,MISS JASMINE,1,0,0,,4,,0,1,0,,,,,2020-09-15 06:26:15
19720942,,,0,,,,,,SUTAWNEE,1,0,0,,4,8.0,0,1,0,,,,,2020-09-15 06:26:15
19720962,,,0,,,,,,MISS GOFORE,1,0,0,,4,,0,1,0,,,,,2020-09-15 06:26:15
19720982,,,0,,,,,,MISTY HOLLY,1,0,0,,4,,0,1,0,,,,,2020-09-15 06:26:15
19721005,,,0,,,,,,PRETTY ROYAL,1,0,0,,4,,0,1,0,,,,,2020-09-15 06:26:15
19721025,,,0,,,,,,BINGO MARY,1,0,0,,4,,0,1,0,,,,,2020-09-15 06:26:15
19721045,,,0,,,,,,BEQUECLAN,1,0,0,,4,8.0,0,1,0,,,,,2020-09-15 06:26:15
19721085,,,0,,,,,,ELOPE,1,0,0,,4,,0,1,0,,,,,2020-09-15 06:26:15
19721101,,,0,,,,,,CHESSY REE,1,0,0,,4,8.0,0,1,0,,,,,2020-09-15 06:26:15
19721121,,,0,,,,,,ANNIE'S HEELS,1,0,0,,4,,0,1,0,,,,,2020-09-15 06:26:15
19721141,,,0,,,,,,EVENING ECSTASY,1,0,0,,4,,0,1,0,,,,,2020-09-15 06:26:15
19721585,,,0,,,,,,TROPICAL HAZE,1,0,0,,4,,0,1,0,,,,,2020-09-15 06:26:15
19721661,,,0,,,,,,GIVE OR GET,1,0,0,,4,,0,1,0,,,,,2020-09-15 06:26:15
19721727,,,0,,,,,,HAIL TO EL,1,0,0,,4,1.0,0,1,0,,,,,2020-09-15 06:26:15
19721767,,,0,,,,,,HALF A BARGIN,1,0,0,,4,,0,1,0,,,,,2020-09-15 06:26:15
19721787,,,0,,,,,,PAL SAL,1,0,0,,4,,0,1,0,,,,,2020-09-15 06:26:15
19721863,,,0,,,,,,EASTERN INTRIGUE,1,0,0,,4,8.0,0,1,0,,,,,2020-09-15 06:26:15
19721969,,,0,,,,,,FLAMING PATH,1,0,0,,4,1.0,0,1,0,,,,,2020-09-15 06:26:15
19722022,,,0,,,,,,LANDING GAL,1,0,0,,4,,0,1,0,,,,,2020-09-15 06:26:15
19722188,,,0,,,,,,COY MAID,1,0,0,,4,,0,1,0,,,,,2020-09-15 06:26:15
19722204,,,0,,,,,,DONNAGILL,1,0,0,,4,,0,1,0,,,,,2020-09-15 06:26:15
19722224,,,0,,,,,,BLUEGRASS BALL,1,0,0,,4,,0,1,0,,,,,2020-09-15 06:26:15
19722244,,,0,,,,,,DONNA'S DARLIN,1,0,0,,4,,0,1,0,,,,,2020-09-15 06:26:15
19722264,,,0,,,,,,PAHLAVI,1,0,0,,4,8.0,0,1,0,,,,,2020-09-15 06:26:15
19722284,,,0,,,,,,SEMINOLE GIRL,1,0,0,,4,,0,1,0,,,,,2020-09-15 06:26:15
19722300,,,0,,,,,,MY TURN TONIGHT,1,0,0,,4,,0,1,0,,,,,2020-09-15 06:26:15
19722340,,,0,,,,,,TEN CENTS,1,0,0,,4,1.0,0,1,0,,,,,2020-09-15 06:26:15
19722360,,,0,,,,,,INDIAN MAID,1,0,0,,4,8.0,0,1,0,,,,,2020-09-15 06:26:15
19722380,,,0,,,,,,LITTLE PRINCESS,1,0,0,,4,9.0,0,1,0,,,,,2020-09-15 06:26:15
19722446,,,0,,,,,,TRUANCY,1,0,0,,4,8.0,0,1,0,,,,,2020-09-15 06:26:15
19722466,,,0,,,,,,ALWAYS A PRINCESS,1,0,0,,4,,0,1,0,,,,,2020-09-15 06:26:15
19722502,,,0,,,,,,NATIVE JEZIBEL,1,0,0,,4,,0,1,0,,,,,2020-09-15 06:26:15
19722562,,,0,,,,,,SOFT KISS,1,0,0,,4,,0,1,0,,,,,2020-09-15 06:26:15
19722582,,,0,,,,,,GLISK,1,0,0,,4,1.0,0,1,0,,,,,2020-09-15 06:26:15
19722608,,,0,,,,,,NO NAME DEFENCE,1,0,0,,4,8.0,0,1,0,,,,,2020-09-15 06:26:15
19722648,,,0,,,,,,FLAMA ARDIENTE,1,0,0,,4,8.0,0,1,0,,,,,2020-09-15 06:26:15
19722668,,,0,,,,,,MOON GLITTER,1,0,0,,4,11.0,0,1,0,,,,,2020-09-15 06:26:15
19722688,,,0,,,,,,EQUAL CHANGE,1,0,0,,4,8.0,0,1,0,,,,,2020-09-15 06:26:15
19722704,,,0,,,,,,NEW MENU,1,0,0,,4,1.0,0,1,0,,,,,2020-09-15 06:26:15
19722744,,,0,,,,,,BALLADE,1,0,0,,4,,0,1,0,,,,,2020-09-15 06:26:15
19722764,,,0,,,,,,POMADE,1,0,0,,4,8.0,0,1,0,,,,,2020-09-15 06:26:15
19722784,,,0,,,,,,ILLITERATE,1,0,0,,4,1.0,0,1,0,,,,,2020-09-15 06:26:15
19722820,,,0,,,,,,JAYAMBIC,1,0,0,,4,1.0,0,1,0,,,,,2020-09-15 06:26:15
19722840,,,0,,,,,,VICTORIA BEAUTY,1,0,0,,4,1.0,0,1,0,,,,,2020-09-15 06:26:15
19722860,,,0,,,,,,DORIC TYPE,1,0,0,,4,1.0,0,1,0,,,,,2020-09-15 06:26:16
19722880,,,0,,,,,,SUSPICIOUS NATIVE,1,0,0,,4,8.0,0,1,0,,,,,2020-09-15 06:26:16
19722906,,,0,,,,,,RISKAY REID,1,0,0,,4,,0,1,0,,,,,2020-09-15 06:26:16
19722926,,,0,,,,,,EXCELLENTLY,1,0,0,,4,1.0,0,1,0,,,,,2020-09-15 06:26:16
19722946,,,0,,,,,,GRACIOUS,1,0,0,,4,,0,1,0,,,,,2020-09-15 06:26:16
19722966,,,0,,,,,,FIFTH DIMENSION,1,0,0,,4,1.0,0,1,0,,,,,2020-09-15 06:26:16
19722986,,,0,,,,,,RUSSIAN PRINCESS,1,0,0,,4,8.0,0,1,0,,,,,2020-09-15 06:26:16
19723009,,,0,,,,,,STULCER,1,0,0,,4,,0,1,0,,,,,2020-09-15 06:26:16
19723049,,,0,,,,,,COLD REPLY,1,0,0,,4,8.0,0,1,0,,,,,2020-09-15 06:26:16
19723089,,,0,,,,,,SUGAR PLUM TIME,1,0,0,,4,8.0,0,1,0,,,,,2020-09-15 06:26:16
19723307,,,0,,,,,,OUR BETH,1,0,0,,4,,0,1,0,,,,,2020-09-15 06:26:16
19723387,,,0,,,,,,SALISH,1,0,0,,4,,0,1,0,,,,,2020-09-15 06:26:16
19723605,,,0,,,,,,COPERNICA,1,0,0,,4,,0,1,0,,,,,2020-09-15 06:26:16
19724102,,,0,,,,,,HOORAY HOORAY,1,0,0,,4,,0,1,0,,,,,2020-09-15 06:26:16
19724162,,,0,,,,,,MOLL BUZZER,1,0,0,,4,,0,1,0,,,,,2020-09-15 06:26:16
19724182,,,0,,,,,,RHOMBUS,1,0,0,,4,,0,1,0,,,,,2020-09-15 06:26:16
19724440,,,0,,,,,,SKY TOP,1,0,0,,4,,0,1,0,,,,,2020-09-15 06:26:16
19724526,,,0,,,,,,LOVE CALL,1,0,0,,4,,0,1,0,,,,,2020-09-15 06:26:16
19724586,,,0,,,,,,ROLLING STONER,1,0,0,,4,,0,1,0,,,,,2020-09-15 06:26:16
19730006,,,0,,,,,,AFFIDAVIT,1,0,0,,4,9.0,0,1,0,,,,,2020-09-15 06:26:16
19730026,,,0,,,,,,BELLA MIA,1,0,0,,4,8.0,0,1,0,,,,,2020-09-15 06:26:16
19730046,,,0,,,,,,BILLIE JEAN,1,0,0,,4,8.0,0,1,0,,,,,2020-09-15 06:26:16
19730066,,,0,,,,,,CHOP STICKS,1,0,0,,4,8.0,0,1,0,,,,,2020-09-15 06:26:16
19730086,,,0,,,,,,CONDUCTRESS,1,0,0,,4,1.0,0,1,0,,,,,2020-09-15 06:26:16
19730102,,,0,,,,,,DRAGON DANCE,1,0,0,,4,8.0,0,1,0,,,,,2020-09-15 06:26:16
19730122,,,0,,,,,,ELEGANTE,1,0,0,,4,,0,1,0,,,,,2020-09-15 06:26:16
19730142,,,0,,,,,,EASTER BONNET,1,0,0,,4,8.0,0,1,0,,,,,2020-09-15 06:26:16
19730162,,,0,,,,,,FINANCE MINISTER,1,0,0,,4,1.0,0,1,0,,,,,2020-09-15 06:26:16
19730182,,,0,,,,,,FULL GLORY,1,0,0,,4,8.0,0,1,0,,,,,2020-09-15 06:26:16
19730208,,,0,,,,,,GALLANT CALL,1,0,0,,4,1.0,0,1,0,,,,,2020-09-15 06:26:16
19730228,,,0,,,,,,HELL'S FURY,1,0,0,,4,8.0,0,1,0,,,,,2020-09-15 06:26:16
19730248,,,0,,,,,,HOT SHOT,1,0,0,,4,1.0,0,1,0,,,,,2020-09-15 06:26:16
19730268,,,0,,,,,,HIGH VOLTAGE,1,0,0,,4,1.0,0,1,0,,,,,2020-09-15 06:26:16
19730288,,,0,,,,,,IMPROVISATOR,1,0,0,,4,1.0,0,1,0,,,,,2020-09-15 06:26:16
19730304,,,0,,,,,,JOYCIE,1,0,0,,4,8.0,0,1,0,,,,,2020-09-15 06:26:16
19730324,,,0,,,,,,KANSU,1,0,0,,4,1.0,0,1,0,,,,,2020-09-15 06:26:16
19730344,,,0,,,,,,LADY'S BRIDGE,1,0,0,,4,4.0,0,1,0,,,,,2020-09-15 06:26:16
19730364,,,0,,,,,,LIVE WIRE,1,0,0,,4,8.0,0,1,0,,,,,2020-09-15 06:26:16
19730384,,,0,,,,,,LUSTRE,1,0,0,,4,1.0,0,1,0,,,,,2020-09-15 06:26:16
19730400,,,0,,,,,,MATA HARI,1,0,0,,4,4.0,0,1,0,,,,,2020-09-15 06:26:16
19730420,,,0,,,,,,MONICA'S CHARM,1,0,0,,4,1.0,0,1,0,,,,,2020-09-15 06:26:16
19730440,,,0,,,,,,MARIKA,1,0,0,,4,4.0,0,1,0,,,,,2020-09-15 06:26:16
19730460,,,0,,,,,,OVERALL,1,0,0,,4,1.0,0,1,0,,,,,2020-09-15 06:26:16
19730480,,,0,,,,,,PAS-DE-DEUX,1,0,0,,4,8.0,0,1,0,,,,,2020-09-15 06:26:16
19730506,,,0,,,,,,PIN PON ME,1,0,0,,4,1.0,0,1,0,,,,,2020-09-15 06:26:16
19730526,,,0,,,,,,REGAL SWEET,1,0,0,,4,1.0,0,1,0,,,,,2020-09-15 06:26:16
19730546,,,0,,,,,,SOLO WAY,1,0,0,,4,8.0,0,1,0,,,,,2020-09-15 06:26:16
19730566,,,0,,,,,,SUPREMUS GIRL,1,0,0,,4,1.0,0,1,0,,,,,2020-09-15 06:26:16
19730586,,,0,,,,,,TRIUMPHANT,1,0,0,,4,9.0,0,1,0,,,,,2020-09-15 06:26:16
19730602,,,0,,,,,,THE SWINGER,1,0,0,,4,1.0,0,1,0,,,,,2020-09-15 06:26:16
19730642,,,0,,,,,,TIMBREL,1,0,0,,4,1.0,0,1,0,,,,,2020-09-15 06:26:16
19730662,,,0,,,,,,VALLEY FORGE,1,0,0,,4,8.0,0,1,0,,,,,2020-09-15 06:26:16
19730682,,,0,,,,,,WOODLARK,1,0,0,,4,1.0,0,1,0,,,,,2020-09-15 06:26:16
19730708,,,0,,,,,,WHIZZ,1,0,0,,4,1.0,0,1,0,,,,,2020-09-15 06:26:16
19730728,,,0,,,,,,ZINNIA,1,0,0,,4,4.0,0,1,0,,,,,2020-09-15 06:26:16
19730748,,,0,,,,,,TUDOR ROSA,1,0,0,,4,1.0,0,1,0,,,,,2020-09-15 06:26:16
19730768,,,0,,,,,,SPINET,1,0,0,,4,1.0,0,1,0,,,,,2020-09-15 06:26:16
19730788,,,0,,,,,,RUSSIAN ROULETTE,1,0,0,,4,,0,1,0,,,,,2020-09-15 06:26:16
19730804,,,0,,,,,,HOT LINE,1,0,0,,4,1.0,0,1,0,,,,,2020-09-15 06:26:16
19730807,,,0,,,,,,TUDOR TRIUMPH,1,0,0,,4,1.0,0,1,0,,,,,2020-09-15 06:26:16
19730824,,,0,,,,,,RYDERMITE,1,0,0,,4,1.0,0,1,0,,,,,2020-09-15 06:26:16
19730844,,,0,,,,,,VALENTI'S SYMPHONY,1,0,0,,4,8.0,0,1,0,,,,,2020-09-15 06:26:16
19730864,,,0,,,,,,SURE STITCH,1,0,0,,4,1.0,0,1,0,,,,,2020-09-15 06:26:16
19730884,,,0,,,,,,PUCCINI,1,0,0,,4,1.0,0,1,0,,,,,2020-09-15 06:26:16
19730900,,,0,,,,,,BRISE BISE,1,0,0,,4,8.0,0,1,0,,,,,2020-09-15 06:26:16
19730920,,,0,,,,,,CAROLINE,1,0,0,,4,8.0,0,1,0,,,,,2020-09-15 06:26:16
19730940,,,0,,,,,,GOLDEN PENDANT,1,0,0,,4,1.0,0,1,0,,,,,2020-09-15 06:26:16
19730980,,,0,,,,,,SISTER COURAGE,1,0,0,,4,,0,1,0,,,,,2020-09-15 06:26:16
19731003,,,0,,,,,,REPARTEE,1,0,0,,4,1.0,0,1,0,,,,,2020-09-15 06:26:16
19731023,,,0,,,,,,ANTIQUE,1,0,0,,4,1.0,0,1,0,,,,,2020-09-15 06:26:16
19731043,,,0,,,,,,PRIMA BALLERINA,1,0,0,,4,1.0,0,1,0,,,,,2020-09-15 06:26:16
19731063,,,0,,,,,,MISS RECOVERY,1,0,0,,4,8.0,0,1,0,,,,,2020-09-15 06:26:16
19731083,,,0,,,,,,ZEST,1,0,0,,4,4.0,0,1,0,,,,,2020-09-15 06:26:16
19731109,,,0,,,,,,LASER,1,0,0,,4,8.0,0,1,0,,,,,2020-09-15 06:26:16
19731129,,,0,,,,,,FAVOURABLY KNOWN,1,0,0,,4,1.0,0,1,0,,,,,2020-09-15 06:26:16
19731149,,,0,,,,,,BOLD BONNIE,1,0,0,,4,8.0,0,1,0,,,,,2020-09-15 06:26:16
19731189,,,0,,,,,,BRONZE NEEDLE,1,0,0,,4,,0,1,0,,,,,2020-09-15 06:26:16
19731205,,,0,,,,,,SUNSHINE KISS,1,0,0,,4,,0,1,0,,,,,2020-09-15 06:26:16
19731225,,,0,,,,,,YORBA LINDA,1,0,0,,4,,0,1,0,,,,,2020-09-15 06:26:16
19731245,,,0,,,,,,MISS FESTIVAL,1,0,0,,4,8.0,0,1,0,,,,,2020-09-15 06:26:16
19731265,,,0,,,,,,TRY A THING,1,0,0,,4,,0,1,0,,,,,2020-09-15 06:26:16
19731285,,,0,,,,,,MAMACITA,1,0,0,,4,8.0,0,1,0,,,,,2020-09-15 06:26:16
19731301,,,0,,,,,,KNIGHT HOSTESS,1,0,0,,4,,0,1,0,,,,,2020-09-15 06:26:16
19731321,,,0,,,,,,FORTISSIMO,1,0,0,,4,8.0,0,1,0,,,,,2020-09-15 06:26:16
19731341,,,0,,,,,,CHARO,1,0,0,,4,,0,1,0,,,,,2020-09-15 06:26:16
19731381,,,0,,,,,,ROSY TINTED,1,0,0,,4,,0,1,0,,,,,2020-09-15 06:26:16
19731407,,,0,,,,,,CALL ME JANE,1,0,0,,4,8.0,0,1,0,,,,,2020-09-15 06:26:16
19731447,,,0,,,,,,BEFORE BEDTIME,1,0,0,,4,,0,1,0,,,,,2020-09-15 06:26:16
19731467,,,0,,,,,,D'BUKEY,1,0,0,,4,,0,1,0,,,,,2020-09-15 06:26:16
19731503,,,0,,,,,,WHAT PRICE DOGGIE,1,0,0,,4,,0,1,0,,,,,2020-09-15 06:26:16
19731583,,,0,,,,,,ACCESS TIME,1,0,0,,4,,0,1,0,,,,,2020-09-15 06:26:16
19731609,,,0,,,,,,MISS TAMMY,1,0,0,,4,,0,1,0,,,,,2020-09-15 06:26:16
19731689,,,0,,,,,,HERBAL,1,0,0,,4,,0,1,0,,,,,2020-09-15 06:26:16
19731705,,,0,,,,,,MISS T,1,0,0,,4,8.0,0,1,0,,,,,2020-09-15 06:26:16
19731745,,,0,,,,,,CORNISH COLLEEN,1,0,0,,4,,0,1,0,,,,,2020-09-15 06:26:16
19731987,,,0,,,,,,TIME TO REMEMBER,1,0,0,,4,,0,1,0,,,,,2020-09-15 06:26:16
19732000,,,0,,,,,,COURT AND SPARK,1,0,0,,4,,0,1,0,,,,,2020-09-15 06:26:16
19732020,,,0,,,,,,ROCKIN ROBIN,1,0,0,,4,,0,1,0,,,,,2020-09-15 06:26:16
19732040,,,0,,,,,,MADEMOISELLE MOLLY,1,0,0,,4,,0,1,0,,,,,2020-09-15 06:26:16
19732060,,,0,,,,,,ROSEY BELLE,1,0,0,,4,1.0,0,1,0,,,,,2020-09-15 06:26:16
19732080,,,0,,,,,,MISS WAKEFIELD,1,0,0,,4,,0,1,0,,,,,2020-09-15 06:26:16
19732106,,,0,,,,,,MAJESTIC HOSTESS,1,0,0,,4,,0,1,0,,,,,2020-09-15 06:26:16
19732126,,,0,,,,,,POLIPEG,1,0,0,,4,,0,1,0,,,,,2020-09-15 06:26:16
19732146,,,0,,,,,,CASUAL ACQUANTANCE,1,0,0,,4,,0,1,0,,,,,2020-09-15 06:26:16
19732186,,,0,,,,,,PENNYGOWN,1,0,0,,4,,0,1,0,,,,,2020-09-15 06:26:16
19732202,,,0,,,,,,CRAZY RHYTHM,1,0,0,,4,1.0,0,1,0,,,,,2020-09-15 06:26:16
19732222,,,0,,,,,,SPOTTED LASS,1,0,0,,4,,0,1,0,,,,,2020-09-15 06:26:16
19732242,,,0,,,,,,NAME ME NOT,1,0,0,,4,,0,1,0,,,,,2020-09-15 06:26:16
19732262,,,0,,,,,,MORNING GLORY,1,0,0,,4,8.0,0,1,0,,,,,2020-09-15 06:26:16
19732282,,,0,,,,,,HOWIE TOO,1,0,0,,4,1.0,0,1,0,,,,,2020-09-15 06:26:16
19732308,,,0,,,,,,GILLY GILLY,1,0,0,,4,1.0,0,1,0,,,,,2020-09-15 06:26:16
19732328,,,0,,,,,,GLORY FILLE,1,0,0,,4,,0,1,0,,,,,2020-09-15 06:26:16
19732348,,,0,,,,,,ANGELICA,1,0,0,,4,8.0,0,1,0,,,,,2020-09-15 06:26:16
19732368,,,0,,,,,,SHY STARLETT,1,0,0,,4,,0,1,0,,,,,2020-09-15 06:26:16
19732388,,,0,,,,,,GOLD MAIN,1,0,0,,4,11.0,0,1,0,,,,,2020-09-15 06:26:16
19732626,,,0,,,,,,THIRTY PACES,1,0,0,,4,8.0,0,1,0,,,,,2020-09-15 06:26:16
19732808,,,0,,,,,,LEAVE ME ALONE,1,0,0,,4,8.0,0,1,0,,,,,2020-09-15 06:26:16
19732848,,,0,,,,,,LOCK BOX,1,0,0,,4,8.0,0,1,0,,,,,2020-09-15 06:26:16
19732868,,,0,,,,,,LIBERTY DORA,1,0,0,,4,,0,1,0,,,,,2020-09-15 06:26:16
19732904,,,0,,,,,,DEAR MARIMUNDO,1,0,0,,4,8.0,0,1,0,,,,,2020-09-15 06:26:16
19732924,,,0,,,,,,MANDY'S GRAY,1,0,0,,4,,0,1,0,,,,,2020-09-15 06:26:16
19732944,,,0,,,,,,MISS FIRE BIRD,1,0,0,,4,8.0,0,1,0,,,,,2020-09-15 06:26:16
19732964,,,0,,,,,,O. REEL AGAIN,1,0,0,,4,,0,1,0,,,,,2020-09-15 06:26:16
19732984,,,0,,,,,,TELL BELLE,1,0,0,,4,,0,1,0,,,,,2020-09-15 06:26:16
19733007,,,0,,,,,,NORTHERN LULLABY,1,0,0,,4,,0,1,0,,,,,2020-09-15 06:26:16
19733027,,,0,,,,,,SUN DOON,1,0,0,,4,,0,1,0,,,,,2020-09-15 06:26:16
19733047,,,0,,,,,,PIE CREAM,1,0,0,,4,,0,1,0,,,,,2020-09-15 06:26:16
19733067,,,0,,,,,,CANONERA II,1,0,0,,4,,0,1,0,,,,,2020-09-15 06:26:16
19733087,,,0,,,,,,LAST BIRD,1,0,0,,4,8.0,0,1,0,,,,,2020-09-15 06:26:16
19733103,,,0,,,,,,WINWARD,1,0,0,,4,,0,1,0,,,,,2020-09-15 06:26:16
19733123,,,0,,,,,,ONE MORE SHEKEL,1,0,0,,4,8.0,0,1,0,,,,,2020-09-15 06:26:16
19733143,,,0,,,,,,MISSISSIPPI MUD,1,0,0,,4,1.0,0,1,0,,,,,2020-09-15 06:26:16
19733163,,,0,,,,,,STICK TO BEAUTY,1,0,0,,4,8.0,0,1,0,,,,,2020-09-15 06:26:16
19733209,,,0,,,,,,SPRINKLE POWER,1,0,0,,4,,0,1,0,,,,,2020-09-15 06:26:16
19733249,,,0,,,,,,WELL DONE,1,0,0,,4,,0,1,0,,,,,2020-09-15 06:26:16
19733269,,,0,,,,,,SENECA,1,0,0,,4,1.0,0,1,0,,,,,2020-09-15 06:26:16
19733289,,,0,,,,,,FOOL'S MISS,1,0,0,,4,,0,1,0,,,,,2020-09-15 06:26:16
19733365,,,0,,,,,,TAMINETTE,1,0,0,,4,8.0,0,1,0,,,,,2020-09-15 06:26:16
19733527,,,0,,,,,,CAREFUL,1,0,0,,4,1.0,0,1,0,,,,,2020-09-15 06:26:16
19733587,,,0,,,,,,SHADY HILL,1,0,0,,4,,0,1,0,,,,,2020-09-15 06:26:16
19733603,,,0,,,,,,HAYLOFT,1,0,0,,4,1.0,0,1,0,,,,,2020-09-15 06:26:16
19733623,,,0,,,,,,TEN CENTS A DANCE,1,0,0,,4,8.0,0,1,0,,,,,2020-09-15 06:26:16
19733805,,,0,,,,,,BOYERA,1,0,0,,4,8.0,0,1,0,,,,,2020-09-15 06:26:16
19733865,,,0,,,,,,PERVASIVE,1,0,0,,4,1.0,0,1,0,,,,,2020-09-15 06:26:16
19734024,,,0,,,,,,PRINCESS MATILDA,1,0,0,,4,8.0,0,1,0,,,,,2020-09-15 06:26:16
19734064,,,0,,,,,,LADY JUDYBEE,1,0,0,,4,,0,1,0,,,,,2020-09-15 06:26:16
19734100,,,0,,,,,,FOLLE MUSIC,1,0,0,,4,,0,1,0,,,,,2020-09-15 06:26:16
19734140,,,0,,,,,,VIRGINIA WADE,1,0,0,,4,,0,1,0,,,,,2020-09-15 06:26:16
19734226,,,0,,,,,,DARE'S DANCER,1,0,0,,4,,0,1,0,,,,,2020-09-15 06:26:16
19734620,,,0,,,,,,UNDER CANVAS,1,0,0,,4,,0,1,0,,,,,2020-09-15 06:26:16
19734822,,,0,,,,,,PIECE AND LOVE,1,0,0,,4,,0,1,0,,,,,2020-09-15 06:26:16
19735021,,,0,,,,,,SANDSPUR,1,0,0,,4,,0,1,0,,,,,2020-09-15 06:26:16
19735485,,,0,,,,,,BELL DE JOUR,1,0,0,,4,,0,1,0,,,,,2020-09-15 06:26:16
19735687,,,0,,,,,,VALSEUSE,1,0,0,,4,8.0,0,1,0,,,,,2020-09-15 06:26:16
19740024,,,0,,,,,,ALL GLORY,1,0,0,,4,1.0,0,1,0,,,,,2020-09-15 06:26:16
19740044,,,0,,,,,,ADORABLE,1,0,0,,4,1.0,0,1,0,,,,,2020-09-15 06:26:16
19740064,,,0,,,,,,BLESSING ANGELICA,1,0,0,,4,8.0,0,1,0,,,,,2020-09-15 06:26:16
19740084,,,0,,,,,,BABYDUN,1,0,0,,4,1.0,0,1,0,,,,,2020-09-15 06:26:16
19740100,,,0,,,,,,COLUMBINE,1,0,0,,4,4.0,0,1,0,,,,,2020-09-15 06:26:16
19740120,,,0,,,,,,CALLITEX,1,0,0,,4,1.0,0,1,0,,,,,2020-09-15 06:26:16
19740140,,,0,,,,,,EMPRESS OF INDIA,1,0,0,,4,1.0,0,1,0,,,,,2020-09-15 06:26:16
19740160,,,0,,,,,,ENCHANTED LETTERS,1,0,0,,4,1.0,0,1,0,,,,,2020-09-15 06:26:16
19740180,,,0,,,,,,ERONGRAT,1,0,0,,4,1.0,0,1,0,,,,,2020-09-15 06:26:16
19740206,,,0,,,,,,FULL OF LIFE,1,0,0,,4,8.0,0,1,0,,,,,2020-09-15 06:26:16
19740226,,,0,,,,,,FIRE RULER,1,0,0,,4,1.0,0,1,0,,,,,2020-09-15 06:26:16
19740246,,,0,,,,,,HONEY SUCKLE,1,0,0,,4,8.0,0,1,0,,,,,2020-09-15 06:26:16
19740266,,,0,,,,,,HUMMING BIRD,1,0,0,,4,8.0,0,1,0,,,,,2020-09-15 06:26:16
19740286,,,0,,,,,,JUDY,1,0,0,,4,8.0,0,1,0,,,,,2020-09-15 06:26:16
19740302,,,0,,,,,,KIMONO,1,0,0,,4,8.0,0,1,0,,,,,2020-09-15 06:26:16
19740322,,,0,,,,,,KOWRI,1,0,0,,4,1.0,0,1,0,,,,,2020-09-15 06:26:16
19740342,,,0,,,,,,LAND FIRST,1,0,0,,4,1.0,0,1,0,,,,,2020-09-15 06:26:16
19740362,,,0,,,,,,LISA MARIE,1,0,0,,4,8.0,0,1,0,,,,,2020-09-15 06:26:16
19740382,,,0,,,,,,LEE ANN,1,0,0,,4,1.0,0,1,0,,,,,2020-09-15 06:26:16
19740408,,,0,,,,,,MY GIRL MUFF,1,0,0,,4,8.0,0,1,0,,,,,2020-09-15 06:26:16
19740428,,,0,,,,,,MOSES SHOES,1,0,0,,4,1.0,0,1,0,,,,,2020-09-15 06:26:16
19740448,,,0,,,,,,MY BEAUTY,1,0,0,,4,4.0,0,1,0,,,,,2020-09-15 06:26:16
19740468,,,0,,,,,,NICHOLES PIN,1,0,0,,4,1.0,0,1,0,,,,,2020-09-15 06:26:16
19740488,,,0,,,,,,NO FOOLING,1,0,0,,4,8.0,0,1,0,,,,,2020-09-15 06:26:16
19740504,,,0,,,,,,PILLOW TALK,1,0,0,,4,9.0,0,1,0,,,,,2020-09-15 06:26:16
19740524,,,0,,,,,,PARKWAY,1,0,0,,4,1.0,0,1,0,,,,,2020-09-15 06:26:16
19740544,,,0,,,,,,PLAY THE MUSIC,1,0,0,,4,1.0,0,1,0,,,,,2020-09-15 06:26:16
19740564,,,0,,,,,,ROSE OF ENGLAND,1,0,0,,4,1.0,0,1,0,,,,,2020-09-15 06:26:16
19740584,,,0,,,,,,ROBERTA,1,0,0,,4,1.0,0,1,0,,,,,2020-09-15 06:26:16
19740600,,,0,,,,,,RECOMPENSE,1,0,0,,4,1.0,0,1,0,,,,,2020-09-15 06:26:16
19740620,,,0,,,,,,RIPPLING RHYTHM,1,0,0,,4,9.0,0,1,0,,,,,2020-09-15 06:26:16
19740640,,,0,,,,,,SPEAK LOUDER,1,0,0,,4,9.0,0,1,0,,,,,2020-09-15 06:26:16
19740660,,,0,,,,,,STELLA CLARA,1,0,0,,4,8.0,0,1,0,,,,,2020-09-15 06:26:16
19740680,,,0,,,,,,TIME OFF,1,0,0,,4,,0,1,0,,,,,2020-09-15 06:26:16
19740706,,,0,,,,,,TOUCH AND RUN,1,0,0,,4,4.0,0,1,0,,,,,2020-09-15 06:26:16
19740726,,,0,,,,,,WETANYA,1,0,0,,4,1.0,0,1,0,,,,,2020-09-15 06:26:16
19740746,,,0,,,,,,PRE EMPT,1,0,0,,4,1.0,0,1,0,,,,,2020-09-15 06:26:16
19740766,,,0,,,,,,ENGLISH HARMONY,1,0,0,,4,2.0,0,1,0,,,,,2020-09-15 06:26:16
19740786,,,0,,,,,,SUPER TRIX,1,0,0,,4,1.0,0,1,0,,,,,2020-09-15 06:26:16
19740802,,,0,,,,,,HIGH ALTITUDE,1,0,0,,4,8.0,0,1,0,,,,,2020-09-15 06:26:16
19740822,,,0,,,,,,SYMONIOUS,1,0,0,,4,8.0,0,1,0,,,,,2020-09-15 06:26:16
19740842,,,0,,,,,,ZAL-DE-RETZ,1,0,0,,4,1.0,0,1,0,,,,,2020-09-15 06:26:16
19740862,,,0,,,,,,PERSIAN MELODY,1,0,0,,4,1.0,0,1,0,,,,,2020-09-15 06:26:16
19740882,,,0,,,,,,ELIZABETH SERENADE,1,0,0,,4,1.0,0,1,0,,,,,2020-09-15 06:26:16
19740908,,,0,,,,,,BREEZY MORN,1,0,0,,4,,0,1,0,,,,,2020-09-15 06:26:16
19740928,,,0,,,,,,MOOD FOR LOVE,1,0,0,,4,1.0,0,1,0,,,,,2020-09-15 06:26:16
19740948,,,0,,,,,,GAY NATASHA,1,0,0,,4,1.0,0,1,0,,,,,2020-09-15 06:26:16
19740968,,,0,,,,,,KIM SUE,1,0,0,,4,1.0,0,1,0,,,,,2020-09-15 06:26:16
19740988,,,0,,,,,,PALESTINIAN,1,0,0,,4,9.0,0,1,0,,,,,2020-09-15 06:26:16
19741001,,,0,,,,,,EASTER BUNNY,1,0,0,,4,8.0,0,1,0,,,,,2020-09-15 06:26:16
19741021,,,0,,,,,,DOCUMENTARY,1,0,0,,4,,0,1,0,,,,,2020-09-15 06:26:16
19741041,,,0,,,,,,KINSCEM,1,0,0,,4,8.0,0,1,0,,,,,2020-09-15 06:26:16
19741061,,,0,,,,,,VIVACE,1,0,0,,4,9.0,0,1,0,,,,,2020-09-15 06:26:16
19741081,,,0,,,,,,TOP CURRENCY,1,0,0,,4,1.0,0,1,0,,,,,2020-09-15 06:26:16
19741107,,,0,,,,,,LAUGHING WATER,1,0,0,,4,,0,1,0,,,,,2020-09-15 06:26:16
19741127,,,0,,,,,,PUMA,1,0,0,,4,1.0,0,1,0,,,,,2020-09-15 06:26:16
19741147,,,0,,,,,,SEA WIND,1,0,0,,4,2.0,0,1,0,,,,,2020-09-15 06:26:16
19741167,,,0,,,,,,SWIFT OCALA,1,0,0,,4,,0,1,0,,,,,2020-09-15 06:26:16
19741187,,,0,,,,,,TUMIGA'S LASS,1,0,0,,4,,0,1,0,,,,,2020-09-15 06:26:16
19741203,,,0,,,,,,THAT'S GREAT,1,0,0,,4,,0,1,0,,,,,2020-09-15 06:26:16
19741223,,,0,,,,,,NATIVE TALE,1,0,0,,4,,0,1,0,,,,,2020-09-15 06:26:16
19741243,,,0,,,,,,LA FORTALEZA,1,0,0,,4,,0,1,0,,,,,2020-09-15 06:26:16
19741263,,,0,,,,,,EASTERN ISLE,1,0,0,,4,8.0,0,1,0,,,,,2020-09-15 06:26:16
19741283,,,0,,,,,,TERIFFIC,1,0,0,,4,9.0,0,1,0,,,,,2020-09-15 06:26:16
19741309,,,0,,,,,,WELL TUNED TOY,1,0,0,,4,1.0,0,1,0,,,,,2020-09-15 06:26:16
19741329,,,0,,,,,,WINNING V,1,0,0,,4,1.0,0,1,0,,,,,2020-09-15 06:26:16
19741349,,,0,,,,,,MARY BUSH,1,0,0,,4,1.0,0,1,0,,,,,2020-09-15 06:26:16
19741369,,,0,,,,,,DOMINO,1,0,0,,4,8.0,0,1,0,,,,,2020-09-15 06:26:16
19741405,,,0,,,,,,GRECIAN FABLE,1,0,0,,4,1.0,0,1,0,,,,,2020-09-15 06:26:16
19741425,,,0,,,,,,COME HITHER,1,0,0,,4,8.0,0,1,0,,,,,2020-09-15 06:26:16
19741445,,,0,,,,,,PLEASE BE QUIET,1,0,0,,4,,0,1,0,,,,,2020-09-15 06:26:16
19741465,,,0,,,,,,MORE SHOW,1,0,0,,4,,0,1,0,,,,,2020-09-15 06:26:16
19741501,,,0,,,,,,CELEBERTY DANCER,1,0,0,,4,,0,1,0,,,,,2020-09-15 06:26:16
19741607,,,0,,,,,,PEARL NECKLACE,1,0,0,,4,,0,1,0,,,,,2020-09-15 06:26:16
19741627,,,0,,,,,,HIGH DESTINY,1,0,0,,4,,0,1,0,,,,,2020-09-15 06:26:16
19741647,,,0,,,,,,MADAME PLOUCHE,1,0,0,,4,,0,1,0,,,,,2020-09-15 06:26:16
19741667,,,0,,,,,,ABYSSINIA,1,0,0,,4,,0,1,0,,,,,2020-09-15 06:26:16
19741687,,,0,,,,,,BARBARA'S REASON,1,0,0,,4,,0,1,0,,,,,2020-09-15 06:26:16
19741809,,,0,,,,,,FUNNY HUMOR,1,0,0,,4,,0,1,0,,,,,2020-09-15 06:26:16
19741889,,,0,,,,,,BATTLE ROYAL,1,0,0,,4,1.0,0,1,0,,,,,2020-09-15 06:26:16
19741905,,,0,,,,,,LUCENT,1,0,0,,4,,0,1,0,,,,,2020-09-15 06:26:16
19741925,,,0,,,,,,PRETTY LEADER,1,0,0,,4,,0,1,0,,,,,2020-09-15 06:26:16
19741985,,,0,,,,,,JUAPA,1,0,0,,4,,0,1,0,,,,,2020-09-15 06:26:16
19742184,,,0,,,,,,CZARITZA,1,0,0,,4,,0,1,0,,,,,2020-09-15 06:26:16
19742200,,,0,,,,,,LADY LIB,1,0,0,,4,,0,1,0,,,,,2020-09-15 06:26:16
19742220,,,0,,,,,,TREB T.,1,0,0,,4,,0,1,0,,,,,2020-09-15 06:26:16
19742240,,,0,,,,,,MISSY BUSHY,1,0,0,,4,,0,1,0,,,,,2020-09-15 06:26:16
19742260,,,0,,,,,,CRACKING,1,0,0,,4,,0,1,0,,,,,2020-09-15 06:26:16
19742280,,,0,,,,,,INFATUATION,1,0,0,,4,1.0,0,1,0,,,,,2020-09-15 06:26:16
19742306,,,0,,,,,,LE FORMIDABLE,1,0,0,,4,,0,1,0,,,,,2020-09-15 06:26:16
19742326,,,0,,,,,,LA CENDRINE,1,0,0,,4,,0,1,0,,,,,2020-09-15 06:26:16
19742346,,,0,,,,,,SPANISH PRINCESS,1,0,0,,4,9.0,0,1,0,,,,,2020-09-15 06:26:16
19742366,,,0,,,,,,ROSE BOWL,1,0,0,,4,,0,1,0,,,,,2020-09-15 06:26:16
19742386,,,0,,,,,,WILLY NILLY,1,0,0,,4,8.0,0,1,0,,,,,2020-09-15 06:26:16
19742422,,,0,,,,,,LILT,1,0,0,,4,8.0,0,1,0,,,,,2020-09-15 06:26:16
19742442,,,0,,,,,,DO'S MELODY,1,0,0,,4,1.0,0,1,0,,,,,2020-09-15 06:26:16
19742462,,,0,,,,,,NORTHERN SEA,1,0,0,,4,1.0,0,1,0,,,,,2020-09-15 06:26:16
19742482,,,0,,,,,,CHINESE ROSE,1,0,0,,4,,0,1,0,,,,,2020-09-15 06:26:16
19742508,,,0,,,,,,DEBBY'S TURN,1,0,0,,4,1.0,0,1,0,,,,,2020-09-15 06:26:16
19742528,,,0,,,,,,LASSIE DEAR,1,0,0,,4,1.0,0,1,0,,,,,2020-09-15 06:26:16
19742548,,,0,,,,,,COLD HEARTED,1,0,0,,4,1.0,0,1,0,,,,,2020-09-15 06:26:16
19742568,,,0,,,,,,LA GRIFFE,1,0,0,,4,8.0,0,1,0,,,,,2020-09-15 06:26:16
19742588,,,0,,,,,,NIGHT LIGHT,1,0,0,,4,,0,1,0,,,,,2020-09-15 06:26:16
19742604,,,0,,,,,,LATE BLOOMER,1,0,0,,4,1.0,0,1,0,,,,,2020-09-15 06:26:16
19742624,,,0,,,,,,QUICK NURSE,1,0,0,,4,,0,1,0,,,,,2020-09-15 06:26:16
19742644,,,0,,,,,,BLUE WAY,1,0,0,,4,,0,1,0,,,,,2020-09-15 06:26:16
19742664,,,0,,,,,,COUNTESS FAGER,1,0,0,,4,8.0,0,1,0,,,,,2020-09-15 06:26:16
19742684,,,0,,,,,,TRICK MANEUVER,1,0,0,,4,1.0,0,1,0,,,,,2020-09-15 06:26:16
19742700,,,0,,,,,,IVORY CASTLE,1,0,0,,4,8.0,0,1,0,,,,,2020-09-15 06:26:16
19742720,,,0,,,,,,SIMPLE ENGLISH,1,0,0,,4,1.0,0,1,0,,,,,2020-09-15 06:26:16
19742740,,,0,,,,,,TIGER HEART,1,0,0,,4,1.0,0,1,0,,,,,2020-09-15 06:26:16
19742760,,,0,,,,,,GIFTISA,1,0,0,,4,1.0,0,1,0,,,,,2020-09-15 06:26:16
19742780,,,0,,,,,,CHATTA,1,0,0,,4,1.0,0,1,0,,,,,2020-09-15 06:26:16
19742806,,,0,,,,,,JANSUM REGAL,1,0,0,,4,8.0,0,1,0,,,,,2020-09-15 06:26:16
19742826,,,0,,,,,,CROSS OF IRON,1,0,0,,4,9.0,0,1,0,,,,,2020-09-15 06:26:16
19742846,,,0,,,,,,GREY EVENING,1,0,0,,4,1.0,0,1,0,,,,,2020-09-15 06:26:16
19742866,,,0,,,,,,RING O'BELLS,1,0,0,,4,1.0,0,1,0,,,,,2020-09-15 06:26:16
19742886,,,0,,,,,,REMINISCING,1,0,0,,4,1.0,0,1,0,,,,,2020-09-15 06:26:16
19742902,,,0,,,,,,SHANGHAI MELODY,1,0,0,,4,8.0,0,1,0,,,,,2020-09-15 06:26:16
19742962,,,0,,,,,,SAXON'S SECRET,1,0,0,,4,1.0,0,1,0,,,,,2020-09-15 06:26:16
19742982,,,0,,,,,,COME GAILLY,1,0,0,,4,1.0,0,1,0,,,,,2020-09-15 06:26:16
19743363,,,0,,,,,,KASZTANKA,1,0,0,,4,8.0,0,1,0,,,,,2020-09-15 06:26:16
19743383,,,0,,,,,,GOLD SUN,1,0,0,,4,,0,1,0,,,,,2020-09-15 06:26:16
19743409,,,0,,,,,,BURNING BUSH,1,0,0,,4,1.0,0,1,0,,,,,2020-09-15 06:26:16
19743505,,,0,,,,,,FANCIFY,1,0,0,,4,,0,1,0,,,,,2020-09-15 06:26:16
19743883,,,0,,,,,,SHEILA'S GIRL,1,0,0,,4,,0,1,0,,,,,2020-09-15 06:26:16
19743949,,,0,,,,,,NO CLASS,1,0,0,,4,,0,1,0,,,,,2020-09-15 06:26:16
19744002,,,0,,,,,,LA COSTA CAPER,1,0,0,,4,,0,1,0,,,,,2020-09-15 06:26:16
19744022,,,0,,,,,,SMOOTH SELL,1,0,0,,4,,0,1,0,,,,,2020-09-15 06:26:16
19744042,,,0,,,,,,PRINCESS SHALLON,1,0,0,,4,,0,1,0,,,,,2020-09-15 06:26:16
19744062,,,0,,,,,,SCARLET WOMAN,1,0,0,,4,,0,1,0,,,,,2020-09-15 06:26:16
19744148,,,0,,,,,,ARTLY NEEDLES,1,0,0,,4,,0,1,0,,,,,2020-09-15 06:26:16
19744224,,,0,,,,,,STARDUST QUEEN,1,0,0,,4,,0,1,0,,,,,2020-09-15 06:26:16
19744300,,,0,,,,,,RATIONALE,1,0,0,,4,,0,1,0,,,,,2020-09-15 06:26:16
19744340,,,0,,,,,,MOMENTUM,1,0,0,,4,,0,1,0,,,,,2020-09-15 06:26:16
19744446,,,0,,,,,,TOMORROW FOR ME,1,0,0,,4,,0,1,0,,,,,2020-09-15 06:26:16
19744486,,,0,,,,,,CIAO,1,0,0,,4,,0,1,0,,,,,2020-09-15 06:26:16
19744688,,,0,,,,,,LADY CAPULET,1,0,0,,4,,0,1,0,,,,,2020-09-15 06:26:16
19744800,,,0,,,,,,RESOLVER,1,0,0,,4,,0,1,0,,,,,2020-09-15 06:26:16
19744966,,,0,,,,,,BEST OF LUCK,1,0,0,,4,1.0,0,1,0,,,,,2020-09-15 06:26:16
19750002,,,0,,,,,,ANNA PANNA,1,0,0,,4,1.0,0,1,0,,,,,2020-09-15 06:26:16
19750022,,,0,,,,,,BAGDEUTSCHE,1,0,0,,4,1.0,0,1,0,,,,,2020-09-15 06:26:16
19750042,,,0,,,,,,CALLISTAR,1,0,0,,4,1.0,0,1,0,,,,,2020-09-15 06:26:16
19750062,,,0,,,,,,DULCIE,1,0,0,,4,8.0,0,1,0,,,,,2020-09-15 06:26:16
19750082,,,0,,,,,,DOUBLE MARTINI,1,0,0,,4,1.0,0,1,0,,,,,2020-09-15 06:26:16
19750108,,,0,,,,,,FLYING COLOURS,1,0,0,,4,1.0,0,1,0,,,,,2020-09-15 06:26:16
19750128,,,0,,,,,,FAIRY RING,1,0,0,,4,9.0,0,1,0,,,,,2020-09-15 06:26:16
19750148,,,0,,,,,,GAVIOTA,1,0,0,,4,9.0,0,1,0,,,,,2020-09-15 06:26:16
19750168,,,0,,,,,,JOLLY STITCHERS,1,0,0,,4,8.0,0,1,0,,,,,2020-09-15 06:26:16
19750188,,,0,,,,,,JUNGLE PRINCESS,1,0,0,,4,1.0,0,1,0,,,,,2020-09-15 06:26:16
19750204,,,0,,,,,,LYRIST,1,0,0,,4,1.0,0,1,0,,,,,2020-09-15 06:26:16
19750224,,,0,,,,,,MISS JET GIRL,1,0,0,,4,1.0,0,1,0,,,,,2020-09-15 06:26:16
19750244,,,0,,,,,,MERCI CHERI,1,0,0,,4,4.0,0,1,0,,,,,2020-09-15 06:26:16
19750264,,,0,,,,,,MAUVA'S REVENGE,1,0,0,,4,1.0,0,1,0,,,,,2020-09-15 06:26:16
19750284,,,0,,,,,,NEXT COMMERCIAL,1,0,0,,4,8.0,0,1,0,,,,,2020-09-15 06:26:16
19750300,,,0,,,,,,NO TELLING,1,0,0,,4,8.0,0,1,0,,,,,2020-09-15 06:26:16
19750320,,,0,,,,,,PIMPLES,1,0,0,,4,8.0,0,1,0,,,,,2020-09-15 06:26:16
19750340,,,0,,,,,,PETCHARY,1,0,0,,4,1.0,0,1,0,,,,,2020-09-15 06:26:16
19750360,,,0,,,,,,ROYAL VINTAGE,1,0,0,,4,4.0,0,1,0,,,,,2020-09-15 06:26:16
19750380,,,0,,,,,,RED SUNSET,1,0,0,,4,8.0,0,1,0,,,,,2020-09-15 06:26:16
19750406,,,0,,,,,,RUFFERON,1,0,0,,4,1.0,0,1,0,,,,,2020-09-15 06:26:16
19750426,,,0,,,,,,RULE BRITANIA,1,0,0,,4,8.0,0,1,0,,,,,2020-09-15 06:26:16
19750446,,,0,,,,,,SHELLY BOO,1,0,0,,4,8.0,0,1,0,,,,,2020-09-15 06:26:16
19750466,,,0,,,,,,TEXAS ROSE,1,0,0,,4,8.0,0,1,0,,,,,2020-09-15 06:26:16
19750486,,,0,,,,,,WILMA,1,0,0,,4,1.0,0,1,0,,,,,2020-09-15 06:26:16
19750502,,,0,,,,,,WINCARLOA,1,0,0,,4,8.0,0,1,0,,,,,2020-09-15 06:26:16
19750522,,,0,,,,,,ZOWIE,1,0,0,,4,8.0,0,1,0,,,,,2020-09-15 06:26:16
19750542,,,0,,,,,,TORPID,1,0,0,,4,1.0,0,1,0,,,,,2020-09-15 06:26:16
19750562,,,0,,,,,,OVERDRIVE,1,0,0,,4,1.0,0,1,0,,,,,2020-09-15 06:26:16
19750582,,,0,,,,,,PRICELESS GEM,1,0,0,,4,4.0,0,1,0,,,,,2020-09-15 06:26:16
19750608,,,0,,,,,,VERTIGO,1,0,0,,4,9.0,0,1,0,,,,,2020-09-15 06:26:16
19750628,,,0,,,,,,WISE CRACK,1,0,0,,4,,0,1,0,,,,,2020-09-15 06:26:16
19750648,,,0,,,,,,WINDFALL,1,0,0,,4,8.0,0,1,0,,,,,2020-09-15 06:26:16
19750668,,,0,,,,,,HOLE IN ONE,1,0,0,,4,9.0,0,1,0,,,,,2020-09-15 06:26:16
19750688,,,0,,,,,,PORTAMENTO,1,0,0,,4,8.0,0,1,0,,,,,2020-09-15 06:26:16
19750704,,,0,,,,,,BARONOVA,1,0,0,,4,,0,1,0,,,,,2020-09-15 06:26:16
19750724,,,0,,,,,,SUFFRAGETTE,1,0,0,,4,8.0,0,1,0,,,,,2020-09-15 06:26:16
19750744,,,0,,,,,,MOUNTAIN POSIE,1,0,0,,4,,0,1,0,,,,,2020-09-15 06:26:16
19750764,,,0,,,,,,BUMBLE BEE,1,0,0,,4,9.0,0,1,0,,,,,2020-09-15 06:26:16
19750784,,,0,,,,,,GROOVIN'S FIRE,1,0,0,,4,,0,1,0,,,,,2020-09-15 06:26:16
19750800,,,0,,,,,,DAFFODIL,1,0,0,,4,8.0,0,1,0,,,,,2020-09-15 06:26:16
19750820,,,0,,,,,,ROYAL ECLIPSE,1,0,0,,4,,0,1,0,,,,,2020-09-15 06:26:16
19750840,,,0,,,,,,GIDDY UP,1,0,0,,4,1.0,0,1,0,,,,,2020-09-15 06:26:17
19750860,,,0,,,,,,HIGH TABLE,1,0,0,,4,,0,1,0,,,,,2020-09-15 06:26:17
19750880,,,0,,,,,,BAGUIO,1,0,0,,4,1.0,0,1,0,,,,,2020-09-15 06:26:17
19750906,,,0,,,,,,MISS ABIGALE,1,0,0,,4,8.0,0,1,0,,,,,2020-09-15 06:26:17
19750926,,,0,,,,,,LEGAL NOTE,1,0,0,,4,1.0,0,1,0,,,,,2020-09-15 06:26:17
19750946,,,0,,,,,,UNI CAPRI,1,0,0,,4,9.0,0,1,0,,,,,2020-09-15 06:26:17
19750966,,,0,,,,,,DOVE STAR,1,0,0,,4,8.0,0,1,0,,,,,2020-09-15 06:26:17
19750986,,,0,,,,,,FUNLAND,1,0,0,,4,1.0,0,1,0,,,,,2020-09-15 06:26:17
19751009,,,0,,,,,,LORELEI J,1,0,0,,4,8.0,0,1,0,,,,,2020-09-15 06:26:17
19751029,,,0,,,,,,MIRA CLARA,1,0,0,,4,1.0,0,1,0,,,,,2020-09-15 06:26:17
19751049,,,0,,,,,,BEST FRIEND,1,0,0,,4,1.0,0,1,0,,,,,2020-09-15 06:26:17
19751069,,,0,,,,,,MAINTENANT,1,0,0,,4,8.0,0,1,0,,,,,2020-09-15 06:26:17
19751089,,,0,,,,,,NO PINCHING,1,0,0,,4,1.0,0,1,0,,,,,2020-09-15 06:26:17
19751105,,,0,,,,,,SHOT DOWN,1,0,0,,4,8.0,0,1,0,,,,,2020-09-15 06:26:17
19751125,,,0,,,,,,IRENA,1,0,0,,4,8.0,0,1,0,,,,,2020-09-15 06:26:17
19751145,,,0,,,,,,MITY EGO,1,0,0,,4,11.0,0,1,0,,,,,2020-09-15 06:26:17
19751165,,,0,,,,,,AUTUMN EMBER,1,0,0,,4,,0,1,0,,,,,2020-09-15 06:26:17
19751185,,,0,,,,,,LOVE BIRD,1,0,0,,4,8.0,0,1,0,,,,,2020-09-15 06:26:17
19751201,,,0,,,,,,COUGARINA,1,0,0,,4,,0,1,0,,,,,2020-09-15 06:26:17
19751221,,,0,,,,,,LADY SIAM,1,0,0,,4,8.0,0,1,0,,,,,2020-09-15 06:26:17
19751241,,,0,,,,,,ZARABANDA,1,0,0,,4,1.0,0,1,0,,,,,2020-09-15 06:26:17
19751261,,,0,,,,,,HOTCHA,1,0,0,,4,4.0,0,1,0,,,,,2020-09-15 06:26:17
19751281,,,0,,,,,,BLUE PRINCESS,1,0,0,,4,8.0,0,1,0,,,,,2020-09-15 06:26:17
19751307,,,0,,,,,,MIMOSA,1,0,0,,4,1.0,0,1,0,,,,,2020-09-15 06:26:17
19751327,,,0,,,,,,KAM,1,0,0,,4,1.0,0,1,0,,,,,2020-09-15 06:26:17
19751347,,,0,,,,,,PENTAGON,1,0,0,,4,8.0,0,1,0,,,,,2020-09-15 06:26:17
19751387,,,0,,,,,,PAKEHA,1,0,0,,4,9.0,0,1,0,,,,,2020-09-15 06:26:17
19751463,,,0,,,,,,A.J'S MOMMA,1,0,0,,4,9.0,0,1,0,,,,,2020-09-15 06:26:17
19751529,,,0,,,,,,MOVE ON THE GREEN,1,0,0,,4,9.0,0,1,0,,,,,2020-09-15 06:26:17
19751569,,,0,,,,,,DICANCE,1,0,0,,4,,0,1,0,,,,,2020-09-15 06:26:17
19751589,,,0,,,,,,AMAZING LADY,1,0,0,,4,,0,1,0,,,,,2020-09-15 06:26:17
19751605,,,0,,,,,,NORODEUTCHE,1,0,0,,4,1.0,0,1,0,,,,,2020-09-15 06:26:17
19751625,,,0,,,,,,FAIR LORETTA,1,0,0,,4,,0,1,0,,,,,2020-09-15 06:26:17
19751645,,,0,,,,,,SUNRISE SUE,1,0,0,,4,,0,1,0,,,,,2020-09-15 06:26:17
19751665,,,0,,,,,,CHRISTMACY,1,0,0,,4,,0,1,0,,,,,2020-09-15 06:26:17
19751685,,,0,,,,,,STRAVINA,1,0,0,,4,4.0,0,1,0,,,,,2020-09-15 06:26:17
19751701,,,0,,,,,,CHORISTER,1,0,0,,4,4.0,0,1,0,,,,,2020-09-15 06:26:17
19751721,,,0,,,,,,FORLEANA,1,0,0,,4,,0,1,0,,,,,2020-09-15 06:26:17
19751741,,,0,,,,,,COOL FLOWER,1,0,0,,4,,0,1,0,,,,,2020-09-15 06:26:17
19751761,,,0,,,,,,GRAY AFFAIR,1,0,0,,4,,0,1,0,,,,,2020-09-15 06:26:17
19751781,,,0,,,,,,PROUD PIROUETTE,1,0,0,,4,,0,1,0,,,,,2020-09-15 06:26:17
19751807,,,0,,,,,,WINDSOME ENVOY,1,0,0,,4,,0,1,0,,,,,2020-09-15 06:26:17
19751827,,,0,,,,,,ROSELIERE,1,0,0,,4,4.0,0,1,0,,,,,2020-09-15 06:26:17
19751847,,,0,,,,,,DIONNE'S PET,1,0,0,,4,1.0,0,1,0,,,,,2020-09-15 06:26:17
19751887,,,0,,,,,,PRINCESS CALLI,1,0,0,,4,1.0,0,1,0,,,,,2020-09-15 06:26:17
19751923,,,0,,,,,,EMANUELLE,1,0,0,,4,1.0,0,1,0,,,,,2020-09-15 06:26:17
19751943,,,0,,,,,,DEBRO,1,0,0,,4,,0,1,0,,,,,2020-09-15 06:26:17
19751963,,,0,,,,,,CINDERS GAL,1,0,0,,4,1.0,0,1,0,,,,,2020-09-15 06:26:17
19752006,,,0,,,,,,WE ALL BE TICKLED,1,0,0,,4,,0,1,0,,,,,2020-09-15 06:26:17
19752026,,,0,,,,,,SWIFT GEM,1,0,0,,4,,0,1,0,,,,,2020-09-15 06:26:17
19752046,,,0,,,,,,TEE TO GREEN,1,0,0,,4,,0,1,0,,,,,2020-09-15 06:26:17
19752066,,,0,,,,,,YOUR INTENT,1,0,0,,4,,0,1,0,,,,,2020-09-15 06:26:17
19752102,,,0,,,,,,B'ONTINA,1,0,0,,4,1.0,0,1,0,,,,,2020-09-15 06:26:17
19752122,,,0,,,,,,POLYANTHUS,1,0,0,,4,1.0,0,1,0,,,,,2020-09-15 06:26:17
19752142,,,0,,,,,,LITTLE ARTESAN,1,0,0,,4,,0,1,0,,,,,2020-09-15 06:26:17
19752162,,,0,,,,,,FOR THE MOMENT,1,0,0,,4,8.0,0,1,0,,,,,2020-09-15 06:26:17
19752182,,,0,,,,,,HERECOMESTHEBRIDE,1,0,0,,4,1.0,0,1,0,,,,,2020-09-15 06:26:17
19752208,,,0,,,,,,ECHO VALLEY,1,0,0,,4,1.0,0,1,0,,,,,2020-09-15 06:26:17
19752228,,,0,,,,,,NITA BUCK,1,0,0,,4,,0,1,0,,,,,2020-09-15 06:26:17
19752248,,,0,,,,,,SHAHPASAND,1,0,0,,4,1.0,0,1,0,,,,,2020-09-15 06:26:17
19752268,,,0,,,,,,QUEEN BESS,1,0,0,,4,1.0,0,1,0,,,,,2020-09-15 06:26:17
19752288,,,0,,,,,,PINK TULIP,1,0,0,,4,11.0,0,1,0,,,,,2020-09-15 06:26:17
19752304,,,0,,,,,,MERMAID,1,0,0,,4,1.0,0,1,0,,,,,2020-09-15 06:26:17
19752324,,,0,,,,,,ROYAL POLLA,1,0,0,,4,8.0,0,1,0,,,,,2020-09-15 06:26:17
19752344,,,0,,,,,,SUPER BABY,1,0,0,,4,1.0,0,1,0,,,,,2020-09-15 06:26:17
19752364,,,0,,,,,,BLUEGRASS MUSIC,1,0,0,,4,,0,1,0,,,,,2020-09-15 06:26:17
19752384,,,0,,,,,,SUMMER SONG,1,0,0,,4,9.0,0,1,0,,,,,2020-09-15 06:26:17
19752420,,,0,,,,,,MALLABEE,1,0,0,,4,1.0,0,1,0,,,,,2020-09-15 06:26:17
19752440,,,0,,,,,,LOSS OR GAIN,1,0,0,,4,,0,1,0,,,,,2020-09-15 06:26:17
19752566,,,0,,,,,,REAL CRAFTY LADY,1,0,0,,4,8.0,0,1,0,,,,,2020-09-15 06:26:17
19752900,,,0,,,,,,DELICE,1,0,0,,4,8.0,0,1,0,,,,,2020-09-15 06:26:17
19752940,,,0,,,,,,FALINA ANGEL,1,0,0,,4,,0,1,0,,,,,2020-09-15 06:26:17
19752960,,,0,,,,,,WATER PAGEANT,1,0,0,,4,,0,1,0,,,,,2020-09-15 06:26:17
19752980,,,0,,,,,,CHEYENNE BIRDSONG,1,0,0,,4,8.0,0,1,0,,,,,2020-09-15 06:26:17
19753003,,,0,,,,,,BEAUTIFUL DATE,1,0,0,,4,,0,1,0,,,,,2020-09-15 06:26:17
19753023,,,0,,,,,,MUSIC LADY,1,0,0,,4,,0,1,0,,,,,2020-09-15 06:26:17
19753043,,,0,,,,,,JOSIES GIRL,1,0,0,,4,,0,1,0,,,,,2020-09-15 06:26:17
19753063,,,0,,,,,,LYCABETTE,1,0,0,,4,,0,1,0,,,,,2020-09-15 06:26:17
19753109,,,0,,,,,,CRICKET CLUB,1,0,0,,4,8.0,0,1,0,,,,,2020-09-15 06:26:17
19753149,,,0,,,,,,IMPETUOUS GAL (CAN,1,0,0,,4,8.0,0,1,0,,,,,2020-09-15 06:26:17
19753189,,,0,,,,,,FRUHLINGSTAG,1,0,0,,4,,0,1,0,,,,,2020-09-15 06:26:17
19753225,,,0,,,,,,CLEF DU TRESOR,1,0,0,,4,8.0,0,1,0,,,,,2020-09-15 06:26:17
19753245,,,0,,,,,,BEST GIRL,1,0,0,,4,,0,1,0,,,,,2020-09-15 06:26:17
19753265,,,0,,,,,,HONEST BID,1,0,0,,4,1.0,0,1,0,,,,,2020-09-15 06:26:17
19753285,,,0,,,,,,NAVAL ORANGE,1,0,0,,4,,0,1,0,,,,,2020-09-15 06:26:17
19753301,,,0,,,,,,PHILS LOVE,1,0,0,,4,1.0,0,1,0,,,,,2020-09-15 06:26:17
19753321,,,0,,,,,,LA VOYAGEUSE,1,0,0,,4,,0,1,0,,,,,2020-09-15 06:26:17
19753341,,,0,,,,,,COLD STAR,1,0,0,,4,1.0,0,1,0,,,,,2020-09-15 06:26:17
19753381,,,0,,,,,,FLACK ATTACK,1,0,0,,4,1.0,0,1,0,,,,,2020-09-15 06:26:17
19753427,,,0,,,,,,DAVIE LADY,1,0,0,,4,1.0,0,1,0,,,,,2020-09-15 06:26:17
19753467,,,0,,,,,,DISTINGUISH GAL,1,0,0,,4,1.0,0,1,0,,,,,2020-09-15 06:26:17
19753503,,,0,,,,,,GREEN SIGNAL,1,0,0,,4,1.0,0,1,0,,,,,2020-09-15 06:26:17
19753523,,,0,,,,,,LA DORGA,1,0,0,,4,8.0,0,1,0,,,,,2020-09-15 06:26:17
19753543,,,0,,,,,,RULER'S STORM,1,0,0,,4,8.0,0,1,0,,,,,2020-09-15 06:26:17
19753563,,,0,,,,,,FAIRY BRIDGE,1,0,0,,4,1.0,0,1,0,,,,,2020-09-15 06:26:17
19753583,,,0,,,,,,SOFT STEPPER,1,0,0,,4,9.0,0,1,0,,,,,2020-09-15 06:26:17
19753609,,,0,,,,,,TINNITUS,1,0,0,,4,8.0,0,1,0,,,,,2020-09-15 06:26:17
19753629,,,0,,,,,,AZZURRINA,1,0,0,,4,1.0,0,1,0,,,,,2020-09-15 06:26:17
19753649,,,0,,,,,,HILLBROW,1,0,0,,4,8.0,0,1,0,,,,,2020-09-15 06:26:17
19753669,,,0,,,,,,FRONTIER NURSE,1,0,0,,4,8.0,0,1,0,,,,,2020-09-15 06:26:17
19753689,,,0,,,,,,SHELDUM,1,0,0,,4,1.0,0,1,0,,,,,2020-09-15 06:26:17
19753705,,,0,,,,,,CINNAMON CAKE,1,0,0,,4,8.0,0,1,0,,,,,2020-09-15 06:26:17
19753801,,,0,,,,,,BANDEROLE,1,0,0,,4,,0,1,0,,,,,2020-09-15 06:26:17
19754000,,,0,,,,,,LAND OF GOLD,1,0,0,,4,,0,1,0,,,,,2020-09-15 06:26:17
19754020,,,0,,,,,,SUPERFAST,1,0,0,,4,,0,1,0,,,,,2020-09-15 06:26:17
19754040,,,0,,,,,,COUNTRY QUEEN,1,0,0,,4,,0,1,0,,,,,2020-09-15 06:26:17
19754646,,,0,,,,,,EVENING BLUE,1,0,0,,4,1.0,0,1,0,,,,,2020-09-15 06:26:17
19755007,,,0,,,,,,ANOTHER DECISION,1,0,0,,4,,0,1,0,,,,,2020-09-15 06:26:17
19755547,,,0,,,,,,AMARANDA,1,0,0,,4,,0,1,0,,,,,2020-09-15 06:26:17
19755623,,,0,,,,,,TEST SCORE,1,0,0,,4,,0,1,0,,,,,2020-09-15 06:26:17
19755663,,,0,,,,,,CHIEF NEFERTARI,1,0,0,,4,,0,1,0,,,,,2020-09-15 06:26:17
19755885,,,0,,,,,,I WILL FOLLOW,1,0,0,,4,,0,1,0,,,,,2020-09-15 06:26:17
19755901,,,0,,,,,,LUST,1,0,0,,4,1.0,0,1,0,,,,,2020-09-15 06:26:17
19756100,,,0,,,,,,COUR GAL,1,0,0,,4,,0,1,0,,,,,2020-09-15 06:26:17
19756362,,,0,,,,,,SHOTGUN MISS,1,0,0,,4,,0,1,0,,,,,2020-09-15 06:26:17
19756600,,,0,,,,,,DONNA INEZ,1,0,0,,4,,0,1,0,,,,,2020-09-15 06:26:17
19757001,,,0,,,,,,SUPER WAY,1,0,0,,4,1.0,0,1,0,,,,,2020-09-15 06:26:17
19757501,,,0,,,,,,MISS MAGNETIC,1,0,0,,4,,0,1,0,,,,,2020-09-15 06:26:17
19757703,,,0,,,,,,ELK CREEK,1,0,0,,4,,0,1,0,,,,,2020-09-15 06:26:17
19757743,,,0,,,,,,GRENZEN,1,0,0,,4,,0,1,0,,,,,2020-09-15 06:26:17
19757763,,,0,,,,,,UNSURPASSED,1,0,0,,4,,0,1,0,,,,,2020-09-15 06:26:17
19757905,,,0,,,,,,DONA YSIDRA,1,0,0,,4,,0,1,0,,,,,2020-09-15 06:26:17
19760000,,,0,,,,,,MENTO MAID,1,0,0,,4,8.0,0,1,0,,,,,2020-09-15 06:26:17
19760020,,,0,,,,,,CAROLINE ROSE,1,0,0,,4,8.0,0,1,0,,,,,2020-09-15 06:26:17
19760040,,,0,,,,,,CYBELE,1,0,0,,4,1.0,0,1,0,,,,,2020-09-15 06:26:17
19760060,,,0,,,,,,FASTIDIOUS,1,0,0,,4,9.0,0,1,0,,,,,2020-09-15 06:26:17
19760080,,,0,,,,,,GREY VIXEN,1,0,0,,4,9.0,0,1,0,,,,,2020-09-15 06:26:17
19760106,,,0,,,,,,PRINCESS GRACE,1,0,0,,4,8.0,0,1,0,,,,,2020-09-15 06:26:17
19760126,,,0,,,,,,SIMONE'S DOLL,1,0,0,,4,1.0,0,1,0,,,,,2020-09-15 06:26:17
19760146,,,0,,,,,,SITTING PRETTY,1,0,0,,4,1.0,0,1,0,,,,,2020-09-15 06:26:17
19760166,,,0,,,,,,AFRICAN BELLE,1,0,0,,4,1.0,0,1,0,,,,,2020-09-15 06:26:17
19760186,,,0,,,,,,WINNERS CIRCLE,1,0,0,,4,1.0,0,1,0,,,,,2020-09-15 06:26:17
19760202,,,0,,,,,,OKLAWAHA,1,0,0,,4,,0,1,0,,,,,2020-09-15 06:26:17
19760222,,,0,,,,,,LADY REBELLIOUS,1,0,0,,4,8.0,0,1,0,,,,,2020-09-15 06:26:17
19760242,,,0,,,,,,LEN'S LIMIT,1,0,0,,4,8.0,0,1,0,,,,,2020-09-15 06:26:17
19760262,,,0,,,,,,CHIFF CHAFF,1,0,0,,4,1.0,0,1,0,,,,,2020-09-15 06:26:17
19760308,,,0,,,,,,BIG DOIN'S,1,0,0,,4,1.0,0,1,0,,,,,2020-09-15 06:26:17
19760328,,,0,,,,,,BUTTONS OR BOWS,1,0,0,,4,,0,1,0,,,,,2020-09-15 06:26:17
19760348,,,0,,,,,,HONEY Q,1,0,0,,4,8.0,0,1,0,,,,,2020-09-15 06:26:17
19760368,,,0,,,,,,THE RHINE,1,0,0,,4,4.0,0,1,0,,,,,2020-09-15 06:26:17
19760388,,,0,,,,,,PEL-MEL,1,0,0,,4,1.0,0,1,0,,,,,2020-09-15 06:26:17
19760404,,,0,,,,,,STEP FORWARD,1,0,0,,4,1.0,0,1,0,,,,,2020-09-15 06:26:17
19760424,,,0,,,,,,STARS & STRIPES,1,0,0,,4,1.0,0,1,0,,,,,2020-09-15 06:26:17
19760444,,,0,,,,,,BELEZA,1,0,0,,4,9.0,0,1,0,,,,,2020-09-15 06:26:17
19760464,,,0,,,,,,MOTHER INDIA,1,0,0,,4,8.0,0,1,0,,,,,2020-09-15 06:26:17
19760484,,,0,,,,,,BLIZZARD,1,0,0,,4,9.0,0,1,0,,,,,2020-09-15 06:26:17
19760500,,,0,,,,,,STEADY GIRL,1,0,0,,4,4.0,0,1,0,,,,,2020-09-15 06:26:17
19760520,,,0,,,,,,DISCRIMINATION,1,0,0,,4,1.0,0,1,0,,,,,2020-09-15 06:26:17
19760540,,,0,,,,,,GREASED LIGHTNING,1,0,0,,4,8.0,0,1,0,,,,,2020-09-15 06:26:17
19760560,,,0,,,,,,STAR OF BAGDAD,1,0,0,,4,4.0,0,1,0,,,,,2020-09-15 06:26:17
19760580,,,0,,,,,,GAY FEET,1,0,0,,4,,0,1,0,,,,,2020-09-15 06:26:17
19760606,,,0,,,,,,MISS MARKED,1,0,0,,4,,0,1,0,,,,,2020-09-15 06:26:17
19760626,,,0,,,,,,ASH WEDNESDAY,1,0,0,,4,1.0,0,1,0,,,,,2020-09-15 06:26:17
19760646,,,0,,,,,,STOOL PIGEON,1,0,0,,4,8.0,0,1,0,,,,,2020-09-15 06:26:17
19760666,,,0,,,,,,SILVER SPIN,1,0,0,,4,9.0,0,1,0,,,,,2020-09-15 06:26:17
19760686,,,0,,,,,,POJIM,1,0,0,,4,1.0,0,1,0,,,,,2020-09-15 06:26:17
19760702,,,0,,,,,,WHAT A BAMBAM,1,0,0,,4,9.0,0,1,0,,,,,2020-09-15 06:26:17
19760722,,,0,,,,,,ANNIVERSARY,1,0,0,,4,8.0,0,1,0,,,,,2020-09-15 06:26:17
19760742,,,0,,,,,,ANOTHER TRICK,1,0,0,,4,,0,1,0,,,,,2020-09-15 06:26:17
19760762,,,0,,,,,,KING'S STREET,1,0,0,,4,,0,1,0,,,,,2020-09-15 06:26:17
19760782,,,0,,,,,,MADAM FORTUNE,1,0,0,,4,8.0,0,1,0,,,,,2020-09-15 06:26:17
19760808,,,0,,,,,,MARIA AMALIA,1,0,0,,4,,0,1,0,,,,,2020-09-15 06:26:17
19760828,,,0,,,,,,HIGH BIRD,1,0,0,,4,,0,1,0,,,,,2020-09-15 06:26:17
19760848,,,0,,,,,,ANDREA'S DANCER,1,0,0,,4,,0,1,0,,,,,2020-09-15 06:26:17
19760868,,,0,,,,,,MISS DONEWELL,1,0,0,,4,,0,1,0,,,,,2020-09-15 06:26:17
19760888,,,0,,,,,,VIBRANT,1,0,0,,4,8.0,0,1,0,,,,,2020-09-15 06:26:17
19760904,,,0,,,,,,STAR WARS,1,0,0,,4,1.0,0,1,0,,,,,2020-09-15 06:26:17
19760924,,,0,,,,,,CONGRESSIONAL LADY,1,0,0,,4,9.0,0,1,0,,,,,2020-09-15 06:26:17
19760944,,,0,,,,,,GRAN PEACE,1,0,0,,4,,0,1,0,,,,,2020-09-15 06:26:17
19760964,,,0,,,,,,ROSE HILL,1,0,0,,4,1.0,0,1,0,,,,,2020-09-15 06:26:17
19760984,,,0,,,,,,TRACK LASS,1,0,0,,4,8.0,0,1,0,,,,,2020-09-15 06:26:17
19761007,,,0,,,,,,NEW GOLD,1,0,0,,4,8.0,0,1,0,,,,,2020-09-15 06:26:17
19761027,,,0,,,,,,REGAL MAID,1,0,0,,4,1.0,0,1,0,,,,,2020-09-15 06:26:17
19761047,,,0,,,,,,BESEDER BABY,1,0,0,,4,,0,1,0,,,,,2020-09-15 06:26:17
19761087,,,0,,,,,,BEHOLDING,1,0,0,,4,,0,1,0,,,,,2020-09-15 06:26:17
19761103,,,0,,,,,,GRECIAN PRINCESS,1,0,0,,4,1.0,0,1,0,,,,,2020-09-15 06:26:17
19761123,,,0,,,,,,SUNNY LOVE,1,0,0,,4,9.0,0,1,0,,,,,2020-09-15 06:26:17
19761143,,,0,,,,,,FAIRY ISLE,1,0,0,,4,,0,1,0,,,,,2020-09-15 06:26:17
19761163,,,0,,,,,,THE FOUR ARTS,1,0,0,,4,,0,1,0,,,,,2020-09-15 06:26:17
19761229,,,0,,,,,,SHREWD JUDE,1,0,0,,4,,0,1,0,,,,,2020-09-15 06:26:17
19761269,,,0,,,,,,MISS MUCHO GRANDE,1,0,0,,4,,0,1,0,,,,,2020-09-15 06:26:17
19761325,,,0,,,,,,MARY PAT GO,1,0,0,,4,,0,1,0,,,,,2020-09-15 06:26:17
19761365,,,0,,,,,,MINDY TUCKER,1,0,0,,4,,0,1,0,,,,,2020-09-15 06:26:17
19761401,,,0,,,,,,TOTE EM UP,1,0,0,,4,,0,1,0,,,,,2020-09-15 06:26:17
19761421,,,0,,,,,,ANCIENT MISS,1,0,0,,4,,0,1,0,,,,,2020-09-15 06:26:17
19761461,,,0,,,,,,I SHOULD'A,1,0,0,,4,,0,1,0,,,,,2020-09-15 06:26:17
19761507,,,0,,,,,,NATIVE DASHER,1,0,0,,4,,0,1,0,,,,,2020-09-15 06:26:17
19761547,,,0,,,,,,HEY LITTLE STAR,1,0,0,,4,,0,1,0,,,,,2020-09-15 06:26:17
19761587,,,0,,,,,,WATER LILY,1,0,0,,4,8.0,0,1,0,,,,,2020-09-15 06:26:17
19761603,,,0,,,,,,MUMKIN,1,0,0,,4,,0,1,0,,,,,2020-09-15 06:26:17
19761623,,,0,,,,,,ORPHANELLA,1,0,0,,4,,0,1,0,,,,,2020-09-15 06:26:17
19761643,,,0,,,,,,GISELA'S PLEASURE,1,0,0,,4,,0,1,0,,,,,2020-09-15 06:26:17
19761729,,,0,,,,,,TRUE COLOURS,1,0,0,,4,8.0,0,1,0,,,,,2020-09-15 06:26:17
19761749,,,0,,,,,,CHRIS A BELL,1,0,0,,4,,0,1,0,,,,,2020-09-15 06:26:17
19761805,,,0,,,,,,DEBORAH OF WINLOC,1,0,0,,4,,0,1,0,,,,,2020-09-15 06:26:17
19761865,,,0,,,,,,DEW DROP GIRL,1,0,0,,4,,0,1,0,,,,,2020-09-15 06:26:17
19761885,,,0,,,,,,COLONY CLUB,1,0,0,,4,,0,1,0,,,,,2020-09-15 06:26:17
19761961,,,0,,,,,,FORDLANDIA,1,0,0,,4,,0,1,0,,,,,2020-09-15 06:26:17
19761981,,,0,,,,,,TUTTO RUSSO,1,0,0,,4,1.0,0,1,0,,,,,2020-09-15 06:26:17
19762004,,,0,,,,,,STYLISH RUN,1,0,0,,4,,0,1,0,,,,,2020-09-15 06:26:17
19762024,,,0,,,,,,HARD KNOCKING,1,0,0,,4,,0,1,0,,,,,2020-09-15 06:26:17
19762044,,,0,,,,,,SLY TRICK,1,0,0,,4,,0,1,0,,,,,2020-09-15 06:26:17
19762064,,,0,,,,,,THE SHADOW,1,0,0,,4,,0,1,0,,,,,2020-09-15 06:26:17
19762084,,,0,,,,,,MORGAN'S GIRL,1,0,0,,4,8.0,0,1,0,,,,,2020-09-15 06:26:17
19762100,,,0,,,,,,WHAT A SHACK,1,0,0,,4,,0,1,0,,,,,2020-09-15 06:26:17
19762140,,,0,,,,,,DOWNBEAT,1,0,0,,4,1.0,0,1,0,,,,,2020-09-15 06:26:17
19762160,,,0,,,,,,LADY PEARL,1,0,0,,4,4.0,0,1,0,,,,,2020-09-15 06:26:17
19762180,,,0,,,,,,SPORTS FANNY,1,0,0,,4,1.0,0,1,0,,,,,2020-09-15 06:26:17
19762206,,,0,,,,,,SCARLET TOMAS,1,0,0,,4,,0,1,0,,,,,2020-09-15 06:26:17
19762302,,,0,,,,,,FIRST FOR DAD,1,0,0,,4,9.0,0,1,0,,,,,2020-09-15 06:26:17
19762322,,,0,,,,,,SQUARE ONE,1,0,0,,4,1.0,0,1,0,,,,,2020-09-15 06:26:17
19762342,,,0,,,,,,CALL LETTER,1,0,0,,4,1.0,0,1,0,,,,,2020-09-15 06:26:17
19762362,,,0,,,,,,MA PETITE,1,0,0,,4,8.0,0,1,0,,,,,2020-09-15 06:26:17
19762382,,,0,,,,,,INTERCEPTRESS,1,0,0,,4,1.0,0,1,0,,,,,2020-09-15 06:26:17
19762408,,,0,,,,,,LITTLE MAE,1,0,0,,4,8.0,0,1,0,,,,,2020-09-15 06:26:17
19762428,,,0,,,,,,TERLINGUA,1,0,0,,4,8.0,0,1,0,,,,,2020-09-15 06:26:17
19762524,,,0,,,,,,SHOW UP HENRY,1,0,0,,4,,0,1,0,,,,,2020-09-15 06:26:17
19762544,,,0,,,,,,TOES FORWARD,1,0,0,,4,,0,1,0,,,,,2020-09-15 06:26:17
19762564,,,0,,,,,,REASONABLE SIN,1,0,0,,4,8.0,0,1,0,,,,,2020-09-15 06:26:17
19762600,,,0,,,,,,CONTINUAL,1,0,0,,4,,0,1,0,,,,,2020-09-15 06:26:17
19762620,,,0,,,,,,DEVI,1,0,0,,4,,0,1,0,,,,,2020-09-15 06:26:17
19762640,,,0,,,,,,SUN FOR ALL,1,0,0,,4,8.0,0,1,0,,,,,2020-09-15 06:26:17
19762660,,,0,,,,,,DOLPHINS DREAM,1,0,0,,4,,0,1,0,,,,,2020-09-15 06:26:17
19762680,,,0,,,,,,FILE,1,0,0,,4,8.0,0,1,0,,,,,2020-09-15 06:26:17
19762706,,,0,,,,,,TWEAK,1,0,0,,4,,0,1,0,,,,,2020-09-15 06:26:17
19762726,,,0,,,,,,CHAREDI,1,0,0,,4,,0,1,0,,,,,2020-09-15 06:26:17
19762746,,,0,,,,,,WINSOME (USA),1,0,0,,4,1.0,0,1,0,,,,,2020-09-15 06:26:17
19762766,,,0,,,,,,LOVE SEAT,1,0,0,,4,8.0,0,1,0,,,,,2020-09-15 06:26:17
19762786,,,0,,,,,,FANTASTIC FLYER,1,0,0,,4,,0,1,0,,,,,2020-09-15 06:26:17
19762802,,,0,,,,,,BHAMA,1,0,0,,4,8.0,0,1,0,,,,,2020-09-15 06:26:17
19762822,,,0,,,,,,VEIL OF LIGHT,1,0,0,,4,1.0,0,1,0,,,,,2020-09-15 06:26:17
19762842,,,0,,,,,,OBLIVIOUS MISS,1,0,0,,4,8.0,0,1,0,,,,,2020-09-15 06:26:17
19762862,,,0,,,,,,TRUST MY JUDGEMENT,1,0,0,,4,1.0,0,1,0,,,,,2020-09-15 06:26:17
19762882,,,0,,,,,,KANTADO,1,0,0,,4,1.0,0,1,0,,,,,2020-09-15 06:26:17
19762908,,,0,,,,,,CHECK THE QUEEN,1,0,0,,4,1.0,0,1,0,,,,,2020-09-15 06:26:17
19762928,,,0,,,,,,SAILAWAY,1,0,0,,4,1.0,0,1,0,,,,,2020-09-15 06:26:17
19762948,,,0,,,,,,DON'T COMBO,1,0,0,,4,,0,1,0,,,,,2020-09-15 06:26:17
19762968,,,0,,,,,,LOOK NORTH,1,0,0,,4,1.0,0,1,0,,,,,2020-09-15 06:26:17
19762988,,,0,,,,,,CHAMPAGNE SHOWER,1,0,0,,4,8.0,0,1,0,,,,,2020-09-15 06:26:17
19763001,,,0,,,,,,THROGANBY MELODY,1,0,0,,4,,0,1,0,,,,,2020-09-15 06:26:17
19763021,,,0,,,,,,MINNESOTA DOLL,1,0,0,,4,,0,1,0,,,,,2020-09-15 06:26:17
19763041,,,0,,,,,,PRECIOUS RULER,1,0,0,,4,,0,1,0,,,,,2020-09-15 06:26:17
19763061,,,0,,,,,,SWEET LITTLE STAR,1,0,0,,4,1.0,0,1,0,,,,,2020-09-15 06:26:17
19763081,,,0,,,,,,TRACK ROBBERY,1,0,0,,4,8.0,0,1,0,,,,,2020-09-15 06:26:17
19763107,,,0,,,,,,ANSWER IS NO,1,0,0,,4,,0,1,0,,,,,2020-09-15 06:26:17
19763127,,,0,,,,,,PETE'S TEDDY,1,0,0,,4,,0,1,0,,,,,2020-09-15 06:26:17
19763167,,,0,,,,,,SACRED JOURNEY,1,0,0,,4,1.0,0,1,0,,,,,2020-09-15 06:26:17
19763187,,,0,,,,,,BRIGHT JEWEL,1,0,0,,4,,0,1,0,,,,,2020-09-15 06:26:17
19763223,,,0,,,,,,CHELSEANNA,1,0,0,,4,,0,1,0,,,,,2020-09-15 06:26:17
19763349,,,0,,,,,,SATAN'S PRIDE,1,0,0,,4,,0,1,0,,,,,2020-09-15 06:26:17
19763389,,,0,,,,,,ASTANIA,1,0,0,,4,,0,1,0,,,,,2020-09-15 06:26:17
19764028,,,0,,,,,,BELLE TO FLUSH,1,0,0,,4,,0,1,0,,,,,2020-09-15 06:26:17
19764088,,,0,,,,,,LADY RACQUEL,1,0,0,,4,,0,1,0,,,,,2020-09-15 06:26:17
19764104,,,0,,,,,,APPLE INHAND,1,0,0,,4,,0,1,0,,,,,2020-09-15 06:26:17
19764144,,,0,,,,,,MARIA WALESKA,1,0,0,,4,,0,1,0,,,,,2020-09-15 06:26:17
19764220,,,0,,,,,,LINCOLN'S SILVER,1,0,0,,4,9.0,0,1,0,,,,,2020-09-15 06:26:17
19764306,,,0,,,,,,LINGO LADY,1,0,0,,4,,0,1,0,,,,,2020-09-15 06:26:17
19764346,,,0,,,,,,CARLINIA,1,0,0,,4,,0,1,0,,,,,2020-09-15 06:26:17
19764422,,,0,,,,,,WINTER ROMANCE,1,0,0,,4,,0,1,0,,,,,2020-09-15 06:26:17
19764644,,,0,,,,,,ONE IS ENOUGH,1,0,0,,4,,0,1,0,,,,,2020-09-15 06:26:17
19764664,,,0,,,,,,CHAMPAGNE COCKTAIL,1,0,0,,4,,0,1,0,,,,,2020-09-15 06:26:17
19764700,,,0,,,,,,ELOQUENT,1,0,0,,4,,0,1,0,,,,,2020-09-15 06:26:17
19764740,,,0,,,,,,CORNISH RUNNER,1,0,0,,4,,0,1,0,,,,,2020-09-15 06:26:17
19764760,,,0,,,,,,SEA PROSPECTOR,1,0,0,,4,,0,1,0,,,,,2020-09-15 06:26:17
19764942,,,0,,,,,,BIRTHDAY LOVE,1,0,0,,4,,0,1,0,,,,,2020-09-15 06:26:17
19764962,,,0,,,,,,HER SILVER,1,0,0,,4,,0,1,0,,,,,2020-09-15 06:26:17
19765085,,,0,,,,,,PALDEUTSCHE,1,0,0,,4,,0,1,0,,,,,2020-09-15 06:26:17
19766224,,,0,,,,,,SHE CAN GROOVE,1,0,0,,4,1.0,0,1,0,,,,,2020-09-15 06:26:17
19767903,,,0,,,,,,WARINA,1,0,0,,4,8.0,0,1,0,,,,,2020-09-15 06:26:17
19770008,,,0,,,,,,BELLE-LINE,1,0,0,,4,1.0,0,1,0,,,,,2020-09-15 06:26:17
19770028,,,0,,,,,,GEMILEE,1,0,0,,4,,0,1,0,,,,,2020-09-15 06:26:17
19770048,,,0,,,,,,JERSEY LAND,1,0,0,,4,1.0,0,1,0,,,,,2020-09-15 06:26:17
19770068,,,0,,,,,,LUSHA,1,0,0,,4,1.0,0,1,0,,,,,2020-09-15 06:26:17
19770088,,,0,,,,,,SKATERS WALTZ,1,0,0,,4,1.0,0,1,0,,,,,2020-09-15 06:26:17
19770104,,,0,,,,,,NAHEELAH,1,0,0,,4,8.0,0,1,0,,,,,2020-09-15 06:26:17
19770124,,,0,,,,,,VENDETTA,1,0,0,,4,,0,1,0,,,,,2020-09-15 06:26:17
19770144,,,0,,,,,,SPARTAN VALOR,1,0,0,,4,1.0,0,1,0,,,,,2020-09-15 06:26:17
19770164,,,0,,,,,,IMANI,1,0,0,,4,4.0,0,1,0,,,,,2020-09-15 06:26:17
19770184,,,0,,,,,,MALIBU,1,0,0,,4,8.0,0,1,0,,,,,2020-09-15 06:26:17
19770200,,,0,,,,,,BUBBLE UP,1,0,0,,4,1.0,0,1,0,,,,,2020-09-15 06:26:17
19770220,,,0,,,,,,FASHION SET,1,0,0,,4,,0,1,0,,,,,2020-09-15 06:26:17
19770240,,,0,,,,,,DELDUETSCHE,1,0,0,,4,,0,1,0,,,,,2020-09-15 06:26:17
19770260,,,0,,,,,,BRIGHT SPARK,1,0,0,,4,8.0,0,1,0,,,,,2020-09-15 06:26:17
19770280,,,0,,,,,,TURNING POINT,1,0,0,,4,1.0,0,1,0,,,,,2020-09-15 06:26:17
19770306,,,0,,,,,,ZARAH,1,0,0,,4,1.0,0,1,0,,,,,2020-09-15 06:26:17
19770326,,,0,,,,,,ROYAL CREAM,1,0,0,,4,1.0,0,1,0,,,,,2020-09-15 06:26:17
19770346,,,0,,,,,,STITCH IN TIME,1,0,0,,4,1.0,0,1,0,,,,,2020-09-15 06:26:17
19770366,,,0,,,,,,LA KAMIKA,1,0,0,,4,1.0,0,1,0,,,,,2020-09-15 06:26:17
19770386,,,0,,,,,,THE COUNTESS,1,0,0,,4,8.0,0,1,0,,,,,2020-09-15 06:26:17
19770402,,,0,,,,,,HERMOSA AMADA,1,0,0,,4,1.0,0,1,0,,,,,2020-09-15 06:26:17
19770422,,,0,,,,,,AMERI GIRL,1,0,0,,4,1.0,0,1,0,,,,,2020-09-15 06:26:17
19770442,,,0,,,,,,MOONSHINE,1,0,0,,4,1.0,0,1,0,,,,,2020-09-15 06:26:17
19770462,,,0,,,,,,BAVARIA,1,0,0,,4,1.0,0,1,0,,,,,2020-09-15 06:26:17
19770482,,,0,,,,,,DAY BREAK,1,0,0,,4,1.0,0,1,0,,,,,2020-09-15 06:26:17
19770508,,,0,,,,,,LADY SIMONE,1,0,0,,4,1.0,0,1,0,,,,,2020-09-15 06:26:17
19770528,,,0,,,,,,FAIRY CHANT,1,0,0,,4,1.0,0,1,0,,,,,2020-09-15 06:26:17
19770548,,,0,,,,,,ETOILE EST NE,1,0,0,,4,,0,1,0,,,,,2020-09-15 06:26:17
19770568,,,0,,,,,,SPECTACULAR,1,0,0,,4,8.0,0,1,0,,,,,2020-09-15 06:26:17
19770588,,,0,,,,,,ROBUCK,1,0,0,,4,1.0,0,1,0,,,,,2020-09-15 06:26:17
19770604,,,0,,,,,,YELLOW DESTINY,1,0,0,,4,,0,1,0,,,,,2020-09-15 06:26:17
19770624,,,0,,,,,,LITTLE PYE,1,0,0,,4,1.0,0,1,0,,,,,2020-09-15 06:26:17
19770644,,,0,,,,,,STRAIGHT THROUGH,1,0,0,,4,,0,1,0,,,,,2020-09-15 06:26:17
19770664,,,0,,,,,,MEADOW LINK,1,0,0,,4,8.0,0,1,0,,,,,2020-09-15 06:26:17
19770684,,,0,,,,,,ONCIDOLINK,1,0,0,,4,8.0,0,1,0,,,,,2020-09-15 06:26:17
19770700,,,0,,,,,,QUEEN OF ART,1,0,0,,4,8.0,0,1,0,,,,,2020-09-15 06:26:17
19770720,,,0,,,,,,TWO TOO MUCH,1,0,0,,4,,0,1,0,,,,,2020-09-15 06:26:17
19770740,,,0,,,,,,SPANISH TUNE,1,0,0,,4,,0,1,0,,,,,2020-09-15 06:26:17
19770760,,,0,,,,,,ISLE SEAT,1,0,0,,4,,0,1,0,,,,,2020-09-15 06:26:17
19770780,,,0,,,,,,HAYE'S RAY,1,0,0,,4,,0,1,0,,,,,2020-09-15 06:26:17
19770806,,,0,,,,,,FIVE BLUES,1,0,0,,4,8.0,0,1,0,,,,,2020-09-15 06:26:17
19770826,,,0,,,,,,FORGET ME NOT,1,0,0,,4,8.0,0,1,0,,,,,2020-09-15 06:26:17
19770846,,,0,,,,,,KEENNESS,1,0,0,,4,,0,1,0,,,,,2020-09-15 06:26:17
19770866,,,0,,,,,,PRIX DIANE,1,0,0,,4,1.0,0,1,0,,,,,2020-09-15 06:26:17
19770886,,,0,,,,,,SUGAR CUBE,1,0,0,,4,8.0,0,1,0,,,,,2020-09-15 06:26:17
19770902,,,0,,,,,,PORE OLD THANG,1,0,0,,4,,0,1,0,,,,,2020-09-15 06:26:17
19770922,,,0,,,,,,FLYNN'S FLYER,1,0,0,,4,,0,1,0,,,,,2020-09-15 06:26:17
19770982,,,0,,,,,,SWING TIME,1,0,0,,4,4.0,0,1,0,,,,,2020-09-15 06:26:17
19771025,,,0,,,,,,MISS FORUM,1,0,0,,4,,0,1,0,,,,,2020-09-15 06:26:17
19771065,,,0,,,,,,I'M NOT BLUE,1,0,0,,4,1.0,0,1,0,,,,,2020-09-15 06:26:17
19771121,,,0,,,,,,BUTTON UP,1,0,0,,4,1.0,0,1,0,,,,,2020-09-15 06:26:17
19771161,,,0,,,,,,AT LAST ALANE,1,0,0,,4,,0,1,0,,,,,2020-09-15 06:26:17
19771247,,,0,,,,,,TRESTLE,1,0,0,,4,,0,1,0,,,,,2020-09-15 06:26:17
19771323,,,0,,,,,,BETROTHAL,1,0,0,,4,,0,1,0,,,,,2020-09-15 06:26:17
19771343,,,0,,,,,,BONNIE MIST,1,0,0,,4,8.0,0,1,0,,,,,2020-09-15 06:26:17
19771363,,,0,,,,,,ESTHETE,1,0,0,,4,,0,1,0,,,,,2020-09-15 06:26:17
19771383,,,0,,,,,,QUEEN'S BALLARD,1,0,0,,4,,0,1,0,,,,,2020-09-15 06:26:17
19771409,,,0,,,,,,BREEZIN' THRU,1,0,0,,4,1.0,0,1,0,,,,,2020-09-15 06:26:17
19771429,,,0,,,,,,GREAT YONDER,1,0,0,,4,,0,1,0,,,,,2020-09-15 06:26:17
19771469,,,0,,,,,,LADY HOMBRE,1,0,0,,4,,0,1,0,,,,,2020-09-15 06:26:17
19771489,,,0,,,,,,COME SE COME SA,1,0,0,,4,1.0,0,1,0,,,,,2020-09-15 06:26:17
19771505,,,0,,,,,,BETTY MARSH,1,0,0,,4,,0,1,0,,,,,2020-09-15 06:26:17
19771525,,,0,,,,,,DOXIE,1,0,0,,4,,0,1,0,,,,,2020-09-15 06:26:17
19771565,,,0,,,,,,DONNA'S INTENT,1,0,0,,4,,0,1,0,,,,,2020-09-15 06:26:17
19771585,,,0,,,,,,NOT TELLING,1,0,0,,4,,0,1,0,,,,,2020-09-15 06:26:17
19771601,,,0,,,,,,WIZZIE'S SERENADE,1,0,0,,4,,0,1,0,,,,,2020-09-15 06:26:17
19771621,,,0,,,,,,BLESSED MAID,1,0,0,,4,,0,1,0,,,,,2020-09-15 06:26:17
19771681,,,0,,,,,,THIRD FLING,1,0,0,,4,,0,1,0,,,,,2020-09-15 06:26:17
19771767,,,0,,,,,,HANKOW WILLOW,1,0,0,,4,,0,1,0,,,,,2020-09-15 06:26:17
19771823,,,0,,,,,,CONFIRMED,1,0,0,,4,,0,1,0,,,,,2020-09-15 06:26:17
19771909,,,0,,,,,,CRAFTY PRINCESS,1,0,0,,4,8.0,0,1,0,,,,,2020-09-15 06:26:17
19771949,,,0,,,,,,BETTY'S REALITY,1,0,0,,4,1.0,0,1,0,,,,,2020-09-15 06:26:17
19772002,,,0,,,,,,VIVID,1,0,0,,4,1.0,0,1,0,,,,,2020-09-15 06:26:17
19772022,,,0,,,,,,CREDENCE,1,0,0,,4,4.0,0,1,0,,,,,2020-09-15 06:26:17
19772062,,,0,,,,,,FRAZZLED,1,0,0,,4,,0,1,0,,,,,2020-09-15 06:26:17
19772082,,,0,,,,,,BLACK GODDESS,1,0,0,,4,,0,1,0,,,,,2020-09-15 06:26:17
19772108,,,0,,,,,,CHAMPAGNEANDLACE,1,0,0,,4,,0,1,0,,,,,2020-09-15 06:26:17
19772204,,,0,,,,,,MELODY JILL,1,0,0,,4,1.0,0,1,0,,,,,2020-09-15 06:26:17
19772224,,,0,,,,,,PAT MITCHELLE,1,0,0,,4,,0,1,0,,,,,2020-09-15 06:26:17
19772244,,,0,,,,,,MISS DRAW BRIDGE,1,0,0,,4,1.0,0,1,0,,,,,2020-09-15 06:26:18
19772264,,,0,,,,,,GREENWICH,1,0,0,,4,1.0,0,1,0,,,,,2020-09-15 06:26:18
19772284,,,0,,,,,,MARK'S MAGIC,1,0,0,,4,,0,1,0,,,,,2020-09-15 06:26:18
19772300,,,0,,,,,,MISS HATCHET,1,0,0,,4,1.0,0,1,0,,,,,2020-09-15 06:26:18
19772320,,,0,,,,,,LITTLE SUE,1,0,0,,4,8.0,0,1,0,,,,,2020-09-15 06:26:18
19772340,,,0,,,,,,NAVITAN,1,0,0,,4,,0,1,0,,,,,2020-09-15 06:26:18
19772360,,,0,,,,,,FIRE RED,1,0,0,,4,1.0,0,1,0,,,,,2020-09-15 06:26:18
19772380,,,0,,,,,,LANDSLIDE,1,0,0,,4,8.0,0,1,0,,,,,2020-09-15 06:26:18
19772466,,,0,,,,,,SMART ANGLE,1,0,0,,4,1.0,0,1,0,,,,,2020-09-15 06:26:18
19772542,,,0,,,,,,GREAT LIGHT,1,0,0,,4,8.0,0,1,0,,,,,2020-09-15 06:26:18
19772562,,,0,,,,,,RARE DOVE,1,0,0,,4,1.0,0,1,0,,,,,2020-09-15 06:26:18
19772582,,,0,,,,,,IMPLICIT,1,0,0,,4,1.0,0,1,0,,,,,2020-09-15 06:26:18
19772608,,,0,,,,,,FIFTY FIFTY,1,0,0,,4,8.0,0,1,0,,,,,2020-09-15 06:26:18
19772628,,,0,,,,,,WEBER CITY MISS,1,0,0,,4,,0,1,0,,,,,2020-09-15 06:26:18
19772648,,,0,,,,,,BETTY'S SECRET,1,0,0,,4,1.0,0,1,0,,,,,2020-09-15 06:26:18
19772668,,,0,,,,,,FIDEI DEFENSOR,1,0,0,,4,9.0,0,1,0,,,,,2020-09-15 06:26:18
19772688,,,0,,,,,,ICY LASSIE,1,0,0,,4,1.0,0,1,0,,,,,2020-09-15 06:26:18
19772704,,,0,,,,,,ALTIVANTE,1,0,0,,4,1.0,0,1,0,,,,,2020-09-15 06:26:18
19772724,,,0,,,,,,DEMURE,1,0,0,,4,1.0,0,1,0,,,,,2020-09-15 06:26:18
19772744,,,0,,,,,,DETROIT,1,0,0,,4,8.0,0,1,0,,,,,2020-09-15 06:26:18
19772784,,,0,,,,,,FLIGHT TO GLORY,1,0,0,,4,9.0,0,1,0,,,,,2020-09-15 06:26:18
19772800,,,0,,,,,,CONFIRM,1,0,0,,4,,0,1,0,,,,,2020-09-15 06:26:18
19772820,,,0,,,,,,ROSA MUNDI,1,0,0,,4,8.0,0,1,0,,,,,2020-09-15 06:26:18
19772840,,,0,,,,,,TREE OF KNOWLEDGE,1,0,0,,4,1.0,0,1,0,,,,,2020-09-15 06:26:18
19772880,,,0,,,,,,FOXY LADY,1,0,0,,4,1.0,0,1,0,,,,,2020-09-15 06:26:18
19772906,,,0,,,,,,MONROE,1,0,0,,4,1.0,0,1,0,,,,,2020-09-15 06:26:18
19772926,,,0,,,,,,ROMAN ROCKETTE,1,0,0,,4,1.0,0,1,0,,,,,2020-09-15 06:26:18
19772946,,,0,,,,,,NASTY MIST,1,0,0,,4,1.0,0,1,0,,,,,2020-09-15 06:26:18
19772966,,,0,,,,,,LUXURIOUS GAL,1,0,0,,4,1.0,0,1,0,,,,,2020-09-15 06:26:18
19772986,,,0,,,,,,MUSKRAT LOVE,1,0,0,,4,1.0,0,1,0,,,,,2020-09-15 06:26:18
19773009,,,0,,,,,,TRACY'S DESTINY,1,0,0,,4,,0,1,0,,,,,2020-09-15 06:26:18
19773029,,,0,,,,,,SIERRA,1,0,0,,4,,0,1,0,,,,,2020-09-15 06:26:18
19773049,,,0,,,,,,WIN PLACE AND SHOW,1,0,0,,4,,0,1,0,,,,,2020-09-15 06:26:18
19773069,,,0,,,,,,GETTY HYA,1,0,0,,4,1.0,0,1,0,,,,,2020-09-15 06:26:18
19773105,,,0,,,,,,ARABIA,1,0,0,,4,1.0,0,1,0,,,,,2020-09-15 06:26:18
19773125,,,0,,,,,,MOBCAP,1,0,0,,4,8.0,0,1,0,,,,,2020-09-15 06:26:18
19773145,,,0,,,,,,PRICELESS COUNTESS,1,0,0,,4,1.0,0,1,0,,,,,2020-09-15 06:26:18
19773165,,,0,,,,,,SCREENLAND,1,0,0,,4,8.0,0,1,0,,,,,2020-09-15 06:26:18
19773185,,,0,,,,,,DEAR GUINEVERE,1,0,0,,4,8.0,0,1,0,,,,,2020-09-15 06:26:18
19773201,,,0,,,,,,FABULOUS JEANIE,1,0,0,,4,1.0,0,1,0,,,,,2020-09-15 06:26:18
19773221,,,0,,,,,,NUCLEUS,1,0,0,,4,,0,1,0,,,,,2020-09-15 06:26:18
19773241,,,0,,,,,,NOSOX,1,0,0,,4,,0,1,0,,,,,2020-09-15 06:26:18
19773261,,,0,,,,,,TEN CENTS A KISS,1,0,0,,4,,0,1,0,,,,,2020-09-15 06:26:18
19773307,,,0,,,,,,GLORIOUS GIRL,1,0,0,,4,,0,1,0,,,,,2020-09-15 06:26:18
19773347,,,0,,,,,,GOLDEN DELTA,1,0,0,,4,,0,1,0,,,,,2020-09-15 06:26:18
19773367,,,0,,,,,,ACCENT,1,0,0,,4,,0,1,0,,,,,2020-09-15 06:26:18
19773387,,,0,,,,,,MILLER MAID,1,0,0,,4,8.0,0,1,0,,,,,2020-09-15 06:26:18
19773423,,,0,,,,,,MISTY IRISH,1,0,0,,4,,0,1,0,,,,,2020-09-15 06:26:18
19773443,,,0,,,,,,LA VREELAND,1,0,0,,4,,0,1,0,,,,,2020-09-15 06:26:18
19773463,,,0,,,,,,LUV LUVIN',1,0,0,,4,8.0,0,1,0,,,,,2020-09-15 06:26:18
19773483,,,0,,,,,,PLENTY O'TOOLE,1,0,0,,4,,0,1,0,,,,,2020-09-15 06:26:18
19773549,,,0,,,,,,ADROIT MOVE,1,0,0,,4,1.0,0,1,0,,,,,2020-09-15 06:26:18
19773569,,,0,,,,,,LAURA'S STAR,1,0,0,,4,1.0,0,1,0,,,,,2020-09-15 06:26:18
19773589,,,0,,,,,,PAY THE PIPER,1,0,0,,4,8.0,0,1,0,,,,,2020-09-15 06:26:18
19773605,,,0,,,,,,SPIRITED AWAY,1,0,0,,4,8.0,0,1,0,,,,,2020-09-15 06:26:18
19773625,,,0,,,,,,ROYAL STANCE,1,0,0,,4,1.0,0,1,0,,,,,2020-09-15 06:26:18
19773645,,,0,,,,,,EXCLUSIVA,1,0,0,,4,8.0,0,1,0,,,,,2020-09-15 06:26:18
19773665,,,0,,,,,,MOONY'S GIRL,1,0,0,,4,1.0,0,1,0,,,,,2020-09-15 06:26:18
19773685,,,0,,,,,,KAHAILA,1,0,0,,4,8.0,0,1,0,,,,,2020-09-15 06:26:18
19773721,,,0,,,,,,SPACE OF TIME,1,0,0,,4,1.0,0,1,0,,,,,2020-09-15 06:26:18
19773741,,,0,,,,,,REGENT'S HONEY,1,0,0,,4,1.0,0,1,0,,,,,2020-09-15 06:26:18
19773761,,,0,,,,,,MAVERA,1,0,0,,4,1.0,0,1,0,,,,,2020-09-15 06:26:18
19773902,,,0,,,,,,BAYOU BEAR,1,0,0,,4,1.0,0,1,0,,,,,2020-09-15 06:26:18
19773903,,,0,,,,,,POLITE LADY,1,0,0,,4,,0,1,0,,,,,2020-09-15 06:26:18
19774026,,,0,,,,,,TIME AN CARE,1,0,0,,4,,0,1,0,,,,,2020-09-15 06:26:18
19774066,,,0,,,,,,LADY JANE,1,0,0,,4,1.0,0,1,0,,,,,2020-09-15 06:26:18
19774122,,,0,,,,,,KASHAN,1,0,0,,4,,0,1,0,,,,,2020-09-15 06:26:18
19774142,,,0,,,,,,RICARA,1,0,0,,4,,0,1,0,,,,,2020-09-15 06:26:18
19774162,,,0,,,,,,LEA'S ACE,1,0,0,,4,8.0,0,1,0,,,,,2020-09-15 06:26:18
19774182,,,0,,,,,,CAROLS CHRISTMAS,1,0,0,,4,,0,1,0,,,,,2020-09-15 06:26:18
19774248,,,0,,,,,,CRYO MADERO,1,0,0,,4,,0,1,0,,,,,2020-09-15 06:26:18
19775083,,,0,,,,,,PAMPHLET,1,0,0,,4,8.0,0,1,0,,,,,2020-09-15 06:26:18
19775109,,,0,,,,,,PICANTE,1,0,0,,4,1.0,0,1,0,,,,,2020-09-15 06:26:18
19775129,,,0,,,,,,PATALETA,1,0,0,,4,1.0,0,1,0,,,,,2020-09-15 06:26:18
19775487,,,0,,,,,,REGAL & BOLD,1,0,0,,4,8.0,0,1,0,,,,,2020-09-15 06:26:18
19775563,,,0,,,,,,REN-NAY,1,0,0,,4,8.0,0,1,0,,,,,2020-09-15 06:26:18
19776242,,,0,,,,,,SHE'S A PET,1,0,0,,4,9.0,0,1,0,,,,,2020-09-15 06:26:18
19777067,,,0,,,,,,SUN DREAD,1,0,0,,4,1.0,0,1,0,,,,,2020-09-15 06:26:18
19777163,,,0,,,,,,TAJ,1,0,0,,4,1.0,0,1,0,,,,,2020-09-15 06:26:18
19777183,,,0,,,,,,TAP ON DIAMOND,1,0,0,,4,1.0,0,1,0,,,,,2020-09-15 06:26:18
19777289,,,0,,,,,,THE BAGMOUTH,1,0,0,,4,,0,1,0,,,,,2020-09-15 06:26:18
19780026,,,0,,,,,,SILVERADA,1,0,0,,4,1.0,0,1,0,,,,,2020-09-15 06:26:18
19780046,,,0,,,,,,SPECIAL SECRET,1,0,0,,4,1.0,0,1,0,,,,,2020-09-15 06:26:18
19780086,,,0,,,,,,RICOCHET,1,0,0,,4,1.0,0,1,0,,,,,2020-09-15 06:26:18
19780102,,,0,,,,,,GHETTO GIRL,1,0,0,,4,,0,1,0,,,,,2020-09-15 06:26:18
19780122,,,0,,,,,,SMART SET,1,0,0,,4,1.0,0,1,0,,,,,2020-09-15 06:26:18
19780142,,,0,,,,,,ZUKI KAY,1,0,0,,4,1.0,0,1,0,,,,,2020-09-15 06:26:18
19780162,,,0,,,,,,PANACHE,1,0,0,,4,1.0,0,1,0,,,,,2020-09-15 06:26:18
19780182,,,0,,,,,,HIDDEN GOLD,1,0,0,,4,8.0,0,1,0,,,,,2020-09-15 06:26:18
19780208,,,0,,,,,,BERT BY JO,1,0,0,,4,1.0,0,1,0,,,,,2020-09-15 06:26:18
19780228,,,0,,,,,,DATE LINE,1,0,0,,4,1.0,0,1,0,,,,,2020-09-15 06:26:18
19780248,,,0,,,,,,ANITA'S MARC,1,0,0,,4,1.0,0,1,0,,,,,2020-09-15 06:26:18
19780268,,,0,,,,,,REEM,1,0,0,,4,1.0,0,1,0,,,,,2020-09-15 06:26:18
19780288,,,0,,,,,,KASH,1,0,0,,4,8.0,0,1,0,,,,,2020-09-15 06:26:18
19780304,,,0,,,,,,DIRECTERESS,1,0,0,,4,9.0,0,1,0,,,,,2020-09-15 06:26:18
19780324,,,0,,,,,,TURKISH DELIGHT,1,0,0,,4,1.0,0,1,0,,,,,2020-09-15 06:26:18
19780344,,,0,,,,,,TAVEL ROSE,1,0,0,,4,1.0,0,1,0,,,,,2020-09-15 06:26:18
19780364,,,0,,,,,,REGENT'S PRINCESS,1,0,0,,4,8.0,0,1,0,,,,,2020-09-15 06:26:18
19780384,,,0,,,,,,TROPICAL DANCER,1,0,0,,4,1.0,0,1,0,,,,,2020-09-15 06:26:18
19780400,,,0,,,,,,DARLING MO,1,0,0,,4,,0,1,0,,,,,2020-09-15 06:26:18
19780420,,,0,,,,,,TURQUOISE ARROW,1,0,0,,4,,0,1,0,,,,,2020-09-15 06:26:18
19780440,,,0,,,,,,WILD EMPRESS,1,0,0,,4,,0,1,0,,,,,2020-09-15 06:26:18
19780460,,,0,,,,,,BUS STOP,1,0,0,,4,,0,1,0,,,,,2020-09-15 06:26:18
19780480,,,0,,,,,,SANDY BABY,1,0,0,,4,,0,1,0,,,,,2020-09-15 06:26:18
19780506,,,0,,,,,,MITOETTE,1,0,0,,4,9.0,0,1,0,,,,,2020-09-15 06:26:18
19780526,,,0,,,,,,B.T. EXPRESS,1,0,0,,4,1.0,0,1,0,,,,,2020-09-15 06:26:18
19780546,,,0,,,,,,CHINESE JADE,1,0,0,,4,1.0,0,1,0,,,,,2020-09-15 06:26:18
19780566,,,0,,,,,,COURT QUEEN,1,0,0,,4,,0,1,0,,,,,2020-09-15 06:26:18
19780622,,,0,,,,,,I NEVER DREAMT,1,0,0,,4,,0,1,0,,,,,2020-09-15 06:26:18
19780642,,,0,,,,,,MAJESTIC ESTIMATE,1,0,0,,4,11.0,0,1,0,,,,,2020-09-15 06:26:18
19780728,,,0,,,,,,DUNEMERE,1,0,0,,4,,0,1,0,,,,,2020-09-15 06:26:18
19780788,,,0,,,,,,MISADVICE,1,0,0,,4,,0,1,0,,,,,2020-09-15 06:26:18
19780824,,,0,,,,,,ATHENA,1,0,0,,4,1.0,0,1,0,,,,,2020-09-15 06:26:18
19780864,,,0,,,,,,MICRO MAID,1,0,0,,4,1.0,0,1,0,,,,,2020-09-15 06:26:18
19780884,,,0,,,,,,NANCY'S BEAU,1,0,0,,4,8.0,0,1,0,,,,,2020-09-15 06:26:18
19780900,,,0,,,,,,TELZING,1,0,0,,4,,0,1,0,,,,,2020-09-15 06:26:18
19780960,,,0,,,,,,SHEER DELIGHT,1,0,0,,4,,0,1,0,,,,,2020-09-15 06:26:18
19780980,,,0,,,,,,ELSIE OAKS,1,0,0,,4,,0,1,0,,,,,2020-09-15 06:26:18
19781003,,,0,,,,,,GOLDEN DAME,1,0,0,,4,1.0,0,1,0,,,,,2020-09-15 06:26:18
19781023,,,0,,,,,,SUSARRANT,1,0,0,,4,,0,1,0,,,,,2020-09-15 06:26:18
19781043,,,0,,,,,,STOP 'N' GO,1,0,0,,4,8.0,0,1,0,,,,,2020-09-15 06:26:18
19781063,,,0,,,,,,BIBB LETTUCE,1,0,0,,4,,0,1,0,,,,,2020-09-15 06:26:18
19781109,,,0,,,,,,JUSSASHRED,1,0,0,,4,,0,1,0,,,,,2020-09-15 06:26:18
19781129,,,0,,,,,,HAZY LAZY DAY,1,0,0,,4,,0,1,0,,,,,2020-09-15 06:26:18
19781149,,,0,,,,,,THAT ROYAL TOUCH,1,0,0,,4,,0,1,0,,,,,2020-09-15 06:26:18
19781205,,,0,,,,,,SIVA,1,0,0,,4,,0,1,0,,,,,2020-09-15 06:26:18
19781225,,,0,,,,,,LA REINE ROUGE,1,0,0,,4,,0,1,0,,,,,2020-09-15 06:26:18
19781245,,,0,,,,,,SWEET YANKEE,1,0,0,,4,,0,1,0,,,,,2020-09-15 06:26:18
19781265,,,0,,,,,,ARDORA,1,0,0,,4,,0,1,0,,,,,2020-09-15 06:26:18
19781285,,,0,,,,,,LEGAL AID,1,0,0,,4,,0,1,0,,,,,2020-09-15 06:26:18
19781301,,,0,,,,,,STATELY KITTY,1,0,0,,4,,0,1,0,,,,,2020-09-15 06:26:18
19781321,,,0,,,,,,PLEASURE IVOR,1,0,0,,4,,0,1,0,,,,,2020-09-15 06:26:18
19781361,,,0,,,,,,PARK WILLOW,1,0,0,,4,1.0,0,1,0,,,,,2020-09-15 06:26:18
19781427,,,0,,,,,,HER CANE,1,0,0,,4,1.0,0,1,0,,,,,2020-09-15 06:26:18
19781503,,,0,,,,,,OH SO CHOOSY,1,0,0,,4,8.0,0,1,0,,,,,2020-09-15 06:26:18
19781543,,,0,,,,,,I PASS,1,0,0,,4,1.0,0,1,0,,,,,2020-09-15 06:26:18
19781563,,,0,,,,,,ELOPEMENT,1,0,0,,4,,0,1,0,,,,,2020-09-15 06:26:18
19781583,,,0,,,,,,CHANTRESS,1,0,0,,4,,0,1,0,,,,,2020-09-15 06:26:18
19781609,,,0,,,,,,SYNDAAR,1,0,0,,4,8.0,0,1,0,,,,,2020-09-15 06:26:18
19781629,,,0,,,,,,PROVE THE LADY,1,0,0,,4,1.0,0,1,0,,,,,2020-09-15 06:26:18
19781649,,,0,,,,,,MICKEY'S STAR,1,0,0,,4,,0,1,0,,,,,2020-09-15 06:26:18
19781689,,,0,,,,,,STAR HAWAII,1,0,0,,4,1.0,0,1,0,,,,,2020-09-15 06:26:18
19781745,,,0,,,,,,WHO'S BOLD,1,0,0,,4,8.0,0,1,0,,,,,2020-09-15 06:26:18
19781765,,,0,,,,,,PROUDEST DUCHESS,1,0,0,,4,8.0,0,1,0,,,,,2020-09-15 06:26:18
19781785,,,0,,,,,,DO I DARE,1,0,0,,4,,0,1,0,,,,,2020-09-15 06:26:18
19781801,,,0,,,,,,LIL BITO SOUL,1,0,0,,4,,0,1,0,,,,,2020-09-15 06:26:18
19781821,,,0,,,,,,RED PETAL,1,0,0,,4,8.0,0,1,0,,,,,2020-09-15 06:26:18
19781841,,,0,,,,,,FATEN,1,0,0,,4,1.0,0,1,0,,,,,2020-09-15 06:26:18
19781861,,,0,,,,,,CHRISTMAS BONUS,1,0,0,,4,,0,1,0,,,,,2020-09-15 06:26:18
19781881,,,0,,,,,,LADY BLACKFOOT,1,0,0,,4,1.0,0,1,0,,,,,2020-09-15 06:26:18
19781907,,,0,,,,,,BLUSH (USA),1,0,0,,4,1.0,0,1,0,,,,,2020-09-15 06:26:18
19781927,,,0,,,,,,SECRETTAME,1,0,0,,4,8.0,0,1,0,,,,,2020-09-15 06:26:18
19781947,,,0,,,,,,GREENWAY,1,0,0,,4,,0,1,0,,,,,2020-09-15 06:26:18
19781967,,,0,,,,,,FOREVER DREAMING,1,0,0,,4,9.0,0,1,0,,,,,2020-09-15 06:26:18
19781987,,,0,,,,,,LONDON WALL,1,0,0,,4,1.0,0,1,0,,,,,2020-09-15 06:26:18
19782020,,,0,,,,,,PASSING MOOD,1,0,0,,4,8.0,0,1,0,,,,,2020-09-15 06:26:18
19782040,,,0,,,,,,FOOL'S GUNNER,1,0,0,,4,1.0,0,1,0,,,,,2020-09-15 06:26:18
19782060,,,0,,,,,,MADAME PREMIER,1,0,0,,4,1.0,0,1,0,,,,,2020-09-15 06:26:18
19782106,,,0,,,,,,LONG LEGEND,1,0,0,,4,8.0,0,1,0,,,,,2020-09-15 06:26:18
19782126,,,0,,,,,,DAWN PATROL,1,0,0,,4,1.0,0,1,0,,,,,2020-09-15 06:26:18
19782146,,,0,,,,,,DE BRITANNIA,1,0,0,,4,1.0,0,1,0,,,,,2020-09-15 06:26:18
19782166,,,0,,,,,,ROSES FOR THE LADY,1,0,0,,4,1.0,0,1,0,,,,,2020-09-15 06:26:18
19782202,,,0,,,,,,FRISKY MISS,1,0,0,,4,,0,1,0,,,,,2020-09-15 06:26:18
19782222,,,0,,,,,,SAFE PLAY,1,0,0,,4,1.0,0,1,0,,,,,2020-09-15 06:26:18
19782242,,,0,,,,,,LA NINOUCHKA,1,0,0,,4,8.0,0,1,0,,,,,2020-09-15 06:26:18
19782262,,,0,,,,,,DROP A GEM,1,0,0,,4,,0,1,0,,,,,2020-09-15 06:26:18
19782282,,,0,,,,,,DON X,1,0,0,,4,1.0,0,1,0,,,,,2020-09-15 06:26:18
19782308,,,0,,,,,,CORAL DANCE,1,0,0,,4,1.0,0,1,0,,,,,2020-09-15 06:26:18
19782328,,,0,,,,,,PRAYERSN PROMISES,1,0,0,,4,1.0,0,1,0,,,,,2020-09-15 06:26:18
19782348,,,0,,,,,,VIVA SEC,1,0,0,,4,,0,1,0,,,,,2020-09-15 06:26:18
19782368,,,0,,,,,,DEBONAIR DANCER,1,0,0,,4,8.0,0,1,0,,,,,2020-09-15 06:26:18
19782404,,,0,,,,,,DAME SYBIL,1,0,0,,4,1.0,0,1,0,,,,,2020-09-15 06:26:18
19782424,,,0,,,,,,COMPANIONSHIP,1,0,0,,4,1.0,0,1,0,,,,,2020-09-15 06:26:18
19782444,,,0,,,,,,REALLY LUCKY,1,0,0,,4,,0,1,0,,,,,2020-09-15 06:26:18
19782464,,,0,,,,,,VERY VERY HAPPY,1,0,0,,4,1.0,0,1,0,,,,,2020-09-15 06:26:18
19782520,,,0,,,,,,STAR GEM,1,0,0,,4,1.0,0,1,0,,,,,2020-09-15 06:26:18
19782540,,,0,,,,,,DE LA ROSE,1,0,0,,4,1.0,0,1,0,,,,,2020-09-15 06:26:18
19782560,,,0,,,,,,ARCTIC VIXEN,1,0,0,,4,1.0,0,1,0,,,,,2020-09-15 06:26:18
19782580,,,0,,,,,,MONIQUE RENE,1,0,0,,4,8.0,0,1,0,,,,,2020-09-15 06:26:18
19782606,,,0,,,,,,GDYNIA,1,0,0,,4,8.0,0,1,0,,,,,2020-09-15 06:26:18
19782646,,,0,,,,,,SURGE'S JOY,1,0,0,,4,1.0,0,1,0,,,,,2020-09-15 06:26:18
19782666,,,0,,,,,,STELLARETTE,1,0,0,,4,1.0,0,1,0,,,,,2020-09-15 06:26:18
19782686,,,0,,,,,,SWIRLWIND,1,0,0,,4,1.0,0,1,0,,,,,2020-09-15 06:26:18
19782702,,,0,,,,,,ANDOVER WAY,1,0,0,,4,,0,1,0,,,,,2020-09-15 06:26:18
19782722,,,0,,,,,,SWEET FREEPET,1,0,0,,4,,0,1,0,,,,,2020-09-15 06:26:18
19782742,,,0,,,,,,PRIME PROSPECT,1,0,0,,4,1.0,0,1,0,,,,,2020-09-15 06:26:18
19782762,,,0,,,,,,TOGA TOGA,1,0,0,,4,1.0,0,1,0,,,,,2020-09-15 06:26:18
19782782,,,0,,,,,,DANCE REVIEW,1,0,0,,4,1.0,0,1,0,,,,,2020-09-15 06:26:18
19782808,,,0,,,,,,SEED THE CLOUD,1,0,0,,4,9.0,0,1,0,,,,,2020-09-15 06:26:18
19782828,,,0,,,,,,ENDICOTTA,1,0,0,,4,1.0,0,1,0,,,,,2020-09-15 06:26:18
19782868,,,0,,,,,,FORCEFUL NATIVE,1,0,0,,4,1.0,0,1,0,,,,,2020-09-15 06:26:18
19782888,,,0,,,,,,BEAUTIFUL PROSPECT,1,0,0,,4,,0,1,0,,,,,2020-09-15 06:26:18
19782924,,,0,,,,,,SQUARE KEY HOUR,1,0,0,,4,1.0,0,1,0,,,,,2020-09-15 06:26:18
19782944,,,0,,,,,,SWISS SWISS,1,0,0,,4,1.0,0,1,0,,,,,2020-09-15 06:26:18
19783007,,,0,,,,,,MOST APPEALING,1,0,0,,4,,0,1,0,,,,,2020-09-15 06:26:18
19783087,,,0,,,,,,GIMME MI BIT,1,0,0,,4,8.0,0,1,0,,,,,2020-09-15 06:26:18
19783325,,,0,,,,,,LITTLE CARNIVAL,1,0,0,,4,,0,1,0,,,,,2020-09-15 06:26:18
19783385,,,0,,,,,,BINGO MONEY,1,0,0,,4,8.0,0,1,0,,,,,2020-09-15 06:26:18
19783623,,,0,,,,,,INDIAN SUMMER,1,0,0,,4,1.0,0,1,0,,,,,2020-09-15 06:26:18
19783663,,,0,,,,,,BEAUTICIAN,1,0,0,,4,8.0,0,1,0,,,,,2020-09-15 06:26:18
19783789,,,0,,,,,,WINDS OF SPRING,1,0,0,,4,1.0,0,1,0,,,,,2020-09-15 06:26:18
19783845,,,0,,,,,,JULIANA,1,0,0,,4,1.0,0,1,0,,,,,2020-09-15 06:26:18
19784180,,,0,,,,,,JOLIE BRISE,1,0,0,,4,,0,1,0,,,,,2020-09-15 06:26:18
19784266,,,0,,,,,,HUSH DEAR,1,0,0,,4,,0,1,0,,,,,2020-09-15 06:26:18
19784408,,,0,,,,,,MELONY,1,0,0,,4,1.0,0,1,0,,,,,2020-09-15 06:26:18
19784428,,,0,,,,,,MARCHING FAIRY,1,0,0,,4,4.0,0,1,0,,,,,2020-09-15 06:26:18
19784488,,,0,,,,,,MELON,1,0,0,,4,8.0,0,1,0,,,,,2020-09-15 06:26:18
19785127,,,0,,,,,,VOGUE,1,0,0,,4,1.0,0,1,0,,,,,2020-09-15 06:26:18
19785147,,,0,,,,,,PATCHES,1,0,0,,4,1.0,0,1,0,,,,,2020-09-15 06:26:18
19785167,,,0,,,,,,SCARLET OPERA,1,0,0,,4,1.0,0,1,0,,,,,2020-09-15 06:26:18
19785187,,,0,,,,,,HIDDEN BEAUTY,1,0,0,,4,1.0,0,1,0,,,,,2020-09-15 06:26:18
19785223,,,0,,,,,,PLATEAU GIRL,1,0,0,,4,4.0,0,1,0,,,,,2020-09-15 06:26:18
19785243,,,0,,,,,,ANORAH,1,0,0,,4,1.0,0,1,0,,,,,2020-09-15 06:26:18
19785283,,,0,,,,,,DIXIE MELODY,1,0,0,,4,1.0,0,1,0,,,,,2020-09-15 06:26:18
19785309,,,0,,,,,,JULIETTE BOWDEN,1,0,0,,4,4.0,0,1,0,,,,,2020-09-15 06:26:18
19785329,,,0,,,,,,KISA'S DARLING,1,0,0,,4,1.0,0,1,0,,,,,2020-09-15 06:26:18
19785349,,,0,,,,,,PIERRETTE,1,0,0,,4,1.0,0,1,0,,,,,2020-09-15 06:26:18
19785369,,,0,,,,,,PRINCESS TASMIN,1,0,0,,4,1.0,0,1,0,,,,,2020-09-15 06:26:18
19785389,,,0,,,,,,ON THE WING,1,0,0,,4,1.0,0,1,0,,,,,2020-09-15 06:26:18
19785405,,,0,,,,,,CALL ME SPUNKY,1,0,0,,4,,0,1,0,,,,,2020-09-15 06:26:18
19785425,,,0,,,,,,FRONTIER MISS,1,0,0,,4,1.0,0,1,0,,,,,2020-09-15 06:26:18
19785445,,,0,,,,,,ANDY'S AGGIE,1,0,0,,4,,0,1,0,,,,,2020-09-15 06:26:18
19785541,,,0,,,,,,REJECTED STAR,1,0,0,,4,4.0,0,1,0,,,,,2020-09-15 06:26:18
19785647,,,0,,,,,,RHYMESBURY DOLL,1,0,0,,4,1.0,0,1,0,,,,,2020-09-15 06:26:18
19785869,,,0,,,,,,O'MANDY,1,0,0,,4,1.0,0,1,0,,,,,2020-09-15 06:26:18
19786104,,,0,,,,,,SHARPSBERRY,1,0,0,,4,8.0,0,1,0,,,,,2020-09-15 06:26:18
19786366,,,0,,,,,,SIDE KICK,1,0,0,,4,1.0,0,1,0,,,,,2020-09-15 06:26:18
19786806,,,0,,,,,,SQUEEZE ME,1,0,0,,4,1.0,0,1,0,,,,,2020-09-15 06:26:18
19786922,,,0,,,,,,ST. MARY,1,0,0,,4,8.0,0,1,0,,,,,2020-09-15 06:26:18
19787005,,,0,,,,,,MEL HAS FLIPPED,1,0,0,,4,,0,1,0,,,,,2020-09-15 06:26:18
19787101,,,0,,,,,,TARDELLE,1,0,0,,4,1.0,0,1,0,,,,,2020-09-15 06:26:18
19787247,,,0,,,,,,LACEWORK,1,0,0,,4,,0,1,0,,,,,2020-09-15 06:26:18
19787267,,,0,,,,,,TICKET TO SAIL,1,0,0,,4,,0,1,0,,,,,2020-09-15 06:26:18
19787489,,,0,,,,,,TOP SECRET,1,0,0,,4,,0,1,0,,,,,2020-09-15 06:26:18
19787525,,,0,,,,,,ORIOLE,1,0,0,,4,1.0,0,1,0,,,,,2020-09-15 06:26:18
19787787,,,0,,,,,,VAMPIRE,1,0,0,,4,8.0,0,1,0,,,,,2020-09-15 06:26:18
19787989,,,0,,,,,,ELEA,1,0,0,,4,,0,1,0,,,,,2020-09-15 06:26:18
19788082,,,0,,,,,,YOUNG & RESTLESS,1,0,0,,4,4.0,0,1,0,,,,,2020-09-15 06:26:18
19788188,,,0,,,,,,ROLLICKING ROAD,1,0,0,,4,,0,1,0,,,,,2020-09-15 06:26:18
19788300,,,0,,,,,,CHEROKEE FROLIC,1,0,0,,4,,0,1,0,,,,,2020-09-15 06:26:18
19788880,,,0,,,,,,LADY FACE,1,0,0,,4,,0,1,0,,,,,2020-09-15 06:26:18
19789185,,,0,,,,,,ON THE SLY,1,0,0,,4,1.0,0,1,0,,,,,2020-09-15 06:26:18
19789221,,,0,,,,,,PATSY'S SWEETHEART,1,0,0,,4,,0,1,0,,,,,2020-09-15 06:26:18
19789721,,,0,,,,,,SHE'S A CLOWN,1,0,0,,4,1.0,0,1,0,,,,,2020-09-15 06:26:18
19789741,,,0,,,,,,BOW STRINGS,1,0,0,,4,1.0,0,1,0,,,,,2020-09-15 06:26:18
19789761,,,0,,,,,,FOLLOW THE MUSIC,1,0,0,,4,4.0,0,1,0,,,,,2020-09-15 06:26:18
19789781,,,0,,,,,,AIRY TUNE,1,0,0,,4,11.0,0,1,0,,,,,2020-09-15 06:26:18
19789807,,,0,,,,,,FULL BLUE,1,0,0,,4,4.0,0,1,0,,,,,2020-09-15 06:26:18
19789887,,,0,,,,,,NEATCLEAN HANDSOME,1,0,0,,4,,0,1,0,,,,,2020-09-15 06:26:18
19789903,,,0,,,,,,WELL DRESSED,1,0,0,,4,1.0,0,1,0,,,,,2020-09-15 06:26:18
19789923,,,0,,,,,,SHELINA,1,0,0,,4,8.0,0,1,0,,,,,2020-09-15 06:26:18
19789943,,,0,,,,,,TRACK PRINCESS,1,0,0,,4,9.0,0,1,0,,,,,2020-09-15 06:26:18
19789963,,,0,,,,,,DUCK KEY CROZIER,1,0,0,,4,8.0,0,1,0,,,,,2020-09-15 06:26:18
19789983,,,0,,,,,,PATRIOTIC SECRET,1,0,0,,4,,0,1,0,,,,,2020-09-15 06:26:18
19790004,,,0,,,,,,FINAL APPROACH,1,0,0,,4,8.0,0,1,0,,,,,2020-09-15 06:26:18
19790024,,,0,,,,,,SPECIALITY GIRL,1,0,0,,4,1.0,0,1,0,,,,,2020-09-15 06:26:18
19790044,,,0,,,,,,LOW RENT RENDEVOUS,1,0,0,,4,8.0,0,1,0,,,,,2020-09-15 06:26:18
19790064,,,0,,,,,,SUMMER RELIC,1,0,0,,4,8.0,0,1,0,,,,,2020-09-15 06:26:18
19790084,,,0,,,,,,LEE TOWN,1,0,0,,4,9.0,0,1,0,,,,,2020-09-15 06:26:18
19790100,,,0,,,,,,BEST TALENT,1,0,0,,4,,0,1,0,,,,,2020-09-15 06:26:18
19790120,,,0,,,,,,STAR SCOPE,1,0,0,,4,1.0,0,1,0,,,,,2020-09-15 06:26:18
19790140,,,0,,,,,,MOUTH-A-MASSIE,1,0,0,,4,1.0,0,1,0,,,,,2020-09-15 06:26:18
19790160,,,0,,,,,,EXCLUSIVE,1,0,0,,4,8.0,0,1,0,,,,,2020-09-15 06:26:18
19790180,,,0,,,,,,FLIRTING AROUND,1,0,0,,4,8.0,0,1,0,,,,,2020-09-15 06:26:18
19790206,,,0,,,,,,BRIGHT SHADOW,1,0,0,,4,1.0,0,1,0,,,,,2020-09-15 06:26:18
19790226,,,0,,,,,,SURVEYABLE,1,0,0,,4,,0,1,0,,,,,2020-09-15 06:26:18
19790246,,,0,,,,,,MARRYIN ROSE,1,0,0,,4,,0,1,0,,,,,2020-09-15 06:26:18
19790266,,,0,,,,,,BRAVO'S WHIP,1,0,0,,4,,0,1,0,,,,,2020-09-15 06:26:18
19790286,,,0,,,,,,SEASON,1,0,0,,4,1.0,0,1,0,,,,,2020-09-15 06:26:18
19790302,,,0,,,,,,EVIDENCE,1,0,0,,4,1.0,0,1,0,,,,,2020-09-15 06:26:18
19790322,,,0,,,,,,GREENIE'S CHEROKEE,1,0,0,,4,,0,1,0,,,,,2020-09-15 06:26:18
19790342,,,0,,,,,,ODETTE,1,0,0,,4,1.0,0,1,0,,,,,2020-09-15 06:26:18
19790362,,,0,,,,,,SIMPLIFY,1,0,0,,4,1.0,0,1,0,,,,,2020-09-15 06:26:18
19790382,,,0,,,,,,REBEAUTESS,1,0,0,,4,8.0,0,1,0,,,,,2020-09-15 06:26:18
19790408,,,0,,,,,,SMART HEIRESS,1,0,0,,4,8.0,0,1,0,,,,,2020-09-15 06:26:18
19790468,,,0,,,,,,MURIESK,1,0,0,,4,1.0,0,1,0,,,,,2020-09-15 06:26:18
19790488,,,0,,,,,,ABERANA,1,0,0,,4,1.0,0,1,0,,,,,2020-09-15 06:26:18
19790524,,,0,,,,,,NIGHT GEE GEE,1,0,0,,4,,0,1,0,,,,,2020-09-15 06:26:18
19790584,,,0,,,,,,DONNA RICLES,1,0,0,,4,8.0,0,1,0,,,,,2020-09-15 06:26:18
19790600,,,0,,,,,,DILLY FLANNELS,1,0,0,,4,1.0,0,1,0,,,,,2020-09-15 06:26:18
19790620,,,0,,,,,,CLAIRE STEVENS,1,0,0,,4,,0,1,0,,,,,2020-09-15 06:26:18
19790640,,,0,,,,,,VERY GENUINE,1,0,0,,4,8.0,0,1,0,,,,,2020-09-15 06:26:18
19790660,,,0,,,,,,LUMPY'S THRILL,1,0,0,,4,,0,1,0,,,,,2020-09-15 06:26:18
19790680,,,0,,,,,,ANDANTE,1,0,0,,4,1.0,0,1,0,,,,,2020-09-15 06:26:18
19790746,,,0,,,,,,ENCHANTED WEB,1,0,0,,4,,0,1,0,,,,,2020-09-15 06:26:18
19790766,,,0,,,,,,MUCHAS LOCO,1,0,0,,4,,0,1,0,,,,,2020-09-15 06:26:18
19790786,,,0,,,,,,ARBUTUS,1,0,0,,4,1.0,0,1,0,,,,,2020-09-15 06:26:18
19790802,,,0,,,,,,FIRE ON ICE,1,0,0,,4,,0,1,0,,,,,2020-09-15 06:26:18
19790822,,,0,,,,,,ASSADEE,1,0,0,,4,1.0,0,1,0,,,,,2020-09-15 06:26:18
19790862,,,0,,,,,,CLOCKWISE,1,0,0,,4,1.0,0,1,0,,,,,2020-09-15 06:26:18
19790882,,,0,,,,,,HASTY SHECKY,1,0,0,,4,,0,1,0,,,,,2020-09-15 06:26:18
19790908,,,0,,,,,,MY GAL MAL,1,0,0,,4,,0,1,0,,,,,2020-09-15 06:26:18
19790928,,,0,,,,,,LANDMARK DECISION,1,0,0,,4,,0,1,0,,,,,2020-09-15 06:26:18
19790948,,,0,,,,,,LORI'S WAY,1,0,0,,4,,0,1,0,,,,,2020-09-15 06:26:18
19790968,,,0,,,,,,SARINDA,1,0,0,,4,1.0,0,1,0,,,,,2020-09-15 06:26:18
19790988,,,0,,,,,,HUMOROUSLY,1,0,0,,4,,0,1,0,,,,,2020-09-15 06:26:18
19791021,,,0,,,,,,LUCKY LADY ELLEN,1,0,0,,4,,0,1,0,,,,,2020-09-15 06:26:18
19791041,,,0,,,,,,MISS CALATEA,1,0,0,,4,,0,1,0,,,,,2020-09-15 06:26:18
19791061,,,0,,,,,,EXCLUSIVE FABLE,1,0,0,,4,1.0,0,1,0,,,,,2020-09-15 06:26:18
19791081,,,0,,,,,,ABSENTIA,1,0,0,,4,1.0,0,1,0,,,,,2020-09-15 06:26:18
19791107,,,0,,,,,,EBREA,1,0,0,,4,8.0,0,1,0,,,,,2020-09-15 06:26:18
19791127,,,0,,,,,,HAT TAB GIRLS,1,0,0,,4,9.0,0,1,0,,,,,2020-09-15 06:26:18
19791147,,,0,,,,,,NEVER KNOCK,1,0,0,,4,,0,1,0,,,,,2020-09-15 06:26:18
19791187,,,0,,,,,,BLOODLINE,1,0,0,,4,1.0,0,1,0,,,,,2020-09-15 06:26:18
19791203,,,0,,,,,,DEARLY TOO,1,0,0,,4,1.0,0,1,0,,,,,2020-09-15 06:26:18
19791223,,,0,,,,,,BASIC STEP,1,0,0,,4,,0,1,0,,,,,2020-09-15 06:26:18
19791243,,,0,,,,,,GLEAMING STAR,1,0,0,,4,9.0,0,1,0,,,,,2020-09-15 06:26:18
19791283,,,0,,,,,,BROOM DANCE,1,0,0,,4,1.0,0,1,0,,,,,2020-09-15 06:26:18
19791309,,,0,,,,,,BRIEFLY,1,0,0,,4,8.0,0,1,0,,,,,2020-09-15 06:26:18
19791329,,,0,,,,,,TOO CHIC,1,0,0,,4,8.0,0,1,0,,,,,2020-09-15 06:26:18
19791349,,,0,,,,,,CHARMIN' DIXIE,1,0,0,,4,1.0,0,1,0,,,,,2020-09-15 06:26:18
19791369,,,0,,,,,,JETTING ANGEL,1,0,0,,4,9.0,0,1,0,,,,,2020-09-15 06:26:18
19791389,,,0,,,,,,ZALATAIA,1,0,0,,4,,0,1,0,,,,,2020-09-15 06:26:18
19791405,,,0,,,,,,LITTLE BALLERINA,1,0,0,,4,,0,1,0,,,,,2020-09-15 06:26:18
19791425,,,0,,,,,,OTHER STAR,1,0,0,,4,8.0,0,1,0,,,,,2020-09-15 06:26:18
19791445,,,0,,,,,,GOLD BEAUTY,1,0,0,,4,1.0,0,1,0,,,,,2020-09-15 06:26:18
19791465,,,0,,,,,,TRUNK LINE,1,0,0,,4,1.0,0,1,0,,,,,2020-09-15 06:26:18
19791485,,,0,,,,,,NEW REALITY,1,0,0,,4,,0,1,0,,,,,2020-09-15 06:26:18
19791501,,,0,,,,,,SPECIAL MAH,1,0,0,,4,1.0,0,1,0,,,,,2020-09-15 06:26:18
19791521,,,0,,,,,,LA BELLE PAULA,1,0,0,,4,,0,1,0,,,,,2020-09-15 06:26:18
19791541,,,0,,,,,,CARIBBEAN PRIDE,1,0,0,,4,8.0,0,1,0,,,,,2020-09-15 06:26:18
19791561,,,0,,,,,,GLENORTHERN,1,0,0,,4,1.0,0,1,0,,,,,2020-09-15 06:26:18
19791581,,,0,,,,,,GILDED LILY,1,0,0,,4,8.0,0,1,0,,,,,2020-09-15 06:26:18
19791607,,,0,,,,,,CHATTER,1,0,0,,4,4.0,0,1,0,,,,,2020-09-15 06:26:18
19791687,,,0,,,,,,DREAMTIDE,1,0,0,,4,,0,1,0,,,,,2020-09-15 06:26:18
19791703,,,0,,,,,,MILLER MAID,1,0,0,,4,8.0,0,1,0,,,,,2020-09-15 06:26:18
19791723,,,0,,,,,,JADANA,1,0,0,,4,1.0,0,1,0,,,,,2020-09-15 06:26:18
19791743,,,0,,,,,,SAVAHRA,1,0,0,,4,1.0,0,1,0,,,,,2020-09-15 06:26:18
19791763,,,0,,,,,,BUSHY'S BABE,1,0,0,,4,1.0,0,1,0,,,,,2020-09-15 06:26:18
19791783,,,0,,,,,,AU PRINTEMPS,1,0,0,,4,1.0,0,1,0,,,,,2020-09-15 06:26:18
19791809,,,0,,,,,,ECOLE D' HUMANITE,1,0,0,,4,,0,1,0,,,,,2020-09-15 06:26:18
19791829,,,0,,,,,,FANDANGERINA,1,0,0,,4,8.0,0,1,0,,,,,2020-09-15 06:26:18
19791849,,,0,,,,,,MICKTOM,1,0,0,,4,,0,1,0,,,,,2020-09-15 06:26:18
19791869,,,0,,,,,,CLASSY CRAFT,1,0,0,,4,,0,1,0,,,,,2020-09-15 06:26:18
19791889,,,0,,,,,,SWORD BALLET,1,0,0,,4,1.0,0,1,0,,,,,2020-09-15 06:26:18
19791905,,,0,,,,,,HILLSHAM,1,0,0,,4,1.0,0,1,0,,,,,2020-09-15 06:26:18
19791945,,,0,,,,,,FLOATING TALER,1,0,0,,4,9.0,0,1,0,,,,,2020-09-15 06:26:18
19791965,,,0,,,,,,LOGIC,1,0,0,,4,8.0,0,1,0,,,,,2020-09-15 06:26:18
19791985,,,0,,,,,,DETERMINED IRENE,1,0,0,,4,,0,1,0,,,,,2020-09-15 06:26:18
19792008,,,0,,,,,,DARK EMPRESS,1,0,0,,4,,0,1,0,,,,,2020-09-15 06:26:19
19792028,,,0,,,,,,ANYTIME MS.,1,0,0,,4,,0,1,0,,,,,2020-09-15 06:26:19
19792048,,,0,,,,,,GET WITH IT,1,0,0,,4,1.0,0,1,0,,,,,2020-09-15 06:26:19
19792220,,,0,,,,,,DUCHESS PETRONE,1,0,0,,4,,0,1,0,,,,,2020-09-15 06:26:19
19792482,,,0,,,,,,EVENING LILY,1,0,0,,4,,0,1,0,,,,,2020-09-15 06:26:19
19792568,,,0,,,,,,EXOTIC,1,0,0,,4,1.0,0,1,0,,,,,2020-09-15 06:26:19
19792588,,,0,,,,,,MIKSAMJOE,1,0,0,,4,,0,1,0,,,,,2020-09-15 06:26:19
19792684,,,0,,,,,,FIERY FOOTSTEPS,1,0,0,,4,8.0,0,1,0,,,,,2020-09-15 06:26:19
19792740,,,0,,,,,,FLAMING LEAVES,1,0,0,,4,8.0,0,1,0,,,,,2020-09-15 06:26:19
19792760,,,0,,,,,,FIRST NICK,1,0,0,,4,9.0,0,1,0,,,,,2020-09-15 06:26:19
19792806,,,0,,,,,,FLYING GOLD,1,0,0,,4,1.0,0,1,0,,,,,2020-09-15 06:26:19
19792846,,,0,,,,,,CAREFULLY HIDDEN,1,0,0,,4,,0,1,0,,,,,2020-09-15 06:26:19
19792902,,,0,,,,,,MY MARAVILLA,1,0,0,,4,,0,1,0,,,,,2020-09-15 06:26:19
19792982,,,0,,,,,,IRISH COFFEE,1,0,0,,4,,0,1,0,,,,,2020-09-15 06:26:19
19793065,,,0,,,,,,FEMALE STAR,1,0,0,,4,,0,1,0,,,,,2020-09-15 06:26:19
19793161,,,0,,,,,,GOLDEN QUEST,1,0,0,,4,8.0,0,1,0,,,,,2020-09-15 06:26:19
19793207,,,0,,,,,,PROUDEST OF ALL,1,0,0,,4,,0,1,0,,,,,2020-09-15 06:26:19
19793287,,,0,,,,,,MAWSIE,1,0,0,,4,,0,1,0,,,,,2020-09-15 06:26:19
19793449,,,0,,,,,,HIGH POWER,1,0,0,,4,8.0,0,1,0,,,,,2020-09-15 06:26:19
19793545,,,0,,,,,,TWICHET,1,0,0,,4,,0,1,0,,,,,2020-09-15 06:26:19
19793585,,,0,,,,,,HILEN,1,0,0,,4,,0,1,0,,,,,2020-09-15 06:26:19
19793601,,,0,,,,,,GLEN AFRIC,1,0,0,,4,1.0,0,1,0,,,,,2020-09-15 06:26:19
19793661,,,0,,,,,,INTRANSIT,1,0,0,,4,8.0,0,1,0,,,,,2020-09-15 06:26:19
19793747,,,0,,,,,,JEANIE'S STAR,1,0,0,,4,9.0,0,1,0,,,,,2020-09-15 06:26:19
19793909,,,0,,,,,,KAZ HOSHAY,1,0,0,,4,1.0,0,1,0,,,,,2020-09-15 06:26:19
19793929,,,0,,,,,,KATHRYN ELIZABETH,1,0,0,,4,4.0,0,1,0,,,,,2020-09-15 06:26:19
19793949,,,0,,,,,,KELPIE,1,0,0,,4,2.0,0,1,0,,,,,2020-09-15 06:26:19
19794224,,,0,,,,,,BACKYARD GOSSIP,1,0,0,,4,1.0,0,1,0,,,,,2020-09-15 06:26:19
19794542,,,0,,,,,,MISS ANN,1,0,0,,4,1.0,0,1,0,,,,,2020-09-15 06:26:19
19794784,,,0,,,,,,BROOKVILLE TERROR,1,0,0,,4,,0,1,0,,,,,2020-09-15 06:26:19
19794800,,,0,,,,,,NICOLINA,1,0,0,,4,9.0,0,1,0,,,,,2020-09-15 06:26:19
19794820,,,0,,,,,,NICE GIRL,1,0,0,,4,4.0,0,1,0,,,,,2020-09-15 06:26:19
19794840,,,0,,,,,,NIK NIK,1,0,0,,4,1.0,0,1,0,,,,,2020-09-15 06:26:19
19794966,,,0,,,,,,LUCKY PROSPECTOR,1,0,0,,4,,0,1,0,,,,,2020-09-15 06:26:19
19794986,,,0,,,,,,ON THE WAY,1,0,0,,4,1.0,0,1,0,,,,,2020-09-15 06:26:19
19795049,,,0,,,,,,SACADU,1,0,0,,4,,0,1,0,,,,,2020-09-15 06:26:19
19795089,,,0,,,,,,TOMMY'S DATE,1,0,0,,4,,0,1,0,,,,,2020-09-15 06:26:19
19795125,,,0,,,,,,SOCIAL PRUNER,1,0,0,,4,,0,1,0,,,,,2020-09-15 06:26:19
19795165,,,0,,,,,,PEACEFUL ROSEY,1,0,0,,4,8.0,0,1,0,,,,,2020-09-15 06:26:19
19795185,,,0,,,,,,COME SEE ME,1,0,0,,4,1.0,0,1,0,,,,,2020-09-15 06:26:19
19795221,,,0,,,,,,PLANET MAID,1,0,0,,4,8.0,0,1,0,,,,,2020-09-15 06:26:19
19795327,,,0,,,,,,PRIMAVERA,1,0,0,,4,1.0,0,1,0,,,,,2020-09-15 06:26:19
19795367,,,0,,,,,,QUEEN OF THE ISLE,1,0,0,,4,1.0,0,1,0,,,,,2020-09-15 06:26:19
19795387,,,0,,,,,,QUEEN OF THE DESER,1,0,0,,4,9.0,0,1,0,,,,,2020-09-15 06:26:19
19795701,,,0,,,,,,LEAF HANDER,1,0,0,,4,,0,1,0,,,,,2020-09-15 06:26:19
19795721,,,0,,,,,,ROCKOTA,1,0,0,,4,1.0,0,1,0,,,,,2020-09-15 06:26:19
19795807,,,0,,,,,,ROYAL CHREE,1,0,0,,4,8.0,0,1,0,,,,,2020-09-15 06:26:19
19796248,,,0,,,,,,SHE'S A LADY,1,0,0,,4,8.0,0,1,0,,,,,2020-09-15 06:26:19
19796268,,,0,,,,,,SHE'S A QUEEN,1,0,0,,4,1.0,0,1,0,,,,,2020-09-15 06:26:19
19796440,,,0,,,,,,SIMPLICITY,1,0,0,,4,8.0,0,1,0,,,,,2020-09-15 06:26:19
19796662,,,0,,,,,,SNOB APPEAL,1,0,0,,4,1.0,0,1,0,,,,,2020-09-15 06:26:19
19796864,,,0,,,,,,SPECTACULAR SUMMER,1,0,0,,4,1.0,0,1,0,,,,,2020-09-15 06:26:19
19796980,,,0,,,,,,STARDINASKA,1,0,0,,4,8.0,0,1,0,,,,,2020-09-15 06:26:19
19797583,,,0,,,,,,TRUE BORN CAPTAIN,1,0,0,,4,8.0,0,1,0,,,,,2020-09-15 06:26:19
19797689,,,0,,,,,,TURBO JET,1,0,0,,4,8.0,0,1,0,,,,,2020-09-15 06:26:19
19797725,,,0,,,,,,TWILIGHT LOVE,1,0,0,,4,1.0,0,1,0,,,,,2020-09-15 06:26:19
19797801,,,0,,,,,,VIVACITA,1,0,0,,4,9.0,0,1,0,,,,,2020-09-15 06:26:19
19798060,,,0,,,,,,YOUKI SAN,1,0,0,,4,8.0,0,1,0,,,,,2020-09-15 06:26:19
19798444,,,0,,,,,,CORNISH TEX,1,0,0,,4,,0,1,0,,,,,2020-09-15 06:26:19
19798984,,,0,,,,,,TWIGGY THE TWIG,1,0,0,,4,8.0,0,1,0,,,,,2020-09-15 06:26:19
19799163,,,0,,,,,,ICE FOLLIES,1,0,0,,4,,0,1,0,,,,,2020-09-15 06:26:19
19799385,,,0,,,,,,SILVER LINING,1,0,0,,4,9.0,0,1,0,,,,,2020-09-15 06:26:19
19799567,,,0,,,,,,RIBA'S GLORY,1,0,0,,4,,0,1,0,,,,,2020-09-15 06:26:19
19799587,,,0,,,,,,DEVON LASS,1,0,0,,4,9.0,0,1,0,,,,,2020-09-15 06:26:19
19799749,,,0,,,,,,SPEED DANCER,1,0,0,,4,1.0,0,1,0,,,,,2020-09-15 06:26:19
19799769,,,0,,,,,,GOLD ICE,1,0,0,,4,,0,1,0,,,,,2020-09-15 06:26:19
19799789,,,0,,,,,,LADY OF LUST,1,0,0,,4,1.0,0,1,0,,,,,2020-09-15 06:26:19
19799865,,,0,,,,,,CHIASMA,1,0,0,,4,,0,1,0,,,,,2020-09-15 06:26:19
19799921,,,0,,,,,,WILD WIDOW,1,0,0,,4,1.0,0,1,0,,,,,2020-09-15 06:26:19
19799941,,,0,,,,,,MAXANDRA,1,0,0,,4,1.0,0,1,0,,,,,2020-09-15 06:26:19
19799961,,,0,,,,,,SHE'S A LUCK,1,0,0,,4,8.0,0,1,0,,,,,2020-09-15 06:26:19
19799981,,,0,,,,,,DEAR JOY,1,0,0,,4,,0,1,0,,,,,2020-09-15 06:26:19
19800021,,,0,,,,,,BOLD PRINCESS,1,0,0,,4,4.0,0,1,0,,,,,2020-09-15 06:26:19
19800041,,,0,,,,,,FLY BY NIGHT,1,0,0,,4,1.0,0,1,0,,,,,2020-09-15 06:26:19
19800081,,,0,,,,,,MIDNIGHT OIL,1,0,0,,4,1.0,0,1,0,,,,,2020-09-15 06:26:19
19800107,,,0,,,,,,MISS YAN,1,0,0,,4,,0,1,0,,,,,2020-09-15 06:26:19
19800127,,,0,,,,,,NAMORA,1,0,0,,4,,0,1,0,,,,,2020-09-15 06:26:19
19800203,,,0,,,,,,SILVER STARLET,1,0,0,,4,9.0,0,1,0,,,,,2020-09-15 06:26:19
19800223,,,0,,,,,,DELICATE TREASURE,1,0,0,,4,1.0,0,1,0,,,,,2020-09-15 06:26:19
19800263,,,0,,,,,,EXTRAORDINAIRE,1,0,0,,4,9.0,0,1,0,,,,,2020-09-15 06:26:19
19800283,,,0,,,,,,TUDOR'S GOLD,1,0,0,,4,1.0,0,1,0,,,,,2020-09-15 06:26:19
19800309,,,0,,,,,,DONNATESTA,1,0,0,,4,1.0,0,1,0,,,,,2020-09-15 06:26:19
19800329,,,0,,,,,,SUPER NOVA,1,0,0,,4,1.0,0,1,0,,,,,2020-09-15 06:26:19
19800349,,,0,,,,,,MAY PROVE OUT,1,0,0,,4,,0,1,0,,,,,2020-09-15 06:26:19
19800369,,,0,,,,,,JUST A GLANCE,1,0,0,,4,,0,1,0,,,,,2020-09-15 06:26:19
19800389,,,0,,,,,,MOBILE MISS,1,0,0,,4,,0,1,0,,,,,2020-09-15 06:26:19
19800405,,,0,,,,,,LIBBY'S COURAGE,1,0,0,,4,,0,1,0,,,,,2020-09-15 06:26:19
19800425,,,0,,,,,,MS. SATCH MOE,1,0,0,,4,1.0,0,1,0,,,,,2020-09-15 06:26:19
19800445,,,0,,,,,,NINA,1,0,0,,4,1.0,0,1,0,,,,,2020-09-15 06:26:19
19800465,,,0,,,,,,GEM OF THE NORTH,1,0,0,,4,,0,1,0,,,,,2020-09-15 06:26:19
19800485,,,0,,,,,,TINKER'S IMAGE,1,0,0,,4,9.0,0,1,0,,,,,2020-09-15 06:26:19
19800541,,,0,,,,,,LITTLE WHINNEY,1,0,0,,4,,0,1,0,,,,,2020-09-15 06:26:19
19800561,,,0,,,,,,GOLDEN SQUARE,1,0,0,,4,1.0,0,1,0,,,,,2020-09-15 06:26:19
19800581,,,0,,,,,,THIRD DOUBLE,1,0,0,,4,,0,1,0,,,,,2020-09-15 06:26:19
19800627,,,0,,,,,,CHRISTMAS DAISY,1,0,0,,4,8.0,0,1,0,,,,,2020-09-15 06:26:19
19800667,,,0,,,,,,SILENT SPACE,1,0,0,,4,8.0,0,1,0,,,,,2020-09-15 06:26:19
19800703,,,0,,,,,,CLOSE TO ME,1,0,0,,4,,0,1,0,,,,,2020-09-15 06:26:19
19800723,,,0,,,,,,ANNIE PALMER,1,0,0,,4,8.0,0,1,0,,,,,2020-09-15 06:26:19
19800743,,,0,,,,,,TARLATINA,1,0,0,,4,,0,1,0,,,,,2020-09-15 06:26:19
19800783,,,0,,,,,,FLY IT BETSY,1,0,0,,4,,0,1,0,,,,,2020-09-15 06:26:19
19800829,,,0,,,,,,ORCHESTRA,1,0,0,,4,8.0,0,1,0,,,,,2020-09-15 06:26:19
19800849,,,0,,,,,,ALUSHA,1,0,0,,4,1.0,0,1,0,,,,,2020-09-15 06:26:19
19800889,,,0,,,,,,BABA'S DREAM,1,0,0,,4,1.0,0,1,0,,,,,2020-09-15 06:26:19
19800925,,,0,,,,,,SMART DANCING,1,0,0,,4,,0,1,0,,,,,2020-09-15 06:26:19
19800945,,,0,,,,,,BARGAIN,1,0,0,,4,1.0,0,1,0,,,,,2020-09-15 06:26:19
19800965,,,0,,,,,,FLOOL,1,0,0,,4,,0,1,0,,,,,2020-09-15 06:26:19
19801008,,,0,,,,,,PRIVATE CREW,1,0,0,,4,,0,1,0,,,,,2020-09-15 06:26:19
19801068,,,0,,,,,,BEST LADY,1,0,0,,4,1.0,0,1,0,,,,,2020-09-15 06:26:19
19801144,,,0,,,,,,BLACK TULIP,1,0,0,,4,4.0,0,1,0,,,,,2020-09-15 06:26:19
19801184,,,0,,,,,,GLIMPSE OF HEAVEN,1,0,0,,4,,0,1,0,,,,,2020-09-15 06:26:19
19801200,,,0,,,,,,EL-HERMEL,1,0,0,,4,,0,1,0,,,,,2020-09-15 06:26:19
19801220,,,0,,,,,,BOLD FRONT,1,0,0,,4,1.0,0,1,0,,,,,2020-09-15 06:26:19
19801240,,,0,,,,,,MRS. WITT,1,0,0,,4,1.0,0,1,0,,,,,2020-09-15 06:26:19
19801280,,,0,,,,,,BOLD STAR,1,0,0,,4,4.0,0,1,0,,,,,2020-09-15 06:26:19
19801306,,,0,,,,,,BOLD VICTORY,1,0,0,,4,1.0,0,1,0,,,,,2020-09-15 06:26:19
19801326,,,0,,,,,,BOMBAY NANNEE,1,0,0,,4,4.0,0,1,0,,,,,2020-09-15 06:26:19
19801402,,,0,,,,,,FLUSHED,1,0,0,,4,1.0,0,1,0,,,,,2020-09-15 06:26:19
19801422,,,0,,,,,,HOPE SO,1,0,0,,4,,0,1,0,,,,,2020-09-15 06:26:19
19801508,,,0,,,,,,WHITE FEATHER,1,0,0,,4,1.0,0,1,0,,,,,2020-09-15 06:26:19
19801528,,,0,,,,,,JOLIE JOLIE,1,0,0,,4,,0,1,0,,,,,2020-09-15 06:26:19
19801548,,,0,,,,,,WEEKEND SURPRISE,1,0,0,,4,8.0,0,1,0,,,,,2020-09-15 06:26:19
19801568,,,0,,,,,,COUNTESS MERVILLE,1,0,0,,4,1.0,0,1,0,,,,,2020-09-15 06:26:19
19801588,,,0,,,,,,VAGUELY IMPRESSIVE,1,0,0,,4,8.0,0,1,0,,,,,2020-09-15 06:26:19
19801604,,,0,,,,,,CHARDONNAY,1,0,0,,4,1.0,0,1,0,,,,,2020-09-15 06:26:19
19801624,,,0,,,,,,PERSIAN POLLY,1,0,0,,4,1.0,0,1,0,,,,,2020-09-15 06:26:19
19801644,,,0,,,,,,LULU MON AMOUR,1,0,0,,4,,0,1,0,,,,,2020-09-15 06:26:19
19801664,,,0,,,,,,ANSWERING ECHO,1,0,0,,4,1.0,0,1,0,,,,,2020-09-15 06:26:19
19801684,,,0,,,,,,PASSAMAQUODDY,1,0,0,,4,11.0,0,1,0,,,,,2020-09-15 06:26:19
19801700,,,0,,,,,,AMAZING SISTER,1,0,0,,4,1.0,0,1,0,,,,,2020-09-15 06:26:19
19801720,,,0,,,,,,CHRISOMA,1,0,0,,4,1.0,0,1,0,,,,,2020-09-15 06:26:19
19801740,,,0,,,,,,LOUGH GRANEY,1,0,0,,4,8.0,0,1,0,,,,,2020-09-15 06:26:19
19801760,,,0,,,,,,SOPHISTICATED GIRL,1,0,0,,4,,0,1,0,,,,,2020-09-15 06:26:19
19801780,,,0,,,,,,SULTRY SUN,1,0,0,,4,,0,1,0,,,,,2020-09-15 06:26:19
19801806,,,0,,,,,,MAZATLECA,1,0,0,,4,8.0,0,1,0,,,,,2020-09-15 06:26:19
19801826,,,0,,,,,,BIG DREAMS,1,0,0,,4,,0,1,0,,,,,2020-09-15 06:26:19
19801866,,,0,,,,,,IMPORTANT MESSAGE,1,0,0,,4,1.0,0,1,0,,,,,2020-09-15 06:26:19
19801886,,,0,,,,,,PLAY THE ANGLE,1,0,0,,4,8.0,0,1,0,,,,,2020-09-15 06:26:19
19801902,,,0,,,,,,FILMED,1,0,0,,4,1.0,0,1,0,,,,,2020-09-15 06:26:19
19801922,,,0,,,,,,MOHR DESIRE,1,0,0,,4,8.0,0,1,0,,,,,2020-09-15 06:26:19
19801942,,,0,,,,,,COUNT ON ME,1,0,0,,4,1.0,0,1,0,,,,,2020-09-15 06:26:19
19801982,,,0,,,,,,COURT EAGLE,1,0,0,,4,1.0,0,1,0,,,,,2020-09-15 06:26:19
19802025,,,0,,,,,,CRIMSON FORTUNE,1,0,0,,4,1.0,0,1,0,,,,,2020-09-15 06:26:19
19802045,,,0,,,,,,SHREDALINE,1,0,0,,4,8.0,0,1,0,,,,,2020-09-15 06:26:19
19802065,,,0,,,,,,VERY NICE,1,0,0,,4,,0,1,0,,,,,2020-09-15 06:26:19
19802085,,,0,,,,,,NANY,1,0,0,,4,,0,1,0,,,,,2020-09-15 06:26:19
19802101,,,0,,,,,,GET OFF MY CASE,1,0,0,,4,,0,1,0,,,,,2020-09-15 06:26:19
19802121,,,0,,,,,,NORCLIFFE BAY,1,0,0,,4,,0,1,0,,,,,2020-09-15 06:26:19
19802141,,,0,,,,,,PEACHES M,1,0,0,,4,,0,1,0,,,,,2020-09-15 06:26:19
19802161,,,0,,,,,,DEFIANCE,1,0,0,,4,1.0,0,1,0,,,,,2020-09-15 06:26:19
19802181,,,0,,,,,,ANNIE'S DREAM,1,0,0,,4,,0,1,0,,,,,2020-09-15 06:26:19
19802207,,,0,,,,,,GOLDFIELD,1,0,0,,4,,0,1,0,,,,,2020-09-15 06:26:19
19802247,,,0,,,,,,SHAWNEE CREEK,1,0,0,,4,,0,1,0,,,,,2020-09-15 06:26:19
19802267,,,0,,,,,,SWITCHING TRICK,1,0,0,,4,8.0,0,1,0,,,,,2020-09-15 06:26:19
19802287,,,0,,,,,,CARELESS KITTEN,1,0,0,,4,9.0,0,1,0,,,,,2020-09-15 06:26:19
19802323,,,0,,,,,,ANNIE EDGE,1,0,0,,4,8.0,0,1,0,,,,,2020-09-15 06:26:19
19802343,,,0,,,,,,TEMPER THE WIND,1,0,0,,4,,0,1,0,,,,,2020-09-15 06:26:19
19802363,,,0,,,,,,REAL JENNY,1,0,0,,4,,0,1,0,,,,,2020-09-15 06:26:19
19802383,,,0,,,,,,ICE FANTASY,1,0,0,,4,1.0,0,1,0,,,,,2020-09-15 06:26:19
19802409,,,0,,,,,,ENOLA GAY,1,0,0,,4,1.0,0,1,0,,,,,2020-09-15 06:26:19
19802429,,,0,,,,,,ETTU,1,0,0,,4,1.0,0,1,0,,,,,2020-09-15 06:26:19
19802449,,,0,,,,,,EUDORE,1,0,0,,4,4.0,0,1,0,,,,,2020-09-15 06:26:19
19802469,,,0,,,,,,NARRATE,1,0,0,,4,,0,1,0,,,,,2020-09-15 06:26:19
19802489,,,0,,,,,,GLORY SPELL,1,0,0,,4,,0,1,0,,,,,2020-09-15 06:26:19
19802505,,,0,,,,,,ANOTHER DIMENSION,1,0,0,,4,1.0,0,1,0,,,,,2020-09-15 06:26:19
19802525,,,0,,,,,,EVITA,1,0,0,,4,1.0,0,1,0,,,,,2020-09-15 06:26:19
19802545,,,0,,,,,,GOLD ISSUE,1,0,0,,4,1.0,0,1,0,,,,,2020-09-15 06:26:19
19802565,,,0,,,,,,MOHR DESIREE,1,0,0,,4,,0,1,0,,,,,2020-09-15 06:26:19
19802585,,,0,,,,,,EXPLOSIVE,1,0,0,,4,1.0,0,1,0,,,,,2020-09-15 06:26:19
19802601,,,0,,,,,,RHINESTONE MARY,1,0,0,,4,1.0,0,1,0,,,,,2020-09-15 06:26:19
19802621,,,0,,,,,,SHARON BROWN,1,0,0,,4,9.0,0,1,0,,,,,2020-09-15 06:26:19
19802641,,,0,,,,,,FEARLESS LASS,1,0,0,,4,1.0,0,1,0,,,,,2020-09-15 06:26:19
19802661,,,0,,,,,,DAGIAN,1,0,0,,4,9.0,0,1,0,,,,,2020-09-15 06:26:19
19802681,,,0,,,,,,MORE GOLDEN TIMES,1,0,0,,4,1.0,0,1,0,,,,,2020-09-15 06:26:19
19802707,,,0,,,,,,CORNISH KITTY,1,0,0,,4,,0,1,0,,,,,2020-09-15 06:26:19
19802747,,,0,,,,,,IN RECORD TIME,1,0,0,,4,9.0,0,1,0,,,,,2020-09-15 06:26:19
19802767,,,0,,,,,,LA CHAPOSA,1,0,0,,4,1.0,0,1,0,,,,,2020-09-15 06:26:19
19802803,,,0,,,,,,PAULA PAULA,1,0,0,,4,,0,1,0,,,,,2020-09-15 06:26:19
19802823,,,0,,,,,,FLYING DIPLOMAT,1,0,0,,4,1.0,0,1,0,,,,,2020-09-15 06:26:19
19802863,,,0,,,,,,CUDDLY DOLL,1,0,0,,4,1.0,0,1,0,,,,,2020-09-15 06:26:19
19802883,,,0,,,,,,SUNSHINE O'MY LIFE,1,0,0,,4,1.0,0,1,0,,,,,2020-09-15 06:26:19
19802909,,,0,,,,,,EMBELLISHED,1,0,0,,4,1.0,0,1,0,,,,,2020-09-15 06:26:19
19802969,,,0,,,,,,DESIGNER'S LOGO,1,0,0,,4,,0,1,0,,,,,2020-09-15 06:26:19
19802989,,,0,,,,,,EPANOUI,1,0,0,,4,1.0,0,1,0,,,,,2020-09-15 06:26:19
19803188,,,0,,,,,,ISABELLA D`ESTE,1,0,0,,4,,0,1,0,,,,,2020-09-15 06:26:19
19803204,,,0,,,,,,GOOD SHOES,1,0,0,,4,4.0,0,1,0,,,,,2020-09-15 06:26:19
19803244,,,0,,,,,,GREEN FARM BABE,1,0,0,,4,1.0,0,1,0,,,,,2020-09-15 06:26:19
19803380,,,0,,,,,,HELLO POOCHIE LIU,1,0,0,,4,4.0,0,1,0,,,,,2020-09-15 06:26:19
19803406,,,0,,,,,,HOLD THEM,1,0,0,,4,8.0,0,1,0,,,,,2020-09-15 06:26:19
19803466,,,0,,,,,,SILK SARI,1,0,0,,4,,0,1,0,,,,,2020-09-15 06:26:19
19803486,,,0,,,,,,HODGES BLOOM,1,0,0,,4,8.0,0,1,0,,,,,2020-09-15 06:26:19
19803628,,,0,,,,,,IN THE SPIRIT,1,0,0,,4,1.0,0,1,0,,,,,2020-09-15 06:26:19
19803784,,,0,,,,,,SHAMROCK REALITY,1,0,0,,4,,0,1,0,,,,,2020-09-15 06:26:19
19803880,,,0,,,,,,JUSTAKISS,1,0,0,,4,1.0,0,1,0,,,,,2020-09-15 06:26:19
19803966,,,0,,,,,,HILIAETUS,1,0,0,,4,,0,1,0,,,,,2020-09-15 06:26:19
19803986,,,0,,,,,,KISS AND TELL,1,0,0,,4,8.0,0,1,0,,,,,2020-09-15 06:26:19
19804049,,,0,,,,,,LADY ADELE,1,0,0,,4,,0,1,0,,,,,2020-09-15 06:26:19
19804185,,,0,,,,,,GREAT SKY,1,0,0,,4,,0,1,0,,,,,2020-09-15 06:26:19
19804241,,,0,,,,,,LISANDRA,1,0,0,,4,,0,1,0,,,,,2020-09-15 06:26:19
19804307,,,0,,,,,,TERSKA,1,0,0,,4,,0,1,0,,,,,2020-09-15 06:26:19
19804443,,,0,,,,,,DON'T GET SMART,1,0,0,,4,,0,1,0,,,,,2020-09-15 06:26:19
19804549,,,0,,,,,,LUCK TOO,1,0,0,,4,,0,1,0,,,,,2020-09-15 06:26:19
19804807,,,0,,,,,,NEVADA,1,0,0,,4,1.0,0,1,0,,,,,2020-09-15 06:26:19
19804847,,,0,,,,,,NO NO NANETTE,1,0,0,,4,1.0,0,1,0,,,,,2020-09-15 06:26:19
19804887,,,0,,,,,,NOODLES,1,0,0,,4,,0,1,0,,,,,2020-09-15 06:26:19
19804943,,,0,,,,,,SPLIT VERDICT,1,0,0,,4,,0,1,0,,,,,2020-09-15 06:26:19
19805006,,,0,,,,,,TWO NOTCH ROAD,1,0,0,,4,1.0,0,1,0,,,,,2020-09-15 06:26:19
19805026,,,0,,,,,,REGENTS RHYTHM,1,0,0,,4,,0,1,0,,,,,2020-09-15 06:26:19
19805046,,,0,,,,,,LAST WORD SUZIE,1,0,0,,4,1.0,0,1,0,,,,,2020-09-15 06:26:19
19805086,,,0,,,,,,GUESSING GAME,1,0,0,,4,,0,1,0,,,,,2020-09-15 06:26:19
19805122,,,0,,,,,,STICKY FINGERS,1,0,0,,4,1.0,0,1,0,,,,,2020-09-15 06:26:19
19805142,,,0,,,,,,PEACHES & CREAM,1,0,0,,4,8.0,0,1,0,,,,,2020-09-15 06:26:19
19805162,,,0,,,,,,NORTHERN SIREN,1,0,0,,4,9.0,0,1,0,,,,,2020-09-15 06:26:19
19805182,,,0,,,,,,LITTLE JACKIE,1,0,0,,4,1.0,0,1,0,,,,,2020-09-15 06:26:19
19805228,,,0,,,,,,JANE DOE,1,0,0,,4,,0,1,0,,,,,2020-09-15 06:26:19
19805304,,,0,,,,,,PRETTY CHILLY,1,0,0,,4,1.0,0,1,0,,,,,2020-09-15 06:26:19
19805602,,,0,,,,,,RETURN,1,0,0,,4,9.0,0,1,0,,,,,2020-09-15 06:26:19
19805708,,,0,,,,,,ROCKABYE BABY,1,0,0,,4,1.0,0,1,0,,,,,2020-09-15 06:26:19
19805844,,,0,,,,,,ROYAL FANFAIR,1,0,0,,4,8.0,0,1,0,,,,,2020-09-15 06:26:19
19806043,,,0,,,,,,SECRELONIAT,1,0,0,,4,1.0,0,1,0,,,,,2020-09-15 06:26:19
19806063,,,0,,,,,,SECRET PRINCESS,1,0,0,,4,1.0,0,1,0,,,,,2020-09-15 06:26:19
19806109,,,0,,,,,,SIZZLING AFFAIR,1,0,0,,4,,0,1,0,,,,,2020-09-15 06:26:19
19806225,,,0,,,,,,SHE'S A CHIP,1,0,0,,4,1.0,0,1,0,,,,,2020-09-15 06:26:19
19806689,,,0,,,,,,SNOWING WELL,1,0,0,,4,1.0,0,1,0,,,,,2020-09-15 06:26:19
19807020,,,0,,,,,,STEVEDORE'S DEB,1,0,0,,4,,0,1,0,,,,,2020-09-15 06:26:19
19807040,,,0,,,,,,STONE BREAKER,1,0,0,,4,,0,1,0,,,,,2020-09-15 06:26:19
19807080,,,0,,,,,,SUN HUNTRESS,1,0,0,,4,8.0,0,1,0,,,,,2020-09-15 06:26:19
19807166,,,0,,,,,,THIRTY FLAGS,1,0,0,,4,,0,1,0,,,,,2020-09-15 06:26:19
19807222,,,0,,,,,,MISS WHITE OAK,1,0,0,,4,,0,1,0,,,,,2020-09-15 06:26:19
19807262,,,0,,,,,,THAT'S HER,1,0,0,,4,1.0,0,1,0,,,,,2020-09-15 06:26:19
19807282,,,0,,,,,,UBETSHEDID,1,0,0,,4,,0,1,0,,,,,2020-09-15 06:26:19
19807606,,,0,,,,,,TWELFTH NIGHT,1,0,0,,4,1.0,0,1,0,,,,,2020-09-15 06:26:19
19807666,,,0,,,,,,TUNING,1,0,0,,4,1.0,0,1,0,,,,,2020-09-15 06:26:19
19807702,,,0,,,,,,VICHY,1,0,0,,4,9.0,0,1,0,,,,,2020-09-15 06:26:19
19807762,,,0,,,,,,URANIA,1,0,0,,4,1.0,0,1,0,,,,,2020-09-15 06:26:19
19807782,,,0,,,,,,UNDERCOVER,1,0,0,,4,1.0,0,1,0,,,,,2020-09-15 06:26:19
19808507,,,0,,,,,,RAIN SHOWER,1,0,0,,4,,0,1,0,,,,,2020-09-15 06:26:19
19808941,,,0,,,,,,VAMPIRESS,1,0,0,,4,,0,1,0,,,,,2020-09-15 06:26:19
19809100,,,0,,,,,,INFANTES,1,0,0,,4,,0,1,0,,,,,2020-09-15 06:26:19
19809524,,,0,,,,,,CRITICS CHOICE,1,0,0,,4,,0,1,0,,,,,2020-09-15 06:26:19
19809706,,,0,,,,,,PRUNEY,1,0,0,,4,8.0,0,1,0,,,,,2020-09-15 06:26:19
19809802,,,0,,,,,,FAIRY LADY,1,0,0,,4,8.0,0,1,0,,,,,2020-09-15 06:26:19
19809908,,,0,,,,,,SO COZY,1,0,0,,4,,0,1,0,,,,,2020-09-15 06:26:19
19809988,,,0,,,,,,NANNIE'S MARY K,1,0,0,,4,1.0,0,1,0,,,,,2020-09-15 06:26:19
19810029,,,0,,,,,,ALERT STORM,1,0,0,,4,1.0,0,1,0,,,,,2020-09-15 06:26:19
19810069,,,0,,,,,,BIRD LADY,1,0,0,,4,1.0,0,1,0,,,,,2020-09-15 06:26:19
19810089,,,0,,,,,,BLUE DIAMOND,1,0,0,,4,8.0,0,1,0,,,,,2020-09-15 06:26:19
19810241,,,0,,,,,,ENDLESS LOVE,1,0,0,,4,8.0,0,1,0,,,,,2020-09-15 06:26:19
19810261,,,0,,,,,,FINAL BID,1,0,0,,4,9.0,0,1,0,,,,,2020-09-15 06:26:19
19810327,,,0,,,,,,FOREIGN STEP,1,0,0,,4,1.0,0,1,0,,,,,2020-09-15 06:26:19
19810347,,,0,,,,,,FRAULEIN MARIA,1,0,0,,4,1.0,0,1,0,,,,,2020-09-15 06:26:19
19810387,,,0,,,,,,GREY MORN,1,0,0,,4,9.0,0,1,0,,,,,2020-09-15 06:26:19
19810403,,,0,,,,,,GUIDING STAR,1,0,0,,4,1.0,0,1,0,,,,,2020-09-15 06:26:19
19810443,,,0,,,,,,HENPORT,1,0,0,,4,9.0,0,1,0,,,,,2020-09-15 06:26:19
19810463,,,0,,,,,,KEYANAL,1,0,0,,4,8.0,0,1,0,,,,,2020-09-15 06:26:19
19810529,,,0,,,,,,LADY JAGRANEE,1,0,0,,4,1.0,0,1,0,,,,,2020-09-15 06:26:19
19810549,,,0,,,,,,LADY MAHARANEE,1,0,0,,4,4.0,0,1,0,,,,,2020-09-15 06:26:19
19810589,,,0,,,,,,LOVE LETTERS,1,0,0,,4,1.0,0,1,0,,,,,2020-09-15 06:26:19
19810625,,,0,,,,,,ALFADAMUS,1,0,0,,4,1.0,0,1,0,,,,,2020-09-15 06:26:19
19810645,,,0,,,,,,MINT JULIP,1,0,0,,4,8.0,0,1,0,,,,,2020-09-15 06:26:19
19810685,,,0,,,,,,MY DESIRE,1,0,0,,4,1.0,0,1,0,,,,,2020-09-15 06:26:19
19810701,,,0,,,,,,MY MICHELLE,1,0,0,,4,8.0,0,1,0,,,,,2020-09-15 06:26:19
19810721,,,0,,,,,,MY MISTY,1,0,0,,4,1.0,0,1,0,,,,,2020-09-15 06:26:19
19810741,,,0,,,,,,O'LISA,1,0,0,,4,9.0,0,1,0,,,,,2020-09-15 06:26:19
19810781,,,0,,,,,,PRECOCIOUS,1,0,0,,4,1.0,0,1,0,,,,,2020-09-15 06:26:19
19810807,,,0,,,,,,PRINCESS ROSE,1,0,0,,4,1.0,0,1,0,,,,,2020-09-15 06:26:19
19810847,,,0,,,,,,SPECTACULAR JAZZ,1,0,0,,4,8.0,0,1,0,,,,,2020-09-15 06:26:19
19810887,,,0,,,,,,SUGAR SUGAR SUGAR,1,0,0,,4,1.0,0,1,0,,,,,2020-09-15 06:26:19
19810903,,,0,,,,,,SUMMER TIME,1,0,0,,4,8.0,0,1,0,,,,,2020-09-15 06:26:19
19810943,,,0,,,,,,SYMBOLIC,1,0,0,,4,,0,1,0,,,,,2020-09-15 06:26:19
19811006,,,0,,,,,,LEGACY,1,0,0,,4,8.0,0,1,0,,,,,2020-09-15 06:26:19
19811046,,,0,,,,,,SONG OF ARABY,1,0,0,,4,8.0,0,1,0,,,,,2020-09-15 06:26:19
19811066,,,0,,,,,,SPOTTED WONDER,1,0,0,,4,1.0,0,1,0,,,,,2020-09-15 06:26:19
19811086,,,0,,,,,,COUNTRY ACT,1,0,0,,4,1.0,0,1,0,,,,,2020-09-15 06:26:19
19811102,,,0,,,,,,REQUIEM,1,0,0,,4,,0,1,0,,,,,2020-09-15 06:26:19
19811142,,,0,,,,,,FELISA,1,0,0,,4,9.0,0,1,0,,,,,2020-09-15 06:26:19
19811182,,,0,,,,,,PRINCESS KAY,1,0,0,,4,1.0,0,1,0,,,,,2020-09-15 06:26:19
19811208,,,0,,,,,,SECRET ROSE,1,0,0,,4,9.0,0,1,0,,,,,2020-09-15 06:26:19
19811228,,,0,,,,,,SHAYNER,1,0,0,,4,,0,1,0,,,,,2020-09-15 06:26:19
19811268,,,0,,,,,,LUCKY PRINCESS,1,0,0,,4,1.0,0,1,0,,,,,2020-09-15 06:26:19
19811304,,,0,,,,,,TIGERNESIAN,1,0,0,,4,1.0,0,1,0,,,,,2020-09-15 06:26:19
19811324,,,0,,,,,,NEW INITIALLY,1,0,0,,4,1.0,0,1,0,,,,,2020-09-15 06:26:19
19811344,,,0,,,,,,PRETTY PASSER,1,0,0,,4,,0,1,0,,,,,2020-09-15 06:26:19
19811364,,,0,,,,,,TAH DAH,1,0,0,,4,1.0,0,1,0,,,,,2020-09-15 06:26:19
19811384,,,0,,,,,,PROGRESSIVE ONE,1,0,0,,4,1.0,0,1,0,,,,,2020-09-15 06:26:19
19811400,,,0,,,,,,LITTLE SECRET,1,0,0,,4,1.0,0,1,0,,,,,2020-09-15 06:26:19
19811420,,,0,,,,,,BRENDA'S STAR,1,0,0,,4,8.0,0,1,0,,,,,2020-09-15 06:26:19
19811440,,,0,,,,,,TONKA BABY,1,0,0,,4,1.0,0,1,0,,,,,2020-09-15 06:26:19
19811460,,,0,,,,,,REGAL PRINCESS,1,0,0,,4,,0,1,0,,,,,2020-09-15 06:26:19
19811480,,,0,,,,,,AFTER TAXES,1,0,0,,4,,0,1,0,,,,,2020-09-15 06:26:19
19811506,,,0,,,,,,DUE TO PASS,1,0,0,,4,,0,1,0,,,,,2020-09-15 06:26:19
19811526,,,0,,,,,,DEARLY CHOSEN,1,0,0,,4,8.0,0,1,0,,,,,2020-09-15 06:26:19
19811546,,,0,,,,,,HAMMERSMITH,1,0,0,,4,1.0,0,1,0,,,,,2020-09-15 06:26:19
19811566,,,0,,,,,,PRECIOUS PARLEE,1,0,0,,4,1.0,0,1,0,,,,,2020-09-15 06:26:19
19811586,,,0,,,,,,SAFEWAY PRINCESS,1,0,0,,4,8.0,0,1,0,,,,,2020-09-15 06:26:19
19811602,,,0,,,,,,SILK FOX,1,0,0,,4,1.0,0,1,0,,,,,2020-09-15 06:26:19
19811622,,,0,,,,,,MARATAYA,1,0,0,,4,1.0,0,1,0,,,,,2020-09-15 06:26:19
19811642,,,0,,,,,,DELTA MOMENT,1,0,0,,4,,0,1,0,,,,,2020-09-15 06:26:19
19811662,,,0,,,,,,CHESTERVILLE,1,0,0,,4,1.0,0,1,0,,,,,2020-09-15 06:26:19
19811682,,,0,,,,,,FRIENDLY QUEEN,1,0,0,,4,1.0,0,1,0,,,,,2020-09-15 06:26:19
19811708,,,0,,,,,,FUN AND GAMES,1,0,0,,4,8.0,0,1,0,,,,,2020-09-15 06:26:19
19811728,,,0,,,,,,CHIMING JET,1,0,0,,4,,0,1,0,,,,,2020-09-15 06:26:19
19811788,,,0,,,,,,LETTERATURA,1,0,0,,4,8.0,0,1,0,,,,,2020-09-15 06:26:19
19811804,,,0,,,,,,ALEJANDRA,1,0,0,,4,9.0,0,1,0,,,,,2020-09-15 06:26:19
19811824,,,0,,,,,,OUR MERCEDES,1,0,0,,4,,0,1,0,,,,,2020-09-15 06:26:19
19811844,,,0,,,,,,MEMMORIES,1,0,0,,4,1.0,0,1,0,,,,,2020-09-15 06:26:19
19811864,,,0,,,,,,MAHARADOON,1,0,0,,4,1.0,0,1,0,,,,,2020-09-15 06:26:19
19811900,,,0,,,,,,SIGN & SEAL,1,0,0,,4,9.0,0,1,0,,,,,2020-09-15 06:26:19
19811920,,,0,,,,,,SWORD OF PLEASURE,1,0,0,,4,1.0,0,1,0,,,,,2020-09-15 06:26:19
19811940,,,0,,,,,,ICYDOON,1,0,0,,4,1.0,0,1,0,,,,,2020-09-15 06:26:19
19811960,,,0,,,,,,COMPROMISING,1,0,0,,4,,0,1,0,,,,,2020-09-15 06:26:19
19811980,,,0,,,,,,CHANTILY CREME,1,0,0,,4,1.0,0,1,0,,,,,2020-09-15 06:26:19
19812003,,,0,,,,,,POWDERY,1,0,0,,4,,0,1,0,,,,,2020-09-15 06:26:19
19812023,,,0,,,,,,CAPTIVE ASH,1,0,0,,4,,0,1,0,,,,,2020-09-15 06:26:19
19812043,,,0,,,,,,CUM LAUDE,1,0,0,,4,1.0,0,1,0,,,,,2020-09-15 06:26:19
19812063,,,0,,,,,,WINDY ARBOUR,1,0,0,,4,,0,1,0,,,,,2020-09-15 06:26:19
19812083,,,0,,,,,,SHE'S A SMARTEN,1,0,0,,4,,0,1,0,,,,,2020-09-15 06:26:19
19812109,,,0,,,,,,BEST LITTLE TEST,1,0,0,,4,,0,1,0,,,,,2020-09-15 06:26:19
19812129,,,0,,,,,,KENTUCKY QUEEN,1,0,0,,4,1.0,0,1,0,,,,,2020-09-15 06:26:19
19812149,,,0,,,,,,SPRING MISS,1,0,0,,4,1.0,0,1,0,,,,,2020-09-15 06:26:19
19812189,,,0,,,,,,BREEZILY,1,0,0,,4,1.0,0,1,0,,,,,2020-09-15 06:26:19
19812205,,,0,,,,,,TERRIFIC RICK,1,0,0,,4,,0,1,0,,,,,2020-09-15 06:26:19
19812225,,,0,,,,,,GLORIOUSLY FREE,1,0,0,,4,,0,1,0,,,,,2020-09-15 06:26:19
19812285,,,0,,,,,,NORTHERN DAMSEL,1,0,0,,4,,0,1,0,,,,,2020-09-15 06:26:19
19812361,,,0,,,,,,EFFERVESCENT,1,0,0,,4,1.0,0,1,0,,,,,2020-09-15 06:26:19
19812381,,,0,,,,,,BOLD PASSAGE,1,0,0,,4,,0,1,0,,,,,2020-09-15 06:26:19
19812407,,,0,,,,,,BURNED TOAST,1,0,0,,4,1.0,0,1,0,,,,,2020-09-15 06:26:20
19812427,,,0,,,,,,TERRANCE OF HOPE,1,0,0,,4,,0,1,0,,,,,2020-09-15 06:26:20
19812467,,,0,,,,,,HIGHLAND NELL,1,0,0,,4,,0,1,0,,,,,2020-09-15 06:26:20
19812583,,,0,,,,,,HALO PRINCESS,1,0,0,,4,,0,1,0,,,,,2020-09-15 06:26:20
19812705,,,0,,,,,,FUTRICIA,1,0,0,,4,,0,1,0,,,,,2020-09-15 06:26:20
19812725,,,0,,,,,,FIRE FOX,1,0,0,,4,8.0,0,1,0,,,,,2020-09-15 06:26:20
19812745,,,0,,,,,,DANCE CLOSE,1,0,0,,4,1.0,0,1,0,,,,,2020-09-15 06:26:20
19812765,,,0,,,,,,ZUMMERUDD,1,0,0,,4,1.0,0,1,0,,,,,2020-09-15 06:26:20
19812785,,,0,,,,,,LOEN,1,0,0,,4,8.0,0,1,0,,,,,2020-09-15 06:26:20
19812801,,,0,,,,,,BOI BABA,1,0,0,,4,,0,1,0,,,,,2020-09-15 06:26:20
19812821,,,0,,,,,,DO'S GENT,1,0,0,,4,1.0,0,1,0,,,,,2020-09-15 06:26:20
19812841,,,0,,,,,,FLYING QUEEN,1,0,0,,4,8.0,0,1,0,,,,,2020-09-15 06:26:20
19812861,,,0,,,,,,PREMIUM WIN,1,0,0,,4,1.0,0,1,0,,,,,2020-09-15 06:26:20
19812881,,,0,,,,,,SWEETEST DANCER,1,0,0,,4,1.0,0,1,0,,,,,2020-09-15 06:26:20
19812927,,,0,,,,,,EXUBERINE,1,0,0,,4,,0,1,0,,,,,2020-09-15 06:26:20
19812947,,,0,,,,,,LASSIE'S LADY,1,0,0,,4,1.0,0,1,0,,,,,2020-09-15 06:26:20
19812967,,,0,,,,,,WILD APPLAUSE,1,0,0,,4,1.0,0,1,0,,,,,2020-09-15 06:26:20
19812987,,,0,,,,,,FURNACE,1,0,0,,4,1.0,0,1,0,,,,,2020-09-15 06:26:20
19813000,,,0,,,,,,DAC'S RETURN,1,0,0,,4,,0,1,0,,,,,2020-09-15 06:26:20
19813020,,,0,,,,,,INGOT WAY,1,0,0,,4,9.0,0,1,0,,,,,2020-09-15 06:26:20
19813040,,,0,,,,,,GENTLE STAR,1,0,0,,4,8.0,0,1,0,,,,,2020-09-15 06:26:20
19813060,,,0,,,,,,GANA FACIL,1,0,0,,4,8.0,0,1,0,,,,,2020-09-15 06:26:20
19813080,,,0,,,,,,MISTAIN,1,0,0,,4,,0,1,0,,,,,2020-09-15 06:26:20
19813106,,,0,,,,,,FEATURE PRICE,1,0,0,,4,8.0,0,1,0,,,,,2020-09-15 06:26:20
19813126,,,0,,,,,,MITTERAND,1,0,0,,4,1.0,0,1,0,,,,,2020-09-15 06:26:20
19813146,,,0,,,,,,CANNINVADE,1,0,0,,4,8.0,0,1,0,,,,,2020-09-15 06:26:20
19813166,,,0,,,,,,JIMMYS GIRL,1,0,0,,4,1.0,0,1,0,,,,,2020-09-15 06:26:20
19813186,,,0,,,,,,GOLDEN TOUCH,1,0,0,,4,1.0,0,1,0,,,,,2020-09-15 06:26:20
19813202,,,0,,,,,,CLASSY 'N SMART,1,0,0,,4,1.0,0,1,0,,,,,2020-09-15 06:26:20
19813222,,,0,,,,,,BECKY ANN,1,0,0,,4,,0,1,0,,,,,2020-09-15 06:26:20
19813282,,,0,,,,,,JUDAIRE,1,0,0,,4,1.0,0,1,0,,,,,2020-09-15 06:26:20
19813308,,,0,,,,,,PROUD CLARIONESS,1,0,0,,4,1.0,0,1,0,,,,,2020-09-15 06:26:20
19813348,,,0,,,,,,BOUNCY BARB,1,0,0,,4,,0,1,0,,,,,2020-09-15 06:26:20
19813368,,,0,,,,,,WINE TASTER,1,0,0,,4,8.0,0,1,0,,,,,2020-09-15 06:26:20
19813388,,,0,,,,,,HELLO SUZIE,1,0,0,,4,1.0,0,1,0,,,,,2020-09-15 06:26:20
19813404,,,0,,,,,,DANI'S DOLL,1,0,0,,4,1.0,0,1,0,,,,,2020-09-15 06:26:20
19813424,,,0,,,,,,TILTING,1,0,0,,4,,0,1,0,,,,,2020-09-15 06:26:20
19813444,,,0,,,,,,DAMASK SKY,1,0,0,,4,,0,1,0,,,,,2020-09-15 06:26:20
19813464,,,0,,,,,,FINE N FLASHY,1,0,0,,4,8.0,0,1,0,,,,,2020-09-15 06:26:20
19813484,,,0,,,,,,ROSE O'RILEY,1,0,0,,4,1.0,0,1,0,,,,,2020-09-15 06:26:20
19813520,,,0,,,,,,LADY SHARP,1,0,0,,4,1.0,0,1,0,,,,,2020-09-15 06:26:20
19813540,,,0,,,,,,WEDDING PICTURE,1,0,0,,4,1.0,0,1,0,,,,,2020-09-15 06:26:20
19813560,,,0,,,,,,CASSOWARY,1,0,0,,4,1.0,0,1,0,,,,,2020-09-15 06:26:20
19813580,,,0,,,,,,KHANBALIC,1,0,0,,4,8.0,0,1,0,,,,,2020-09-15 06:26:20
19813606,,,0,,,,,,UPTURNING,1,0,0,,4,1.0,0,1,0,,,,,2020-09-15 06:26:20
19813626,,,0,,,,,,BOBBINETTE,1,0,0,,4,1.0,0,1,0,,,,,2020-09-15 06:26:20
19813646,,,0,,,,,,LAUGHING ERIN,1,0,0,,4,,0,1,0,,,,,2020-09-15 06:26:20
19813666,,,0,,,,,,SAM'S DOCTOR,1,0,0,,4,1.0,0,1,0,,,,,2020-09-15 06:26:20
19813686,,,0,,,,,,RATHCANNON,1,0,0,,4,,0,1,0,,,,,2020-09-15 06:26:20
19813702,,,0,,,,,,JACYNTH,1,0,0,,4,,0,1,0,,,,,2020-09-15 06:26:20
19813722,,,0,,,,,,EXTRA SMARTEN,1,0,0,,4,1.0,0,1,0,,,,,2020-09-15 06:26:20
19813742,,,0,,,,,,PROSPECTOR'S QUEEN,1,0,0,,4,1.0,0,1,0,,,,,2020-09-15 06:26:20
19813762,,,0,,,,,,NEW YORK KEYS,1,0,0,,4,1.0,0,1,0,,,,,2020-09-15 06:26:20
19813782,,,0,,,,,,TWISTED RELATION,1,0,0,,4,,0,1,0,,,,,2020-09-15 06:26:20
19813808,,,0,,,,,,BOLD DEBRA,1,0,0,,4,,0,1,0,,,,,2020-09-15 06:26:20
19813828,,,0,,,,,,CARSON CITY GAL,1,0,0,,4,1.0,0,1,0,,,,,2020-09-15 06:26:20
19813848,,,0,,,,,,S.S. AROMA,1,0,0,,4,,0,1,0,,,,,2020-09-15 06:26:20
19813868,,,0,,,,,,RAZYANA,1,0,0,,4,1.0,0,1,0,,,,,2020-09-15 06:26:20
19813888,,,0,,,,,,NASTY DAYS,1,0,0,,4,,0,1,0,,,,,2020-09-15 06:26:20
19813904,,,0,,,,,,KISSIMMEE,1,0,0,,4,8.0,0,1,0,,,,,2020-09-15 06:26:20
19813924,,,0,,,,,,MINNESOTA BABE,1,0,0,,4,,0,1,0,,,,,2020-09-15 06:26:20
19813944,,,0,,,,,,VALENTINE BALL,1,0,0,,4,1.0,0,1,0,,,,,2020-09-15 06:26:20
19813964,,,0,,,,,,JOHNICA,1,0,0,,4,8.0,0,1,0,,,,,2020-09-15 06:26:20
19813984,,,0,,,,,,SOUTH SEA DANCER,1,0,0,,4,1.0,0,1,0,,,,,2020-09-15 06:26:20
19814007,,,0,,,,,,LADY SWEET,1,0,0,,4,9.0,0,1,0,,,,,2020-09-15 06:26:20
19814027,,,0,,,,,,JACKJON,1,0,0,,4,1.0,0,1,0,,,,,2020-09-15 06:26:20
19814047,,,0,,,,,,KENERGY,1,0,0,,4,1.0,0,1,0,,,,,2020-09-15 06:26:20
19814087,,,0,,,,,,DAME DE MATIN,1,0,0,,4,9.0,0,1,0,,,,,2020-09-15 06:26:20
19814123,,,0,,,,,,GALA BELL,1,0,0,,4,1.0,0,1,0,,,,,2020-09-15 06:26:20
19814143,,,0,,,,,,CRISP 'N CLEAR,1,0,0,,4,1.0,0,1,0,,,,,2020-09-15 06:26:20
19814209,,,0,,,,,,HATTAB GAL,1,0,0,,4,,0,1,0,,,,,2020-09-15 06:26:20
19814229,,,0,,,,,,BUZZ MY BELL,1,0,0,,4,,0,1,0,,,,,2020-09-15 06:26:20
19814249,,,0,,,,,,LA COLORADA,1,0,0,,4,8.0,0,1,0,,,,,2020-09-15 06:26:20
19814269,,,0,,,,,,QUEEN FOR THE DAY,1,0,0,,4,8.0,0,1,0,,,,,2020-09-15 06:26:20
19814289,,,0,,,,,,LITTLE MARY,1,0,0,,4,,0,1,0,,,,,2020-09-15 06:26:20
19814305,,,0,,,,,,MAGIC CICLE,1,0,0,,4,1.0,0,1,0,,,,,2020-09-15 06:26:20
19814345,,,0,,,,,,QUALIQUE,1,0,0,,4,1.0,0,1,0,,,,,2020-09-15 06:26:20
19814365,,,0,,,,,,AVA ROMANCE,1,0,0,,4,8.0,0,1,0,,,,,2020-09-15 06:26:20
19814385,,,0,,,,,,IRON NANY,1,0,0,,4,,0,1,0,,,,,2020-09-15 06:26:20
19814441,,,0,,,,,,LITTLE FUZZY,1,0,0,,4,,0,1,0,,,,,2020-09-15 06:26:20
19814527,,,0,,,,,,FAMILY COMPACT,1,0,0,,4,,0,1,0,,,,,2020-09-15 06:26:20
19814567,,,0,,,,,,MISS GILLETTE,1,0,0,,4,8.0,0,1,0,,,,,2020-09-15 06:26:20
19814587,,,0,,,,,,IMA NAUGHTY NATIVE,1,0,0,,4,,0,1,0,,,,,2020-09-15 06:26:20
19814941,,,0,,,,,,OH MY GIRL,1,0,0,,4,1.0,0,1,0,,,,,2020-09-15 06:26:20
19814981,,,0,,,,,,MAGICAL MOUD,1,0,0,,4,,0,1,0,,,,,2020-09-15 06:26:20
19815004,,,0,,,,,,OUR BURNICE,1,0,0,,4,,0,1,0,,,,,2020-09-15 06:26:20
19815044,,,0,,,,,,SPARK TRACK,1,0,0,,4,,0,1,0,,,,,2020-09-15 06:26:20
19815100,,,0,,,,,,CORAL SOUND,1,0,0,,4,,0,1,0,,,,,2020-09-15 06:26:20
19815160,,,0,,,,,,MS. BOLD MARKET,1,0,0,,4,,0,1,0,,,,,2020-09-15 06:26:20
19815180,,,0,,,,,,PETIT CHABLIS,1,0,0,,4,8.0,0,1,0,,,,,2020-09-15 06:26:20
19815206,,,0,,,,,,PIRATE PRINCESS,1,0,0,,4,8.0,0,1,0,,,,,2020-09-15 06:26:20
19815286,,,0,,,,,,POLNA RAGA,1,0,0,,4,8.0,0,1,0,,,,,2020-09-15 06:26:20
19815564,,,0,,,,,,RIMISSION,1,0,0,,4,8.0,0,1,0,,,,,2020-09-15 06:26:20
19815766,,,0,,,,,,ROSEY DAWN,1,0,0,,4,9.0,0,1,0,,,,,2020-09-15 06:26:20
19815786,,,0,,,,,,ROVING BID,1,0,0,,4,1.0,0,1,0,,,,,2020-09-15 06:26:20
19816001,,,0,,,,,,SEGREGATION,1,0,0,,4,1.0,0,1,0,,,,,2020-09-15 06:26:20
19816329,,,0,,,,,,SHOCKING PINK,1,0,0,,4,8.0,0,1,0,,,,,2020-09-15 06:26:20
19816985,,,0,,,,,,STARRY MAID,1,0,0,,4,1.0,0,1,0,,,,,2020-09-15 06:26:20
19817402,,,0,,,,,,THORNBIRD,1,0,0,,4,1.0,0,1,0,,,,,2020-09-15 06:26:20
19817442,,,0,,,,,,TIMELY BID,1,0,0,,4,1.0,0,1,0,,,,,2020-09-15 06:26:20
19817780,,,0,,,,,,ONE FOR DIANE,1,0,0,,4,,0,1,0,,,,,2020-09-15 06:26:20
19817922,,,0,,,,,,BREW'S BRIDGE,1,0,0,,4,,0,1,0,,,,,2020-09-15 06:26:20
19818065,,,0,,,,,,YOKO SHIMADA,1,0,0,,4,4.0,0,1,0,,,,,2020-09-15 06:26:20
19818101,,,0,,,,,,BURNS STUFF,1,0,0,,4,,0,1,0,,,,,2020-09-15 06:26:20
19818181,,,0,,,,,,LIFE'S LIGHT,1,0,0,,4,,0,1,0,,,,,2020-09-15 06:26:20
19818707,,,0,,,,,,LUCKY TRUNK,1,0,0,,4,,0,1,0,,,,,2020-09-15 06:26:20
19818989,,,0,,,,,,FOXY LADINO,1,0,0,,4,,0,1,0,,,,,2020-09-15 06:26:20
19819108,,,0,,,,,,REGENT'S WALK,1,0,0,,4,,0,1,0,,,,,2020-09-15 06:26:20
19819906,,,0,,,,,,EIBSEE,1,0,0,,4,,0,1,0,,,,,2020-09-15 06:26:20
19819986,,,0,,,,,,AXE TO SEA,1,0,0,,4,,0,1,0,,,,,2020-09-15 06:26:20
19820007,,,0,,,,,,ACCELERANDO,1,0,0,,4,8.0,0,1,0,,,,,2020-09-15 06:26:20
19820067,,,0,,,,,,ARBITRESS,1,0,0,,4,4.0,0,1,0,,,,,2020-09-15 06:26:20
19820103,,,0,,,,,,ASMARA,1,0,0,,4,4.0,0,1,0,,,,,2020-09-15 06:26:20
19820143,,,0,,,,,,BO PEEP,1,0,0,,4,1.0,0,1,0,,,,,2020-09-15 06:26:20
19820163,,,0,,,,,,BRIAR BELLE,1,0,0,,4,1.0,0,1,0,,,,,2020-09-15 06:26:20
19820209,,,0,,,,,,CARRIGEEN,1,0,0,,4,8.0,0,1,0,,,,,2020-09-15 06:26:20
19820249,,,0,,,,,,DARKIE,1,0,0,,4,,0,1,0,,,,,2020-09-15 06:26:20
19820325,,,0,,,,,,NO NO BASQUETTE,1,0,0,,4,,0,1,0,,,,,2020-09-15 06:26:20
19820345,,,0,,,,,,FIRE SPIRIT,1,0,0,,4,1.0,0,1,0,,,,,2020-09-15 06:26:20
19820365,,,0,,,,,,FIRELIGHT,1,0,0,,4,8.0,0,1,0,,,,,2020-09-15 06:26:20
19820401,,,0,,,,,,GIPSY QUEEN,1,0,0,,4,8.0,0,1,0,,,,,2020-09-15 06:26:20
19820441,,,0,,,,,,GOOD CONDUCT,1,0,0,,4,1.0,0,1,0,,,,,2020-09-15 06:26:20
19820461,,,0,,,,,,GOSSAMER,1,0,0,,4,4.0,0,1,0,,,,,2020-09-15 06:26:20
19820481,,,0,,,,,,HIGH TENSION,1,0,0,,4,8.0,0,1,0,,,,,2020-09-15 06:26:20
19820527,,,0,,,,,,HO DOWN,1,0,0,,4,,0,1,0,,,,,2020-09-15 06:26:20
19820547,,,0,,,,,,HOBSON'S CHOICE,1,0,0,,4,9.0,0,1,0,,,,,2020-09-15 06:26:20
19820603,,,0,,,,,,JOIRIDE,1,0,0,,4,9.0,0,1,0,,,,,2020-09-15 06:26:20
19820663,,,0,,,,,,LADY STEPHANY,1,0,0,,4,1.0,0,1,0,,,,,2020-09-15 06:26:20
19820683,,,0,,,,,,LADY VICTORIA,1,0,0,,4,8.0,0,1,0,,,,,2020-09-15 06:26:20
19820749,,,0,,,,,,MIKIKO,1,0,0,,4,1.0,0,1,0,,,,,2020-09-15 06:26:20
19820769,,,0,,,,,,MISS CONTENT,1,0,0,,4,1.0,0,1,0,,,,,2020-09-15 06:26:20
19820805,,,0,,,,,,ONE BELLE,1,0,0,,4,1.0,0,1,0,,,,,2020-09-15 06:26:20
19820825,,,0,,,,,,ONE ROSE,1,0,0,,4,1.0,0,1,0,,,,,2020-09-15 06:26:20
19820921,,,0,,,,,,PRINCESS TANOLA,1,0,0,,4,1.0,0,1,0,,,,,2020-09-15 06:26:20
19820981,,,0,,,,,,ROANNA,1,0,0,,4,1.0,0,1,0,,,,,2020-09-15 06:26:20
19821100,,,0,,,,,,STAR DREAMS,1,0,0,,4,9.0,0,1,0,,,,,2020-09-15 06:26:20
19821140,,,0,,,,,,STARRY NIGHT,1,0,0,,4,9.0,0,1,0,,,,,2020-09-15 06:26:20
19821206,,,0,,,,,,STONE MAIDEN,1,0,0,,4,,0,1,0,,,,,2020-09-15 06:26:20
19821246,,,0,,,,,,SUN CREST,1,0,0,,4,,0,1,0,,,,,2020-09-15 06:26:20
19821302,,,0,,,,,,TROPIC DANCER,1,0,0,,4,1.0,0,1,0,,,,,2020-09-15 06:26:20
19821322,,,0,,,,,,TWIDDLE,1,0,0,,4,1.0,0,1,0,,,,,2020-09-15 06:26:20
19821362,,,0,,,,,,VIRGINIA BELLE,1,0,0,,4,,0,1,0,,,,,2020-09-15 06:26:20
19821382,,,0,,,,,,WHISTLING BIRD,1,0,0,,4,8.0,0,1,0,,,,,2020-09-15 06:26:20
19821428,,,0,,,,,,ZIPP CHIC,1,0,0,,4,9.0,0,1,0,,,,,2020-09-15 06:26:20
19821448,,,0,,,,,,FLYING HOME,1,0,0,,4,1.0,0,1,0,,,,,2020-09-15 06:26:20
19821468,,,0,,,,,,BE HOPEFUL,1,0,0,,4,1.0,0,1,0,,,,,2020-09-15 06:26:20
19821524,,,0,,,,,,LEGAL LIMIT,1,0,0,,4,1.0,0,1,0,,,,,2020-09-15 06:26:20
19821640,,,0,,,,,,QUICK VERDICT,1,0,0,,4,1.0,0,1,0,,,,,2020-09-15 06:26:20
19821680,,,0,,,,,,NOBLE JADE,1,0,0,,4,1.0,0,1,0,,,,,2020-09-15 06:26:20
19821706,,,0,,,,,,TARNISH,1,0,0,,4,8.0,0,1,0,,,,,2020-09-15 06:26:20
19821726,,,0,,,,,,LADY SEETA,1,0,0,,4,,0,1,0,,,,,2020-09-15 06:26:20
19821746,,,0,,,,,,SILVER WELL,1,0,0,,4,8.0,0,1,0,,,,,2020-09-15 06:26:20
19821786,,,0,,,,,,SHE'S A FLYER,1,0,0,,4,1.0,0,1,0,,,,,2020-09-15 06:26:20
19821862,,,0,,,,,,GOING STRAIGHT,1,0,0,,4,8.0,0,1,0,,,,,2020-09-15 06:26:20
19821928,,,0,,,,,,INTRIGUE,1,0,0,,4,1.0,0,1,0,,,,,2020-09-15 06:26:20
19821948,,,0,,,,,,PATSY'S REVENGE,1,0,0,,4,1.0,0,1,0,,,,,2020-09-15 06:26:20
19821988,,,0,,,,,,SILVER LIGHTNING,1,0,0,,4,9.0,0,1,0,,,,,2020-09-15 06:26:20
19822001,,,0,,,,,,BEGUILED,1,0,0,,4,9.0,0,1,0,,,,,2020-09-15 06:26:20
19822081,,,0,,,,,,IF WINTER COMES,1,0,0,,4,4.0,0,1,0,,,,,2020-09-15 06:26:20
19822223,,,0,,,,,,SIDEWINDER,1,0,0,,4,1.0,0,1,0,,,,,2020-09-15 06:26:20
19822243,,,0,,,,,,STARLARK,1,0,0,,4,8.0,0,1,0,,,,,2020-09-15 06:26:20
19822283,,,0,,,,,,BOURBON STREET,1,0,0,,4,1.0,0,1,0,,,,,2020-09-15 06:26:20
19822309,,,0,,,,,,RENDEZVOUS,1,0,0,,4,8.0,0,1,0,,,,,2020-09-15 06:26:20
19822349,,,0,,,,,,SUMMER'S PROMISE,1,0,0,,4,1.0,0,1,0,,,,,2020-09-15 06:26:20
19822369,,,0,,,,,,BOLD TROPIC,1,0,0,,4,1.0,0,1,0,,,,,2020-09-15 06:26:20
19822389,,,0,,,,,,JO ANN'S BABY,1,0,0,,4,,0,1,0,,,,,2020-09-15 06:26:20
19822405,,,0,,,,,,RE-INVESTED,1,0,0,,4,9.0,0,1,0,,,,,2020-09-15 06:26:20
19822425,,,0,,,,,,SHANNON'S STAR,1,0,0,,4,1.0,0,1,0,,,,,2020-09-15 06:26:20
19822445,,,0,,,,,,DRAGRENE,1,0,0,,4,8.0,0,1,0,,,,,2020-09-15 06:26:20
19822465,,,0,,,,,,COME SPECTACULAR,1,0,0,,4,1.0,0,1,0,,,,,2020-09-15 06:26:20
19822501,,,0,,,,,,BOUNTY GAL,1,0,0,,4,1.0,0,1,0,,,,,2020-09-15 06:26:20
19822521,,,0,,,,,,HARDY VAL,1,0,0,,4,1.0,0,1,0,,,,,2020-09-15 06:26:20
19822541,,,0,,,,,,JOY CAN RUN,1,0,0,,4,1.0,0,1,0,,,,,2020-09-15 06:26:20
19822561,,,0,,,,,,MINNESOTA PARK,1,0,0,,4,8.0,0,1,0,,,,,2020-09-15 06:26:20
19822581,,,0,,,,,,PETTY GIRL,1,0,0,,4,,0,1,0,,,,,2020-09-15 06:26:20
19822607,,,0,,,,,,NOT EXACTLY,1,0,0,,4,,0,1,0,,,,,2020-09-15 06:26:20
19822627,,,0,,,,,,SOUTH PACIFIC,1,0,0,,4,9.0,0,1,0,,,,,2020-09-15 06:26:20
19822647,,,0,,,,,,ROYAL ORCHID,1,0,0,,4,1.0,0,1,0,,,,,2020-09-15 06:26:20
19822667,,,0,,,,,,DESTINY'S WAY,1,0,0,,4,,0,1,0,,,,,2020-09-15 06:26:20
19822687,,,0,,,,,,OCCASION,1,0,0,,4,8.0,0,1,0,,,,,2020-09-15 06:26:20
19822703,,,0,,,,,,LA ESCALA,1,0,0,,4,1.0,0,1,0,,,,,2020-09-15 06:26:20
19822809,,,0,,,,,,FOUR SCORE,1,0,0,,4,1.0,0,1,0,,,,,2020-09-15 06:26:20
19822869,,,0,,,,,,CAROLINE DESLONDE,1,0,0,,4,,0,1,0,,,,,2020-09-15 06:26:20
19822889,,,0,,,,,,GRANDORIAN,1,0,0,,4,1.0,0,1,0,,,,,2020-09-15 06:26:20
19822905,,,0,,,,,,NESTLE'S BREW,1,0,0,,4,1.0,0,1,0,,,,,2020-09-15 06:26:20
19822925,,,0,,,,,,CYMBAL'S CALL,1,0,0,,4,,0,1,0,,,,,2020-09-15 06:26:20
19822945,,,0,,,,,,BEFORE DINNER,1,0,0,,4,1.0,0,1,0,,,,,2020-09-15 06:26:20
19822965,,,0,,,,,,SEMI-ROUGH,1,0,0,,4,,0,1,0,,,,,2020-09-15 06:26:20
19822985,,,0,,,,,,BREAKING POINT,1,0,0,,4,4.0,0,1,0,,,,,2020-09-15 06:26:20
19823008,,,0,,,,,,MAJENNIQUE,1,0,0,,4,,0,1,0,,,,,2020-09-15 06:26:20
19823028,,,0,,,,,,EXCELLENT JET,1,0,0,,4,,0,1,0,,,,,2020-09-15 06:26:20
19823240,,,0,,,,,,MISS DELICE,1,0,0,,4,8.0,0,1,0,,,,,2020-09-15 06:26:20
19823366,,,0,,,,,,ZALENNY,1,0,0,,4,1.0,0,1,0,,,,,2020-09-15 06:26:20
19823386,,,0,,,,,,CRYSTAL GLOW,1,0,0,,4,11.0,0,1,0,,,,,2020-09-15 06:26:20
19823402,,,0,,,,,,SKIT AWAY,1,0,0,,4,1.0,0,1,0,,,,,2020-09-15 06:26:20
19823462,,,0,,,,,,SECLUSIVE SUB,1,0,0,,4,9.0,0,1,0,,,,,2020-09-15 06:26:20
19823482,,,0,,,,,,OUR LADY TINGLE,1,0,0,,4,,0,1,0,,,,,2020-09-15 06:26:20
19823508,,,0,,,,,,HALO COUNTRY,1,0,0,,4,,0,1,0,,,,,2020-09-15 06:26:20
19823528,,,0,,,,,,FEMININITY,1,0,0,,4,,0,1,0,,,,,2020-09-15 06:26:20
19823548,,,0,,,,,,BURL'S BURN,1,0,0,,4,,0,1,0,,,,,2020-09-15 06:26:20
19823568,,,0,,,,,,COUP DE FOLIE,1,0,0,,4,1.0,0,1,0,,,,,2020-09-15 06:26:20
19823588,,,0,,,,,,LAYOUT,1,0,0,,4,8.0,0,1,0,,,,,2020-09-15 06:26:20
19823624,,,0,,,,,,SHARP BRIAR,1,0,0,,4,1.0,0,1,0,,,,,2020-09-15 06:26:20
19823644,,,0,,,,,,PLENTEOUS,1,0,0,,4,9.0,0,1,0,,,,,2020-09-15 06:26:20
19823664,,,0,,,,,,BONNIE'S POKER,1,0,0,,4,,0,1,0,,,,,2020-09-15 06:26:20
19823684,,,0,,,,,,WINSOME ACT,1,0,0,,4,1.0,0,1,0,,,,,2020-09-15 06:26:20
19823700,,,0,,,,,,WINTERS LOVE,1,0,0,,4,1.0,0,1,0,,,,,2020-09-15 06:26:20
19823720,,,0,,,,,,BLUSHING PROMISE,1,0,0,,4,1.0,0,1,0,,,,,2020-09-15 06:26:20
19823740,,,0,,,,,,MOONSILVER,1,0,0,,4,1.0,0,1,0,,,,,2020-09-15 06:26:20
19823760,,,0,,,,,,ALYANNA,1,0,0,,4,8.0,0,1,0,,,,,2020-09-15 06:26:20
19823780,,,0,,,,,,UNFORGETABLE YOU,1,0,0,,4,,0,1,0,,,,,2020-09-15 06:26:20
19823826,,,0,,,,,,SUNNY SUMMER,1,0,0,,4,9.0,0,1,0,,,,,2020-09-15 06:26:20
19823846,,,0,,,,,,KURITA,1,0,0,,4,9.0,0,1,0,,,,,2020-09-15 06:26:20
19823866,,,0,,,,,,PREPPY PRINCESS,1,0,0,,4,,0,1,0,,,,,2020-09-15 06:26:20
19823886,,,0,,,,,,AMBER SKI,1,0,0,,4,1.0,0,1,0,,,,,2020-09-15 06:26:20
19823902,,,0,,,,,,BAYOU BEAR,1,0,0,,4,1.0,0,1,0,,,,,2020-09-15 06:26:20
19823922,,,0,,,,,,NICHOLES PET,1,0,0,,4,,0,1,0,,,,,2020-09-15 06:26:20
19823942,,,0,,,,,,FLIGHT N FANTASY,1,0,0,,4,1.0,0,1,0,,,,,2020-09-15 06:26:20
19823962,,,0,,,,,,MISS BASQUE,1,0,0,,4,8.0,0,1,0,,,,,2020-09-15 06:26:20
19823982,,,0,,,,,,SHESA LUCKY LADY,1,0,0,,4,1.0,0,1,0,,,,,2020-09-15 06:26:20
19824005,,,0,,,,,,CRUELLA,1,0,0,,4,8.0,0,1,0,,,,,2020-09-15 06:26:20
19824025,,,0,,,,,,TRACE FORK,1,0,0,,4,,0,1,0,,,,,2020-09-15 06:26:20
19824045,,,0,,,,,,PRINCESS ALI,1,0,0,,4,9.0,0,1,0,,,,,2020-09-15 06:26:20
19824065,,,0,,,,,,GOLDEN STARLET,1,0,0,,4,8.0,0,1,0,,,,,2020-09-15 06:26:20
19824085,,,0,,,,,,DON'T LEAD ME,1,0,0,,4,,0,1,0,,,,,2020-09-15 06:26:20
19824101,,,0,,,,,,FISH AND ME,1,0,0,,4,,0,1,0,,,,,2020-09-15 06:26:20
19824121,,,0,,,,,,KATHY CARNEY,1,0,0,,4,,0,1,0,,,,,2020-09-15 06:26:20
19824141,,,0,,,,,,MARIE A GO GO,1,0,0,,4,,0,1,0,,,,,2020-09-15 06:26:20
19824161,,,0,,,,,,SECRET PAPERS,1,0,0,,4,,0,1,0,,,,,2020-09-15 06:26:20
19824181,,,0,,,,,,IRISH TEMPTATION,1,0,0,,4,,0,1,0,,,,,2020-09-15 06:26:20
19824207,,,0,,,,,,ISLAND CHIMES,1,0,0,,4,,0,1,0,,,,,2020-09-15 06:26:20
19824227,,,0,,,,,,PIG NIGHT,1,0,0,,4,1.0,0,1,0,,,,,2020-09-15 06:26:20
19824247,,,0,,,,,,JACKIE'S DAY,1,0,0,,4,,0,1,0,,,,,2020-09-15 06:26:20
19824267,,,0,,,,,,CHRISTMAS DANCER,1,0,0,,4,,0,1,0,,,,,2020-09-15 06:26:20
19824287,,,0,,,,,,ANKA GERMANIA,1,0,0,,4,8.0,0,1,0,,,,,2020-09-15 06:26:20
19824303,,,0,,,,,,RIGHT WORD,1,0,0,,4,1.0,0,1,0,,,,,2020-09-15 06:26:20
19824323,,,0,,,,,,GLIDE ALONG,1,0,0,,4,,0,1,0,,,,,2020-09-15 06:26:20
19824343,,,0,,,,,,REIGNING COUNTESS,1,0,0,,4,,0,1,0,,,,,2020-09-15 06:26:20
19824363,,,0,,,,,,GLAZE,1,0,0,,4,1.0,0,1,0,,,,,2020-09-15 06:26:20
19824383,,,0,,,,,,I DON'T DO WINDOWS,1,0,0,,4,,0,1,0,,,,,2020-09-15 06:26:20
19824409,,,0,,,,,,SOLD MEMBER,1,0,0,,4,,0,1,0,,,,,2020-09-15 06:26:20
19824429,,,0,,,,,,AVIANCE,1,0,0,,4,8.0,0,1,0,,,,,2020-09-15 06:26:20
19824449,,,0,,,,,,CASH COW,1,0,0,,4,8.0,0,1,0,,,,,2020-09-15 06:26:20
19824489,,,0,,,,,,WISING UP,1,0,0,,4,1.0,0,1,0,,,,,2020-09-15 06:26:20
19824505,,,0,,,,,,CRITICAL POINT,1,0,0,,4,8.0,0,1,0,,,,,2020-09-15 06:26:20
19824525,,,0,,,,,,MAMA DEARLY,1,0,0,,4,8.0,0,1,0,,,,,2020-09-15 06:26:20
19824545,,,0,,,,,,PAS WHO,1,0,0,,4,1.0,0,1,0,,,,,2020-09-15 06:26:20
19824565,,,0,,,,,,LADY SARI,1,0,0,,4,9.0,0,1,0,,,,,2020-09-15 06:26:20
19824585,,,0,,,,,,SWEET DEE,1,0,0,,4,,0,1,0,,,,,2020-09-15 06:26:20
19824601,,,0,,,,,,KEY WITNESS,1,0,0,,4,1.0,0,1,0,,,,,2020-09-15 06:26:20
19824641,,,0,,,,,,HELLOFASTRUT,1,0,0,,4,,0,1,0,,,,,2020-09-15 06:26:20
19824661,,,0,,,,,,INSTRUMENTALITY,1,0,0,,4,,0,1,0,,,,,2020-09-15 06:26:20
19824681,,,0,,,,,,L'IRLANDAISE,1,0,0,,4,8.0,0,1,0,,,,,2020-09-15 06:26:20
19824707,,,0,,,,,,CRYSTAL HATCHET,1,0,0,,4,,0,1,0,,,,,2020-09-15 06:26:20
19824747,,,0,,,,,,NAVARCHUS,1,0,0,,4,,0,1,0,,,,,2020-09-15 06:26:20
19824767,,,0,,,,,,SOIS SAGE,1,0,0,,4,8.0,0,1,0,,,,,2020-09-15 06:26:20
19824787,,,0,,,,,,CASA KEY,1,0,0,,4,,0,1,0,,,,,2020-09-15 06:26:20
19824803,,,0,,,,,,VALID LINDA,1,0,0,,4,,0,1,0,,,,,2020-09-15 06:26:20
19824823,,,0,,,,,,LETTY'S PENNANT,1,0,0,,4,,0,1,0,,,,,2020-09-15 06:26:20
19824843,,,0,,,,,,MOM'S COMMAND,1,0,0,,4,8.0,0,1,0,,,,,2020-09-15 06:26:20
19824863,,,0,,,,,,CHARLOTTE  AMALIE,1,0,0,,4,,0,1,0,,,,,2020-09-15 06:26:20
19824883,,,0,,,,,,NAHEMA,1,0,0,,4,,0,1,0,,,,,2020-09-15 06:26:20
19824909,,,0,,,,,,SMALL WORLD,1,0,0,,4,,0,1,0,,,,,2020-09-15 06:26:20
19824929,,,0,,,,,,MADAME CALLED,1,0,0,,4,8.0,0,1,0,,,,,2020-09-15 06:26:20
19824989,,,0,,,,,,LORRIE ET AL,1,0,0,,4,,0,1,0,,,,,2020-09-15 06:26:20
19825002,,,0,,,,,,CINDY BERGERON,1,0,0,,4,1.0,0,1,0,,,,,2020-09-15 06:26:20
19825022,,,0,,,,,,BUCKFINDER'S JOY,1,0,0,,4,,0,1,0,,,,,2020-09-15 06:26:20
19825062,,,0,,,,,,SMILE ANGELINA,1,0,0,,4,1.0,0,1,0,,,,,2020-09-15 06:26:20
19825082,,,0,,,,,,FANTASY PRINCESS,1,0,0,,4,,0,1,0,,,,,2020-09-15 06:26:20
19825168,,,0,,,,,,MILBROOK,1,0,0,,4,8.0,0,1,0,,,,,2020-09-15 06:26:20
19825188,,,0,,,,,,BON DON,1,0,0,,4,1.0,0,1,0,,,,,2020-09-15 06:26:20
19825204,,,0,,,,,,TASTY KISS,1,0,0,,4,,0,1,0,,,,,2020-09-15 06:26:20
19825380,,,0,,,,,,PERSONAL GRATA,1,0,0,,4,,0,1,0,,,,,2020-09-15 06:26:20
19825820,,,0,,,,,,DEPENDABLE ANGEL,1,0,0,,4,,0,1,0,,,,,2020-09-15 06:26:20
19827728,,,0,,,,,,NUBIA,1,0,0,,4,,0,1,0,,,,,2020-09-15 06:26:20
19827900,,,0,,,,,,HIT THE MAT,1,0,0,,4,,0,1,0,,,,,2020-09-15 06:26:20
19828023,,,0,,,,,,ALWAYS MINT,1,0,0,,4,,0,1,0,,,,,2020-09-15 06:26:20
19828881,,,0,,,,,,FABULOUS HALO,1,0,0,,4,,0,1,0,,,,,2020-09-15 06:26:20
19829000,,,0,,,,,,BON GENRE,1,0,0,,4,,0,1,0,,,,,2020-09-15 06:26:20
19829222,,,0,,,,,,BE A DAZZLER,1,0,0,,4,,0,1,0,,,,,2020-09-15 06:26:20
19829444,,,0,,,,,,TRUERMOR,1,0,0,,4,,0,1,0,,,,,2020-09-15 06:26:20
19829500,,,0,,,,,,MISSADOON,1,0,0,,4,,0,1,0,,,,,2020-09-15 06:26:20
19829722,,,0,,,,,,TASTE TEST,1,0,0,,4,,0,1,0,,,,,2020-09-15 06:26:20
19829828,,,0,,,,,,PRINCESS LITTLE,1,0,0,,4,,0,1,0,,,,,2020-09-15 06:26:20
19829888,,,0,,,,,,REINBOW ISLAND,1,0,0,,4,,0,1,0,,,,,2020-09-15 06:26:20
19829944,,,0,,,,,,INFINIDAD,1,0,0,,4,,0,1,0,,,,,2020-09-15 06:26:20
19830005,,,0,,,,,,MADAM FORD,1,0,0,,4,8.0,0,1,0,,,,,2020-09-15 06:26:20
19830025,,,0,,,,,,BRIGHT IDEA,1,0,0,,4,,0,1,0,,,,,2020-09-15 06:26:20
19830065,,,0,,,,,,ANCIENT RELIC,1,0,0,,4,1.0,0,1,0,,,,,2020-09-15 06:26:20
19830085,,,0,,,,,,BLUE COLUMBINE,1,0,0,,4,1.0,0,1,0,,,,,2020-09-15 06:26:20
19830101,,,0,,,,,,FORTY NINER,1,0,0,,4,1.0,0,1,0,,,,,2020-09-15 06:26:20
19830161,,,0,,,,,,NAZARETH,1,0,0,,4,8.0,0,1,0,,,,,2020-09-15 06:26:20
19830227,,,0,,,,,,TORRID FRONT,1,0,0,,4,4.0,0,1,0,,,,,2020-09-15 06:26:20
19830247,,,0,,,,,,DISCIPLINARIAN,1,0,0,,4,1.0,0,1,0,,,,,2020-09-15 06:26:20
19830287,,,0,,,,,,HOMEWRECKER,1,0,0,,4,1.0,0,1,0,,,,,2020-09-15 06:26:20
19830303,,,0,,,,,,BOWDEN CHARTER,1,0,0,,4,1.0,0,1,0,,,,,2020-09-15 06:26:20
19830323,,,0,,,,,,PHARASAN,1,0,0,,4,1.0,0,1,0,,,,,2020-09-15 06:26:20
19830343,,,0,,,,,,EXCLUSIVE PRINCESS,1,0,0,,4,9.0,0,1,0,,,,,2020-09-15 06:26:20
19830363,,,0,,,,,,BREATHTAKING,1,0,0,,4,1.0,0,1,0,,,,,2020-09-15 06:26:20
19830409,,,0,,,,,,STEP AT IT SISTER,1,0,0,,4,1.0,0,1,0,,,,,2020-09-15 06:26:20
19830429,,,0,,,,,,ACQUITTED,1,0,0,,4,8.0,0,1,0,,,,,2020-09-15 06:26:20
19830449,,,0,,,,,,O.K. LULU,1,0,0,,4,,0,1,0,,,,,2020-09-15 06:26:20
19830469,,,0,,,,,,SKY LEGEND,1,0,0,,4,1.0,0,1,0,,,,,2020-09-15 06:26:20
19830505,,,0,,,,,,TORSHAVAN,1,0,0,,4,8.0,0,1,0,,,,,2020-09-15 06:26:20
19830545,,,0,,,,,,PERPETUATION,1,0,0,,4,4.0,0,1,0,,,,,2020-09-15 06:26:20
19830565,,,0,,,,,,SARASOTA,1,0,0,,4,1.0,0,1,0,,,,,2020-09-15 06:26:20
19830585,,,0,,,,,,PRETTY TRICKY,1,0,0,,4,,0,1,0,,,,,2020-09-15 06:26:20
19830601,,,0,,,,,,PERSIAN PRINCESS,1,0,0,,4,8.0,0,1,0,,,,,2020-09-15 06:26:20
19830641,,,0,,,,,,FORGIVE AND FORGET,1,0,0,,4,1.0,0,1,0,,,,,2020-09-15 06:26:20
19830661,,,0,,,,,,GIRLIE GIRLIE,1,0,0,,4,9.0,0,1,0,,,,,2020-09-15 06:26:20
19830747,,,0,,,,,,BASIE'S CHOICE,1,0,0,,4,8.0,0,1,0,,,,,2020-09-15 06:26:20
19830767,,,0,,,,,,MANUSCRIPT,1,0,0,,4,8.0,0,1,0,,,,,2020-09-15 06:26:20
19830843,,,0,,,,,,LOCAL CURRENCY,1,0,0,,4,9.0,0,1,0,,,,,2020-09-15 06:26:20
19830949,,,0,,,,,,MOON DRAGON,1,0,0,,4,8.0,0,1,0,,,,,2020-09-15 06:26:20
19831042,,,0,,,,,,GREY STREAK,1,0,0,,4,9.0,0,1,0,,,,,2020-09-15 06:26:20
19831128,,,0,,,,,,SWEET DREAMS,1,0,0,,4,8.0,0,1,0,,,,,2020-09-15 06:26:20
19831168,,,0,,,,,,TRAVELLING QUEEN,1,0,0,,4,1.0,0,1,0,,,,,2020-09-15 06:26:20
19831204,,,0,,,,,,APERCEL,1,0,0,,4,1.0,0,1,0,,,,,2020-09-15 06:26:20
19831224,,,0,,,,,,BEAUTY QUEEN,1,0,0,,4,9.0,0,1,0,,,,,2020-09-15 06:26:20
19831264,,,0,,,,,,SWEET RUCKUS,1,0,0,,4,1.0,0,1,0,,,,,2020-09-15 06:26:20
19831406,,,0,,,,,,LIZNER,1,0,0,,4,1.0,0,1,0,,,,,2020-09-15 06:26:20
19831426,,,0,,,,,,TANIEKA,1,0,0,,4,1.0,0,1,0,,,,,2020-09-15 06:26:20
19831446,,,0,,,,,,SAVINO,1,0,0,,4,1.0,0,1,0,,,,,2020-09-15 06:26:20
19831486,,,0,,,,,,REFINANCING,1,0,0,,4,,0,1,0,,,,,2020-09-15 06:26:20
19831502,,,0,,,,,,LUCKY DUTCH,1,0,0,,4,11.0,0,1,0,,,,,2020-09-15 06:26:21
19831522,,,0,,,,,,LAW SECRET,1,0,0,,4,8.0,0,1,0,,,,,2020-09-15 06:26:21
19831562,,,0,,,,,,STITCH RIGHT,1,0,0,,4,1.0,0,1,0,,,,,2020-09-15 06:26:21
19831582,,,0,,,,,,ROSEMONT RISK,1,0,0,,4,8.0,0,1,0,,,,,2020-09-15 06:26:21
19831608,,,0,,,,,,LADY KAMLA,1,0,0,,4,,0,1,0,,,,,2020-09-15 06:26:21
19831628,,,0,,,,,,LADY MALA,1,0,0,,4,,0,1,0,,,,,2020-09-15 06:26:21
19831648,,,0,,,,,,SWEET NATASHA,1,0,0,,4,1.0,0,1,0,,,,,2020-09-15 06:26:21
19831668,,,0,,,,,,TOP O THE LINE,1,0,0,,4,9.0,0,1,0,,,,,2020-09-15 06:26:21
19831688,,,0,,,,,,ALIATA,1,0,0,,4,1.0,0,1,0,,,,,2020-09-15 06:26:21
19831724,,,0,,,,,,SWEETEST NUT,1,0,0,,4,8.0,0,1,0,,,,,2020-09-15 06:26:21
19831744,,,0,,,,,,YOUR SECRET,1,0,0,,4,4.0,0,1,0,,,,,2020-09-15 06:26:21
19831784,,,0,,,,,,LA AFFIRMED,1,0,0,,4,1.0,0,1,0,,,,,2020-09-15 06:26:21
19831800,,,0,,,,,,ENGLISH RACE,1,0,0,,4,1.0,0,1,0,,,,,2020-09-15 06:26:21
19831860,,,0,,,,,,PIECES OF ICE,1,0,0,,4,,0,1,0,,,,,2020-09-15 06:26:21
19831880,,,0,,,,,,ARGENTARIO,1,0,0,,4,,0,1,0,,,,,2020-09-15 06:26:21
19831906,,,0,,,,,,SWEETSOUTHERNCROSS,1,0,0,,4,1.0,0,1,0,,,,,2020-09-15 06:26:21
19831966,,,0,,,,,,PRINCESS KAREN,1,0,0,,4,1.0,0,1,0,,,,,2020-09-15 06:26:21
19831986,,,0,,,,,,SPRING LIGHT,1,0,0,,4,1.0,0,1,0,,,,,2020-09-15 06:26:21
19832009,,,0,,,,,,REALLY BLUE,1,0,0,,4,8.0,0,1,0,,,,,2020-09-15 06:26:21
19832029,,,0,,,,,,SPECIAL ONE,1,0,0,,4,1.0,0,1,0,,,,,2020-09-15 06:26:21
19832049,,,0,,,,,,ZUKI LAL,1,0,0,,4,1.0,0,1,0,,,,,2020-09-15 06:26:21
19832089,,,0,,,,,,MISS BID,1,0,0,,4,1.0,0,1,0,,,,,2020-09-15 06:26:21
19832145,,,0,,,,,,FLEURIE,1,0,0,,4,1.0,0,1,0,,,,,2020-09-15 06:26:21
19832165,,,0,,,,,,FAITHFUL B,1,0,0,,4,1.0,0,1,0,,,,,2020-09-15 06:26:21
19832185,,,0,,,,,,CITY FORTRESS,1,0,0,,4,9.0,0,1,0,,,,,2020-09-15 06:26:21
19832201,,,0,,,,,,WINTER SPARKLE,1,0,0,,4,1.0,0,1,0,,,,,2020-09-15 06:26:21
19832221,,,0,,,,,,LISA'S FANCY,1,0,0,,4,1.0,0,1,0,,,,,2020-09-15 06:26:21
19832241,,,0,,,,,,ROYAL SUNSET,1,0,0,,4,1.0,0,1,0,,,,,2020-09-15 06:26:21
19832261,,,0,,,,,,AMELIA BEARHART,1,0,0,,4,8.0,0,1,0,,,,,2020-09-15 06:26:21
19832281,,,0,,,,,,STAR SYSTEM,1,0,0,,4,1.0,0,1,0,,,,,2020-09-15 06:26:21
19832307,,,0,,,,,,HOOLIGAN,1,0,0,,4,1.0,0,1,0,,,,,2020-09-15 06:26:21
19832347,,,0,,,,,,TRES BIEN II,1,0,0,,4,4.0,0,1,0,,,,,2020-09-15 06:26:21
19832387,,,0,,,,,,MONACCO,1,0,0,,4,1.0,0,1,0,,,,,2020-09-15 06:26:21
19832403,,,0,,,,,,MARYGOLOU,1,0,0,,4,8.0,0,1,0,,,,,2020-09-15 06:26:21
19832443,,,0,,,,,,ANOTHER TRAVELLER,1,0,0,,4,8.0,0,1,0,,,,,2020-09-15 06:26:21
19832483,,,0,,,,,,ROYAL JULIET,1,0,0,,4,8.0,0,1,0,,,,,2020-09-15 06:26:21
19832529,,,0,,,,,,REGGAE ROSE,1,0,0,,4,1.0,0,1,0,,,,,2020-09-15 06:26:21
19832549,,,0,,,,,,STUTZ POKER,1,0,0,,4,8.0,0,1,0,,,,,2020-09-15 06:26:21
19832569,,,0,,,,,,JUNGLE AFFAIR,1,0,0,,4,11.0,0,1,0,,,,,2020-09-15 06:26:21
19832589,,,0,,,,,,ADORABLE MICOL,1,0,0,,4,8.0,0,1,0,,,,,2020-09-15 06:26:21
19832685,,,0,,,,,,NORTH OF EDEN,1,0,0,,4,1.0,0,1,0,,,,,2020-09-15 06:26:21
19832741,,,0,,,,,,BOUNTY LADY,1,0,0,,4,9.0,0,1,0,,,,,2020-09-15 06:26:21
19832761,,,0,,,,,,MISS TRAVELER,1,0,0,,4,,0,1,0,,,,,2020-09-15 06:26:21
19832781,,,0,,,,,,WRITING HOME,1,0,0,,4,1.0,0,1,0,,,,,2020-09-15 06:26:21
19832807,,,0,,,,,,SWEET REASON,1,0,0,,4,1.0,0,1,0,,,,,2020-09-15 06:26:21
19832847,,,0,,,,,,ESSCORRIE,1,0,0,,4,8.0,0,1,0,,,,,2020-09-15 06:26:21
19832867,,,0,,,,,,SELARI'S PRIDE,1,0,0,,4,,0,1,0,,,,,2020-09-15 06:26:21
19832887,,,0,,,,,,REGAL STATE,1,0,0,,4,8.0,0,1,0,,,,,2020-09-15 06:26:21
19832903,,,0,,,,,,REAL COUNTESS,1,0,0,,4,8.0,0,1,0,,,,,2020-09-15 06:26:21
19832923,,,0,,,,,,MOST REWARDING,1,0,0,,4,,0,1,0,,,,,2020-09-15 06:26:21
19832943,,,0,,,,,,AL'S HELEN,1,0,0,,4,,0,1,0,,,,,2020-09-15 06:26:21
19832963,,,0,,,,,,THIRTY ZIP,1,0,0,,4,,0,1,0,,,,,2020-09-15 06:26:21
19832983,,,0,,,,,,KANMARY,1,0,0,,4,9.0,0,1,0,,,,,2020-09-15 06:26:21
19833026,,,0,,,,,,STRIKE A BALANCE,1,0,0,,4,9.0,0,1,0,,,,,2020-09-15 06:26:21
19833046,,,0,,,,,,ANOTHER STORY,1,0,0,,4,9.0,0,1,0,,,,,2020-09-15 06:26:21
19833066,,,0,,,,,,BRIGHT TRIBUTE,1,0,0,,4,,0,1,0,,,,,2020-09-15 06:26:21
19833086,,,0,,,,,,JEALOUS APPEAL,1,0,0,,4,,0,1,0,,,,,2020-09-15 06:26:21
19833102,,,0,,,,,,DIAMOND'S LUCK,1,0,0,,4,8.0,0,1,0,,,,,2020-09-15 06:26:21
19833122,,,0,,,,,,J'S JAN,1,0,0,,4,4.0,0,1,0,,,,,2020-09-15 06:26:21
19833142,,,0,,,,,,PARISIAN  TUNE,1,0,0,,4,8.0,0,1,0,,,,,2020-09-15 06:26:21
19833182,,,0,,,,,,TROLLEY SONG,1,0,0,,4,9.0,0,1,0,,,,,2020-09-15 06:26:21
19833228,,,0,,,,,,GET THERE,1,0,0,,4,1.0,0,1,0,,,,,2020-09-15 06:26:21
19833248,,,0,,,,,,SWEET EXPLOSION,1,0,0,,4,1.0,0,1,0,,,,,2020-09-15 06:26:21
19833288,,,0,,,,,,MY BABY LOVE,1,0,0,,4,,0,1,0,,,,,2020-09-15 06:26:21
19833304,,,0,,,,,,ULTRASONIC,1,0,0,,4,8.0,0,1,0,,,,,2020-09-15 06:26:21
19833324,,,0,,,,,,RAIN GODDESS,1,0,0,,4,1.0,0,1,0,,,,,2020-09-15 06:26:21
19833364,,,0,,,,,,LADY OF TEHERAN,1,0,0,,4,1.0,0,1,0,,,,,2020-09-15 06:26:21
19833384,,,0,,,,,,SILENT ACCOUNT(USA,1,0,0,,4,8.0,0,1,0,,,,,2020-09-15 06:26:21
19833400,,,0,,,,,,DISTANT ROAR,1,0,0,,4,1.0,0,1,0,,,,,2020-09-15 06:26:21
19833460,,,0,,,,,,FORUMSTAR,1,0,0,,4,8.0,0,1,0,,,,,2020-09-15 06:26:21
19833480,,,0,,,,,,FLASHY CHESTNUT,1,0,0,,4,8.0,0,1,0,,,,,2020-09-15 06:26:21
19833506,,,0,,,,,,STEP TO THE FRONT,1,0,0,,4,,0,1,0,,,,,2020-09-15 06:26:21
19833546,,,0,,,,,,SWIFT LIGHT,1,0,0,,4,,0,1,0,,,,,2020-09-15 06:26:21
19833566,,,0,,,,,,REEL FAST,1,0,0,,4,1.0,0,1,0,,,,,2020-09-15 06:26:21
19833586,,,0,,,,,,PROMISING TIMES,1,0,0,,4,1.0,0,1,0,,,,,2020-09-15 06:26:21
19833602,,,0,,,,,,ACCOMMODATOR,1,0,0,,4,1.0,0,1,0,,,,,2020-09-15 06:26:21
19833622,,,0,,,,,,THIS IS TALENT,1,0,0,,4,,0,1,0,,,,,2020-09-15 06:26:21
19833637_dam,,,0,,,,,,BERING,1,0,0,,4,8.0,0,1,0,,,,,2020-09-15 06:26:21
19833642,,,0,,,,,,TIZONA,1,0,0,,4,1.0,0,1,0,,,,,2020-09-15 06:26:21
19833682,,,0,,,,,,SHEZA MY CISSY,1,0,0,,4,8.0,0,1,0,,,,,2020-09-15 06:26:21
19833708,,,0,,,,,,SHE'S A RIDDLE,1,0,0,,4,8.0,0,1,0,,,,,2020-09-15 06:26:21
19833728,,,0,,,,,,SPRING CREST,1,0,0,,4,1.0,0,1,0,,,,,2020-09-15 06:26:21
19833788,,,0,,,,,,FLYING HILL,1,0,0,,4,,0,1,0,,,,,2020-09-15 06:26:21
19833804,,,0,,,,,,SHY DRIFT,1,0,0,,4,1.0,0,1,0,,,,,2020-09-15 06:26:21
19833864,,,0,,,,,,MARKED ENCOUNTER,1,0,0,,4,1.0,0,1,0,,,,,2020-09-15 06:26:21
19833884,,,0,,,,,,THAT'S A GOOD ONE,1,0,0,,4,1.0,0,1,0,,,,,2020-09-15 06:26:21
19833920,,,0,,,,,,POUSSEZ,1,0,0,,4,8.0,0,1,0,,,,,2020-09-15 06:26:21
19834003,,,0,,,,,,KNEW YOU WHEN,1,0,0,,4,1.0,0,1,0,,,,,2020-09-15 06:26:21
19834023,,,0,,,,,,ON ACCOUNT,1,0,0,,4,11.0,0,1,0,,,,,2020-09-15 06:26:21
19834043,,,0,,,,,,ASOLO,1,0,0,,4,,0,1,0,,,,,2020-09-15 06:26:21
19834063,,,0,,,,,,PLAIN JANE,1,0,0,,4,8.0,0,1,0,,,,,2020-09-15 06:26:21
19834109,,,0,,,,,,VIOLET BOUQUET,1,0,0,,4,8.0,0,1,0,,,,,2020-09-15 06:26:21
19834129,,,0,,,,,,PACIFIER,1,0,0,,4,9.0,0,1,0,,,,,2020-09-15 06:26:21
19834149,,,0,,,,,,CAWELA,1,0,0,,4,,0,1,0,,,,,2020-09-15 06:26:21
19834169,,,0,,,,,,PASAMPSI,1,0,0,,4,8.0,0,1,0,,,,,2020-09-15 06:26:21
19834189,,,0,,,,,,NOW YOUR TEAPOTTIN,1,0,0,,4,8.0,0,1,0,,,,,2020-09-15 06:26:21
19834225,,,0,,,,,,FULL OF SASS,1,0,0,,4,,0,1,0,,,,,2020-09-15 06:26:21
19834245,,,0,,,,,,LEATHA C,1,0,0,,4,1.0,0,1,0,,,,,2020-09-15 06:26:21
19834265,,,0,,,,,,BOLD CRIER,1,0,0,,4,1.0,0,1,0,,,,,2020-09-15 06:26:21
19834285,,,0,,,,,,CATCH ON QUICK,1,0,0,,4,1.0,0,1,0,,,,,2020-09-15 06:26:21
19834301,,,0,,,,,,IN FULL VIEW,1,0,0,,4,,0,1,0,,,,,2020-09-15 06:26:21
19834321,,,0,,,,,,MUSICAL BEE,1,0,0,,4,8.0,0,1,0,,,,,2020-09-15 06:26:21
19834341,,,0,,,,,,CALAMITY,1,0,0,,4,8.0,0,1,0,,,,,2020-09-15 06:26:21
19834361,,,0,,,,,,CARNATION,1,0,0,,4,9.0,0,1,0,,,,,2020-09-15 06:26:21
19834381,,,0,,,,,,LA LUCKY STRIKE,1,0,0,,4,1.0,0,1,0,,,,,2020-09-15 06:26:21
19834407,,,0,,,,,,I'M SWEETS,1,0,0,,4,8.0,0,1,0,,,,,2020-09-15 06:26:21
19834447,,,0,,,,,,CLASSY ELLA,1,0,0,,4,8.0,0,1,0,,,,,2020-09-15 06:26:21
19834467,,,0,,,,,,MAID CANDY,1,0,0,,4,,0,1,0,,,,,2020-09-15 06:26:21
19834503,,,0,,,,,,RUN MARISA RUN,1,0,0,,4,,0,1,0,,,,,2020-09-15 06:26:21
19834523,,,0,,,,,,FLIGHT DECK,1,0,0,,4,,0,1,0,,,,,2020-09-15 06:26:21
19834543,,,0,,,,,,SERIOUS SYRIAN,1,0,0,,4,,0,1,0,,,,,2020-09-15 06:26:21
19834563,,,0,,,,,,CANORERA'S GIRL,1,0,0,,4,,0,1,0,,,,,2020-09-15 06:26:21
19834609,,,0,,,,,,MACEDOINE,1,0,0,,4,,0,1,0,,,,,2020-09-15 06:26:21
19834649,,,0,,,,,,INGOT PRINCESS,1,0,0,,4,,0,1,0,,,,,2020-09-15 06:26:21
19834669,,,0,,,,,,VICTIM OF LOVE,1,0,0,,4,,0,1,0,,,,,2020-09-15 06:26:21
19834705,,,0,,,,,,CON MISS,1,0,0,,4,,0,1,0,,,,,2020-09-15 06:26:21
19834725,,,0,,,,,,SUGAR PIE HONEYBUN,1,0,0,,4,1.0,0,1,0,,,,,2020-09-15 06:26:21
19834765,,,0,,,,,,TRUE DEBBIE,1,0,0,,4,1.0,0,1,0,,,,,2020-09-15 06:26:21
19834801,,,0,,,,,,ASHLEY THE STAR,1,0,0,,4,,0,1,0,,,,,2020-09-15 06:26:21
19834841,,,0,,,,,,LOVE FOR ALL,1,0,0,,4,,0,1,0,,,,,2020-09-15 06:26:21
19834927,,,0,,,,,,PENALTY DECLARED,1,0,0,,4,,0,1,0,,,,,2020-09-15 06:26:21
19834947,,,0,,,,,,UNITED HOPE,1,0,0,,4,,0,1,0,,,,,2020-09-15 06:26:21
19835000,,,0,,,,,,COPY TO MINISTER,1,0,0,,4,,0,1,0,,,,,2020-09-15 06:26:21
19835020,,,0,,,,,,SOCIAL RUCKUS,1,0,0,,4,,0,1,0,,,,,2020-09-15 06:26:21
19835060,,,0,,,,,,CRACKERS,1,0,0,,4,,0,1,0,,,,,2020-09-15 06:26:21
19835106,,,0,,,,,,K.J. MA KATE,1,0,0,,4,,0,1,0,,,,,2020-09-15 06:26:21
19835146,,,0,,,,,,CLOISTERED,1,0,0,,4,,0,1,0,,,,,2020-09-15 06:26:21
19835222,,,0,,,,,,TALOR OF SOHAM,1,0,0,,4,1.0,0,1,0,,,,,2020-09-15 06:26:21
19835262,,,0,,,,,,CALL HER LATER,1,0,0,,4,,0,1,0,,,,,2020-09-15 06:26:21
19835308,,,0,,,,,,STEPHANIE MICHELLE,1,0,0,,4,,0,1,0,,,,,2020-09-15 06:26:21
19836623,,,0,,,,,,JOY TO RAISE,1,0,0,,4,,0,1,0,,,,,2020-09-15 06:26:21
19837322,,,0,,,,,,IMPRUDENT LOVE,1,0,0,,4,,0,1,0,,,,,2020-09-15 06:26:21
19838283,,,0,,,,,,LATE FROM LUNCH,1,0,0,,4,,0,1,0,,,,,2020-09-15 06:26:21
19838763,,,0,,,,,,SUSIE'S WARM FRONT,1,0,0,,4,,0,1,0,,,,,2020-09-15 06:26:21
19838849,,,0,,,,,,ARTS AND CLOVER,1,0,0,,4,,0,1,0,,,,,2020-09-15 06:26:21
19838889,,,0,,,,,,MAGGIES STARLET,1,0,0,,4,,0,1,0,,,,,2020-09-15 06:26:21
19839700,,,0,,,,,,SO RARE,1,0,0,,4,,0,1,0,,,,,2020-09-15 06:26:21
19839866,,,0,,,,,,DANZITUP,1,0,0,,4,,0,1,0,,,,,2020-09-15 06:26:21
19839922,,,0,,,,,,SUMMON THE LADY,1,0,0,,4,,0,1,0,,,,,2020-09-15 06:26:21
19839962,,,0,,,,,,HARMONY JIG,1,0,0,,4,9.0,0,1,0,,,,,2020-09-15 06:26:21
19840003,,,0,,,,,,BEDTIME STORIES,1,0,0,,4,1.0,0,1,0,,,,,2020-09-15 06:26:21
19840023,,,0,,,,,,WILD WINGS,1,0,0,,4,1.0,0,1,0,,,,,2020-09-15 06:26:21
19840083,,,0,,,,,,REBECCA BRAY,1,0,0,,4,,0,1,0,,,,,2020-09-15 06:26:21
19840109,,,0,,,,,,SECRET WOMAN,1,0,0,,4,1.0,0,1,0,,,,,2020-09-15 06:26:21
19840129,,,0,,,,,,PETTY CASH,1,0,0,,4,8.0,0,1,0,,,,,2020-09-15 06:26:21
19840169,,,0,,,,,,WHISTLING LASS,1,0,0,,4,9.0,0,1,0,,,,,2020-09-15 06:26:21
19840189,,,0,,,,,,TRACK QUEEN,1,0,0,,4,,0,1,0,,,,,2020-09-15 06:26:21
19840205,,,0,,,,,,CASAMORA,1,0,0,,4,,0,1,0,,,,,2020-09-15 06:26:21
19840225,,,0,,,,,,BINGI UPRISING,1,0,0,,4,1.0,0,1,0,,,,,2020-09-15 06:26:21
19840265,,,0,,,,,,CRUCIAL VERDICT,1,0,0,,4,8.0,0,1,0,,,,,2020-09-15 06:26:21
19840321,,,0,,,,,,SILENT ACCOUNT,1,0,0,,4,1.0,0,1,0,,,,,2020-09-15 06:26:21
19840361,,,0,,,,,,NIGHT DANCER,1,0,0,,4,1.0,0,1,0,,,,,2020-09-15 06:26:21
19840427,,,0,,,,,,EXCLUSIVE LADY,1,0,0,,4,8.0,0,1,0,,,,,2020-09-15 06:26:21
19840447,,,0,,,,,,BLUE JEANS,1,0,0,,4,1.0,0,1,0,,,,,2020-09-15 06:26:21
19840467,,,0,,,,,,EXQUISITE LADY,1,0,0,,4,,0,1,0,,,,,2020-09-15 06:26:21
19840503,,,0,,,,,,TINEY WINEY,1,0,0,,4,11.0,0,1,0,,,,,2020-09-15 06:26:21
19840523,,,0,,,,,,GATHERING STORM,1,0,0,,4,1.0,0,1,0,,,,,2020-09-15 06:26:21
19840543,,,0,,,,,,SHARON,1,0,0,,4,1.0,0,1,0,,,,,2020-09-15 06:26:21
19840563,,,0,,,,,,NADIA,1,0,0,,4,1.0,0,1,0,,,,,2020-09-15 06:26:21
19840609,,,0,,,,,,MELVA MAE,1,0,0,,4,9.0,0,1,0,,,,,2020-09-15 06:26:21
19840629,,,0,,,,,,TIGER LILY,1,0,0,,4,8.0,0,1,0,,,,,2020-09-15 06:26:21
19840649,,,0,,,,,,CLAIRE DE LUNE,1,0,0,,4,8.0,0,1,0,,,,,2020-09-15 06:26:21
19840669,,,0,,,,,,NOVACAINE,1,0,0,,4,8.0,0,1,0,,,,,2020-09-15 06:26:21
19840705,,,0,,,,,,SHARMHEELAH,1,0,0,,4,8.0,0,1,0,,,,,2020-09-15 06:26:21
19840725,,,0,,,,,,MADAME TUSSAUD,1,0,0,,4,8.0,0,1,0,,,,,2020-09-15 06:26:21
19840765,,,0,,,,,,O.K. BY ME,1,0,0,,4,,0,1,0,,,,,2020-09-15 06:26:21
19840785,,,0,,,,,,STAND FROM UNDER,1,0,0,,4,,0,1,0,,,,,2020-09-15 06:26:21
19840801,,,0,,,,,,MARTHA RAYE,1,0,0,,4,8.0,0,1,0,,,,,2020-09-15 06:26:21
19840841,,,0,,,,,,CHANDRA'S SONG,1,0,0,,4,11.0,0,1,0,,,,,2020-09-15 06:26:21
19840861,,,0,,,,,,GANGES,1,0,0,,4,1.0,0,1,0,,,,,2020-09-15 06:26:21
19840881,,,0,,,,,,SOUTHERN FABLE,1,0,0,,4,,0,1,0,,,,,2020-09-15 06:26:21
19840927,,,0,,,,,,GREY LAUGHTER,1,0,0,,4,11.0,0,1,0,,,,,2020-09-15 06:26:21
19840947,,,0,,,,,,BUBBLING STAR,1,0,0,,4,8.0,0,1,0,,,,,2020-09-15 06:26:21
19840967,,,0,,,,,,BECKY'S STAR,1,0,0,,4,1.0,0,1,0,,,,,2020-09-15 06:26:21
19840987,,,0,,,,,,TACTFUL DIANA,1,0,0,,4,,0,1,0,,,,,2020-09-15 06:26:21
19841000,,,0,,,,,,VENUS,1,0,0,,4,8.0,0,1,0,,,,,2020-09-15 06:26:21
19841060,,,0,,,,,,SUDDEN IMPULSE,1,0,0,,4,9.0,0,1,0,,,,,2020-09-15 06:26:21
19841126,,,0,,,,,,INCREASE,1,0,0,,4,8.0,0,1,0,,,,,2020-09-15 06:26:21
19841146,,,0,,,,,,LADY NARISSA,1,0,0,,4,,0,1,0,,,,,2020-09-15 06:26:21
19841186,,,0,,,,,,FIRE DESIRE,1,0,0,,4,8.0,0,1,0,,,,,2020-09-15 06:26:21
19841202,,,0,,,,,,LADY DANRAGIE,1,0,0,,4,8.0,0,1,0,,,,,2020-09-15 06:26:21
19841222,,,0,,,,,,LADY ANANDI,1,0,0,,4,8.0,0,1,0,,,,,2020-09-15 06:26:21
19841242,,,0,,,,,,DADDY'S JOY,1,0,0,,4,1.0,0,1,0,,,,,2020-09-15 06:26:21
19841328,,,0,,,,,,ESSENCE,1,0,0,,4,9.0,0,1,0,,,,,2020-09-15 06:26:21
19841348,,,0,,,,,,WHISTLING TIME,1,0,0,,4,11.0,0,1,0,,,,,2020-09-15 06:26:21
19841388,,,0,,,,,,LOST PEACE,1,0,0,,4,,0,1,0,,,,,2020-09-15 06:26:21
19841404,,,0,,,,,,SO WONDERFUL,1,0,0,,4,1.0,0,1,0,,,,,2020-09-15 06:26:21
19841444,,,0,,,,,,ZAKEYA,1,0,0,,4,8.0,0,1,0,,,,,2020-09-15 06:26:21
19841500,,,0,,,,,,ANDRICA,1,0,0,,4,1.0,0,1,0,,,,,2020-09-15 06:26:21
19841580,,,0,,,,,,WOVEN CANVAS,1,0,0,,4,1.0,0,1,0,,,,,2020-09-15 06:26:21
19841606,,,0,,,,,,RAINE,1,0,0,,4,1.0,0,1,0,,,,,2020-09-15 06:26:21
19841666,,,0,,,,,,COLOUR ME CHERRY,1,0,0,,4,8.0,0,1,0,,,,,2020-09-15 06:26:21
19841702,,,0,,,,,,MRS. PEEL,1,0,0,,4,1.0,0,1,0,,,,,2020-09-15 06:26:21
19841722,,,0,,,,,,RAMEL,1,0,0,,4,1.0,0,1,0,,,,,2020-09-15 06:26:21
19841742,,,0,,,,,,CLARENDON QUEEN,1,0,0,,4,8.0,0,1,0,,,,,2020-09-15 06:26:21
19841762,,,0,,,,,,TAMRA,1,0,0,,4,1.0,0,1,0,,,,,2020-09-15 06:26:21
19841782,,,0,,,,,,FLAMING DESIRE,1,0,0,,4,,0,1,0,,,,,2020-09-15 06:26:21
19841808,,,0,,,,,,LUNAR LIGHT,1,0,0,,4,,0,1,0,,,,,2020-09-15 06:26:21
19841848,,,0,,,,,,HONEST UZI,1,0,0,,4,,0,1,0,,,,,2020-09-15 06:26:21
19841868,,,0,,,,,,LADY LIBERTY,1,0,0,,4,1.0,0,1,0,,,,,2020-09-15 06:26:21
19841888,,,0,,,,,,EVIL LYN,1,0,0,,4,,0,1,0,,,,,2020-09-15 06:26:21
19841924,,,0,,,,,,OH SO SWEET,1,0,0,,4,8.0,0,1,0,,,,,2020-09-15 06:26:21
19841944,,,0,,,,,,HIGHEST TRUMP,1,0,0,,4,1.0,0,1,0,,,,,2020-09-15 06:26:21
19841984,,,0,,,,,,ZEE MIMMS,1,0,0,,4,,0,1,0,,,,,2020-09-15 06:26:21
19842067,,,0,,,,,,MISTI CALLI,1,0,0,,4,1.0,0,1,0,,,,,2020-09-15 06:26:21
19842087,,,0,,,,,,PERO YO SE,1,0,0,,4,,0,1,0,,,,,2020-09-15 06:26:21
19842103,,,0,,,,,,CEASEFIRE,1,0,0,,4,9.0,0,1,0,,,,,2020-09-15 06:26:21
19842183,,,0,,,,,,STEADY HOPE,1,0,0,,4,,0,1,0,,,,,2020-09-15 06:26:21
19842229,,,0,,,,,,O.K. LINDY,1,0,0,,4,,0,1,0,,,,,2020-09-15 06:26:21
19842249,,,0,,,,,,DEBBIE'S CHOICE,1,0,0,,4,8.0,0,1,0,,,,,2020-09-15 06:26:21
19842269,,,0,,,,,,Q LADY,1,0,0,,4,1.0,0,1,0,,,,,2020-09-15 06:26:21
19842289,,,0,,,,,,BOUND,1,0,0,,4,1.0,0,1,0,,,,,2020-09-15 06:26:21
19842325,,,0,,,,,,BELLE WEST,1,0,0,,4,8.0,0,1,0,,,,,2020-09-15 06:26:21
19842365,,,0,,,,,,PEARL HARBOUR,1,0,0,,4,1.0,0,1,0,,,,,2020-09-15 06:26:21
19842385,,,0,,,,,,PARTYGOER,1,0,0,,4,1.0,0,1,0,,,,,2020-09-15 06:26:21
19842441,,,0,,,,,,BLUE THUNDER,1,0,0,,4,,0,1,0,,,,,2020-09-15 06:26:21
19842481,,,0,,,,,,FAST CHIC,1,0,0,,4,,0,1,0,,,,,2020-09-15 06:26:21
19842507,,,0,,,,,,STAR PATROL,1,0,0,,4,,0,1,0,,,,,2020-09-15 06:26:21
19842587,,,0,,,,,,BALLOON RACE,1,0,0,,4,,0,1,0,,,,,2020-09-15 06:26:21
19842603,,,0,,,,,,SECRET BRIDE,1,0,0,,4,1.0,0,1,0,,,,,2020-09-15 06:26:21
19842663,,,0,,,,,,HIDDEN TALENT,1,0,0,,4,1.0,0,1,0,,,,,2020-09-15 06:26:21
19842683,,,0,,,,,,CADILLACING,1,0,0,,4,1.0,0,1,0,,,,,2020-09-15 06:26:21
19842709,,,0,,,,,,SENSATIONAL,1,0,0,,4,8.0,0,1,0,,,,,2020-09-15 06:26:21
19842729,,,0,,,,,,TWO TO TANGO,1,0,0,,4,1.0,0,1,0,,,,,2020-09-15 06:26:21
19842749,,,0,,,,,,BABY BEATTLE,1,0,0,,4,11.0,0,1,0,,,,,2020-09-15 06:26:21
19842769,,,0,,,,,,SUPER SHY,1,0,0,,4,9.0,0,1,0,,,,,2020-09-15 06:26:21
19842789,,,0,,,,,,BEAUTY COAT,1,0,0,,4,8.0,0,1,0,,,,,2020-09-15 06:26:21
19842805,,,0,,,,,,WAY IT SHOULD BE,1,0,0,,4,8.0,0,1,0,,,,,2020-09-15 06:26:21
19842885,,,0,,,,,,TUCA TUCA,1,0,0,,4,,0,1,0,,,,,2020-09-15 06:26:21
19842981,,,0,,,,,,BELLE DE BLACK,1,0,0,,4,,0,1,0,,,,,2020-09-15 06:26:21
19843004,,,0,,,,,,PIRATE'S KERNEL,1,0,0,,4,,0,1,0,,,,,2020-09-15 06:26:21
19843024,,,0,,,,,,STAFF NURSE,1,0,0,,4,9.0,0,1,0,,,,,2020-09-15 06:26:21
19843064,,,0,,,,,,SAFIA,1,0,0,,4,,0,1,0,,,,,2020-09-15 06:26:21
19843100,,,0,,,,,,JO'S AWARD,1,0,0,,4,8.0,0,1,0,,,,,2020-09-15 06:26:21
19843140,,,0,,,,,,UTICA QUEEN,1,0,0,,4,9.0,0,1,0,,,,,2020-09-15 06:26:21
19843160,,,0,,,,,,PINE CREST,1,0,0,,4,1.0,0,1,0,,,,,2020-09-15 06:26:21
19843180,,,0,,,,,,CONJUROR,1,0,0,,4,8.0,0,1,0,,,,,2020-09-15 06:26:21
19843286,,,0,,,,,,BEAUTIFUL BID,1,0,0,,4,,0,1,0,,,,,2020-09-15 06:26:21
19843302,,,0,,,,,,TINY DANCER,1,0,0,,4,1.0,0,1,0,,,,,2020-09-15 06:26:21
19843322,,,0,,,,,,SECRET SENTIMENT,1,0,0,,4,1.0,0,1,0,,,,,2020-09-15 06:26:21
19843342,,,0,,,,,,MIESQUE,1,0,0,,4,1.0,0,1,0,,,,,2020-09-15 06:26:21
19843362,,,0,,,,,,ALONELY BALLERINA,1,0,0,,4,1.0,0,1,0,,,,,2020-09-15 06:26:21
19843408,,,0,,,,,,LEVOLAIR,1,0,0,,4,,0,1,0,,,,,2020-09-15 06:26:21
19843428,,,0,,,,,,CHOP SHOP,1,0,0,,4,1.0,0,1,0,,,,,2020-09-15 06:26:21
19843448,,,0,,,,,,QUEEN'S MESSENGER,1,0,0,,4,4.0,0,1,0,,,,,2020-09-15 06:26:21
19843468,,,0,,,,,,HALINA,1,0,0,,4,9.0,0,1,0,,,,,2020-09-15 06:26:21
19843488,,,0,,,,,,KISS THE LADY,1,0,0,,4,1.0,0,1,0,,,,,2020-09-15 06:26:21
19843524,,,0,,,,,,FALL OF THE SHAH,1,0,0,,4,1.0,0,1,0,,,,,2020-09-15 06:26:21
19843564,,,0,,,,,,CO D'AMOUR,1,0,0,,4,8.0,0,1,0,,,,,2020-09-15 06:26:21
19843584,,,0,,,,,,CAROL'S WONDER,1,0,0,,4,,0,1,0,,,,,2020-09-15 06:26:21
19843620,,,0,,,,,,UNTAMED PURSUIT,1,0,0,,4,,0,1,0,,,,,2020-09-15 06:26:21
19843680,,,0,,,,,,SHAMARAISE,1,0,0,,4,,0,1,0,,,,,2020-09-15 06:26:21
19843822,,,0,,,,,,SPANISH FLAVOR,1,0,0,,4,1.0,0,1,0,,,,,2020-09-15 06:26:21
19843842,,,0,,,,,,BRONZE BAY GIRL,1,0,0,,4,1.0,0,1,0,,,,,2020-09-15 06:26:21
19843862,,,0,,,,,,MAGICAL TRICK,1,0,0,,4,,0,1,0,,,,,2020-09-15 06:26:21
19843882,,,0,,,,,,WANDERING LACE,1,0,0,,4,1.0,0,1,0,,,,,2020-09-15 06:26:21
19843948,,,0,,,,,,LITTLE LADY,1,0,0,,4,8.0,0,1,0,,,,,2020-09-15 06:26:21
19843968,,,0,,,,,,MAJESTY'S CROWN,1,0,0,,4,8.0,0,1,0,,,,,2020-09-15 06:26:21
19843988,,,0,,,,,,CANADA PENSION,1,0,0,,4,,0,1,0,,,,,2020-09-15 06:26:21
19844001,,,0,,,,,,BALABINA,1,0,0,,4,,0,1,0,,,,,2020-09-15 06:26:21
19844081,,,0,,,,,,WON'T SHE TELL,1,0,0,,4,1.0,0,1,0,,,,,2020-09-15 06:26:21
19844107,,,0,,,,,,STICKY MISS,1,0,0,,4,1.0,0,1,0,,,,,2020-09-15 06:26:21
19844127,,,0,,,,,,TROUBLE FREE,1,0,0,,4,,0,1,0,,,,,2020-09-15 06:26:21
19844147,,,0,,,,,,SAMAJ,1,0,0,,4,8.0,0,1,0,,,,,2020-09-15 06:26:21
19844167,,,0,,,,,,STICK TO WIN,1,0,0,,4,,0,1,0,,,,,2020-09-15 06:26:21
19844187,,,0,,,,,,LITTLE WORKER,1,0,0,,4,,0,1,0,,,,,2020-09-15 06:26:21
19844203,,,0,,,,,,TANGEM,1,0,0,,4,,0,1,0,,,,,2020-09-15 06:26:21
19844223,,,0,,,,,,LADY SACKVILLE,1,0,0,,4,1.0,0,1,0,,,,,2020-09-15 06:26:21
19844243,,,0,,,,,,MUSIC BELLE,1,0,0,,4,,0,1,0,,,,,2020-09-15 06:26:21
19844263,,,0,,,,,,MISS CLEBURNE,1,0,0,,4,,0,1,0,,,,,2020-09-15 06:26:21
19844283,,,0,,,,,,MS. DANCING FIRE,1,0,0,,4,8.0,0,1,0,,,,,2020-09-15 06:26:21
19844309,,,0,,,,,,HABOUR NYMPH,1,0,0,,4,9.0,0,1,0,,,,,2020-09-15 06:26:21
19844329,,,0,,,,,,LASER BEAM,1,0,0,,4,1.0,0,1,0,,,,,2020-09-15 06:26:21
19844349,,,0,,,,,,MISS ICECAPADE,1,0,0,,4,1.0,0,1,0,,,,,2020-09-15 06:26:21
19844369,,,0,,,,,,RED OCTOBER,1,0,0,,4,,0,1,0,,,,,2020-09-15 06:26:21
19844389,,,0,,,,,,JULIE THE FLAPPER,1,0,0,,4,,0,1,0,,,,,2020-09-15 06:26:21
19844425,,,0,,,,,,FOR THE FIRST TIME,1,0,0,,4,8.0,0,1,0,,,,,2020-09-15 06:26:21
19844445,,,0,,,,,,MINTULLAH,1,0,0,,4,1.0,0,1,0,,,,,2020-09-15 06:26:21
19844485,,,0,,,,,,GOOD ECHO,1,0,0,,4,,0,1,0,,,,,2020-09-15 06:26:21
19844501,,,0,,,,,,EUROBOND,1,0,0,,4,1.0,0,1,0,,,,,2020-09-15 06:26:21
19844521,,,0,,,,,,PAPAL QUEEN,1,0,0,,4,1.0,0,1,0,,,,,2020-09-15 06:26:21
19844541,,,0,,,,,,DOTSA PLEASURE,1,0,0,,4,,0,1,0,,,,,2020-09-15 06:26:21
19844561,,,0,,,,,,HOLLY BABA,1,0,0,,4,1.0,0,1,0,,,,,2020-09-15 06:26:21
19844581,,,0,,,,,,SAXON LASS,1,0,0,,4,,0,1,0,,,,,2020-09-15 06:26:21
19844607,,,0,,,,,,PETCOKE,1,0,0,,4,,0,1,0,,,,,2020-09-15 06:26:21
19844627,,,0,,,,,,CARLOTTA MARIA,1,0,0,,4,9.0,0,1,0,,,,,2020-09-15 06:26:21
19844647,,,0,,,,,,COME ON TEXAS,1,0,0,,4,8.0,0,1,0,,,,,2020-09-15 06:26:21
19844723,,,0,,,,,,WHAT A HONEY,1,0,0,,4,,0,1,0,,,,,2020-09-15 06:26:21
19844763,,,0,,,,,,BEAUTIFUL BEDOUIN,1,0,0,,4,1.0,0,1,0,,,,,2020-09-15 06:26:21
19844783,,,0,,,,,,CON GAME,1,0,0,,4,1.0,0,1,0,,,,,2020-09-15 06:26:21
19844809,,,0,,,,,,SENSE OF UNITY,1,0,0,,4,1.0,0,1,0,,,,,2020-09-15 06:26:21
19844869,,,0,,,,,,COUSIN JEN,1,0,0,,4,9.0,0,1,0,,,,,2020-09-15 06:26:21
19844889,,,0,,,,,,LADY INVERNESS,1,0,0,,4,1.0,0,1,0,,,,,2020-09-15 06:26:21
19844905,,,0,,,,,,KLASSY GEM,1,0,0,,4,,0,1,0,,,,,2020-09-15 06:26:21
19844925,,,0,,,,,,DREAM LAUNCH,1,0,0,,4,8.0,0,1,0,,,,,2020-09-15 06:26:21
19844945,,,0,,,,,,HOLD THE DREAM,1,0,0,,4,1.0,0,1,0,,,,,2020-09-15 06:26:21
19844965,,,0,,,,,,CANADIAN MELODY,1,0,0,,4,1.0,0,1,0,,,,,2020-09-15 06:26:21
19845008,,,0,,,,,,JACKIE FRANCIS,1,0,0,,4,,0,1,0,,,,,2020-09-15 06:26:21
19845028,,,0,,,,,,SOVEREIGN MISTRESS,1,0,0,,4,,0,1,0,,,,,2020-09-15 06:26:21
19845048,,,0,,,,,,FORSAKEN,1,0,0,,4,1.0,0,1,0,,,,,2020-09-15 06:26:21
19845068,,,0,,,,,,JESSABELLA,1,0,0,,4,,0,1,0,,,,,2020-09-15 06:26:21
19845088,,,0,,,,,,HAVEAHEAVENLYTIME,1,0,0,,4,,0,1,0,,,,,2020-09-15 06:26:21
19845104,,,0,,,,,,NICKLE LADY,1,0,0,,4,,0,1,0,,,,,2020-09-15 06:26:21
19845124,,,0,,,,,,SOMETHING ELSA,1,0,0,,4,,0,1,0,,,,,2020-09-15 06:26:21
19845144,,,0,,,,,,SLEW PRINCESS,1,0,0,,4,1.0,0,1,0,,,,,2020-09-15 06:26:21
19845164,,,0,,,,,,CHAMBRAY PRINCESS,1,0,0,,4,,0,1,0,,,,,2020-09-15 06:26:21
19845184,,,0,,,,,,MAT GIRL,1,0,0,,4,8.0,0,1,0,,,,,2020-09-15 06:26:21
19845200,,,0,,,,,,SINGLE BLADE,1,0,0,,4,8.0,0,1,0,,,,,2020-09-15 06:26:21
19845240,,,0,,,,,,PERSONAL ENSIGN,1,0,0,,4,1.0,0,1,0,,,,,2020-09-15 06:26:21
19845260,,,0,,,,,,SPECTACULAR BEV,1,0,0,,4,9.0,0,1,0,,,,,2020-09-15 06:26:21
19845306,,,0,,,,,,ELVIA,1,0,0,,4,1.0,0,1,0,,,,,2020-09-15 06:26:21
19845326,,,0,,,,,,YAGUDA,1,0,0,,4,1.0,0,1,0,,,,,2020-09-15 06:26:21
19845346,,,0,,,,,,CHING CHING,1,0,0,,4,1.0,0,1,0,,,,,2020-09-15 06:26:21
19845366,,,0,,,,,,HALORY,1,0,0,,4,8.0,0,1,0,,,,,2020-09-15 06:26:21
19845386,,,0,,,,,,CHAPEL OF DREAMS,1,0,0,,4,8.0,0,1,0,,,,,2020-09-15 06:26:21
19845402,,,0,,,,,,ROYAL SHOCKER,1,0,0,,4,1.0,0,1,0,,,,,2020-09-15 06:26:21
19845422,,,0,,,,,,SUPER ME,1,0,0,,4,,0,1,0,,,,,2020-09-15 06:26:21
19845548,,,0,,,,,,GRACIOUS REASON,1,0,0,,4,,0,1,0,,,,,2020-09-15 06:26:21
19846161,,,0,,,,,,AL'S DARLIN,1,0,0,,4,,0,1,0,,,,,2020-09-15 06:26:21
19846949,,,0,,,,,,AUNT NOLA,1,0,0,,4,,0,1,0,,,,,2020-09-15 06:26:21
19850021,,,0,,,,,,NEKITA,1,0,0,,4,1.0,0,1,0,,,,,2020-09-15 06:26:21
19850041,,,0,,,,,,JUST CRUISING,1,0,0,,4,,0,1,0,,,,,2020-09-15 06:26:21
19850061,,,0,,,,,,WAR SONG,1,0,0,,4,,0,1,0,,,,,2020-09-15 06:26:21
19850127,,,0,,,,,,YEN,1,0,0,,4,1.0,0,1,0,,,,,2020-09-15 06:26:21
19850187,,,0,,,,,,AGGRESSIVE PRINCESS,1,0,0,,4,4.0,0,1,0,,,,,2020-09-15 06:26:21
19850223,,,0,,,,,,LADY TYSON,1,0,0,,4,,0,1,0,,,,,2020-09-15 06:26:21
19850263,,,0,,,,,,LADY LAMOR,1,0,0,,4,,0,1,0,,,,,2020-09-15 06:26:21
19850349,,,0,,,,,,LADY WADADAH,1,0,0,,4,1.0,0,1,0,,,,,2020-09-15 06:26:21
19850369,,,0,,,,,,LIVELY DEB,1,0,0,,4,1.0,0,1,0,,,,,2020-09-15 06:26:21
19850389,,,0,,,,,,MADAM PAM,1,0,0,,4,8.0,0,1,0,,,,,2020-09-15 06:26:21
19850501,,,0,,,,,,PIER'S CHARGE,1,0,0,,4,,0,1,0,,,,,2020-09-15 06:26:21
19850521,,,0,,,,,,ARABESQUE,1,0,0,,4,1.0,0,1,0,,,,,2020-09-15 06:26:21
19850541,,,0,,,,,,REFERENCE BID,1,0,0,,4,1.0,0,1,0,,,,,2020-09-15 06:26:21
19850627,,,0,,,,,,CLEAN SWEEP,1,0,0,,4,1.0,0,1,0,,,,,2020-09-15 06:26:21
19850667,,,0,,,,,,WONDER ROSE,1,0,0,,4,1.0,0,1,0,,,,,2020-09-15 06:26:21
19850687,,,0,,,,,,BEST GOLD,1,0,0,,4,1.0,0,1,0,,,,,2020-09-15 06:26:21
19850723,,,0,,,,,,LADY CHANDRIKA,1,0,0,,4,8.0,0,1,0,,,,,2020-09-15 06:26:21
19850809,,,0,,,,,,ANNAPRAVOLA,1,0,0,,4,1.0,0,1,0,,,,,2020-09-15 06:26:21
19850869,,,0,,,,,,PRINCESS DUNN,1,0,0,,4,1.0,0,1,0,,,,,2020-09-15 06:26:21
19850889,,,0,,,,,,EXOTIC LADY,1,0,0,,4,8.0,0,1,0,,,,,2020-09-15 06:26:21
19850905,,,0,,,,,,COMMUNIST,1,0,0,,4,1.0,0,1,0,,,,,2020-09-15 06:26:21
19850925,,,0,,,,,,KAZAN,1,0,0,,4,,0,1,0,,,,,2020-09-15 06:26:21
19850945,,,0,,,,,,EXOTIC BEAUTY,1,0,0,,4,8.0,0,1,0,,,,,2020-09-15 06:26:21
19850965,,,0,,,,,,SHE-RA,1,0,0,,4,9.0,0,1,0,,,,,2020-09-15 06:26:21
19850985,,,0,,,,,,PRINCESS LEIA,1,0,0,,4,1.0,0,1,0,,,,,2020-09-15 06:26:21
19851008,,,0,,,,,,OPEN ACCOUNT,1,0,0,,4,1.0,0,1,0,,,,,2020-09-15 06:26:21
19851068,,,0,,,,,,JIJINSKY,1,0,0,,4,1.0,0,1,0,,,,,2020-09-15 06:26:21
19851088,,,0,,,,,,JAMIE'S EXPRESS,1,0,0,,4,1.0,0,1,0,,,,,2020-09-15 06:26:21
19851124,,,0,,,,,,MY CHEREE,1,0,0,,4,1.0,0,1,0,,,,,2020-09-15 06:26:21
19851144,,,0,,,,,,UNWANTED LADY,1,0,0,,4,1.0,0,1,0,,,,,2020-09-15 06:26:21
19851200,,,0,,,,,,SCREAMING EAGLE,1,0,0,,4,1.0,0,1,0,,,,,2020-09-15 06:26:21
19851220,,,0,,,,,,MISS EDEN,1,0,0,,4,1.0,0,1,0,,,,,2020-09-15 06:26:21
19851260,,,0,,,,,,NARRATIVE,1,0,0,,4,1.0,0,1,0,,,,,2020-09-15 06:26:22
19851280,,,0,,,,,,NOSTALGIA QUEEN,1,0,0,,4,1.0,0,1,0,,,,,2020-09-15 06:26:22
19851306,,,0,,,,,,OSKIA,1,0,0,,4,1.0,0,1,0,,,,,2020-09-15 06:26:22
19851326,,,0,,,,,,SNOW CLOUD,1,0,0,,4,9.0,0,1,0,,,,,2020-09-15 06:26:22
19851442,,,0,,,,,,WESTERN STAR,1,0,0,,4,1.0,0,1,0,,,,,2020-09-15 06:26:22
19851462,,,0,,,,,,IT'S VITAL,1,0,0,,4,,0,1,0,,,,,2020-09-15 06:26:22
19851528,,,0,,,,,,BURNING BRIDGES,1,0,0,,4,1.0,0,1,0,,,,,2020-09-15 06:26:22
19851588,,,0,,,,,,RHYTHM & BLUES,1,0,0,,4,1.0,0,1,0,,,,,2020-09-15 06:26:22
19851604,,,0,,,,,,RHYTHMIA,1,0,0,,4,8.0,0,1,0,,,,,2020-09-15 06:26:22
19851644,,,0,,,,,,HIGHLIGHT QUEEN,1,0,0,,4,1.0,0,1,0,,,,,2020-09-15 06:26:22
19851684,,,0,,,,,,ANANCY STORY,1,0,0,,4,1.0,0,1,0,,,,,2020-09-15 06:26:22
19851720,,,0,,,,,,FLASHING LIGHT,1,0,0,,4,,0,1,0,,,,,2020-09-15 06:26:22
19851740,,,0,,,,,,MONI-MONI,1,0,0,,4,8.0,0,1,0,,,,,2020-09-15 06:26:22
19851866,,,0,,,,,,RUNNING SCARED,1,0,0,,4,1.0,0,1,0,,,,,2020-09-15 06:26:22
19851922,,,0,,,,,,SOMETHING ROYAL,1,0,0,,4,9.0,0,1,0,,,,,2020-09-15 06:26:22
19851962,,,0,,,,,,BLESS YOU,1,0,0,,4,9.0,0,1,0,,,,,2020-09-15 06:26:22
19851982,,,0,,,,,,O.K. TIFFANI,1,0,0,,4,8.0,0,1,0,,,,,2020-09-15 06:26:22
19852025,,,0,,,,,,BILLIE JO,1,0,0,,4,11.0,0,1,0,,,,,2020-09-15 06:26:22
19852045,,,0,,,,,,PERFECT EXAMPLE,1,0,0,,4,8.0,0,1,0,,,,,2020-09-15 06:26:22
19852065,,,0,,,,,,SASSY,1,0,0,,4,8.0,0,1,0,,,,,2020-09-15 06:26:22
19852085,,,0,,,,,,I'M GORGEOUS,1,0,0,,4,,0,1,0,,,,,2020-09-15 06:26:22
19852101,,,0,,,,,,MISS DOMINO,1,0,0,,4,1.0,0,1,0,,,,,2020-09-15 06:26:22
19852121,,,0,,,,,,LADY FAIR,1,0,0,,4,8.0,0,1,0,,,,,2020-09-15 06:26:22
19852161,,,0,,,,,,SHE'S MINE,1,0,0,,4,1.0,0,1,0,,,,,2020-09-15 06:26:22
19852181,,,0,,,,,,FUNNY BUNNY,1,0,0,,4,1.0,0,1,0,,,,,2020-09-15 06:26:22
19852207,,,0,,,,,,PRIVATE COLLECTION,1,0,0,,4,9.0,0,1,0,,,,,2020-09-15 06:26:22
19852267,,,0,,,,,,CLASSIC DANCER,1,0,0,,4,,0,1,0,,,,,2020-09-15 06:26:22
19852323,,,0,,,,,,NATIVE FOLLY,1,0,0,,4,8.0,0,1,0,,,,,2020-09-15 06:26:22
19852343,,,0,,,,,,WILD STAR,1,0,0,,4,1.0,0,1,0,,,,,2020-09-15 06:26:22
19852363,,,0,,,,,,AIR RAID,1,0,0,,4,1.0,0,1,0,,,,,2020-09-15 06:26:22
19852409,,,0,,,,,,GREENING,1,0,0,,4,4.0,0,1,0,,,,,2020-09-15 06:26:22
19852489,,,0,,,,,,LUCKY SONG,1,0,0,,4,1.0,0,1,0,,,,,2020-09-15 06:26:22
19852505,,,0,,,,,,PARK LANE,1,0,0,,4,1.0,0,1,0,,,,,2020-09-15 06:26:22
19852601,,,0,,,,,,TARECA,1,0,0,,4,1.0,0,1,0,,,,,2020-09-15 06:26:22
19852661,,,0,,,,,,SELECTIVELY,1,0,0,,4,8.0,0,1,0,,,,,2020-09-15 06:26:22
19852707,,,0,,,,,,IN FLIGHT,1,0,0,,4,11.0,0,1,0,,,,,2020-09-15 06:26:22
19852727,,,0,,,,,,SUNSET QUEEN,1,0,0,,4,1.0,0,1,0,,,,,2020-09-15 06:26:22
19852747,,,0,,,,,,LADY RUPAMANI,1,0,0,,4,1.0,0,1,0,,,,,2020-09-15 06:26:22
19852767,,,0,,,,,,LADY VASANTI,1,0,0,,4,1.0,0,1,0,,,,,2020-09-15 06:26:22
19852787,,,0,,,,,,HONEY CHILD,1,0,0,,4,8.0,0,1,0,,,,,2020-09-15 06:26:22
19852803,,,0,,,,,,FLY BY WIRE,1,0,0,,4,8.0,0,1,0,,,,,2020-09-15 06:26:22
19852843,,,0,,,,,,FLASH DANCER,1,0,0,,4,1.0,0,1,0,,,,,2020-09-15 06:26:22
19852863,,,0,,,,,,LIFE STYLE,1,0,0,,4,8.0,0,1,0,,,,,2020-09-15 06:26:22
19852883,,,0,,,,,,FIRST EMBRACE,1,0,0,,4,1.0,0,1,0,,,,,2020-09-15 06:26:22
19852929,,,0,,,,,,MAGIC FLUTE,1,0,0,,4,1.0,0,1,0,,,,,2020-09-15 06:26:22
19852989,,,0,,,,,,ROYAL COLOURS,1,0,0,,4,8.0,0,1,0,,,,,2020-09-15 06:26:22
19853002,,,0,,,,,,GIMME A LIGHT,1,0,0,,4,1.0,0,1,0,,,,,2020-09-15 06:26:22
19853022,,,0,,,,,,LOVELACE,1,0,0,,4,1.0,0,1,0,,,,,2020-09-15 06:26:22
19853042,,,0,,,,,,NO EXCEPTION,1,0,0,,4,8.0,0,1,0,,,,,2020-09-15 06:26:22
19853062,,,0,,,,,,CHOCOLATE BOX,1,0,0,,4,8.0,0,1,0,,,,,2020-09-15 06:26:22
19853082,,,0,,,,,,TOOT YOUR HORN,1,0,0,,4,8.0,0,1,0,,,,,2020-09-15 06:26:22
19853108,,,0,,,,,,ROUND HILL,1,0,0,,4,1.0,0,1,0,,,,,2020-09-15 06:26:22
19853188,,,0,,,,,,POWER TRAIN,1,0,0,,4,8.0,0,1,0,,,,,2020-09-15 06:26:22
19853204,,,0,,,,,,MISS P. BOLD,1,0,0,,4,8.0,0,1,0,,,,,2020-09-15 06:26:22
19853244,,,0,,,,,,CHELLE-GAYE,1,0,0,,4,11.0,0,1,0,,,,,2020-09-15 06:26:22
19853264,,,0,,,,,,BOLD TURQ,1,0,0,,4,8.0,0,1,0,,,,,2020-09-15 06:26:22
19853284,,,0,,,,,,DESERINA,1,0,0,,4,8.0,0,1,0,,,,,2020-09-15 06:26:22
19853340,,,0,,,,,,NEST OF PLEASURE,1,0,0,,4,1.0,0,1,0,,,,,2020-09-15 06:26:22
19853360,,,0,,,,,,SHANGHAI DAME,1,0,0,,4,,0,1,0,,,,,2020-09-15 06:26:22
19853446,,,0,,,,,,PRINCESS ASIHA,1,0,0,,4,1.0,0,1,0,,,,,2020-09-15 06:26:22
19853502,,,0,,,,,,TAMANGO,1,0,0,,4,,0,1,0,,,,,2020-09-15 06:26:22
19853542,,,0,,,,,,SASSY SOCIALITE,1,0,0,,4,8.0,0,1,0,,,,,2020-09-15 06:26:22
19853562,,,0,,,,,,PEPPER GIRL,1,0,0,,4,,0,1,0,,,,,2020-09-15 06:26:22
19853582,,,0,,,,,,PICK YOUR SISTER,1,0,0,,4,,0,1,0,,,,,2020-09-15 06:26:22
19853628,,,0,,,,,,MISS SURVIVAL,1,0,0,,4,1.0,0,1,0,,,,,2020-09-15 06:26:22
19853648,,,0,,,,,,WINNING MARY ANN,1,0,0,,4,,0,1,0,,,,,2020-09-15 06:26:22
19853668,,,0,,,,,,MILL LOFT,1,0,0,,4,1.0,0,1,0,,,,,2020-09-15 06:26:22
19853688,,,0,,,,,,LITTLE ROCK MISS,1,0,0,,4,8.0,0,1,0,,,,,2020-09-15 06:26:22
19853704,,,0,,,,,,POST TIME,1,0,0,,4,,0,1,0,,,,,2020-09-15 06:26:22
19853724,,,0,,,,,,RUN MARY RUN,1,0,0,,4,,0,1,0,,,,,2020-09-15 06:26:22
19853744,,,0,,,,,,ST. AMELIA,1,0,0,,4,1.0,0,1,0,,,,,2020-09-15 06:26:22
19853764,,,0,,,,,,ALL ARTS,1,0,0,,4,,0,1,0,,,,,2020-09-15 06:26:22
19853800,,,0,,,,,,ACETELEYNE,1,0,0,,4,1.0,0,1,0,,,,,2020-09-15 06:26:22
19853820,,,0,,,,,,SILKEN PURSE,1,0,0,,4,8.0,0,1,0,,,,,2020-09-15 06:26:22
19853840,,,0,,,,,,JUST JENNIE,1,0,0,,4,8.0,0,1,0,,,,,2020-09-15 06:26:22
19853860,,,0,,,,,,MARK OF JUSTICE,1,0,0,,4,,0,1,0,,,,,2020-09-15 06:26:22
19853906,,,0,,,,,,AD MA'AM,1,0,0,,4,,0,1,0,,,,,2020-09-15 06:26:22
19853926,,,0,,,,,,CRACKING GOOD,1,0,0,,4,1.0,0,1,0,,,,,2020-09-15 06:26:22
19853946,,,0,,,,,,FLASH PRANCER,1,0,0,,4,,0,1,0,,,,,2020-09-15 06:26:22
19853966,,,0,,,,,,EUROTRASH,1,0,0,,4,8.0,0,1,0,,,,,2020-09-15 06:26:22
19854009,,,0,,,,,,TOMORROW'S CHILD,1,0,0,,4,,0,1,0,,,,,2020-09-15 06:26:22
19854029,,,0,,,,,,BETTE ALDEN,1,0,0,,4,,0,1,0,,,,,2020-09-15 06:26:22
19854049,,,0,,,,,,GEM,1,0,0,,4,9.0,0,1,0,,,,,2020-09-15 06:26:22
19854069,,,0,,,,,,RAJA KIM,1,0,0,,4,8.0,0,1,0,,,,,2020-09-15 06:26:22
19854089,,,0,,,,,,MILES OF SOUND,1,0,0,,4,1.0,0,1,0,,,,,2020-09-15 06:26:22
19854105,,,0,,,,,,TIME TO BUCK,1,0,0,,4,9.0,0,1,0,,,,,2020-09-15 06:26:22
19854125,,,0,,,,,,RAJA KIN,1,0,0,,4,8.0,0,1,0,,,,,2020-09-15 06:26:22
19854145,,,0,,,,,,CHEROKEE CHI CHI,1,0,0,,4,1.0,0,1,0,,,,,2020-09-15 06:26:22
19854165,,,0,,,,,,JIM WA,1,0,0,,4,,0,1,0,,,,,2020-09-15 06:26:22
19854185,,,0,,,,,,CUT LEAF,1,0,0,,4,,0,1,0,,,,,2020-09-15 06:26:22
19854201,,,0,,,,,,NORBLUE,1,0,0,,4,1.0,0,1,0,,,,,2020-09-15 06:26:22
19854221,,,0,,,,,,WEESIE'S CHOICE,1,0,0,,4,8.0,0,1,0,,,,,2020-09-15 06:26:22
19854241,,,0,,,,,,ETHEREAL KISS,1,0,0,,4,9.0,0,1,0,,,,,2020-09-15 06:26:22
19854261,,,0,,,,,,LINGER ON,1,0,0,,4,4.0,0,1,0,,,,,2020-09-15 06:26:22
19854281,,,0,,,,,,APPEALING PIECE,1,0,0,,4,8.0,0,1,0,,,,,2020-09-15 06:26:22
19854307,,,0,,,,,,PROCEED,1,0,0,,4,,0,1,0,,,,,2020-09-15 06:26:22
19854327,,,0,,,,,,WHIRLING CREEK,1,0,0,,4,,0,1,0,,,,,2020-09-15 06:26:22
19854347,,,0,,,,,,DUNBARTEN OAKS,1,0,0,,4,,0,1,0,,,,,2020-09-15 06:26:22
19854367,,,0,,,,,,SMILING AND SPEEDY,1,0,0,,4,,0,1,0,,,,,2020-09-15 06:26:22
19854387,,,0,,,,,,CRITICAL,1,0,0,,4,,0,1,0,,,,,2020-09-15 06:26:22
19854403,,,0,,,,,,NASDETTE,1,0,0,,4,1.0,0,1,0,,,,,2020-09-15 06:26:22
19854423,,,0,,,,,,WANDA,1,0,0,,4,,0,1,0,,,,,2020-09-15 06:26:22
19854443,,,0,,,,,,SHAMIGOLD,1,0,0,,4,,0,1,0,,,,,2020-09-15 06:26:22
19854463,,,0,,,,,,IADOR,1,0,0,,4,,0,1,0,,,,,2020-09-15 06:26:22
19854483,,,0,,,,,,MARTINI N TWIST,1,0,0,,4,,0,1,0,,,,,2020-09-15 06:26:22
19854509,,,0,,,,,,WILLOW FIRE,1,0,0,,4,,0,1,0,,,,,2020-09-15 06:26:22
19854529,,,0,,,,,,JET A HI,1,0,0,,4,,0,1,0,,,,,2020-09-15 06:26:22
19854549,,,0,,,,,,CHANGEABLE QUEEN,1,0,0,,4,,0,1,0,,,,,2020-09-15 06:26:22
19854569,,,0,,,,,,MABINOGION,1,0,0,,4,,0,1,0,,,,,2020-09-15 06:26:22
19854589,,,0,,,,,,SNOW HONEY,1,0,0,,4,,0,1,0,,,,,2020-09-15 06:26:22
19854605,,,0,,,,,,NORTHERN VENTURE,1,0,0,,4,,0,1,0,,,,,2020-09-15 06:26:22
19854625,,,0,,,,,,HAIL TO MOM,1,0,0,,4,,0,1,0,,,,,2020-09-15 06:26:22
19854645,,,0,,,,,,LUMINOUS APPEAL,1,0,0,,4,1.0,0,1,0,,,,,2020-09-15 06:26:22
19854665,,,0,,,,,,LET'S GO TOO,1,0,0,,4,,0,1,0,,,,,2020-09-15 06:26:22
19854685,,,0,,,,,,AVENS,1,0,0,,4,,0,1,0,,,,,2020-09-15 06:26:22
19854701,,,0,,,,,,VIVE,1,0,0,,4,8.0,0,1,0,,,,,2020-09-15 06:26:22
19854721,,,0,,,,,,BURNING CRATER,1,0,0,,4,,0,1,0,,,,,2020-09-15 06:26:22
19854741,,,0,,,,,,COMICAL CAT,1,0,0,,4,,0,1,0,,,,,2020-09-15 06:26:22
19854761,,,0,,,,,,ALYDAR'S FABLE,1,0,0,,4,,0,1,0,,,,,2020-09-15 06:26:22
19854781,,,0,,,,,,BANKER'S LADY,1,0,0,,4,8.0,0,1,0,,,,,2020-09-15 06:26:22
19854807,,,0,,,,,,SISTER DOT,1,0,0,,4,,0,1,0,,,,,2020-09-15 06:26:22
19854827,,,0,,,,,,ELMER'S FASHION,1,0,0,,4,8.0,0,1,0,,,,,2020-09-15 06:26:22
19854847,,,0,,,,,,PATTERN STEP,1,0,0,,4,1.0,0,1,0,,,,,2020-09-15 06:26:22
19854867,,,0,,,,,,DANTHONIA,1,0,0,,4,1.0,0,1,0,,,,,2020-09-15 06:26:22
19854887,,,0,,,,,,ROLLICKING FLAIR,1,0,0,,4,,0,1,0,,,,,2020-09-15 06:26:22
19854903,,,0,,,,,,ON TO ROYALTY,1,0,0,,4,9.0,0,1,0,,,,,2020-09-15 06:26:22
19854923,,,0,,,,,,BABA COOL,1,0,0,,4,8.0,0,1,0,,,,,2020-09-15 06:26:22
19854943,,,0,,,,,,SNUGGLE,1,0,0,,4,8.0,0,1,0,,,,,2020-09-15 06:26:22
19854963,,,0,,,,,,DABBLE,1,0,0,,4,8.0,0,1,0,,,,,2020-09-15 06:26:22
19854983,,,0,,,,,,GAYLORATION,1,0,0,,4,,0,1,0,,,,,2020-09-15 06:26:22
19855006,,,0,,,,,,TRACY LOU,1,0,0,,4,,0,1,0,,,,,2020-09-15 06:26:22
19855026,,,0,,,,,,MIRANDA J.,1,0,0,,4,,0,1,0,,,,,2020-09-15 06:26:22
19855046,,,0,,,,,,WARNED,1,0,0,,4,,0,1,0,,,,,2020-09-15 06:26:22
19855066,,,0,,,,,,LADY SEUL,1,0,0,,4,,0,1,0,,,,,2020-09-15 06:26:22
19855086,,,0,,,,,,RAMIVERSARY,1,0,0,,4,,0,1,0,,,,,2020-09-15 06:26:22
19855102,,,0,,,,,,MOSTLY MISTY,1,0,0,,4,,0,1,0,,,,,2020-09-15 06:26:22
19855122,,,0,,,,,,FOREST MAJESTY,1,0,0,,4,,0,1,0,,,,,2020-09-15 06:26:22
19855142,,,0,,,,,,CAJOLER,1,0,0,,4,,0,1,0,,,,,2020-09-15 06:26:22
19855162,,,0,,,,,,EPITOME,1,0,0,,4,,0,1,0,,,,,2020-09-15 06:26:22
19855182,,,0,,,,,,FANTASTIC DESTINY,1,0,0,,4,1.0,0,1,0,,,,,2020-09-15 06:26:22
19855228,,,0,,,,,,FARA'S TEAM,1,0,0,,4,1.0,0,1,0,,,,,2020-09-15 06:26:22
19855248,,,0,,,,,,BODACIOUS TATAS,1,0,0,,4,1.0,0,1,0,,,,,2020-09-15 06:26:22
19855268,,,0,,,,,,LUCKY VEIL,1,0,0,,4,1.0,0,1,0,,,,,2020-09-15 06:26:22
19855288,,,0,,,,,,CLEVER POWER,1,0,0,,4,,0,1,0,,,,,2020-09-15 06:26:22
19855304,,,0,,,,,,SLEW ME DOWN,1,0,0,,4,1.0,0,1,0,,,,,2020-09-15 06:26:22
19855324,,,0,,,,,,TURBO LAUNCH,1,0,0,,4,8.0,0,1,0,,,,,2020-09-15 06:26:22
19855344,,,0,,,,,,EVER TRUTHFUL,1,0,0,,4,1.0,0,1,0,,,,,2020-09-15 06:26:22
19855364,,,0,,,,,,B C ME TOO,1,0,0,,4,1.0,0,1,0,,,,,2020-09-15 06:26:22
19855400,,,0,,,,,,CALL YOU MOTHER,1,0,0,,4,,0,1,0,,,,,2020-09-15 06:26:22
19855420,,,0,,,,,,FOREVER SHARP,1,0,0,,4,8.0,0,1,0,,,,,2020-09-15 06:26:22
19855440,,,0,,,,,,TOO MUCH HEAVEN,1,0,0,,4,8.0,0,1,0,,,,,2020-09-15 06:26:22
19855460,,,0,,,,,,DON'T RUSH,1,0,0,,4,,0,1,0,,,,,2020-09-15 06:26:22
19855480,,,0,,,,,,TERRACOTTA HUT,1,0,0,,4,1.0,0,1,0,,,,,2020-09-15 06:26:22
19855506,,,0,,,,,,ONCE TO OFTEN,1,0,0,,4,1.0,0,1,0,,,,,2020-09-15 06:26:22
19855526,,,0,,,,,,VANA TURNS,1,0,0,,4,,0,1,0,,,,,2020-09-15 06:26:22
19855546,,,0,,,,,,FEMALE REASONING,1,0,0,,4,,0,1,0,,,,,2020-09-15 06:26:22
19855566,,,0,,,,,,GOTTAGETITDONE,1,0,0,,4,9.0,0,1,0,,,,,2020-09-15 06:26:22
19855586,,,0,,,,,,FINEZA,1,0,0,,4,,0,1,0,,,,,2020-09-15 06:26:22
19855602,,,0,,,,,,MATRIARCH,1,0,0,,4,8.0,0,1,0,,,,,2020-09-15 06:26:22
19855622,,,0,,,,,,KIROV,1,0,0,,4,1.0,0,1,0,,,,,2020-09-15 06:26:22
19855642,,,0,,,,,,NIMBLE FEET,1,0,0,,4,1.0,0,1,0,,,,,2020-09-15 06:26:22
19855662,,,0,,,,,,JEWELL RIDGE,1,0,0,,4,1.0,0,1,0,,,,,2020-09-15 06:26:22
19855682,,,0,,,,,,EARTH SONG,1,0,0,,4,9.0,0,1,0,,,,,2020-09-15 06:26:22
19855708,,,0,,,,,,FULBRIGHT SCHOLAR,1,0,0,,4,8.0,0,1,0,,,,,2020-09-15 06:26:22
19855728,,,0,,,,,,MEETING PLACE,1,0,0,,4,1.0,0,1,0,,,,,2020-09-15 06:26:22
19855788,,,0,,,,,,LADY KIRI,1,0,0,,4,,0,1,0,,,,,2020-09-15 06:26:22
19855804,,,0,,,,,,ROYAL WEEKEND,1,0,0,,4,8.0,0,1,0,,,,,2020-09-15 06:26:22
19855824,,,0,,,,,,APRIL MOMENT,1,0,0,,4,8.0,0,1,0,,,,,2020-09-15 06:26:22
19855844,,,0,,,,,,MOST LIKELY,1,0,0,,4,,0,1,0,,,,,2020-09-15 06:26:22
19855864,,,0,,,,,,MADAME NORCLIFFE,1,0,0,,4,1.0,0,1,0,,,,,2020-09-15 06:26:22
19855884,,,0,,,,,,DREAM TEAM,1,0,0,,4,,0,1,0,,,,,2020-09-15 06:26:22
19855900,,,0,,,,,,AILSA,1,0,0,,4,8.0,0,1,0,,,,,2020-09-15 06:26:22
19855920,,,0,,,,,,CASHELMARA,1,0,0,,4,8.0,0,1,0,,,,,2020-09-15 06:26:22
19855940,,,0,,,,,,AIR RAID SIREN,1,0,0,,4,1.0,0,1,0,,,,,2020-09-15 06:26:22
19855960,,,0,,,,,,LIGHTNING FORBES,1,0,0,,4,8.0,0,1,0,,,,,2020-09-15 06:26:22
19860029,,,0,,,,,,TYRANNY,1,0,0,,4,,0,1,0,,,,,2020-09-15 06:26:22
19860089,,,0,,,,,,RAJINDEER,1,0,0,,4,,0,1,0,,,,,2020-09-15 06:26:22
19860125,,,0,,,,,,AMPLIFIER,1,0,0,,4,,0,1,0,,,,,2020-09-15 06:26:22
19860185,,,0,,,,,,IRISH LUST,1,0,0,,4,,0,1,0,,,,,2020-09-15 06:26:22
19860221,,,0,,,,,,SILK,1,0,0,,4,1.0,0,1,0,,,,,2020-09-15 06:26:22
19860241,,,0,,,,,,RING FOR ME,1,0,0,,4,1.0,0,1,0,,,,,2020-09-15 06:26:22
19860261,,,0,,,,,,HONESTY,1,0,0,,4,1.0,0,1,0,,,,,2020-09-15 06:26:22
19860281,,,0,,,,,,BE EXCLUSIVE,1,0,0,,4,8.0,0,1,0,,,,,2020-09-15 06:26:22
19860307,,,0,,,,,,WORTH HER WEIGHT,1,0,0,,4,1.0,0,1,0,,,,,2020-09-15 06:26:22
19860347,,,0,,,,,,LADY NANDA,1,0,0,,4,8.0,0,1,0,,,,,2020-09-15 06:26:22
19860387,,,0,,,,,,SCATTERBRAIN,1,0,0,,4,8.0,0,1,0,,,,,2020-09-15 06:26:22
19860463,,,0,,,,,,QUEEN'S FLIGHT,1,0,0,,4,1.0,0,1,0,,,,,2020-09-15 06:26:22
19860483,,,0,,,,,,RESOLUTION,1,0,0,,4,8.0,0,1,0,,,,,2020-09-15 06:26:22
19860509,,,0,,,,,,FALON,1,0,0,,4,1.0,0,1,0,,,,,2020-09-15 06:26:22
19860605,,,0,,,,,,TRAVEL TIME,1,0,0,,4,8.0,0,1,0,,,,,2020-09-15 06:26:22
19860761,,,0,,,,,,SOMETHING ELSE,1,0,0,,4,1.0,0,1,0,,,,,2020-09-15 06:26:22
19860781,,,0,,,,,,EXTRA BOLD,1,0,0,,4,1.0,0,1,0,,,,,2020-09-15 06:26:22
19860807,,,0,,,,,,OSCILLATE,1,0,0,,4,1.0,0,1,0,,,,,2020-09-15 06:26:22
19860827,,,0,,,,,,MOVIE TONE NEWS,1,0,0,,4,9.0,0,1,0,,,,,2020-09-15 06:26:22
19860847,,,0,,,,,,BREAKTHROUGH,1,0,0,,4,1.0,0,1,0,,,,,2020-09-15 06:26:22
19860867,,,0,,,,,,VIRTUOSO,1,0,0,,4,1.0,0,1,0,,,,,2020-09-15 06:26:22
19860923,,,0,,,,,,JEWEL IN THE CROWN,1,0,0,,4,1.0,0,1,0,,,,,2020-09-15 06:26:22
19860943,,,0,,,,,,CAMP FOLLOWER,1,0,0,,4,8.0,0,1,0,,,,,2020-09-15 06:26:22
19860963,,,0,,,,,,ALEJANDRA,1,0,0,,4,1.0,0,1,0,,,,,2020-09-15 06:26:22
19861026,,,0,,,,,,BALLERINA GIRL,1,0,0,,4,1.0,0,1,0,,,,,2020-09-15 06:26:22
19861122,,,0,,,,,,TWILIGHT MIST,1,0,0,,4,1.0,0,1,0,,,,,2020-09-15 06:26:22
19861182,,,0,,,,,,TO TROY,1,0,0,,4,8.0,0,1,0,,,,,2020-09-15 06:26:22
19861248,,,0,,,,,,CALDERINA,1,0,0,,4,8.0,0,1,0,,,,,2020-09-15 06:26:22
19861324,,,0,,,,,,FRIENDLY LADY,1,0,0,,4,,0,1,0,,,,,2020-09-15 06:26:22
19861364,,,0,,,,,,AQUA MARINE,1,0,0,,4,9.0,0,1,0,,,,,2020-09-15 06:26:22
19861384,,,0,,,,,,SKATINGONTHINICE,1,0,0,,4,9.0,0,1,0,,,,,2020-09-15 06:26:22
19861420,,,0,,,,,,MARIO'S GIRL,1,0,0,,4,1.0,0,1,0,,,,,2020-09-15 06:26:22
19861440,,,0,,,,,,TASHA-SUE,1,0,0,,4,1.0,0,1,0,,,,,2020-09-15 06:26:22
19861480,,,0,,,,,,DIRECTOR LADY,1,0,0,,4,8.0,0,1,0,,,,,2020-09-15 06:26:22
19861526,,,0,,,,,,WINDY'S LAND,1,0,0,,4,1.0,0,1,0,,,,,2020-09-15 06:26:22
19861546,,,0,,,,,,PELION,1,0,0,,4,8.0,0,1,0,,,,,2020-09-15 06:26:22
19861622,,,0,,,,,,LADY JAYSHREE,1,0,0,,4,1.0,0,1,0,,,,,2020-09-15 06:26:22
19861682,,,0,,,,,,FOREST FERN,1,0,0,,4,1.0,0,1,0,,,,,2020-09-15 06:26:22
19861788,,,0,,,,,,JESSIE'S ANGEL,1,0,0,,4,,0,1,0,,,,,2020-09-15 06:26:22
19861804,,,0,,,,,,OH SO SUFFICIENT,1,0,0,,4,,0,1,0,,,,,2020-09-15 06:26:22
19861864,,,0,,,,,,TOP WISH,1,0,0,,4,8.0,0,1,0,,,,,2020-09-15 06:26:22
19861884,,,0,,,,,,SUN SEEKER,1,0,0,,4,,0,1,0,,,,,2020-09-15 06:26:22
19861980,,,0,,,,,,DANCING TRIBUTE,1,0,0,,4,1.0,0,1,0,,,,,2020-09-15 06:26:22
19862003,,,0,,,,,,SWEET PUSS,1,0,0,,4,9.0,0,1,0,,,,,2020-09-15 06:26:22
19862043,,,0,,,,,,LORNA DOONE,1,0,0,,4,1.0,0,1,0,,,,,2020-09-15 06:26:22
19862083,,,0,,,,,,BEWARE OF THE CAT,1,0,0,,4,8.0,0,1,0,,,,,2020-09-15 06:26:22
19862109,,,0,,,,,,LADY HOWARD,1,0,0,,4,8.0,0,1,0,,,,,2020-09-15 06:26:22
19862129,,,0,,,,,,STREET DANCE,1,0,0,,4,1.0,0,1,0,,,,,2020-09-15 06:26:22
19862149,,,0,,,,,,PEACEFUL NATIVE,1,0,0,,4,1.0,0,1,0,,,,,2020-09-15 06:26:22
19862189,,,0,,,,,,FLAMENGO POND,1,0,0,,4,1.0,0,1,0,,,,,2020-09-15 06:26:22
19862205,,,0,,,,,,PEACE TREATY,1,0,0,,4,8.0,0,1,0,,,,,2020-09-15 06:26:22
19862245,,,0,,,,,,RULING ANGEL,1,0,0,,4,,0,1,0,,,,,2020-09-15 06:26:22
19862265,,,0,,,,,,NORTHERN STAR,1,0,0,,4,1.0,0,1,0,,,,,2020-09-15 06:26:22
19862285,,,0,,,,,,FAIR TO ALL,1,0,0,,4,1.0,0,1,0,,,,,2020-09-15 06:26:22
19862341,,,0,,,,,,MISS MARY,1,0,0,,4,1.0,0,1,0,,,,,2020-09-15 06:26:22
19862361,,,0,,,,,,LITTLE GENIE,1,0,0,,4,1.0,0,1,0,,,,,2020-09-15 06:26:22
19862381,,,0,,,,,,DYNAMITE BLOND,1,0,0,,4,8.0,0,1,0,,,,,2020-09-15 06:26:22
19862407,,,0,,,,,,WENDY'S ARC,1,0,0,,4,1.0,0,1,0,,,,,2020-09-15 06:26:22
19862427,,,0,,,,,,DICTIONARY,1,0,0,,4,9.0,0,1,0,,,,,2020-09-15 06:26:22
19862467,,,0,,,,,,FURIOSA,1,0,0,,4,11.0,0,1,0,,,,,2020-09-15 06:26:22
19862487,,,0,,,,,,JENNIE THE VET,1,0,0,,4,1.0,0,1,0,,,,,2020-09-15 06:26:22
19862523,,,0,,,,,,PARADISE PRINCESS,1,0,0,,4,8.0,0,1,0,,,,,2020-09-15 06:26:22
19862583,,,0,,,,,,SCORCHED,1,0,0,,4,8.0,0,1,0,,,,,2020-09-15 06:26:22
19862765,,,0,,,,,,NOX LADY,1,0,0,,4,8.0,0,1,0,,,,,2020-09-15 06:26:22
19862785,,,0,,,,,,NURYETTE,1,0,0,,4,1.0,0,1,0,,,,,2020-09-15 06:26:22
19862801,,,0,,,,,,MOTION IN LIMINE,1,0,0,,4,1.0,0,1,0,,,,,2020-09-15 06:26:22
19862841,,,0,,,,,,CYCLOPS SUE,1,0,0,,4,9.0,0,1,0,,,,,2020-09-15 06:26:22
19862861,,,0,,,,,,WAARIA,1,0,0,,4,,0,1,0,,,,,2020-09-15 06:26:22
19862881,,,0,,,,,,DESI GOLD,1,0,0,,4,1.0,0,1,0,,,,,2020-09-15 06:26:22
19862907,,,0,,,,,,CREST OF THE WAVE,1,0,0,,4,1.0,0,1,0,,,,,2020-09-15 06:26:22
19862987,,,0,,,,,,I'M PRETTY,1,0,0,,4,,0,1,0,,,,,2020-09-15 06:26:22
19863020,,,0,,,,,,MISS 'T',1,0,0,,4,,0,1,0,,,,,2020-09-15 06:26:22
19863080,,,0,,,,,,SWEET BRIAR TOO,1,0,0,,4,1.0,0,1,0,,,,,2020-09-15 06:26:22
19863126,,,0,,,,,,EXCEPTIONAL WING,1,0,0,,4,1.0,0,1,0,,,,,2020-09-15 06:26:22
19863146,,,0,,,,,,AID OUR LADY,1,0,0,,4,,0,1,0,,,,,2020-09-15 06:26:22
19863186,,,0,,,,,,SEATTLE SUMMER,1,0,0,,4,,0,1,0,,,,,2020-09-15 06:26:22
19863202,,,0,,,,,,ELEGANT BRIDE,1,0,0,,4,8.0,0,1,0,,,,,2020-09-15 06:26:22
19863222,,,0,,,,,,GREY STONE,1,0,0,,4,9.0,0,1,0,,,,,2020-09-15 06:26:22
19863262,,,0,,,,,,TRACIMYLOVE,1,0,0,,4,,0,1,0,,,,,2020-09-15 06:26:22
19863282,,,0,,,,,,SAFELY KEPT,1,0,0,,4,,0,1,0,,,,,2020-09-15 06:26:22
19863308,,,0,,,,,,SECRET LADY,1,0,0,,4,8.0,0,1,0,,,,,2020-09-15 06:26:22
19863348,,,0,,,,,,REUNITE,1,0,0,,4,1.0,0,1,0,,,,,2020-09-15 06:26:22
19863388,,,0,,,,,,QUEENA,1,0,0,,4,1.0,0,1,0,,,,,2020-09-15 06:26:22
19863484,,,0,,,,,,STOLEN SKATES,1,0,0,,4,8.0,0,1,0,,,,,2020-09-15 06:26:22
19863500,,,0,,,,,,LITTLE INDEPENDENT,1,0,0,,4,1.0,0,1,0,,,,,2020-09-15 06:26:22
19863580,,,0,,,,,,ROSE PARK,1,0,0,,4,1.0,0,1,0,,,,,2020-09-15 06:26:22
19863606,,,0,,,,,,BASIL'S JET,1,0,0,,4,8.0,0,1,0,,,,,2020-09-15 06:26:22
19863626,,,0,,,,,,MISS DESI,1,0,0,,4,1.0,0,1,0,,,,,2020-09-15 06:26:22
19863666,,,0,,,,,,HOOVES,1,0,0,,4,1.0,0,1,0,,,,,2020-09-15 06:26:22
19863686,,,0,,,,,,ENGLISH CHARM,1,0,0,,4,1.0,0,1,0,,,,,2020-09-15 06:26:22
19863702,,,0,,,,,,WHAT WAS IT,1,0,0,,4,1.0,0,1,0,,,,,2020-09-15 06:26:22
19863782,,,0,,,,,,DEVIL'S OCEANETTE,1,0,0,,4,8.0,0,1,0,,,,,2020-09-15 06:26:22
19863808,,,0,,,,,,ESCROW AGENT,1,0,0,,4,8.0,0,1,0,,,,,2020-09-15 06:26:22
19863828,,,0,,,,,,SLEWPY'S ANGEL,1,0,0,,4,,0,1,0,,,,,2020-09-15 06:26:22
19863848,,,0,,,,,,LAUGHING LOOK,1,0,0,,4,1.0,0,1,0,,,,,2020-09-15 06:26:22
19863868,,,0,,,,,,NORTERN BIRD,1,0,0,,4,,0,1,0,,,,,2020-09-15 06:26:22
19863888,,,0,,,,,,LYRICAL PRINCESS,1,0,0,,4,1.0,0,1,0,,,,,2020-09-15 06:26:22
19863924,,,0,,,,,,SWAN LAKE,1,0,0,,4,,0,1,0,,,,,2020-09-15 06:26:22
19863944,,,0,,,,,,B'NORAH,1,0,0,,4,1.0,0,1,0,,,,,2020-09-15 06:26:22
19863964,,,0,,,,,,STAR TREK ( ARG ),1,0,0,,4,1.0,0,1,0,,,,,2020-09-15 06:26:22
19864087,,,0,,,,,,FORMIDABLE LADY,1,0,0,,4,1.0,0,1,0,,,,,2020-09-15 06:26:22
19864103,,,0,,,,,,SPECIAL MISTRESS,1,0,0,,4,,0,1,0,,,,,2020-09-15 06:26:22
19864123,,,0,,,,,,SENSEMILLA,1,0,0,,4,1.0,0,1,0,,,,,2020-09-15 06:26:22
19864143,,,0,,,,,,CAYMAN ISLAND,1,0,0,,4,8.0,0,1,0,,,,,2020-09-15 06:26:22
19864163,,,0,,,,,,SHIRLEY'S UP EARLY,1,0,0,,4,,0,1,0,,,,,2020-09-15 06:26:22
19864183,,,0,,,,,,LITTLE EVIE,1,0,0,,4,8.0,0,1,0,,,,,2020-09-15 06:26:22
19864209,,,0,,,,,,BIG DIPLOMAT,1,0,0,,4,,0,1,0,,,,,2020-09-15 06:26:22
19864249,,,0,,,,,,PUDDLE SPLASHER,1,0,0,,4,,0,1,0,,,,,2020-09-15 06:26:22
19864269,,,0,,,,,,MISS SECRETO,1,0,0,,4,1.0,0,1,0,,,,,2020-09-15 06:26:22
19864305,,,0,,,,,,CANADIAN FREIDA,1,0,0,,4,,0,1,0,,,,,2020-09-15 06:26:22
19864325,,,0,,,,,,JESSICA'S ALOMA,1,0,0,,4,1.0,0,1,0,,,,,2020-09-15 06:26:22
19864345,,,0,,,,,,TROPICAL FLING,1,0,0,,4,,0,1,0,,,,,2020-09-15 06:26:22
19864365,,,0,,,,,,COURT OF RANKS,1,0,0,,4,8.0,0,1,0,,,,,2020-09-15 06:26:22
19864385,,,0,,,,,,WINTER DISPLAY,1,0,0,,4,9.0,0,1,0,,,,,2020-09-15 06:26:22
19864401,,,0,,,,,,ENTANGLED WEB,1,0,0,,4,1.0,0,1,0,,,,,2020-09-15 06:26:22
19864421,,,0,,,,,,NANYPACH,1,0,0,,4,,0,1,0,,,,,2020-09-15 06:26:22
19864441,,,0,,,,,,HURRI GLORY,1,0,0,,4,,0,1,0,,,,,2020-09-15 06:26:22
19864461,,,0,,,,,,FARSEEVA,1,0,0,,4,1.0,0,1,0,,,,,2020-09-15 06:26:22
19864481,,,0,,,,,,EXPRESS STAR,1,0,0,,4,1.0,0,1,0,,,,,2020-09-15 06:26:22
19864507,,,0,,,,,,PICK AND STICK,1,0,0,,4,,0,1,0,,,,,2020-09-15 06:26:22
19864527,,,0,,,,,,SWEET SIDE,1,0,0,,4,1.0,0,1,0,,,,,2020-09-15 06:26:22
19864547,,,0,,,,,,TERRIFIC AMBER,1,0,0,,4,,0,1,0,,,,,2020-09-15 06:26:22
19864567,,,0,,,,,,MOMENT OF DARE,1,0,0,,4,,0,1,0,,,,,2020-09-15 06:26:22
19864603,,,0,,,,,,PARRELL'S PARADISE,1,0,0,,4,,0,1,0,,,,,2020-09-15 06:26:22
19864623,,,0,,,,,,CAP D'ARGENT,1,0,0,,4,8.0,0,1,0,,,,,2020-09-15 06:26:22
19864643,,,0,,,,,,JADED RIDGE,1,0,0,,4,,0,1,0,,,,,2020-09-15 06:26:22
19864663,,,0,,,,,,SPREZZATURA,1,0,0,,4,8.0,0,1,0,,,,,2020-09-15 06:26:22
19864683,,,0,,,,,,MOONY'S TOP,1,0,0,,4,1.0,0,1,0,,,,,2020-09-15 06:26:22
19864709,,,0,,,,,,BELIEVING,1,0,0,,4,1.0,0,1,0,,,,,2020-09-15 06:26:22
19864729,,,0,,,,,,PUPPET DANCE,1,0,0,,4,8.0,0,1,0,,,,,2020-09-15 06:26:22
19864749,,,0,,,,,,REGAL FEELING,1,0,0,,4,,0,1,0,,,,,2020-09-15 06:26:22
19864769,,,0,,,,,,IGMAAR,1,0,0,,4,8.0,0,1,0,,,,,2020-09-15 06:26:22
19864805,,,0,,,,,,REGAL ROLLICK,1,0,0,,4,1.0,0,1,0,,,,,2020-09-15 06:26:22
19864825,,,0,,,,,,DOKKI,1,0,0,,4,1.0,0,1,0,,,,,2020-09-15 06:26:22
19864845,,,0,,,,,,PAPER PRINCESS,1,0,0,,4,,0,1,0,,,,,2020-09-15 06:26:22
19864885,,,0,,,,,,CHELSEY DANCER,1,0,0,,4,1.0,0,1,0,,,,,2020-09-15 06:26:22
19864901,,,0,,,,,,FLUTTY,1,0,0,,4,,0,1,0,,,,,2020-09-15 06:26:22
19864921,,,0,,,,,,SLEW O BEAUTY,1,0,0,,4,,0,1,0,,,,,2020-09-15 06:26:22
19864961,,,0,,,,,,MISS LANDERS,1,0,0,,4,,0,1,0,,,,,2020-09-15 06:26:22
19864981,,,0,,,,,,EPISTOLARY,1,0,0,,4,1.0,0,1,0,,,,,2020-09-15 06:26:22
19865004,,,0,,,,,,MADAME BUTTERLY,1,0,0,,4,,0,1,0,,,,,2020-09-15 06:26:22
19865024,,,0,,,,,,HOT PILLOW,1,0,0,,4,1.0,0,1,0,,,,,2020-09-15 06:26:22
19865044,,,0,,,,,,HAY HIGH,1,0,0,,4,1.0,0,1,0,,,,,2020-09-15 06:26:22
19865064,,,0,,,,,,SEXY SLEW,1,0,0,,4,1.0,0,1,0,,,,,2020-09-15 06:26:22
19865084,,,0,,,,,,PHAZANIA,1,0,0,,4,,0,1,0,,,,,2020-09-15 06:26:22
19865120,,,0,,,,,,AMY BE GOOD,1,0,0,,4,1.0,0,1,0,,,,,2020-09-15 06:26:22
19865140,,,0,,,,,,GRAND BLUSH,1,0,0,,4,1.0,0,1,0,,,,,2020-09-15 06:26:22
19865180,,,0,,,,,,MARINAS DUFF,1,0,0,,4,,0,1,0,,,,,2020-09-15 06:26:22
19867700,,,0,,,,,,WE GOT ANNIE,1,0,0,,4,,0,1,0,,,,,2020-09-15 06:26:22
19867720,,,0,,,,,,CHANNEL LIGHT,1,0,0,,4,,0,1,0,,,,,2020-09-15 06:26:22
19868681,,,0,,,,,,BABY SIPS,1,0,0,,4,,0,1,0,,,,,2020-09-15 06:26:22
19869002,,,0,,,,,,POWERFUL HATTIE,1,0,0,,4,,0,1,0,,,,,2020-09-15 06:26:22
19869320,,,0,,,,,,LEMON RIND,1,0,0,,4,,0,1,0,,,,,2020-09-15 06:26:22
19869744,,,0,,,,,,JURISDICTIONAL,1,0,0,,4,,0,1,0,,,,,2020-09-15 06:26:22
19869784,,,0,,,,,,SNOW BRIDE,1,0,0,,4,,0,1,0,,,,,2020-09-15 06:26:22
19869800,,,0,,,,,,DEBS ANGEL,1,0,0,,4,,0,1,0,,,,,2020-09-15 06:26:22
19869906,,,0,,,,,,SHERRY JOHNSON,1,0,0,,4,,0,1,0,,,,,2020-09-15 06:26:22
19869986,,,0,,,,,,CAERNA,1,0,0,,4,,0,1,0,,,,,2020-09-15 06:26:22
19870087,,,0,,,,,,COUR'S KRISSIE,1,0,0,,4,8.0,0,1,0,,,,,2020-09-15 06:26:22
19870103,,,0,,,,,,MICRON,1,0,0,,4,,0,1,0,,,,,2020-09-15 06:26:22
19870183,,,0,,,,,,TRUALLY,1,0,0,,4,8.0,0,1,0,,,,,2020-09-15 06:26:22
19870229,,,0,,,,,,DESERT ORCHID,1,0,0,,4,1.0,0,1,0,,,,,2020-09-15 06:26:22
19870249,,,0,,,,,,HEARTEASE,1,0,0,,4,1.0,0,1,0,,,,,2020-09-15 06:26:22
19870289,,,0,,,,,,ME DE,1,0,0,,4,,0,1,0,,,,,2020-09-15 06:26:22
19870325,,,0,,,,,,LADY K,1,0,0,,4,,0,1,0,,,,,2020-09-15 06:26:22
19870385,,,0,,,,,,FLYING NATALIE,1,0,0,,4,,0,1,0,,,,,2020-09-15 06:26:23
19870401,,,0,,,,,,AULD LANG SYNE,1,0,0,,4,1.0,0,1,0,,,,,2020-09-15 06:26:23
19870421,,,0,,,,,,FRONT DOOR,1,0,0,,4,,0,1,0,,,,,2020-09-15 06:26:23
19870461,,,0,,,,,,AUNT HILDA,1,0,0,,4,,0,1,0,,,,,2020-09-15 06:26:23
19870481,,,0,,,,,,BACKYARD,1,0,0,,4,,0,1,0,,,,,2020-09-15 06:26:23
19870643,,,0,,,,,,TEN TO EIGHT,1,0,0,,4,1.0,0,1,0,,,,,2020-09-15 06:26:23
19870709,,,0,,,,,,SALOME,1,0,0,,4,11.0,0,1,0,,,,,2020-09-15 06:26:23
19870729,,,0,,,,,,BERETTA FIVE,1,0,0,,4,,0,1,0,,,,,2020-09-15 06:26:23
19870769,,,0,,,,,,MISSION ROSE,1,0,0,,4,8.0,0,1,0,,,,,2020-09-15 06:26:23
19870805,,,0,,,,,,PERSONAL GLORY,1,0,0,,4,1.0,0,1,0,,,,,2020-09-15 06:26:23
19870825,,,0,,,,,,DANCE FOR BEV,1,0,0,,4,1.0,0,1,0,,,,,2020-09-15 06:26:23
19870845,,,0,,,,,,SHY MISS,1,0,0,,4,8.0,0,1,0,,,,,2020-09-15 06:26:23
19870865,,,0,,,,,,HOPEFUL PRINCESS,1,0,0,,4,8.0,0,1,0,,,,,2020-09-15 06:26:23
19870885,,,0,,,,,,SASSY MADAME,1,0,0,,4,1.0,0,1,0,,,,,2020-09-15 06:26:23
19870921,,,0,,,,,,SWEET ROMANCE,1,0,0,,4,1.0,0,1,0,,,,,2020-09-15 06:26:23
19870961,,,0,,,,,,WHAT A DRIVE,1,0,0,,4,1.0,0,1,0,,,,,2020-09-15 06:26:23
19871064,,,0,,,,,,DELILAH,1,0,0,,4,1.0,0,1,0,,,,,2020-09-15 06:26:23
19871084,,,0,,,,,,FLYING SMARTEN,1,0,0,,4,1.0,0,1,0,,,,,2020-09-15 06:26:23
19871120,,,0,,,,,,ALLSPEED,1,0,0,,4,1.0,0,1,0,,,,,2020-09-15 06:26:23
19871160,,,0,,,,,,ON GASSAMER WINGS,1,0,0,,4,1.0,0,1,0,,,,,2020-09-15 06:26:23
19871180,,,0,,,,,,BLACK FIGHTER,1,0,0,,4,8.0,0,1,0,,,,,2020-09-15 06:26:23
19871206,,,0,,,,,,LADY SAILOR,1,0,0,,4,1.0,0,1,0,,,,,2020-09-15 06:26:23
19871286,,,0,,,,,,PLAY THE FIELD,1,0,0,,4,,0,1,0,,,,,2020-09-15 06:26:23
19871342,,,0,,,,,,FONTEYN,1,0,0,,4,,0,1,0,,,,,2020-09-15 06:26:23
19871382,,,0,,,,,,RAISED SILENTLY,1,0,0,,4,,0,1,0,,,,,2020-09-15 06:26:23
19871408,,,0,,,,,,JIN SLING,1,0,0,,4,1.0,0,1,0,,,,,2020-09-15 06:26:23
19871448,,,0,,,,,,COVER GIRL,1,0,0,,4,1.0,0,1,0,,,,,2020-09-15 06:26:23
19871468,,,0,,,,,,DANCING BELLE,1,0,0,,4,1.0,0,1,0,,,,,2020-09-15 06:26:23
19871488,,,0,,,,,,I DARE YOU,1,0,0,,4,,0,1,0,,,,,2020-09-15 06:26:23
19871504,,,0,,,,,,PIZZAZ,1,0,0,,4,1.0,0,1,0,,,,,2020-09-15 06:26:23
19871544,,,0,,,,,,COUNT ON TIME,1,0,0,,4,1.0,0,1,0,,,,,2020-09-15 06:26:23
19871584,,,0,,,,,,SYRIAN WINTER,1,0,0,,4,,0,1,0,,,,,2020-09-15 06:26:23
19871680,,,0,,,,,,MARIBOT,1,0,0,,4,1.0,0,1,0,,,,,2020-09-15 06:26:23
19871726,,,0,,,,,,LADY SHANTI,1,0,0,,4,8.0,0,1,0,,,,,2020-09-15 06:26:23
19871746,,,0,,,,,,LADY CHANDRA,1,0,0,,4,8.0,0,1,0,,,,,2020-09-15 06:26:23
19871766,,,0,,,,,,CARIBBEAN PRINCESS,1,0,0,,4,1.0,0,1,0,,,,,2020-09-15 06:26:23
19871786,,,0,,,,,,CRAFTY NAN,1,0,0,,4,8.0,0,1,0,,,,,2020-09-15 06:26:23
19871822,,,0,,,,,,DRUM MAJORETTE,1,0,0,,4,1.0,0,1,0,,,,,2020-09-15 06:26:23
19871842,,,0,,,,,,FAST GIN FIZZ,1,0,0,,4,8.0,0,1,0,,,,,2020-09-15 06:26:23
19871862,,,0,,,,,,SELLING SUNSHINE,1,0,0,,4,1.0,0,1,0,,,,,2020-09-15 06:26:23
19871882,,,0,,,,,,FOOLISH SKY,1,0,0,,4,9.0,0,1,0,,,,,2020-09-15 06:26:23
19871928,,,0,,,,,,TARJA ANN,1,0,0,,4,1.0,0,1,0,,,,,2020-09-15 06:26:23
19871968,,,0,,,,,,PEACEFUL LEGEND,1,0,0,,4,8.0,0,1,0,,,,,2020-09-15 06:26:23
19871988,,,0,,,,,,DANZIG'S BEAUTY,1,0,0,,4,1.0,0,1,0,,,,,2020-09-15 06:26:23
19872001,,,0,,,,,,LEGEND OF BAGDAD,1,0,0,,4,1.0,0,1,0,,,,,2020-09-15 06:26:23
19872041,,,0,,,,,,FRIEND INDEED,1,0,0,,4,11.0,0,1,0,,,,,2020-09-15 06:26:23
19872167,,,0,,,,,,HAIL ATLANTIS,1,0,0,,4,1.0,0,1,0,,,,,2020-09-15 06:26:23
19872187,,,0,,,,,,GREEN POMPADOUR,1,0,0,,4,1.0,0,1,0,,,,,2020-09-15 06:26:23
19872283,,,0,,,,,,PRECISELY,1,0,0,,4,8.0,0,1,0,,,,,2020-09-15 06:26:23
19872349,,,0,,,,,,REGAL RED,1,0,0,,4,8.0,0,1,0,,,,,2020-09-15 06:26:23
19872369,,,0,,,,,,MYSTERY DREAM,1,0,0,,4,1.0,0,1,0,,,,,2020-09-15 06:26:23
19872389,,,0,,,,,,MISS RUNNING VANY,1,0,0,,4,8.0,0,1,0,,,,,2020-09-15 06:26:23
19872405,,,0,,,,,,ALL STARS,1,0,0,,4,8.0,0,1,0,,,,,2020-09-15 06:26:23
19872425,,,0,,,,,,RAIN FORREST,1,0,0,,4,1.0,0,1,0,,,,,2020-09-15 06:26:23
19872465,,,0,,,,,,LITTLE SALLY,1,0,0,,4,1.0,0,1,0,,,,,2020-09-15 06:26:23
19872485,,,0,,,,,,DANCE REHEARSAL,1,0,0,,4,9.0,0,1,0,,,,,2020-09-15 06:26:23
19872521,,,0,,,,,,ENCHANTING RHYTHM,1,0,0,,4,1.0,0,1,0,,,,,2020-09-15 06:26:23
19872541,,,0,,,,,,RUNWAY,1,0,0,,4,1.0,0,1,0,,,,,2020-09-15 06:26:23
19872581,,,0,,,,,,NASERS PRIDE,1,0,0,,4,1.0,0,1,0,,,,,2020-09-15 06:26:23
19872627,,,0,,,,,,FANCIFUL,1,0,0,,4,9.0,0,1,0,,,,,2020-09-15 06:26:23
19872687,,,0,,,,,,FASHION DELIGHT,1,0,0,,4,1.0,0,1,0,,,,,2020-09-15 06:26:23
19872763,,,0,,,,,,ENCHANTED EVENING,1,0,0,,4,1.0,0,1,0,,,,,2020-09-15 06:26:23
19872783,,,0,,,,,,SAM'S REALLY,1,0,0,,4,1.0,0,1,0,,,,,2020-09-15 06:26:23
19872809,,,0,,,,,,STARLIT HOUR,1,0,0,,4,8.0,0,1,0,,,,,2020-09-15 06:26:23
19872829,,,0,,,,,,FASHION DELIGHT,1,0,0,,4,1.0,0,1,0,,,,,2020-09-15 06:26:23
19872849,,,0,,,,,,CRAFTY EMBER,1,0,0,,4,,0,1,0,,,,,2020-09-15 06:26:23
19872889,,,0,,,,,,NIJINSKY'S LOVER,1,0,0,,4,8.0,0,1,0,,,,,2020-09-15 06:26:23
19872905,,,0,,,,,,MUTUAL FEELING,1,0,0,,4,8.0,0,1,0,,,,,2020-09-15 06:26:23
19872945,,,0,,,,,,MAKING PEACE,1,0,0,,4,8.0,0,1,0,,,,,2020-09-15 06:26:23
19872965,,,0,,,,,,DISTINCTLY NATIVE,1,0,0,,4,1.0,0,1,0,,,,,2020-09-15 06:26:23
19872985,,,0,,,,,,DANCING PARTY,1,0,0,,4,1.0,0,1,0,,,,,2020-09-15 06:26:23
19873008,,,0,,,,,,VICEGERENT,1,0,0,,4,1.0,0,1,0,,,,,2020-09-15 06:26:23
19873028,,,0,,,,,,SHE'S A PEACEMAKER,1,0,0,,4,,0,1,0,,,,,2020-09-15 06:26:23
19873048,,,0,,,,,,TRAIN ROBBERY,1,0,0,,4,8.0,0,1,0,,,,,2020-09-15 06:26:23
19873068,,,0,,,,,,INSTEAD OF ROSES,1,0,0,,4,8.0,0,1,0,,,,,2020-09-15 06:26:23
19873088,,,0,,,,,,COAX ME DEAR,1,0,0,,4,1.0,0,1,0,,,,,2020-09-15 06:26:23
19873104,,,0,,,,,,AINT MISBEHAVING,1,0,0,,4,,0,1,0,,,,,2020-09-15 06:26:23
19873124,,,0,,,,,,WILD THING,1,0,0,,4,1.0,0,1,0,,,,,2020-09-15 06:26:23
19873184,,,0,,,,,,TESORA,1,0,0,,4,8.0,0,1,0,,,,,2020-09-15 06:26:23
19873280,,,0,,,,,,BID THE BLUES,1,0,0,,4,1.0,0,1,0,,,,,2020-09-15 06:26:23
19873306,,,0,,,,,,VINTAGE PORT,1,0,0,,4,8.0,0,1,0,,,,,2020-09-15 06:26:23
19873386,,,0,,,,,,FOREVER GREEN,1,0,0,,4,1.0,0,1,0,,,,,2020-09-15 06:26:23
19873402,,,0,,,,,,MILLFORD SOUND,1,0,0,,4,9.0,0,1,0,,,,,2020-09-15 06:26:23
19873442,,,0,,,,,,SPEED TRAP,1,0,0,,4,8.0,0,1,0,,,,,2020-09-15 06:26:23
19873482,,,0,,,,,,ERIE DEARIE,1,0,0,,4,,0,1,0,,,,,2020-09-15 06:26:23
19873508,,,0,,,,,,FAST CAR,1,0,0,,4,8.0,0,1,0,,,,,2020-09-15 06:26:23
19873548,,,0,,,,,,SIOUX QUEEN,1,0,0,,4,9.0,0,1,0,,,,,2020-09-15 06:26:23
19873588,,,0,,,,,,SO FLARE UP,1,0,0,,4,1.0,0,1,0,,,,,2020-09-15 06:26:23
19873604,,,0,,,,,,LADY DIANA,1,0,0,,4,8.0,0,1,0,,,,,2020-09-15 06:26:23
19873664,,,0,,,,,,FEREBEE,1,0,0,,4,,0,1,0,,,,,2020-09-15 06:26:23
19873700,,,0,,,,,,MYSTERY MAKER,1,0,0,,4,1.0,0,1,0,,,,,2020-09-15 06:26:23
19873720,,,0,,,,,,FLYING SQUAW,1,0,0,,4,,0,1,0,,,,,2020-09-15 06:26:23
19873760,,,0,,,,,,TREASURED,1,0,0,,4,1.0,0,1,0,,,,,2020-09-15 06:26:23
19873780,,,0,,,,,,PRIMAL FORCE,1,0,0,,4,1.0,0,1,0,,,,,2020-09-15 06:26:23
19873806,,,0,,,,,,TIGHTLY,1,0,0,,4,8.0,0,1,0,,,,,2020-09-15 06:26:23
19873846,,,0,,,,,,BE YOUR BEST,1,0,0,,4,1.0,0,1,0,,,,,2020-09-15 06:26:23
19873866,,,0,,,,,,WICKED WAYS,1,0,0,,4,8.0,0,1,0,,,,,2020-09-15 06:26:23
19873886,,,0,,,,,,CHARMING LASSIE,1,0,0,,4,,0,1,0,,,,,2020-09-15 06:26:23
19873922,,,0,,,,,,MAGNALENE,1,0,0,,4,1.0,0,1,0,,,,,2020-09-15 06:26:23
19873962,,,0,,,,,,LADY FALLON,1,0,0,,4,1.0,0,1,0,,,,,2020-09-15 06:26:23
19873982,,,0,,,,,,MINTECY,1,0,0,,4,1.0,0,1,0,,,,,2020-09-15 06:26:23
19874005,,,0,,,,,,SHE'SANEXCEPTION,1,0,0,,4,1.0,0,1,0,,,,,2020-09-15 06:26:23
19874085,,,0,,,,,,YARN,1,0,0,,4,,0,1,0,,,,,2020-09-15 06:26:23
19874181,,,0,,,,,,BRIGHT CANDLES,1,0,0,,4,8.0,0,1,0,,,,,2020-09-15 06:26:23
19874287,,,0,,,,,,TEN COUNT,1,0,0,,4,1.0,0,1,0,,,,,2020-09-15 06:26:23
19874363,,,0,,,,,,SPANKING,1,0,0,,4,,0,1,0,,,,,2020-09-15 06:26:23
19874383,,,0,,,,,,LADY ARGYLE,1,0,0,,4,8.0,0,1,0,,,,,2020-09-15 06:26:23
19874429,,,0,,,,,,PEG-GO-GO,1,0,0,,4,8.0,0,1,0,,,,,2020-09-15 06:26:23
19874489,,,0,,,,,,MY SPECIAL SONG,1,0,0,,4,,0,1,0,,,,,2020-09-15 06:26:23
19874505,,,0,,,,,,DON'T WORRY,1,0,0,,4,1.0,0,1,0,,,,,2020-09-15 06:26:23
19874545,,,0,,,,,,INDIAN SQUAW,1,0,0,,4,8.0,0,1,0,,,,,2020-09-15 06:26:23
19874585,,,0,,,,,,CELTIC BRONZE,1,0,0,,4,8.0,0,1,0,,,,,2020-09-15 06:26:23
19874621,,,0,,,,,,HNAUSKA,1,0,0,,4,1.0,0,1,0,,,,,2020-09-15 06:26:23
19874681,,,0,,,,,,WISE BRIDE,1,0,0,,4,1.0,0,1,0,,,,,2020-09-15 06:26:23
19874707,,,0,,,,,,IRRESOLVABLE,1,0,0,,4,1.0,0,1,0,,,,,2020-09-15 06:26:23
19874787,,,0,,,,,,SEATTLE BELLE,1,0,0,,4,1.0,0,1,0,,,,,2020-09-15 06:26:23
19874803,,,0,,,,,,MRS. K,1,0,0,,4,1.0,0,1,0,,,,,2020-09-15 06:26:23
19874883,,,0,,,,,,TWILIGHT ZONE,1,0,0,,4,9.0,0,1,0,,,,,2020-09-15 06:26:23
19874929,,,0,,,,,,DRAGON LADY,1,0,0,,4,1.0,0,1,0,,,,,2020-09-15 06:26:23
19875022,,,0,,,,,,TAMBRIDGE,1,0,0,,4,1.0,0,1,0,,,,,2020-09-15 06:26:23
19875042,,,0,,,,,,SUCCESSOR,1,0,0,,4,1.0,0,1,0,,,,,2020-09-15 06:26:23
19875148,,,0,,,,,,LOVING TROUBLES,1,0,0,,4,1.0,0,1,0,,,,,2020-09-15 06:26:23
19875168,,,0,,,,,,SECRET LARK,1,0,0,,4,8.0,0,1,0,,,,,2020-09-15 06:26:23
19875300,,,0,,,,,,FROLICKING BRIDE,1,0,0,,4,1.0,0,1,0,,,,,2020-09-15 06:26:23
19875406,,,0,,,,,,NONICHE,1,0,0,,4,8.0,0,1,0,,,,,2020-09-15 06:26:23
19875466,,,0,,,,,,FABULOUS WEDDING,1,0,0,,4,,0,1,0,,,,,2020-09-15 06:26:23
19875522,,,0,,,,,,SHE'LL MARCH,1,0,0,,4,,0,1,0,,,,,2020-09-15 06:26:23
19875542,,,0,,,,,,BACK FLACK,1,0,0,,4,1.0,0,1,0,,,,,2020-09-15 06:26:23
19875562,,,0,,,,,,MIDLER,1,0,0,,4,,0,1,0,,,,,2020-09-15 06:26:23
19875608,,,0,,,,,,TAMARISH,1,0,0,,4,1.0,0,1,0,,,,,2020-09-15 06:26:23
19875628,,,0,,,,,,EMMA'S DILEMMA,1,0,0,,4,,0,1,0,,,,,2020-09-15 06:26:23
19875648,,,0,,,,,,LES PRELUDES,1,0,0,,4,8.0,0,1,0,,,,,2020-09-15 06:26:23
19875668,,,0,,,,,,PEARL COVE,1,0,0,,4,,0,1,0,,,,,2020-09-15 06:26:23
19875704,,,0,,,,,,NICOLE'S DECISION,1,0,0,,4,1.0,0,1,0,,,,,2020-09-15 06:26:23
19875860,,,0,,,,,,TEMPTIN' AVIE,1,0,0,,4,1.0,0,1,0,,,,,2020-09-15 06:26:23
19875906,,,0,,,,,,SUNNY TERROR,1,0,0,,4,8.0,0,1,0,,,,,2020-09-15 06:26:23
19875946,,,0,,,,,,R.D.'S QUICK,1,0,0,,4,,0,1,0,,,,,2020-09-15 06:26:23
19876009,,,0,,,,,,TYRA ANN,1,0,0,,4,,0,1,0,,,,,2020-09-15 06:26:23
19876069,,,0,,,,,,COUNTRY CHOSEN,1,0,0,,4,,0,1,0,,,,,2020-09-15 06:26:23
19876403,,,0,,,,,,PINE TREE PATTY,1,0,0,,4,,0,1,0,,,,,2020-09-15 06:26:23
19876549,,,0,,,,,,ALWAYS EAST,1,0,0,,4,,0,1,0,,,,,2020-09-15 06:26:23
19876761,,,0,,,,,,NASAYIM,1,0,0,,4,8.0,0,1,0,,,,,2020-09-15 06:26:23
19877026,,,0,,,,,,GERBERA GIRL,1,0,0,,4,,0,1,0,,,,,2020-09-15 06:26:23
19877066,,,0,,,,,,CRAFTY EXAMPLE,1,0,0,,4,,0,1,0,,,,,2020-09-15 06:26:23
19877102,,,0,,,,,,MICKEY'S HALO,1,0,0,,4,,0,1,0,,,,,2020-09-15 06:26:23
19877162,,,0,,,,,,SUPER YOU,1,0,0,,4,8.0,0,1,0,,,,,2020-09-15 06:26:23
19877364,,,0,,,,,,MY HIGHNESS,1,0,0,,4,,0,1,0,,,,,2020-09-15 06:26:23
19877440,,,0,,,,,,FLASHING SCREEN,1,0,0,,4,,0,1,0,,,,,2020-09-15 06:26:23
19877506,,,0,,,,,,MIZ DINO MITE,1,0,0,,4,1.0,0,1,0,,,,,2020-09-15 06:26:23
19877566,,,0,,,,,,MOLLY MCCANN,1,0,0,,4,,0,1,0,,,,,2020-09-15 06:26:23
19877622,,,0,,,,,,THIRD COMET,1,0,0,,4,,0,1,0,,,,,2020-09-15 06:26:23
19877728,,,0,,,,,,NEEDS A NAME,1,0,0,,4,,0,1,0,,,,,2020-09-15 06:26:23
19877768,,,0,,,,,,HALEALLAH TREE,1,0,0,,4,,0,1,0,,,,,2020-09-15 06:26:23
19877900,,,0,,,,,,LOST SECRET,1,0,0,,4,,0,1,0,,,,,2020-09-15 06:26:23
19877920,,,0,,,,,,TRISTAGE ROCKETTE,1,0,0,,4,,0,1,0,,,,,2020-09-15 06:26:23
19877960,,,0,,,,,,SUSIE SOUTHWORTH,1,0,0,,4,9.0,0,1,0,,,,,2020-09-15 06:26:23
19880065,,,0,,,,,,ALL ABOARD,1,0,0,,4,8.0,0,1,0,,,,,2020-09-15 06:26:23
19880085,,,0,,,,,,FOREVER NORTH,1,0,0,,4,8.0,0,1,0,,,,,2020-09-15 06:26:23
19880181,,,0,,,,,,FATEFUL,1,0,0,,4,8.0,0,1,0,,,,,2020-09-15 06:26:23
19880267,,,0,,,,,,INFINITY,1,0,0,,4,1.0,0,1,0,,,,,2020-09-15 06:26:23
19880287,,,0,,,,,,IN CONTROL,1,0,0,,4,,0,1,0,,,,,2020-09-15 06:26:23
19880323,,,0,,,,,,PRIME PLUS,1,0,0,,4,1.0,0,1,0,,,,,2020-09-15 06:26:23
19880383,,,0,,,,,,SNOWRICO,1,0,0,,4,8.0,0,1,0,,,,,2020-09-15 06:26:23
19880429,,,0,,,,,,MIDNIGHT ANGEL,1,0,0,,4,1.0,0,1,0,,,,,2020-09-15 06:26:23
19880449,,,0,,,,,,THE BEST,1,0,0,,4,8.0,0,1,0,,,,,2020-09-15 06:26:23
19880469,,,0,,,,,,BEL-AIR,1,0,0,,4,8.0,0,1,0,,,,,2020-09-15 06:26:23
19880489,,,0,,,,,,BEEN COUNTER,1,0,0,,4,1.0,0,1,0,,,,,2020-09-15 06:26:23
19880545,,,0,,,,,,TERMINATOR,1,0,0,,4,1.0,0,1,0,,,,,2020-09-15 06:26:23
19880565,,,0,,,,,,SUPREME GLOW,1,0,0,,4,11.0,0,1,0,,,,,2020-09-15 06:26:23
19880585,,,0,,,,,,TOP KNOT,1,0,0,,4,1.0,0,1,0,,,,,2020-09-15 06:26:23
19880601,,,0,,,,,,RAINBOW'S END,1,0,0,,4,1.0,0,1,0,,,,,2020-09-15 06:26:23
19880621,,,0,,,,,,INTENTIONAL,1,0,0,,4,1.0,0,1,0,,,,,2020-09-15 06:26:23
19880641,,,0,,,,,,THE TEACHER,1,0,0,,4,1.0,0,1,0,,,,,2020-09-15 06:26:23
19880681,,,0,,,,,,SILVER ORE GOLD,1,0,0,,4,,0,1,0,,,,,2020-09-15 06:26:23
19880727,,,0,,,,,,PACIFIC PRINCESS,1,0,0,,4,9.0,0,1,0,,,,,2020-09-15 06:26:23
19880767,,,0,,,,,,LIFE'S FANTASY,1,0,0,,4,1.0,0,1,0,,,,,2020-09-15 06:26:23
19880787,,,0,,,,,,AURORA,1,0,0,,4,,0,1,0,,,,,2020-09-15 06:26:23
19880803,,,0,,,,,,DAMEWOOD,1,0,0,,4,,0,1,0,,,,,2020-09-15 06:26:23
19880823,,,0,,,,,,JAZZY ME,1,0,0,,4,1.0,0,1,0,,,,,2020-09-15 06:26:23
19880863,,,0,,,,,,MCCAREN,1,0,0,,4,,0,1,0,,,,,2020-09-15 06:26:23
19880883,,,0,,,,,,FALLING RAIN,1,0,0,,4,8.0,0,1,0,,,,,2020-09-15 06:26:23
19880929,,,0,,,,,,QUEEN M.W.,1,0,0,,4,1.0,0,1,0,,,,,2020-09-15 06:26:23
19880989,,,0,,,,,,AIMEES SUPRISE,1,0,0,,4,1.0,0,1,0,,,,,2020-09-15 06:26:23
19881062,,,0,,,,,,POORLITTLERICHGIRL,1,0,0,,4,8.0,0,1,0,,,,,2020-09-15 06:26:23
19881082,,,0,,,,,,HALO'S DAUGHTER,1,0,0,,4,8.0,0,1,0,,,,,2020-09-15 06:26:23
19881188,,,0,,,,,,CHOSEN BOOK,1,0,0,,4,1.0,0,1,0,,,,,2020-09-15 06:26:23
19881204,,,0,,,,,,SPLENDOUR,1,0,0,,4,1.0,0,1,0,,,,,2020-09-15 06:26:23
19881244,,,0,,,,,,KELLY,1,0,0,,4,8.0,0,1,0,,,,,2020-09-15 06:26:23
19881264,,,0,,,,,,JEWELOFTHEHEART,1,0,0,,4,8.0,0,1,0,,,,,2020-09-15 06:26:23
19881284,,,0,,,,,,TROTH,1,0,0,,4,8.0,0,1,0,,,,,2020-09-15 06:26:23
19881340,,,0,,,,,,ASHLEY'S RAINBOW,1,0,0,,4,8.0,0,1,0,,,,,2020-09-15 06:26:23
19881360,,,0,,,,,,MAGESTERIALCOMMAND,1,0,0,,4,8.0,0,1,0,,,,,2020-09-15 06:26:23
19881426,,,0,,,,,,UNREACHABLE STAR,1,0,0,,4,1.0,0,1,0,,,,,2020-09-15 06:26:23
19881446,,,0,,,,,,CALL ME SALLY,1,0,0,,4,8.0,0,1,0,,,,,2020-09-15 06:26:23
19881466,,,0,,,,,,BEST FLYER,1,0,0,,4,1.0,0,1,0,,,,,2020-09-15 06:26:23
19881486,,,0,,,,,,ELEVEN O' CLICK,1,0,0,,4,,0,1,0,,,,,2020-09-15 06:26:23
19881522,,,0,,,,,,THE EDITOR,1,0,0,,4,9.0,0,1,0,,,,,2020-09-15 06:26:23
19881542,,,0,,,,,,SAN PAGO,1,0,0,,4,1.0,0,1,0,,,,,2020-09-15 06:26:23
19881562,,,0,,,,,,PEACE LINE,1,0,0,,4,8.0,0,1,0,,,,,2020-09-15 06:26:23
19881582,,,0,,,,,,SHINE ON SARAH,1,0,0,,4,1.0,0,1,0,,,,,2020-09-15 06:26:23
19881648,,,0,,,,,,CUT TO BLACK,1,0,0,,4,,0,1,0,,,,,2020-09-15 06:26:23
19881688,,,0,,,,,,MUSICAL MARCH,1,0,0,,4,,0,1,0,,,,,2020-09-15 06:26:23
19881784,,,0,,,,,,GEORGE'S COLLEEN,1,0,0,,4,,0,1,0,,,,,2020-09-15 06:26:23
19881800,,,0,,,,,,PATTY KISS,1,0,0,,4,,0,1,0,,,,,2020-09-15 06:26:23
19881820,,,0,,,,,,TRIPLE TOP,1,0,0,,4,,0,1,0,,,,,2020-09-15 06:26:23
19881840,,,0,,,,,,GALLERIA,1,0,0,,4,1.0,0,1,0,,,,,2020-09-15 06:26:23
19881860,,,0,,,,,,LOVE CHILD,1,0,0,,4,1.0,0,1,0,,,,,2020-09-15 06:26:23
19881880,,,0,,,,,,CHIMES BIRD,1,0,0,,4,1.0,0,1,0,,,,,2020-09-15 06:26:23
19881926,,,0,,,,,,BOARDWALK,1,0,0,,4,1.0,0,1,0,,,,,2020-09-15 06:26:23
19881946,,,0,,,,,,CARRIE RED,1,0,0,,4,8.0,0,1,0,,,,,2020-09-15 06:26:23
19881986,,,0,,,,,,ARBITRAGE LADY,1,0,0,,4,,0,1,0,,,,,2020-09-15 06:26:23
19882089,,,0,,,,,,ERSATZ,1,0,0,,4,1.0,0,1,0,,,,,2020-09-15 06:26:23
19882125,,,0,,,,,,MISDEMEANOR,1,0,0,,4,8.0,0,1,0,,,,,2020-09-15 06:26:23
19882145,,,0,,,,,,MARY REID,1,0,0,,4,1.0,0,1,0,,,,,2020-09-15 06:26:23
19882165,,,0,,,,,,WILD ORCHID,1,0,0,,4,8.0,0,1,0,,,,,2020-09-15 06:26:23
19882185,,,0,,,,,,MINISKIP,1,0,0,,4,1.0,0,1,0,,,,,2020-09-15 06:26:23
19882221,,,0,,,,,,RESTLESS LOVE,1,0,0,,4,8.0,0,1,0,,,,,2020-09-15 06:26:23
19882281,,,0,,,,,,SURPRISE NEWS,1,0,0,,4,1.0,0,1,0,,,,,2020-09-15 06:26:23
19882307,,,0,,,,,,CARIBBEAN MELODY,1,0,0,,4,8.0,0,1,0,,,,,2020-09-15 06:26:23
19882327,,,0,,,,,,QUESTION,1,0,0,,4,8.0,0,1,0,,,,,2020-09-15 06:26:23
19882387,,,0,,,,,,GINNY DARE,1,0,0,,4,1.0,0,1,0,,,,,2020-09-15 06:26:23
19882403,,,0,,,,,,TARA,1,0,0,,4,8.0,0,1,0,,,,,2020-09-15 06:26:23
19882483,,,0,,,,,,MADAM PRESIDENT,1,0,0,,4,8.0,0,1,0,,,,,2020-09-15 06:26:23
19882549,,,0,,,,,,HIGHLAND SPIRIT,1,0,0,,4,,0,1,0,,,,,2020-09-15 06:26:23
19882569,,,0,,,,,,SUE ELLEN,1,0,0,,4,1.0,0,1,0,,,,,2020-09-15 06:26:23
19882589,,,0,,,,,,DAWN ON,1,0,0,,4,1.0,0,1,0,,,,,2020-09-15 06:26:23
19882605,,,0,,,,,,SHEER ECSTASY,1,0,0,,4,11.0,0,1,0,,,,,2020-09-15 06:26:23
19882685,,,0,,,,,,LIMBERLOST STAR,1,0,0,,4,1.0,0,1,0,,,,,2020-09-15 06:26:23
19882781,,,0,,,,,,BECKY'S QUEEN,1,0,0,,4,8.0,0,1,0,,,,,2020-09-15 06:26:23
19882807,,,0,,,,,,CHACHA BAMBA,1,0,0,,4,,0,1,0,,,,,2020-09-15 06:26:23
19882827,,,0,,,,,,ALIZEA,1,0,0,,4,1.0,0,1,0,,,,,2020-09-15 06:26:23
19882847,,,0,,,,,,SUMMER PLAY,1,0,0,,4,1.0,0,1,0,,,,,2020-09-15 06:26:23
19882867,,,0,,,,,,LADY BLESSINGTON,1,0,0,,4,8.0,0,1,0,,,,,2020-09-15 06:26:23
19882887,,,0,,,,,,ANGELIC SONG,1,0,0,,4,8.0,0,1,0,,,,,2020-09-15 06:26:23
19882983,,,0,,,,,,MISS FAPPIANO,1,0,0,,4,1.0,0,1,0,,,,,2020-09-15 06:26:23
19883006,,,0,,,,,,SOCA,1,0,0,,4,,0,1,0,,,,,2020-09-15 06:26:23
19883026,,,0,,,,,,REVERBERATION,1,0,0,,4,,0,1,0,,,,,2020-09-15 06:26:23
19883182,,,0,,,,,,FREEWAY TRICKSTER,1,0,0,,4,1.0,0,1,0,,,,,2020-09-15 06:26:23
19883208,,,0,,,,,,MARACAIBO,1,0,0,,4,8.0,0,1,0,,,,,2020-09-15 06:26:23
19883248,,,0,,,,,,MISS KONG,1,0,0,,4,4.0,0,1,0,,,,,2020-09-15 06:26:23
19883268,,,0,,,,,,THIEF OF HEARTS,1,0,0,,4,1.0,0,1,0,,,,,2020-09-15 06:26:23
19883288,,,0,,,,,,PLATINUM PAWS,1,0,0,,4,,0,1,0,,,,,2020-09-15 06:26:23
19883304,,,0,,,,,,KIKI,1,0,0,,4,1.0,0,1,0,,,,,2020-09-15 06:26:23
19883364,,,0,,,,,,HIGH CHAMPION,1,0,0,,4,1.0,0,1,0,,,,,2020-09-15 06:26:23
19883384,,,0,,,,,,SUNNY MIMOSA,1,0,0,,4,8.0,0,1,0,,,,,2020-09-15 06:26:23
19883460,,,0,,,,,,WINNING BID,1,0,0,,4,9.0,0,1,0,,,,,2020-09-15 06:26:23
19883480,,,0,,,,,,IMPERFECT CIRCLE,1,0,0,,4,,0,1,0,,,,,2020-09-15 06:26:23
19883506,,,0,,,,,,FRENCH LYNE,1,0,0,,4,8.0,0,1,0,,,,,2020-09-15 06:26:23
19883526,,,0,,,,,,AIRMAIL,1,0,0,,4,8.0,0,1,0,,,,,2020-09-15 06:26:23
19883546,,,0,,,,,,GEISHA GIRL,1,0,0,,4,1.0,0,1,0,,,,,2020-09-15 06:26:23
19883586,,,0,,,,,,WASSILA,1,0,0,,4,1.0,0,1,0,,,,,2020-09-15 06:26:23
19883642,,,0,,,,,,COAT OF ARMS,1,0,0,,4,1.0,0,1,0,,,,,2020-09-15 06:26:23
19883682,,,0,,,,,,GARDEN GAL,1,0,0,,4,,0,1,0,,,,,2020-09-15 06:26:23
19883708,,,0,,,,,,DIAMOND SOCKS,1,0,0,,4,9.0,0,1,0,,,,,2020-09-15 06:26:23
19883788,,,0,,,,,,CLEVER MONIQUE,1,0,0,,4,1.0,0,1,0,,,,,2020-09-15 06:26:23
19883804,,,0,,,,,,TRICKY GAME,1,0,0,,4,,0,1,0,,,,,2020-09-15 06:26:23
19883824,,,0,,,,,,SABAAH,1,0,0,,4,8.0,0,1,0,,,,,2020-09-15 06:26:23
19883844,,,0,,,,,,GAY DE  L'ORNE,1,0,0,,4,1.0,0,1,0,,,,,2020-09-15 06:26:23
19883864,,,0,,,,,,MISS COLIWOBBLES,1,0,0,,4,1.0,0,1,0,,,,,2020-09-15 06:26:23
19883884,,,0,,,,,,ALMA'S MOTEL,1,0,0,,4,,0,1,0,,,,,2020-09-15 06:26:23
19883920,,,0,,,,,,TANTRUM,1,0,0,,4,2.0,0,1,0,,,,,2020-09-15 06:26:23
19883980,,,0,,,,,,FROSTY FELINE,1,0,0,,4,1.0,0,1,0,,,,,2020-09-15 06:26:23
19884043,,,0,,,,,,CHIE LIU POO,1,0,0,,4,1.0,0,1,0,,,,,2020-09-15 06:26:23
19884083,,,0,,,,,,IN YOUR SIGHTS,1,0,0,,4,8.0,0,1,0,,,,,2020-09-15 06:26:23
19884129,,,0,,,,,,ASHROJ,1,0,0,,4,1.0,0,1,0,,,,,2020-09-15 06:26:23
19884149,,,0,,,,,,CATHERINE PEEK,1,0,0,,4,1.0,0,1,0,,,,,2020-09-15 06:26:23
19884189,,,0,,,,,,LA PAZ,1,0,0,,4,1.0,0,1,0,,,,,2020-09-15 06:26:23
19884205,,,0,,,,,,SOVEREIGN GIFT,1,0,0,,4,1.0,0,1,0,,,,,2020-09-15 06:26:23
19884225,,,0,,,,,,TRADITIONAL,1,0,0,,4,1.0,0,1,0,,,,,2020-09-15 06:26:23
19884265,,,0,,,,,,TRAVEL AGENT,1,0,0,,4,1.0,0,1,0,,,,,2020-09-15 06:26:23
19884285,,,0,,,,,,GALA'S STAR,1,0,0,,4,1.0,0,1,0,,,,,2020-09-15 06:26:23
19884381,,,0,,,,,,GOLDEN GUINEA,1,0,0,,4,1.0,0,1,0,,,,,2020-09-15 06:26:23
19884407,,,0,,,,,,AN AIR FROLIC,1,0,0,,4,,0,1,0,,,,,2020-09-15 06:26:23
19884447,,,0,,,,,,SHE'S A LION,1,0,0,,4,1.0,0,1,0,,,,,2020-09-15 06:26:23
19884467,,,0,,,,,,LEMHI BELLE,1,0,0,,4,,0,1,0,,,,,2020-09-15 06:26:23
19884487,,,0,,,,,,VERSAILLES TREATY,1,0,0,,4,1.0,0,1,0,,,,,2020-09-15 06:26:23
19884583,,,0,,,,,,ON A BROOMSTICK,1,0,0,,4,,0,1,0,,,,,2020-09-15 06:26:23
19884689,,,0,,,,,,SANTA CATALINA,1,0,0,,4,1.0,0,1,0,,,,,2020-09-15 06:26:23
19884705,,,0,,,,,,BRENDA'S SECRET,1,0,0,,4,8.0,0,1,0,,,,,2020-09-15 06:26:23
19884725,,,0,,,,,,AJAB,1,0,0,,4,1.0,0,1,0,,,,,2020-09-15 06:26:23
19884745,,,0,,,,,,OUR BEAT,1,0,0,,4,,0,1,0,,,,,2020-09-15 06:26:23
19884785,,,0,,,,,,SECRET'S HALO,1,0,0,,4,1.0,0,1,0,,,,,2020-09-15 06:26:23
19884821,,,0,,,,,,CLASSIC MANUVER,1,0,0,,4,8.0,0,1,0,,,,,2020-09-15 06:26:23
19884881,,,0,,,,,,WIN CRAFTY LADY,1,0,0,,4,8.0,0,1,0,,,,,2020-09-15 06:26:23
19884967,,,0,,,,,,KAY BIRD,1,0,0,,4,11.0,0,1,0,,,,,2020-09-15 06:26:23
19884987,,,0,,,,,,DEAREST DESERT,1,0,0,,4,8.0,0,1,0,,,,,2020-09-15 06:26:23
19885020,,,0,,,,,,PRINCESS MILLY,1,0,0,,4,1.0,0,1,0,,,,,2020-09-15 06:26:23
19885080,,,0,,,,,,GREENISLANDANCER,1,0,0,,4,1.0,0,1,0,,,,,2020-09-15 06:26:23
19885106,,,0,,,,,,FLYING MAL,1,0,0,,4,1.0,0,1,0,,,,,2020-09-15 06:26:23
19885186,,,0,,,,,,DAWN SIDE,1,0,0,,4,,0,1,0,,,,,2020-09-15 06:26:23
19885202,,,0,,,,,,GALLOPING DRAGON,1,0,0,,4,9.0,0,1,0,,,,,2020-09-15 06:26:23
19885222,,,0,,,,,,NICE ASSAY,1,0,0,,4,,0,1,0,,,,,2020-09-15 06:26:23
19885242,,,0,,,,,,JUDY BEHAR,1,0,0,,4,1.0,0,1,0,,,,,2020-09-15 06:26:23
19885262,,,0,,,,,,KALS PLANTAIN,1,0,0,,4,1.0,0,1,0,,,,,2020-09-15 06:26:23
19885282,,,0,,,,,,SUE WARNER,1,0,0,,4,,0,1,0,,,,,2020-09-15 06:26:23
19885308,,,0,,,,,,SHARED INTEREST,1,0,0,,4,1.0,0,1,0,,,,,2020-09-15 06:26:23
19885368,,,0,,,,,,ESCAPEE,1,0,0,,4,1.0,0,1,0,,,,,2020-09-15 06:26:23
19885404,,,0,,,,,,COMMADORESS,1,0,0,,4,1.0,0,1,0,,,,,2020-09-15 06:26:23
19885424,,,0,,,,,,EXCEPTIONAL TYPE,1,0,0,,4,1.0,0,1,0,,,,,2020-09-15 06:26:23
19885444,,,0,,,,,,CALYPSO MUSIC,1,0,0,,4,1.0,0,1,0,,,,,2020-09-15 06:26:23
19885464,,,0,,,,,,CLASSICAL MUSIC,1,0,0,,4,1.0,0,1,0,,,,,2020-09-15 06:26:23
19885540,,,0,,,,,,KEY WEST,1,0,0,,4,8.0,0,1,0,,,,,2020-09-15 06:26:23
19885666,,,0,,,,,,IN THE GROOVE,1,0,0,,4,8.0,0,1,0,,,,,2020-09-15 06:26:23
19885762,,,0,,,,,,RING SEEKER,1,0,0,,4,11.0,0,1,0,,,,,2020-09-15 06:26:23
19885944,,,0,,,,,,JEWEL GARDEN,1,0,0,,4,1.0,0,1,0,,,,,2020-09-15 06:26:23
19886027,,,0,,,,,,EASILY ROMANCED,1,0,0,,4,1.0,0,1,0,,,,,2020-09-15 06:26:23
19886047,,,0,,,,,,JENNIFER'S JEWEL,1,0,0,,4,4.0,0,1,0,,,,,2020-09-15 06:26:23
19886067,,,0,,,,,,LAKEFIELD,1,0,0,,4,1.0,0,1,0,,,,,2020-09-15 06:26:23
19886103,,,0,,,,,,MAJESTIC LIBBY,1,0,0,,4,8.0,0,1,0,,,,,2020-09-15 06:26:23
19886123,,,0,,,,,,DATABLE MISS,1,0,0,,4,,0,1,0,,,,,2020-09-15 06:26:23
19886143,,,0,,,,,,OUR PAVLOVA,1,0,0,,4,,0,1,0,,,,,2020-09-15 06:26:23
19886209,,,0,,,,,,CHRIS APPEAL,1,0,0,,4,,0,1,0,,,,,2020-09-15 06:26:23
19886249,,,0,,,,,,BALANCING ACT,1,0,0,,4,1.0,0,1,0,,,,,2020-09-15 06:26:23
19886269,,,0,,,,,,TRAVELING EXPENCES,1,0,0,,4,,0,1,0,,,,,2020-09-15 06:26:23
19886325,,,0,,,,,,COMEBACK TIME,1,0,0,,4,,0,1,0,,,,,2020-09-15 06:26:23
19886345,,,0,,,,,,PROUD DAMSEL,1,0,0,,4,9.0,0,1,0,,,,,2020-09-15 06:26:23
19886527,,,0,,,,,,SETALL,1,0,0,,4,,0,1,0,,,,,2020-09-15 06:26:23
19886547,,,0,,,,,,LOU B LOU,1,0,0,,4,8.0,0,1,0,,,,,2020-09-15 06:26:23
19886603,,,0,,,,,,IN THE FOG,1,0,0,,4,9.0,0,1,0,,,,,2020-09-15 06:26:23
19886643,,,0,,,,,,STARSTRUCK ACTRESS,1,0,0,,4,,0,1,0,,,,,2020-09-15 06:26:23
19886709,,,0,,,,,,GIFT GIRL,1,0,0,,4,,0,1,0,,,,,2020-09-15 06:26:23
19886729,,,0,,,,,,DEVILISH INTENT,1,0,0,,4,,0,1,0,,,,,2020-09-15 06:26:23
19886805,,,0,,,,,,PURE PRINCIPLES,1,0,0,,4,,0,1,0,,,,,2020-09-15 06:26:23
19887024,,,0,,,,,,POLISH CORRIDOR,1,0,0,,4,1.0,0,1,0,,,,,2020-09-15 06:26:23
19887100,,,0,,,,,,AMERICAN MONEY,1,0,0,,4,,0,1,0,,,,,2020-09-15 06:26:23
19887226,,,0,,,,,,LATIN DISCOVERY,1,0,0,,4,,0,1,0,,,,,2020-09-15 06:26:23
19887246,,,0,,,,,,ALL TOLD,1,0,0,,4,,0,1,0,,,,,2020-09-15 06:26:23
19887342,,,0,,,,,,NAN'S COURT,1,0,0,,4,,0,1,0,,,,,2020-09-15 06:26:23
19887408,,,0,,,,,,WAVERLY'S EAGLE,1,0,0,,4,,0,1,0,,,,,2020-09-15 06:26:23
19887428,,,0,,,,,,BELLA ISABELLA,1,0,0,,4,8.0,0,1,0,,,,,2020-09-15 06:26:23
19887524,,,0,,,,,,HOLLYWOOD ANGEL,1,0,0,,4,,0,1,0,,,,,2020-09-15 06:26:23
19887600,,,0,,,,,,BABY BOLD,1,0,0,,4,1.0,0,1,0,,,,,2020-09-15 06:26:23
19887660,,,0,,,,,,LIGHTEN UP ALREADY,1,0,0,,4,,0,1,0,,,,,2020-09-15 06:26:23
19887706,,,0,,,,,,RED JOURNEY,1,0,0,,4,,0,1,0,,,,,2020-09-15 06:26:23
19887908,,,0,,,,,,NO CHATTER PLEASE,1,0,0,,4,,0,1,0,,,,,2020-09-15 06:26:23
19887948,,,0,,,,,,TIMELESS ELEGANCE,1,0,0,,4,8.0,0,1,0,,,,,2020-09-15 06:26:23
19888001,,,0,,,,,,POLISH HOLIDAY,1,0,0,,4,,0,1,0,,,,,2020-09-15 06:26:23
19890043,,,0,,,,,,PAN HANDLE,1,0,0,,4,1.0,0,1,0,,,,,2020-09-15 06:26:23
19890083,,,0,,,,,,CANDY KISSES,1,0,0,,4,1.0,0,1,0,,,,,2020-09-15 06:26:23
19890109,,,0,,,,,,RIVER MONARCH,1,0,0,,4,1.0,0,1,0,,,,,2020-09-15 06:26:23
19890169,,,0,,,,,,THIS BUDS FOR YOU,1,0,0,,4,1.0,0,1,0,,,,,2020-09-15 06:26:23
19890301,,,0,,,,,,CIRCLE SYNDROME,1,0,0,,4,9.0,0,1,0,,,,,2020-09-15 06:26:23
19890341,,,0,,,,,,LADY ACCURA,1,0,0,,4,1.0,0,1,0,,,,,2020-09-15 06:26:23
19890523,,,0,,,,,,BANK CLERK,1,0,0,,4,8.0,0,1,0,,,,,2020-09-15 06:26:23
19890543,,,0,,,,,,THAT'S MY GIRL,1,0,0,,4,8.0,0,1,0,,,,,2020-09-15 06:26:23
19890563,,,0,,,,,,ALEISHA,1,0,0,,4,1.0,0,1,0,,,,,2020-09-15 06:26:23
19890583,,,0,,,,,,HONEY ROASTED,1,0,0,,4,1.0,0,1,0,,,,,2020-09-15 06:26:23
19890609,,,0,,,,,,JUST ABOUT DAWN,1,0,0,,4,8.0,0,1,0,,,,,2020-09-15 06:26:23
19890649,,,0,,,,,,WET'N'WILD,1,0,0,,4,1.0,0,1,0,,,,,2020-09-15 06:26:23
19890765,,,0,,,,,,YOU FIDDLE OK,1,0,0,,4,9.0,0,1,0,,,,,2020-09-15 06:26:23
19890967,,,0,,,,,,THAT'S OK,1,0,0,,4,11.0,0,1,0,,,,,2020-09-15 06:26:23
19890987,,,0,,,,,,STRONGEST DANCER,1,0,0,,4,8.0,0,1,0,,,,,2020-09-15 06:26:23
19891060,,,0,,,,,,JODIE ANN,1,0,0,,4,8.0,0,1,0,,,,,2020-09-15 06:26:23
19891166,,,0,,,,,,AFRICAN EXPERIENCE,1,0,0,,4,1.0,0,1,0,,,,,2020-09-15 06:26:23
19891222,,,0,,,,,,HEARTFUL,1,0,0,,4,1.0,0,1,0,,,,,2020-09-15 06:26:23
19891348,,,0,,,,,,PERSIAN HEIGHTS,1,0,0,,4,1.0,0,1,0,,,,,2020-09-15 06:26:23
19891368,,,0,,,,,,FIRST DEGREE,1,0,0,,4,8.0,0,1,0,,,,,2020-09-15 06:26:23
19891464,,,0,,,,,,AMANDALENE,1,0,0,,4,1.0,0,1,0,,,,,2020-09-15 06:26:23
19891560,,,0,,,,,,EVIAN,1,0,0,,4,9.0,0,1,0,,,,,2020-09-15 06:26:23
19891580,,,0,,,,,,OUT AND ABOUT,1,0,0,,4,1.0,0,1,0,,,,,2020-09-15 06:26:23
19891646,,,0,,,,,,EXOTIC RULER,1,0,0,,4,1.0,0,1,0,,,,,2020-09-15 06:26:23
19891702,,,0,,,,,,STATE SECRET,1,0,0,,4,1.0,0,1,0,,,,,2020-09-15 06:26:23
19891808,,,0,,,,,,THEATRICS,1,0,0,,4,1.0,0,1,0,,,,,2020-09-15 06:26:23
19891904,,,0,,,,,,DANCING SALLY,1,0,0,,4,8.0,0,1,0,,,,,2020-09-15 06:26:23
19891944,,,0,,,,,,HIGH LIGHT,1,0,0,,4,1.0,0,1,0,,,,,2020-09-15 06:26:23
19892047,,,0,,,,,,LADY RANKING,1,0,0,,4,8.0,0,1,0,,,,,2020-09-15 06:26:23
19892087,,,0,,,,,,PRIVATE NUMBER,1,0,0,,4,1.0,0,1,0,,,,,2020-09-15 06:26:23
19892103,,,0,,,,,,PRIMA DONNA,1,0,0,,4,,0,1,0,,,,,2020-09-15 06:26:23
19892163,,,0,,,,,,MEKAMARA,1,0,0,,4,1.0,0,1,0,,,,,2020-09-15 06:26:23
19892183,,,0,,,,,,KATARENA,1,0,0,,4,9.0,0,1,0,,,,,2020-09-15 06:26:23
19892269,,,0,,,,,,REVEL,1,0,0,,4,9.0,0,1,0,,,,,2020-09-15 06:26:23
19892305,,,0,,,,,,MEHDULLAH,1,0,0,,4,11.0,0,1,0,,,,,2020-09-15 06:26:23
19892385,,,0,,,,,,RING TAIL,1,0,0,,4,,0,1,0,,,,,2020-09-15 06:26:23
19892401,,,0,,,,,,CLASSIQUE,1,0,0,,4,1.0,0,1,0,,,,,2020-09-15 06:26:23
19892421,,,0,,,,,,GONG-GONG,1,0,0,,4,8.0,0,1,0,,,,,2020-09-15 06:26:23
19892623,,,0,,,,,,HARBOUR SHARK,1,0,0,,4,8.0,0,1,0,,,,,2020-09-15 06:26:23
19892663,,,0,,,,,,PRINCESS TERUKU,1,0,0,,4,1.0,0,1,0,,,,,2020-09-15 06:26:23
19892825,,,0,,,,,,BOLD ELEGANCE,1,0,0,,4,1.0,0,1,0,,,,,2020-09-15 06:26:24
19892901,,,0,,,,,,NORTHERN AIR,1,0,0,,4,1.0,0,1,0,,,,,2020-09-15 06:26:24
19892921,,,0,,,,,,MISS JAMAICA,1,0,0,,4,1.0,0,1,0,,,,,2020-09-15 06:26:24
19892981,,,0,,,,,,TAMBU,1,0,0,,4,1.0,0,1,0,,,,,2020-09-15 06:26:24
19893004,,,0,,,,,,LIVING TO WIN,1,0,0,,4,1.0,0,1,0,,,,,2020-09-15 06:26:24
19893024,,,0,,,,,,SWEET DESIRE,1,0,0,,4,1.0,0,1,0,,,,,2020-09-15 06:26:24
19893044,,,0,,,,,,BRISITA,1,0,0,,4,8.0,0,1,0,,,,,2020-09-15 06:26:24
19893120,,,0,,,,,,NEW ATTITUDE,1,0,0,,4,1.0,0,1,0,,,,,2020-09-15 06:26:24
19893140,,,0,,,,,,SOFT NICK,1,0,0,,4,1.0,0,1,0,,,,,2020-09-15 06:26:24
19893160,,,0,,,,,,MISS LAID,1,0,0,,4,1.0,0,1,0,,,,,2020-09-15 06:26:24
19893226,,,0,,,,,,TERMSOFENDEARMENT,1,0,0,,4,1.0,0,1,0,,,,,2020-09-15 06:26:24
19893362,,,0,,,,,,DELICATE TOUCH,1,0,0,,4,1.0,0,1,0,,,,,2020-09-15 06:26:24
19893408,,,0,,,,,,TRIPP TRIAL,1,0,0,,4,1.0,0,1,0,,,,,2020-09-15 06:26:24
19893584,,,0,,,,,,POWER PIN,1,0,0,,4,1.0,0,1,0,,,,,2020-09-15 06:26:24
19893660,,,0,,,,,,ROYAL INVITATION,1,0,0,,4,8.0,0,1,0,,,,,2020-09-15 06:26:24
19893706,,,0,,,,,,ZANDALEE,1,0,0,,4,8.0,0,1,0,,,,,2020-09-15 06:26:24
19893726,,,0,,,,,,ABOVE AVERAGE,1,0,0,,4,1.0,0,1,0,,,,,2020-09-15 06:26:24
19893746,,,0,,,,,,MOONFLOWER,1,0,0,,4,1.0,0,1,0,,,,,2020-09-15 06:26:24
19893786,,,0,,,,,,MA CHANSON,1,0,0,,4,1.0,0,1,0,,,,,2020-09-15 06:26:24
19893802,,,0,,,,,,ESKISMO MAGIC,1,0,0,,4,1.0,0,1,0,,,,,2020-09-15 06:26:24
19893862,,,0,,,,,,MEADOW QUEEN,1,0,0,,4,1.0,0,1,0,,,,,2020-09-15 06:26:24
19893882,,,0,,,,,,CORDIAL LADY,1,0,0,,4,,0,1,0,,,,,2020-09-15 06:26:24
19893948,,,0,,,,,,NIKE'S FLIGHT,1,0,0,,4,,0,1,0,,,,,2020-09-15 06:26:24
19894001,,,0,,,,,,FASCINATION,1,0,0,,4,1.0,0,1,0,,,,,2020-09-15 06:26:24
19894041,,,0,,,,,,COOLAMON,1,0,0,,4,8.0,0,1,0,,,,,2020-09-15 06:26:24
19894081,,,0,,,,,,FIRSTLADY'S CHOICE,1,0,0,,4,1.0,0,1,0,,,,,2020-09-15 06:26:24
19894147,,,0,,,,,,BLUE BOQUET,1,0,0,,4,8.0,0,1,0,,,,,2020-09-15 06:26:24
19894203,,,0,,,,,,STAR FLEET,1,0,0,,4,8.0,0,1,0,,,,,2020-09-15 06:26:24
19894263,,,0,,,,,,FLYING WONDER,1,0,0,,4,8.0,0,1,0,,,,,2020-09-15 06:26:24
19894369,,,0,,,,,,FONTAINBLEU,1,0,0,,4,1.0,0,1,0,,,,,2020-09-15 06:26:24
19894425,,,0,,,,,,CANNON MEDLEY,1,0,0,,4,1.0,0,1,0,,,,,2020-09-15 06:26:24
19894445,,,0,,,,,,BEST DECORATED,1,0,0,,4,8.0,0,1,0,,,,,2020-09-15 06:26:24
19894501,,,0,,,,,,SHER NAN'S GEM,1,0,0,,4,1.0,0,1,0,,,,,2020-09-15 06:26:24
19894541,,,0,,,,,,TIC TAC DAC,1,0,0,,4,1.0,0,1,0,,,,,2020-09-15 06:26:24
19894561,,,0,,,,,,IT'S DIAMONDS,1,0,0,,4,,0,1,0,,,,,2020-09-15 06:26:24
19894581,,,0,,,,,,MARLEE BARLEY,1,0,0,,4,,0,1,0,,,,,2020-09-15 06:26:24
19894647,,,0,,,,,,ROSY FANTASY,1,0,0,,4,,0,1,0,,,,,2020-09-15 06:26:24
19894687,,,0,,,,,,SAY IT'S GOLD,1,0,0,,4,,0,1,0,,,,,2020-09-15 06:26:24
19894703,,,0,,,,,,COLONIAL METOR,1,0,0,,4,,0,1,0,,,,,2020-09-15 06:26:24
19894723,,,0,,,,,,SPLASHING GIRL,1,0,0,,4,,0,1,0,,,,,2020-09-15 06:26:24
19894743,,,0,,,,,,PRETTY PACES,1,0,0,,4,,0,1,0,,,,,2020-09-15 06:26:24
19894763,,,0,,,,,,STAR SPANGLED GIRL,1,0,0,,4,1.0,0,1,0,,,,,2020-09-15 06:26:24
19894783,,,0,,,,,,DIXIE CHIMES,1,0,0,,4,1.0,0,1,0,,,,,2020-09-15 06:26:24
19894809,,,0,,,,,,GLITCH,1,0,0,,4,11.0,0,1,0,,,,,2020-09-15 06:26:24
19894829,,,0,,,,,,TUBAC,1,0,0,,4,,0,1,0,,,,,2020-09-15 06:26:24
19894849,,,0,,,,,,HESITANT LADY,1,0,0,,4,1.0,0,1,0,,,,,2020-09-15 06:26:24
19894869,,,0,,,,,,SEABAKA,1,0,0,,4,,0,1,0,,,,,2020-09-15 06:26:24
19894889,,,0,,,,,,MAINTAIN SECURITY,1,0,0,,4,1.0,0,1,0,,,,,2020-09-15 06:26:24
19894905,,,0,,,,,,CLASSIC POSSESSION,1,0,0,,4,,0,1,0,,,,,2020-09-15 06:26:24
19894925,,,0,,,,,,LEEWARD SAIL,1,0,0,,4,,0,1,0,,,,,2020-09-15 06:26:24
19894945,,,0,,,,,,STORM CHIMES,1,0,0,,4,8.0,0,1,0,,,,,2020-09-15 06:26:24
19894965,,,0,,,,,,MISS LESLEIGH ANN,1,0,0,,4,1.0,0,1,0,,,,,2020-09-15 06:26:24
19894985,,,0,,,,,,AUTHENTIC HEROINE,1,0,0,,4,1.0,0,1,0,,,,,2020-09-15 06:26:24
19895008,,,0,,,,,,SPICY TALE,1,0,0,,4,1.0,0,1,0,,,,,2020-09-15 06:26:24
19895028,,,0,,,,,,VICTORIOUS LIL,1,0,0,,4,1.0,0,1,0,,,,,2020-09-15 06:26:24
19895048,,,0,,,,,,EMERALD STARLING,1,0,0,,4,8.0,0,1,0,,,,,2020-09-15 06:26:24
19895068,,,0,,,,,,SUNFLOWER FIELDS,1,0,0,,4,8.0,0,1,0,,,,,2020-09-15 06:26:24
19895088,,,0,,,,,,STRICTLY PRIVATE,1,0,0,,4,1.0,0,1,0,,,,,2020-09-15 06:26:24
19895104,,,0,,,,,,BERING DOWN,1,0,0,,4,8.0,0,1,0,,,,,2020-09-15 06:26:24
19895124,,,0,,,,,,ZINC OXIDE,1,0,0,,4,1.0,0,1,0,,,,,2020-09-15 06:26:24
19895144,,,0,,,,,,SEA MOSTLY,1,0,0,,4,,0,1,0,,,,,2020-09-15 06:26:24
19895164,,,0,,,,,,DARKEST STAR,1,0,0,,4,,0,1,0,,,,,2020-09-15 06:26:24
19895184,,,0,,,,,,SUCCESSFUL DANCER,1,0,0,,4,,0,1,0,,,,,2020-09-15 06:26:24
19895200,,,0,,,,,,MERYL'S MYTH,1,0,0,,4,8.0,0,1,0,,,,,2020-09-15 06:26:24
19895220,,,0,,,,,,TAKE MY CHANCES,1,0,0,,4,1.0,0,1,0,,,,,2020-09-15 06:26:24
19895240,,,0,,,,,,MUTTON MANIAC,1,0,0,,4,1.0,0,1,0,,,,,2020-09-15 06:26:24
19895260,,,0,,,,,,NORTHWEST KEY,1,0,0,,4,,0,1,0,,,,,2020-09-15 06:26:24
19895280,,,0,,,,,,LIKE AN EXPLOSION,1,0,0,,4,8.0,0,1,0,,,,,2020-09-15 06:26:24
19895306,,,0,,,,,,DAY AFTER DAY,1,0,0,,4,,0,1,0,,,,,2020-09-15 06:26:24
19895326,,,0,,,,,,WORDS OF WAR,1,0,0,,4,1.0,0,1,0,,,,,2020-09-15 06:26:24
19895346,,,0,,,,,,MISS TURKANA,1,0,0,,4,1.0,0,1,0,,,,,2020-09-15 06:26:24
19895366,,,0,,,,,,NEWEST RAINBOW,1,0,0,,4,9.0,0,1,0,,,,,2020-09-15 06:26:24
19895386,,,0,,,,,,TOTEMIC,1,0,0,,4,1.0,0,1,0,,,,,2020-09-15 06:26:24
19895402,,,0,,,,,,SEAN'S ANGEL,1,0,0,,4,1.0,0,1,0,,,,,2020-09-15 06:26:24
19895422,,,0,,,,,,GRACEFUL GLORY,1,0,0,,4,1.0,0,1,0,,,,,2020-09-15 06:26:24
19895442,,,0,,,,,,SNOW FOREST,1,0,0,,4,8.0,0,1,0,,,,,2020-09-15 06:26:24
19895462,,,0,,,,,,TSU'S THUMBER,1,0,0,,4,1.0,0,1,0,,,,,2020-09-15 06:26:24
19895482,,,0,,,,,,MISS COVER GIRL,1,0,0,,4,1.0,0,1,0,,,,,2020-09-15 06:26:24
19895508,,,0,,,,,,LILI CUP,1,0,0,,4,1.0,0,1,0,,,,,2020-09-15 06:26:24
19895528,,,0,,,,,,CRANBERRY ISLAND,1,0,0,,4,1.0,0,1,0,,,,,2020-09-15 06:26:24
19895548,,,0,,,,,,WICKED WIT,1,0,0,,4,,0,1,0,,,,,2020-09-15 06:26:24
19895588,,,0,,,,,,CAHOOTERS,1,0,0,,4,,0,1,0,,,,,2020-09-15 06:26:24
19895604,,,0,,,,,,SHE'S TOPS,1,0,0,,4,,0,1,0,,,,,2020-09-15 06:26:24
19895624,,,0,,,,,,MARATHA,1,0,0,,4,1.0,0,1,0,,,,,2020-09-15 06:26:24
19895644,,,0,,,,,,HER ELEGANT WAYS,1,0,0,,4,,0,1,0,,,,,2020-09-15 06:26:24
19895664,,,0,,,,,,CLOSET COWGIRL,1,0,0,,4,1.0,0,1,0,,,,,2020-09-15 06:26:24
19895684,,,0,,,,,,EXCLUSIA NORTH,1,0,0,,4,8.0,0,1,0,,,,,2020-09-15 06:26:24
19895700,,,0,,,,,,FINAL CROSSING,1,0,0,,4,1.0,0,1,0,,,,,2020-09-15 06:26:24
19895720,,,0,,,,,,ALVEAR,1,0,0,,4,,0,1,0,,,,,2020-09-15 06:26:24
19895740,,,0,,,,,,VERBALLY  GIFTED,1,0,0,,4,1.0,0,1,0,,,,,2020-09-15 06:26:24
19895760,,,0,,,,,,LIVERMORE LADY,1,0,0,,4,,0,1,0,,,,,2020-09-15 06:26:24
19895780,,,0,,,,,,WHIMSICAL WOLF,1,0,0,,4,1.0,0,1,0,,,,,2020-09-15 06:26:24
19895826,,,0,,,,,,CASH TWENTY,1,0,0,,4,,0,1,0,,,,,2020-09-15 06:26:24
19895846,,,0,,,,,,SMOKEY GRAY,1,0,0,,4,9.0,0,1,0,,,,,2020-09-15 06:26:24
19895866,,,0,,,,,,PENNANT FEVER,1,0,0,,4,,0,1,0,,,,,2020-09-15 06:26:24
19895886,,,0,,,,,,HALOS STAR,1,0,0,,4,,0,1,0,,,,,2020-09-15 06:26:24
19895902,,,0,,,,,,SUGAR NIPPER,1,0,0,,4,1.0,0,1,0,,,,,2020-09-15 06:26:24
19895922,,,0,,,,,,TRUCKSTER,1,0,0,,4,8.0,0,1,0,,,,,2020-09-15 06:26:24
19895962,,,0,,,,,,CARGO,1,0,0,,4,8.0,0,1,0,,,,,2020-09-15 06:26:24
19895982,,,0,,,,,,CAPTIVANT,1,0,0,,4,,0,1,0,,,,,2020-09-15 06:26:24
19896005,,,0,,,,,,STARS KNOCKOUT,1,0,0,,4,9.0,0,1,0,,,,,2020-09-15 06:26:24
19896449,,,0,,,,,,LAUN SHAW,1,0,0,,4,,0,1,0,,,,,2020-09-15 06:26:24
19896823,,,0,,,,,,ONE FOR SMOKE,1,0,0,,4,,0,1,0,,,,,2020-09-15 06:26:24
19899006,,,0,,,,,,GIFT OF DANCE,1,0,0,,4,,0,1,0,,,,,2020-09-15 06:26:24
19899228,,,0,,,,,,NUTTIN DOING,1,0,0,,4,,0,1,0,,,,,2020-09-15 06:26:24
19899344,,,0,,,,,,QUEEN'S CASINO,1,0,0,,4,,0,1,0,,,,,2020-09-15 06:26:24
19899708,,,0,,,,,,MUSICAL CASCADE,1,0,0,,4,,0,1,0,,,,,2020-09-15 06:26:24
19899804,,,0,,,,,,DUSTATOUCH,1,0,0,,4,,0,1,0,,,,,2020-09-15 06:26:24
19899900,,,0,,,,,,DOVV LADY,1,0,0,,4,,0,1,0,,,,,2020-09-15 06:26:24
19899980,,,0,,,,,,STAR ROMANCE,1,0,0,,4,,0,1,0,,,,,2020-09-15 06:26:24
19900040,,,0,,,,,,CAN'T TOUCH DIS,1,0,0,,4,1.0,0,1,0,,,,,2020-09-15 06:26:24
19900126,,,0,,,,,,NADEGE,1,0,0,,4,1.0,0,1,0,,,,,2020-09-15 06:26:24
19900146,,,0,,,,,,BORCELLINO,1,0,0,,4,1.0,0,1,0,,,,,2020-09-15 06:26:24
19900262,,,0,,,,,,SUNSHINE QUEEN,1,0,0,,4,,0,1,0,,,,,2020-09-15 06:26:24
19900308,,,0,,,,,,FOUR-NO-T,1,0,0,,4,,0,1,0,,,,,2020-09-15 06:26:24
19900404,,,0,,,,,,CHENILLE,1,0,0,,4,8.0,0,1,0,,,,,2020-09-15 06:26:24
19900444,,,0,,,,,,CHARLOTTE RUN,1,0,0,,4,1.0,0,1,0,,,,,2020-09-15 06:26:24
19900500,,,0,,,,,,GENTLE PATH,1,0,0,,4,8.0,0,1,0,,,,,2020-09-15 06:26:24
19900540,,,0,,,,,,SECRETARY OF STATE,1,0,0,,4,8.0,0,1,0,,,,,2020-09-15 06:26:24
19900580,,,0,,,,,,CLASSY SLEW,1,0,0,,4,1.0,0,1,0,,,,,2020-09-15 06:26:24
19900626,,,0,,,,,,RESTLESS PRINCESS,1,0,0,,4,1.0,0,1,0,,,,,2020-09-15 06:26:24
19900646,,,0,,,,,,Q.W.I,1,0,0,,4,1.0,0,1,0,,,,,2020-09-15 06:26:24
19900666,,,0,,,,,,LADY RAMRAGIE,1,0,0,,4,8.0,0,1,0,,,,,2020-09-15 06:26:24
19900722,,,0,,,,,,JUNE GAY,1,0,0,,4,1.0,0,1,0,,,,,2020-09-15 06:26:24
19900762,,,0,,,,,,WILD FIRE,1,0,0,,4,1.0,0,1,0,,,,,2020-09-15 06:26:24
19900782,,,0,,,,,,LITTLE CAYMAN,1,0,0,,4,1.0,0,1,0,,,,,2020-09-15 06:26:24
19900848,,,0,,,,,,RESTLESS TANOLA,1,0,0,,4,1.0,0,1,0,,,,,2020-09-15 06:26:24
19900888,,,0,,,,,,TOP LESS,1,0,0,,4,1.0,0,1,0,,,,,2020-09-15 06:26:24
19900904,,,0,,,,,,DAX THE ONE,1,0,0,,4,1.0,0,1,0,,,,,2020-09-15 06:26:24
19900984,,,0,,,,,,PLEASANT COMPANY,1,0,0,,4,8.0,0,1,0,,,,,2020-09-15 06:26:24
19901027,,,0,,,,,,BORN TO BE WILD,1,0,0,,4,1.0,0,1,0,,,,,2020-09-15 06:26:24
19901047,,,0,,,,,,WITH THE GIRL,1,0,0,,4,8.0,0,1,0,,,,,2020-09-15 06:26:24
19901103,,,0,,,,,,THANKULUVAL,1,0,0,,4,1.0,0,1,0,,,,,2020-09-15 06:26:24
19901163,,,0,,,,,,CHAMPAGNEFORASHLEY,1,0,0,,4,1.0,0,1,0,,,,,2020-09-15 06:26:24
19901289,,,0,,,,,,THANKSGIVING,1,0,0,,4,8.0,0,1,0,,,,,2020-09-15 06:26:24
19901441,,,0,,,,,,PRINCESS VHATTA,1,0,0,,4,8.0,0,1,0,,,,,2020-09-15 06:26:24
19901481,,,0,,,,,,WHERE'S THAT GIRL,1,0,0,,4,8.0,0,1,0,,,,,2020-09-15 06:26:24
19901587,,,0,,,,,,DANCER,1,0,0,,4,1.0,0,1,0,,,,,2020-09-15 06:26:24
19901709,,,0,,,,,,ZANAMOE,1,0,0,,4,1.0,0,1,0,,,,,2020-09-15 06:26:24
19901749,,,0,,,,,,IRRISISTIBLE,1,0,0,,4,8.0,0,1,0,,,,,2020-09-15 06:26:24
19901845,,,0,,,,,,LADY MAGON,1,0,0,,4,1.0,0,1,0,,,,,2020-09-15 06:26:24
19901901,,,0,,,,,,ANOTHER MARY,1,0,0,,4,1.0,0,1,0,,,,,2020-09-15 06:26:24
19901941,,,0,,,,,,SPEED BOAT,1,0,0,,4,8.0,0,1,0,,,,,2020-09-15 06:26:24
19902044,,,0,,,,,,ZUKI PRINCESS,1,0,0,,4,,0,1,0,,,,,2020-09-15 06:26:24
19902100,,,0,,,,,,ORPHAN ANNIE,1,0,0,,4,11.0,0,1,0,,,,,2020-09-15 06:26:24
19902120,,,0,,,,,,KYLE'S GIRL,1,0,0,,4,11.0,0,1,0,,,,,2020-09-15 06:26:24
19902564,,,0,,,,,,MISCHIEF STAR,1,0,0,,4,1.0,0,1,0,,,,,2020-09-15 06:26:24
19902600,,,0,,,,,,JUST REWARD,1,0,0,,4,,0,1,0,,,,,2020-09-15 06:26:24
19902620,,,0,,,,,,WHAT'S YOUR NAME,1,0,0,,4,8.0,0,1,0,,,,,2020-09-15 06:26:24
19902766,,,0,,,,,,VESTIA,1,0,0,,4,1.0,0,1,0,,,,,2020-09-15 06:26:24
19902822,,,0,,,,,,PROSPECTOR PARK,1,0,0,,4,8.0,0,1,0,,,,,2020-09-15 06:26:24
19902842,,,0,,,,,,SYB'S 'D',1,0,0,,4,1.0,0,1,0,,,,,2020-09-15 06:26:24
19902862,,,0,,,,,,BOLD FURY,1,0,0,,4,8.0,0,1,0,,,,,2020-09-15 06:26:24
19902948,,,0,,,,,,PRECIOUS PRINCESS,1,0,0,,4,11.0,0,1,0,,,,,2020-09-15 06:26:24
19903001,,,0,,,,,,SECRETHENA,1,0,0,,4,8.0,0,1,0,,,,,2020-09-15 06:26:24
19903041,,,0,,,,,,PRINCESS ELLEN,1,0,0,,4,8.0,0,1,0,,,,,2020-09-15 06:26:24
19903061,,,0,,,,,,STORMY WEATHER,1,0,0,,4,8.0,0,1,0,,,,,2020-09-15 06:26:24
19903167,,,0,,,,,,KLASSY KRIS,1,0,0,,4,8.0,0,1,0,,,,,2020-09-15 06:26:24
19903263,,,0,,,,,,SECLUSIVE GEM,1,0,0,,4,9.0,0,1,0,,,,,2020-09-15 06:26:24
19903349,,,0,,,,,,KORSAGE,1,0,0,,4,11.0,0,1,0,,,,,2020-09-15 06:26:24
19903465,,,0,,,,,,BOBETT,1,0,0,,4,8.0,0,1,0,,,,,2020-09-15 06:26:24
19903521,,,0,,,,,,MISSISSIPPI TRAIN,1,0,0,,4,,0,1,0,,,,,2020-09-15 06:26:24
19903783,,,0,,,,,,BEST-U,1,0,0,,4,1.0,0,1,0,,,,,2020-09-15 06:26:24
19903829,,,0,,,,,,FIERY LINK,1,0,0,,4,8.0,0,1,0,,,,,2020-09-15 06:26:24
19903849,,,0,,,,,,SESSA MARIE,1,0,0,,4,,0,1,0,,,,,2020-09-15 06:26:24
19903889,,,0,,,,,,PHINCOLACKA,1,0,0,,4,8.0,0,1,0,,,,,2020-09-15 06:26:24
19903925,,,0,,,,,,AGGIEDIER,1,0,0,,4,1.0,0,1,0,,,,,2020-09-15 06:26:24
19903965,,,0,,,,,,APT TO APPEAL,1,0,0,,4,1.0,0,1,0,,,,,2020-09-15 06:26:24
19904028,,,0,,,,,,SPRING WATER,1,0,0,,4,1.0,0,1,0,,,,,2020-09-15 06:26:24
19904048,,,0,,,,,,ROYAL GRIND,1,0,0,,4,1.0,0,1,0,,,,,2020-09-15 06:26:24
19904088,,,0,,,,,,SHINING,1,0,0,,4,8.0,0,1,0,,,,,2020-09-15 06:26:24
19904124,,,0,,,,,,WATCH MY STYLE,1,0,0,,4,1.0,0,1,0,,,,,2020-09-15 06:26:24
19904144,,,0,,,,,,THAT'S A JIG,1,0,0,,4,,0,1,0,,,,,2020-09-15 06:26:24
19904164,,,0,,,,,,POINCIANA,1,0,0,,4,1.0,0,1,0,,,,,2020-09-15 06:26:24
19904220,,,0,,,,,,CRACK OF DAWN,1,0,0,,4,8.0,0,1,0,,,,,2020-09-15 06:26:24
19904240,,,0,,,,,,FAIRYHILL TOAST,1,0,0,,4,1.0,0,1,0,,,,,2020-09-15 06:26:24
19904260,,,0,,,,,,ASCOT GIRL,1,0,0,,4,8.0,0,1,0,,,,,2020-09-15 06:26:24
19904386,,,0,,,,,,JOLENE,1,0,0,,4,8.0,0,1,0,,,,,2020-09-15 06:26:24
19904568,,,0,,,,,,OUR GLORY,1,0,0,,4,,0,1,0,,,,,2020-09-15 06:26:24
19904588,,,0,,,,,,SWEET SIMONE,1,0,0,,4,1.0,0,1,0,,,,,2020-09-15 06:26:24
19904624,,,0,,,,,,RAINBOW EXPRESS,1,0,0,,4,8.0,0,1,0,,,,,2020-09-15 06:26:24
19904644,,,0,,,,,,LADY RADHIKA,1,0,0,,4,1.0,0,1,0,,,,,2020-09-15 06:26:24
19904760,,,0,,,,,,FANTASY STORY,1,0,0,,4,8.0,0,1,0,,,,,2020-09-15 06:26:24
19904806,,,0,,,,,,FAX APPEAL,1,0,0,,4,11.0,0,1,0,,,,,2020-09-15 06:26:24
19904826,,,0,,,,,,ALEXIS CARRINGTON,1,0,0,,4,1.0,0,1,0,,,,,2020-09-15 06:26:24
19904866,,,0,,,,,,WORKING GIRL,1,0,0,,4,1.0,0,1,0,,,,,2020-09-15 06:26:24
19904886,,,0,,,,,,LONG TO BELONG,1,0,0,,4,8.0,0,1,0,,,,,2020-09-15 06:26:24
19904922,,,0,,,,,,BOOTLACES,1,0,0,,4,,0,1,0,,,,,2020-09-15 06:26:24
19904982,,,0,,,,,,ELEGANT LADY,1,0,0,,4,1.0,0,1,0,,,,,2020-09-15 06:26:24
19905005,,,0,,,,,,OUR SPECIAL WISH,1,0,0,,4,1.0,0,1,0,,,,,2020-09-15 06:26:24
19905025,,,0,,,,,,FOR MY JET,1,0,0,,4,,0,1,0,,,,,2020-09-15 06:26:24
19905045,,,0,,,,,,MARITAL SPOOK,1,0,0,,4,8.0,0,1,0,,,,,2020-09-15 06:26:24
19905065,,,0,,,,,,DORADO STAR,1,0,0,,4,,0,1,0,,,,,2020-09-15 06:26:24
19905085,,,0,,,,,,CHAIN OF FLOWERS,1,0,0,,4,1.0,0,1,0,,,,,2020-09-15 06:26:24
19905121,,,0,,,,,,SOCIALLY PLAYFUL,1,0,0,,4,8.0,0,1,0,,,,,2020-09-15 06:26:24
19905141,,,0,,,,,,JUST LIKE MAGIC,1,0,0,,4,,0,1,0,,,,,2020-09-15 06:26:24
19905161,,,0,,,,,,DERBY MORNING,1,0,0,,4,,0,1,0,,,,,2020-09-15 06:26:24
19905181,,,0,,,,,,SARITA SARITA,1,0,0,,4,,0,1,0,,,,,2020-09-15 06:26:24
19905207,,,0,,,,,,GUARDIAN SPIRIT,1,0,0,,4,,0,1,0,,,,,2020-09-15 06:26:24
19905227,,,0,,,,,,BLUE BESS,1,0,0,,4,,0,1,0,,,,,2020-09-15 06:26:24
19905247,,,0,,,,,,KENNIS BOLD MAGI,1,0,0,,4,,0,1,0,,,,,2020-09-15 06:26:24
19905267,,,0,,,,,,DANCE IMAGE,1,0,0,,4,1.0,0,1,0,,,,,2020-09-15 06:26:24
19905287,,,0,,,,,,PETITE EPAULETTE,1,0,0,,4,8.0,0,1,0,,,,,2020-09-15 06:26:24
19905303,,,0,,,,,,VICTORY FOUND,1,0,0,,4,,0,1,0,,,,,2020-09-15 06:26:24
19905323,,,0,,,,,,JAVA RAIN,1,0,0,,4,,0,1,0,,,,,2020-09-15 06:26:24
19905343,,,0,,,,,,WORKING NUMBER,1,0,0,,4,,0,1,0,,,,,2020-09-15 06:26:24
19905363,,,0,,,,,,TOP EMPRESS,1,0,0,,4,,0,1,0,,,,,2020-09-15 06:26:24
19905383,,,0,,,,,,EXIT ONE ONE O,1,0,0,,4,,0,1,0,,,,,2020-09-15 06:26:24
19905409,,,0,,,,,,BEJILLA'S TREASURE,1,0,0,,4,,0,1,0,,,,,2020-09-15 06:26:24
19905429,,,0,,,,,,CLEVER CLEVER,1,0,0,,4,,0,1,0,,,,,2020-09-15 06:26:24
19905449,,,0,,,,,,MAGICAL QUEEN,1,0,0,,4,8.0,0,1,0,,,,,2020-09-15 06:26:24
19905469,,,0,,,,,,SHE'S LANDING,1,0,0,,4,1.0,0,1,0,,,,,2020-09-15 06:26:24
19905489,,,0,,,,,,REGGIE V,1,0,0,,4,8.0,0,1,0,,,,,2020-09-15 06:26:24
19905505,,,0,,,,,,METROMANE,1,0,0,,4,8.0,0,1,0,,,,,2020-09-15 06:26:24
19905525,,,0,,,,,,MOMMA MAE,1,0,0,,4,1.0,0,1,0,,,,,2020-09-15 06:26:24
19905545,,,0,,,,,,SHESA PROUD LADY,1,0,0,,4,1.0,0,1,0,,,,,2020-09-15 06:26:24
19905565,,,0,,,,,,NOBODYWANTSME,1,0,0,,4,,0,1,0,,,,,2020-09-15 06:26:24
19905585,,,0,,,,,,SILENT CONNECTION,1,0,0,,4,,0,1,0,,,,,2020-09-15 06:26:24
19905601,,,0,,,,,,DREAMS AND LACES,1,0,0,,4,8.0,0,1,0,,,,,2020-09-15 06:26:24
19905621,,,0,,,,,,B L'S GIRL,1,0,0,,4,8.0,0,1,0,,,,,2020-09-15 06:26:24
19905641,,,0,,,,,,ALEZAN DORE,1,0,0,,4,8.0,0,1,0,,,,,2020-09-15 06:26:24
19905661,,,0,,,,,,PROUD FROLIC,1,0,0,,4,,0,1,0,,,,,2020-09-15 06:26:24
19905681,,,0,,,,,,CHECK OUT COUNTER,1,0,0,,4,,0,1,0,,,,,2020-09-15 06:26:24
19905707,,,0,,,,,,CLEARLY BRIGHT,1,0,0,,4,,0,1,0,,,,,2020-09-15 06:26:24
19905727,,,0,,,,,,MERIGAN,1,0,0,,4,,0,1,0,,,,,2020-09-15 06:26:24
19905747,,,0,,,,,,BELLEWOOD,1,0,0,,4,1.0,0,1,0,,,,,2020-09-15 06:26:24
19905767,,,0,,,,,,CATO LADY,1,0,0,,4,8.0,0,1,0,,,,,2020-09-15 06:26:24
19905787,,,0,,,,,,AFTO,1,0,0,,4,,0,1,0,,,,,2020-09-15 06:26:24
19905803,,,0,,,,,,FAMILY ENTERPRIZE,1,0,0,,4,1.0,0,1,0,,,,,2020-09-15 06:26:24
19905823,,,0,,,,,,LADY MILLICENT,1,0,0,,4,,0,1,0,,,,,2020-09-15 06:26:24
19905843,,,0,,,,,,MARTIAL SPOOK,1,0,0,,4,1.0,0,1,0,,,,,2020-09-15 06:26:24
19905863,,,0,,,,,,BADLANDS BEAT,1,0,0,,4,1.0,0,1,0,,,,,2020-09-15 06:26:24
19905883,,,0,,,,,,BALLYNAUGH,1,0,0,,4,1.0,0,1,0,,,,,2020-09-15 06:26:24
19905909,,,0,,,,,,DRUMS OF FREEDOM,1,0,0,,4,1.0,0,1,0,,,,,2020-09-15 06:26:24
19905949,,,0,,,,,,D. C.'S FLING,1,0,0,,4,1.0,0,1,0,,,,,2020-09-15 06:26:24
19905969,,,0,,,,,,ON THE AISLE,1,0,0,,4,,0,1,0,,,,,2020-09-15 06:26:24
19905989,,,0,,,,,,ARRESTING BEAUTY,1,0,0,,4,1.0,0,1,0,,,,,2020-09-15 06:26:24
19906002,,,0,,,,,,BLAZING ROYALTY,1,0,0,,4,,0,1,0,,,,,2020-09-15 06:26:24
19906022,,,0,,,,,,TEEN'S BALLOON,1,0,0,,4,1.0,0,1,0,,,,,2020-09-15 06:26:24
19906042,,,0,,,,,,EXUBERANT FINISH,1,0,0,,4,8.0,0,1,0,,,,,2020-09-15 06:26:24
19906062,,,0,,,,,,SCOOP THE GOLD,1,0,0,,4,8.0,0,1,0,,,,,2020-09-15 06:26:24
19906082,,,0,,,,,,ALISON SEZ,1,0,0,,4,8.0,0,1,0,,,,,2020-09-15 06:26:24
19906108,,,0,,,,,,KISSIE,1,0,0,,4,1.0,0,1,0,,,,,2020-09-15 06:26:24
19906148,,,0,,,,,,ESTEEMED CONCEIT,1,0,0,,4,1.0,0,1,0,,,,,2020-09-15 06:26:24
19906168,,,0,,,,,,LIBERADA,1,0,0,,4,,0,1,0,,,,,2020-09-15 06:26:24
19906188,,,0,,,,,,AMERICAN ME,1,0,0,,4,1.0,0,1,0,,,,,2020-09-15 06:26:24
19906204,,,0,,,,,,GLORY'S GHOST,1,0,0,,4,1.0,0,1,0,,,,,2020-09-15 06:26:24
19906224,,,0,,,,,,SLIDE,1,0,0,,4,1.0,0,1,0,,,,,2020-09-15 06:26:24
19906244,,,0,,,,,,WALKERTON,1,0,0,,4,1.0,0,1,0,,,,,2020-09-15 06:26:24
19906264,,,0,,,,,,CABLE NEWS,1,0,0,,4,8.0,0,1,0,,,,,2020-09-15 06:26:24
19906284,,,0,,,,,,WHEATLAND LADY,1,0,0,,4,,0,1,0,,,,,2020-09-15 06:26:24
19906300,,,0,,,,,,MISS DREAMLAND,1,0,0,,4,8.0,0,1,0,,,,,2020-09-15 06:26:24
19906320,,,0,,,,,,ASK ANITA,1,0,0,,4,1.0,0,1,0,,,,,2020-09-15 06:26:24
19906340,,,0,,,,,,CIRCLE COMMAND,1,0,0,,4,8.0,0,1,0,,,,,2020-09-15 06:26:24
19906360,,,0,,,,,,DIGNIFIED WOMAN,1,0,0,,4,8.0,0,1,0,,,,,2020-09-15 06:26:24
19906380,,,0,,,,,,AUILA,1,0,0,,4,,0,1,0,,,,,2020-09-15 06:26:24
19906406,,,0,,,,,,OSAKA (USA),1,0,0,,4,1.0,0,1,0,,,,,2020-09-15 06:26:24
19906426,,,0,,,,,,ALL MY PRINCESSES,1,0,0,,4,8.0,0,1,0,,,,,2020-09-15 06:26:24
19906446,,,0,,,,,,CATEQUIL,1,0,0,,4,1.0,0,1,0,,,,,2020-09-15 06:26:24
19906466,,,0,,,,,,CAP DIAMONDS,1,0,0,,4,,0,1,0,,,,,2020-09-15 06:26:24
19906486,,,0,,,,,,PLEASE TRY HARD,1,0,0,,4,1.0,0,1,0,,,,,2020-09-15 06:26:24
19906502,,,0,,,,,,ANGEL FEVER,1,0,0,,4,1.0,0,1,0,,,,,2020-09-15 06:26:24
19906522,,,0,,,,,,CAMMIESLASTFASHION,1,0,0,,4,,0,1,0,,,,,2020-09-15 06:26:24
19906542,,,0,,,,,,SET THEM FREE,1,0,0,,4,1.0,0,1,0,,,,,2020-09-15 06:26:24
19906562,,,0,,,,,,SCRAM,1,0,0,,4,8.0,0,1,0,,,,,2020-09-15 06:26:24
19906582,,,0,,,,,,SATIN SUNRISE,1,0,0,,4,1.0,0,1,0,,,,,2020-09-15 06:26:24
19906608,,,0,,,,,,PROSPECTS HOPE,1,0,0,,4,1.0,0,1,0,,,,,2020-09-15 06:26:24
19906628,,,0,,,,,,SWAZI'S MOMENT,1,0,0,,4,1.0,0,1,0,,,,,2020-09-15 06:26:24
19906648,,,0,,,,,,FRENCH LAVENDER,1,0,0,,4,1.0,0,1,0,,,,,2020-09-15 06:26:24
19906668,,,0,,,,,,SHEENA'S GOLD,1,0,0,,4,,0,1,0,,,,,2020-09-15 06:26:24
19906688,,,0,,,,,,BALLY FIVE,1,0,0,,4,8.0,0,1,0,,,,,2020-09-15 06:26:24
19906744,,,0,,,,,,"CUT CLASS LEANNE,",1,0,0,,4,1.0,0,1,0,,,,,2020-09-15 06:26:24
19906764,,,0,,,,,,TRI SWISS,1,0,0,,4,1.0,0,1,0,,,,,2020-09-15 06:26:24
19906784,,,0,,,,,,MALOJEN,1,0,0,,4,9.0,0,1,0,,,,,2020-09-15 06:26:24
19910008,,,0,,,,,,HASHEESH,1,0,0,,4,,0,1,0,,,,,2020-09-15 06:26:24
19910020,,,0,,,,,,BERLINETTE,1,0,0,,4,,0,1,0,,,,,2020-09-15 06:26:24
19910068,,,0,,,,,,COLORADO BELLE,1,0,0,,4,1.0,0,1,0,,,,,2020-09-15 06:26:24
19910144,,,0,,,,,,MICHELE'S MUSIC,1,0,0,,4,1.0,0,1,0,,,,,2020-09-15 06:26:24
19910164,,,0,,,,,,ZOE,1,0,0,,4,1.0,0,1,0,,,,,2020-09-15 06:26:24
19910184,,,0,,,,,,ROUND TRIP,1,0,0,,4,1.0,0,1,0,,,,,2020-09-15 06:26:24
19910346,,,0,,,,,,WINNING SLEW,1,0,0,,4,1.0,0,1,0,,,,,2020-09-15 06:26:24
19910422,,,0,,,,,,AFFIRMATIVE,1,0,0,,4,1.0,0,1,0,,,,,2020-09-15 06:26:24
19910528,,,0,,,,,,BABY SCHAMARA,1,0,0,,4,1.0,0,1,0,,,,,2020-09-15 06:26:24
19910568,,,0,,,,,,PRINTING PRESS,1,0,0,,4,1.0,0,1,0,,,,,2020-09-15 06:26:24
19910624,,,0,,,,,,BAG OF DIAMONDS,1,0,0,,4,,0,1,0,,,,,2020-09-15 06:26:24
19910644,,,0,,,,,,FULL OF GOLD,1,0,0,,4,1.0,0,1,0,,,,,2020-09-15 06:26:24
19910982,,,0,,,,,,MATCHLESS LASS,1,0,0,,4,1.0,0,1,0,,,,,2020-09-15 06:26:24
19911045,,,0,,,,,,DOMINO MISS,1,0,0,,4,8.0,0,1,0,,,,,2020-09-15 06:26:24
19911303,,,0,,,,,,MYA ROACHE,1,0,0,,4,8.0,0,1,0,,,,,2020-09-15 06:26:24
19911323,,,0,,,,,,PRINCESS NERAK,1,0,0,,4,1.0,0,1,0,,,,,2020-09-15 06:26:24
19911429,,,0,,,,,,MAMAROU,1,0,0,,4,,0,1,0,,,,,2020-09-15 06:26:24
19911469,,,0,,,,,,MELISSA'S SONG,1,0,0,,4,8.0,0,1,0,,,,,2020-09-15 06:26:24
19911489,,,0,,,,,,FIRST TIME,1,0,0,,4,11.0,0,1,0,,,,,2020-09-15 06:26:24
19911565,,,0,,,,,,RADIANCE,1,0,0,,4,8.0,0,1,0,,,,,2020-09-15 06:26:24
19911601,,,0,,,,,,STUDU-LANU,1,0,0,,4,8.0,0,1,0,,,,,2020-09-15 06:26:24
19911621,,,0,,,,,,GENEL,1,0,0,,4,,0,1,0,,,,,2020-09-15 06:26:24
19911747,,,0,,,,,,ROSEY WOMAN,1,0,0,,4,1.0,0,1,0,,,,,2020-09-15 06:26:24
19911843,,,0,,,,,,SAFARI,1,0,0,,4,11.0,0,1,0,,,,,2020-09-15 06:26:24
19911883,,,0,,,,,,SWEET MAYESHA,1,0,0,,4,9.0,0,1,0,,,,,2020-09-15 06:26:24
19911929,,,0,,,,,,WILD HEART,1,0,0,,4,8.0,0,1,0,,,,,2020-09-15 06:26:24
19912062,,,0,,,,,,SAKENA,1,0,0,,4,8.0,0,1,0,,,,,2020-09-15 06:26:24
19912426,,,0,,,,,,PRINCESS CRACKER,1,0,0,,4,,0,1,0,,,,,2020-09-15 06:26:24
19912466,,,0,,,,,,FRUIT BASKET,1,0,0,,4,,0,1,0,,,,,2020-09-15 06:26:24
19912486,,,0,,,,,,PURPLE REIN,1,0,0,,4,8.0,0,1,0,,,,,2020-09-15 06:26:24
19912522,,,0,,,,,,FABULOUS BID,1,0,0,,4,1.0,0,1,0,,,,,2020-09-15 06:26:24
19912628,,,0,,,,,,THANATOS,1,0,0,,4,1.0,0,1,0,,,,,2020-09-15 06:26:24
19912704,,,0,,,,,,SACRED FAME,1,0,0,,4,8.0,0,1,0,,,,,2020-09-15 06:26:24
19912724,,,0,,,,,,SEALIT,1,0,0,,4,1.0,0,1,0,,,,,2020-09-15 06:26:24
19912744,,,0,,,,,,PAVOLVA,1,0,0,,4,1.0,0,1,0,,,,,2020-09-15 06:26:24
19912880,,,0,,,,,,MISS MAX,1,0,0,,4,8.0,0,1,0,,,,,2020-09-15 06:26:24
19913089,,,0,,,,,,EBONY,1,0,0,,4,8.0,0,1,0,,,,,2020-09-15 06:26:24
19913201,,,0,,,,,,ESPRIT,1,0,0,,4,8.0,0,1,0,,,,,2020-09-15 06:26:24
19913221,,,0,,,,,,TACTFUL PERSUASION,1,0,0,,4,1.0,0,1,0,,,,,2020-09-15 06:26:24
19913241,,,0,,,,,,SILKE FOLLY,1,0,0,,4,11.0,0,1,0,,,,,2020-09-15 06:26:24
19913307,,,0,,,,,,LYDIA,1,0,0,,4,1.0,0,1,0,,,,,2020-09-15 06:26:24
19913327,,,0,,,,,,FLAME THROWER,1,0,0,,4,1.0,0,1,0,,,,,2020-09-15 06:26:24
19913347,,,0,,,,,,YOULANDA,1,0,0,,4,9.0,0,1,0,,,,,2020-09-15 06:26:24
19913387,,,0,,,,,,MORNING ROSE,1,0,0,,4,1.0,0,1,0,,,,,2020-09-15 06:26:24
19913423,,,0,,,,,,ST. MARY'S GIRL,1,0,0,,4,1.0,0,1,0,,,,,2020-09-15 06:26:24
19913483,,,0,,,,,,MAJESTY,1,0,0,,4,8.0,0,1,0,,,,,2020-09-15 06:26:24
19913509,,,0,,,,,,BURNE LODGE,1,0,0,,4,8.0,0,1,0,,,,,2020-09-15 06:26:24
19913549,,,0,,,,,,LISA E.,1,0,0,,4,,0,1,0,,,,,2020-09-15 06:26:24
19913569,,,0,,,,,,BOLD DECISION,1,0,0,,4,8.0,0,1,0,,,,,2020-09-15 06:26:24
19913589,,,0,,,,,,ANGEL OF LOVE,1,0,0,,4,1.0,0,1,0,,,,,2020-09-15 06:26:24
19913625,,,0,,,,,,SISTER QUE,1,0,0,,4,1.0,0,1,0,,,,,2020-09-15 06:26:24
19913761,,,0,,,,,,HABITUAL,1,0,0,,4,,0,1,0,,,,,2020-09-15 06:26:24
19913781,,,0,,,,,,CHAMPAGNE STOWAWAY,1,0,0,,4,9.0,0,1,0,,,,,2020-09-15 06:26:24
19913827,,,0,,,,,,SCARLET SUNSET,1,0,0,,4,1.0,0,1,0,,,,,2020-09-15 06:26:24
19913847,,,0,,,,,,O.K. LADY,1,0,0,,4,1.0,0,1,0,,,,,2020-09-15 06:26:24
19913867,,,0,,,,,,LAKE'S DREAM,1,0,0,,4,1.0,0,1,0,,,,,2020-09-15 06:26:24
19913903,,,0,,,,,,SHE'S ON WHEELS,1,0,0,,4,8.0,0,1,0,,,,,2020-09-15 06:26:24
19913963,,,0,,,,,,PRINCESS LANCASTER,1,0,0,,4,,0,1,0,,,,,2020-09-15 06:26:24
19914006,,,0,,,,,,DAZZLE ME DARLING,1,0,0,,4,,0,1,0,,,,,2020-09-15 06:26:24
19914026,,,0,,,,,,LUSTIME,1,0,0,,4,8.0,0,1,0,,,,,2020-09-15 06:26:24
19914046,,,0,,,,,,LADY RUKMINI,1,0,0,,4,4.0,0,1,0,,,,,2020-09-15 06:26:24
19914066,,,0,,,,,,MISS BOJANGLES,1,0,0,,4,8.0,0,1,0,,,,,2020-09-15 06:26:24
19914142,,,0,,,,,,PAGE'S DELIGHT,1,0,0,,4,,0,1,0,,,,,2020-09-15 06:26:24
19914162,,,0,,,,,,MERCEDES ET AL,1,0,0,,4,1.0,0,1,0,,,,,2020-09-15 06:26:24
19914182,,,0,,,,,,TIME TO DAZZLE,1,0,0,,4,1.0,0,1,0,,,,,2020-09-15 06:26:24
19914208,,,0,,,,,,BOLD QUEEN,1,0,0,,4,1.0,0,1,0,,,,,2020-09-15 06:26:24
19914228,,,0,,,,,,BOW CREEK,1,0,0,,4,9.0,0,1,0,,,,,2020-09-15 06:26:24
19914268,,,0,,,,,,BERGA,1,0,0,,4,8.0,0,1,0,,,,,2020-09-15 06:26:24
19914304,,,0,,,,,,CONNECTING FLIGHT,1,0,0,,4,,0,1,0,,,,,2020-09-15 06:26:24
19914324,,,0,,,,,,TEE GEE VEE,1,0,0,,4,,0,1,0,,,,,2020-09-15 06:26:24
19914344,,,0,,,,,,PIEGAN,1,0,0,,4,1.0,0,1,0,,,,,2020-09-15 06:26:24
19914364,,,0,,,,,,ROAMIN',1,0,0,,4,,0,1,0,,,,,2020-09-15 06:26:24
19914384,,,0,,,,,,STAGE DOOR MOLLIE,1,0,0,,4,8.0,0,1,0,,,,,2020-09-15 06:26:24
19914420,,,0,,,,,,BAR DANZA,1,0,0,,4,,0,1,0,,,,,2020-09-15 06:26:24
19914460,,,0,,,,,,CRAMA,1,0,0,,4,8.0,0,1,0,,,,,2020-09-15 06:26:24
19914480,,,0,,,,,,OCEAN BIRD,1,0,0,,4,,0,1,0,,,,,2020-09-15 06:26:24
19914506,,,0,,,,,,RED EMPRESS,1,0,0,,4,1.0,0,1,0,,,,,2020-09-15 06:26:24
19914526,,,0,,,,,,MISS WIJ,1,0,0,,4,1.0,0,1,0,,,,,2020-09-15 06:26:24
19914546,,,0,,,,,,CARRIE CUGINI,1,0,0,,4,1.0,0,1,0,,,,,2020-09-15 06:26:24
19914586,,,0,,,,,,JETCAT,1,0,0,,4,,0,1,0,,,,,2020-09-15 06:26:24
19914602,,,0,,,,,,LATER CRUSADER,1,0,0,,4,1.0,0,1,0,,,,,2020-09-15 06:26:24
19914622,,,0,,,,,,GO GO JACK,1,0,0,,4,9.0,0,1,0,,,,,2020-09-15 06:26:24
19914642,,,0,,,,,,COSTA LINDA,1,0,0,,4,,0,1,0,,,,,2020-09-15 06:26:24
19914662,,,0,,,,,,QUICKEST,1,0,0,,4,,0,1,0,,,,,2020-09-15 06:26:24
19914682,,,0,,,,,,SLY AN TRICKY,1,0,0,,4,,0,1,0,,,,,2020-09-15 06:26:24
19914708,,,0,,,,,,SLEW WHO,1,0,0,,4,,0,1,0,,,,,2020-09-15 06:26:25
19914728,,,0,,,,,,NEEDLES LAST,1,0,0,,4,,0,1,0,,,,,2020-09-15 06:26:25
19914748,,,0,,,,,,VERY CARELESS,1,0,0,,4,8.0,0,1,0,,,,,2020-09-15 06:26:25
19914768,,,0,,,,,,OUR BUCK TOO,1,0,0,,4,,0,1,0,,,,,2020-09-15 06:26:25
19914788,,,0,,,,,,VIGOR'S GIRL,1,0,0,,4,9.0,0,1,0,,,,,2020-09-15 06:26:25
19914804,,,0,,,,,,SAMANTHA'S SQUAW,1,0,0,,4,,0,1,0,,,,,2020-09-15 06:26:25
19914824,,,0,,,,,,SIERRA MADRE,1,0,0,,4,9.0,0,1,0,,,,,2020-09-15 06:26:25
19914844,,,0,,,,,,TITLEBOUND,1,0,0,,4,8.0,0,1,0,,,,,2020-09-15 06:26:25
19914864,,,0,,,,,,PROMISED LEGACY,1,0,0,,4,8.0,0,1,0,,,,,2020-09-15 06:26:25
19914884,,,0,,,,,,STRAWBERRY ANGEL,1,0,0,,4,8.0,0,1,0,,,,,2020-09-15 06:26:25
19914900,,,0,,,,,,SUN CRYSTAR,1,0,0,,4,8.0,0,1,0,,,,,2020-09-15 06:26:25
19914920,,,0,,,,,,APRIL GREEN,1,0,0,,4,8.0,0,1,0,,,,,2020-09-15 06:26:25
19914940,,,0,,,,,,COSTA LINDA,1,0,0,,4,,0,1,0,,,,,2020-09-15 06:26:25
19914960,,,0,,,,,,APACHE PINES,1,0,0,,4,8.0,0,1,0,,,,,2020-09-15 06:26:25
19914980,,,0,,,,,,SEATTLE CLASSIC,1,0,0,,4,1.0,0,1,0,,,,,2020-09-15 06:26:25
19915003,,,0,,,,,,MARVETTE,1,0,0,,4,1.0,0,1,0,,,,,2020-09-15 06:26:25
19915023,,,0,,,,,,DEPUTY DARLIN,1,0,0,,4,1.0,0,1,0,,,,,2020-09-15 06:26:25
19915043,,,0,,,,,,SECRET VISTA,1,0,0,,4,8.0,0,1,0,,,,,2020-09-15 06:26:25
19915063,,,0,,,,,,KACHINA ROSE,1,0,0,,4,1.0,0,1,0,,,,,2020-09-15 06:26:25
19915083,,,0,,,,,,ROSES FOR REGINA,1,0,0,,4,1.0,0,1,0,,,,,2020-09-15 06:26:25
19915109,,,0,,,,,,AVERTI,1,0,0,,4,1.0,0,1,0,,,,,2020-09-15 06:26:25
19915129,,,0,,,,,,INNOCENTLY ASTRAY,1,0,0,,4,1.0,0,1,0,,,,,2020-09-15 06:26:25
19915149,,,0,,,,,,ALLAARIA,1,0,0,,4,,0,1,0,,,,,2020-09-15 06:26:25
19915169,,,0,,,,,,REELY RISKY,1,0,0,,4,,0,1,0,,,,,2020-09-15 06:26:25
19915189,,,0,,,,,,NANERPEAL,1,0,0,,4,1.0,0,1,0,,,,,2020-09-15 06:26:25
19915205,,,0,,,,,,CATNIP (USA),1,0,0,,4,8.0,0,1,0,,,,,2020-09-15 06:26:25
19915225,,,0,,,,,,BRIAR ROAD,1,0,0,,4,8.0,0,1,0,,,,,2020-09-15 06:26:25
19915245,,,0,,,,,,RINGSIDE LADY,1,0,0,,4,,0,1,0,,,,,2020-09-15 06:26:25
19915265,,,0,,,,,,WOOD OF BINN,1,0,0,,4,1.0,0,1,0,,,,,2020-09-15 06:26:25
19915285,,,0,,,,,,BONNIE CASTLE,1,0,0,,4,1.0,0,1,0,,,,,2020-09-15 06:26:25
19915301,,,0,,,,,,NEW YORK SOCIETY,1,0,0,,4,8.0,0,1,0,,,,,2020-09-15 06:26:25
19915321,,,0,,,,,,LYRIC OPERA,1,0,0,,4,1.0,0,1,0,,,,,2020-09-15 06:26:25
19915341,,,0,,,,,,IN MY HEART,1,0,0,,4,9.0,0,1,0,,,,,2020-09-15 06:26:25
19915361,,,0,,,,,,FALLING IN LOVE,1,0,0,,4,1.0,0,1,0,,,,,2020-09-15 06:26:25
19915381,,,0,,,,,,BOOTSHINE GIRL,1,0,0,,4,1.0,0,1,0,,,,,2020-09-15 06:26:25
19915407,,,0,,,,,,HOLIDAY SNOW,1,0,0,,4,,0,1,0,,,,,2020-09-15 06:26:25
19915427,,,0,,,,,,MARIAH'S STORM,1,0,0,,4,1.0,0,1,0,,,,,2020-09-15 06:26:25
19915447,,,0,,,,,,STERLING POUND,1,0,0,,4,9.0,0,1,0,,,,,2020-09-15 06:26:25
19915467,,,0,,,,,,VETTE,1,0,0,,4,8.0,0,1,0,,,,,2020-09-15 06:26:25
19915487,,,0,,,,,,GENDER BIAS,1,0,0,,4,,0,1,0,,,,,2020-09-15 06:26:25
19915503,,,0,,,,,,HEAVENLY PRIZE,1,0,0,,4,1.0,0,1,0,,,,,2020-09-15 06:26:25
19915523,,,0,,,,,,ESPRIT FABULEUX,1,0,0,,4,1.0,0,1,0,,,,,2020-09-15 06:26:25
19915543,,,0,,,,,,SYCHO,1,0,0,,4,,0,1,0,,,,,2020-09-15 06:26:25
19915563,,,0,,,,,,CASA ERIE,1,0,0,,4,1.0,0,1,0,,,,,2020-09-15 06:26:25
19915583,,,0,,,,,,SWIRLING MAIDEN,1,0,0,,4,1.0,0,1,0,,,,,2020-09-15 06:26:25
19915609,,,0,,,,,,CAMPFIRE SONG,1,0,0,,4,1.0,0,1,0,,,,,2020-09-15 06:26:25
19915629,,,0,,,,,,CHINA BREEZE,1,0,0,,4,1.0,0,1,0,,,,,2020-09-15 06:26:25
19915649,,,0,,,,,,FOREVER BEAUTY,1,0,0,,4,8.0,0,1,0,,,,,2020-09-15 06:26:25
19915669,,,0,,,,,,ENDICOTTA RIDGE,1,0,0,,4,8.0,0,1,0,,,,,2020-09-15 06:26:25
19915689,,,0,,,,,,HELLO BETH'S HALO,1,0,0,,4,1.0,0,1,0,,,,,2020-09-15 06:26:25
19915705,,,0,,,,,,CUSIANA,1,0,0,,4,1.0,0,1,0,,,,,2020-09-15 06:26:25
19915745,,,0,,,,,,LILL'S CUTLASS,1,0,0,,4,1.0,0,1,0,,,,,2020-09-15 06:26:25
19915765,,,0,,,,,,NATIVE MUSIC,1,0,0,,4,8.0,0,1,0,,,,,2020-09-15 06:26:25
19915785,,,0,,,,,,ASHTABULA,1,0,0,,4,8.0,0,1,0,,,,,2020-09-15 06:26:25
19915801,,,0,,,,,,LADY MADONNA,1,0,0,,4,1.0,0,1,0,,,,,2020-09-15 06:26:25
19915821,,,0,,,,,,SPLASHING FANCY,1,0,0,,4,1.0,0,1,0,,,,,2020-09-15 06:26:25
19915841,,,0,,,,,,GELCA,1,0,0,,4,1.0,0,1,0,,,,,2020-09-15 06:26:25
19915861,,,0,,,,,,D'ENOUGH,1,0,0,,4,1.0,0,1,0,,,,,2020-09-15 06:26:25
19915881,,,0,,,,,,CONCENTRIC,1,0,0,,4,1.0,0,1,0,,,,,2020-09-15 06:26:25
19915907,,,0,,,,,,PAGOFIRE,1,0,0,,4,8.0,0,1,0,,,,,2020-09-15 06:26:25
19915927,,,0,,,,,,I'LL BE LONG,1,0,0,,4,,0,1,0,,,,,2020-09-15 06:26:25
19915947,,,0,,,,,,AFRICO,1,0,0,,4,1.0,0,1,0,,,,,2020-09-15 06:26:25
19916000,,,0,,,,,,PATTY'S CINNAMON,1,0,0,,4,8.0,0,1,0,,,,,2020-09-15 06:26:25
19916060,,,0,,,,,,CAGEY BABY,1,0,0,,4,,0,1,0,,,,,2020-09-15 06:26:25
19916126,,,0,,,,,,HAVEN,1,0,0,,4,,0,1,0,,,,,2020-09-15 06:26:25
19916348,,,0,,,,,,DOVER COURT,1,0,0,,4,,0,1,0,,,,,2020-09-15 06:26:25
19916444,,,0,,,,,,MRS. ZIPPY,1,0,0,,4,,0,1,0,,,,,2020-09-15 06:26:25
19916500,,,0,,,,,,THIRD AND MAIN,1,0,0,,4,,0,1,0,,,,,2020-09-15 06:26:25
19916520,,,0,,,,,,CHOOBLOO,1,0,0,,4,,0,1,0,,,,,2020-09-15 06:26:25
19916666,,,0,,,,,,GRADY'S TESTAMONY,1,0,0,,4,1.0,0,1,0,,,,,2020-09-15 06:26:25
19920086,,,0,,,,,,CASHEEM,1,0,0,,4,1.0,0,1,0,,,,,2020-09-15 06:26:25
19920228,,,0,,,,,,LADY SHAREEDA,1,0,0,,4,1.0,0,1,0,,,,,2020-09-15 06:26:25
19920304,,,0,,,,,,WILLSHEORWON'TSHE,1,0,0,,4,1.0,0,1,0,,,,,2020-09-15 06:26:25
19920344,,,0,,,,,,GOBLIN'S QUEEN,1,0,0,,4,8.0,0,1,0,,,,,2020-09-15 06:26:25
19920460,,,0,,,,,,NAISHAPUR,1,0,0,,4,1.0,0,1,0,,,,,2020-09-15 06:26:25
19920526,,,0,,,,,,SPICE OF LIFE,1,0,0,,4,1.0,0,1,0,,,,,2020-09-15 06:26:25
19920642,,,0,,,,,,ROYAL ROMANCE,1,0,0,,4,1.0,0,1,0,,,,,2020-09-15 06:26:25
19920662,,,0,,,,,,ROYAL DANCER,1,0,0,,4,1.0,0,1,0,,,,,2020-09-15 06:26:25
19920728,,,0,,,,,,BREAK FREE,1,0,0,,4,1.0,0,1,0,,,,,2020-09-15 06:26:25
19920748,,,0,,,,,,TIMELY DECISION,1,0,0,,4,8.0,0,1,0,,,,,2020-09-15 06:26:25
19920864,,,0,,,,,,BABY FACE,1,0,0,,4,1.0,0,1,0,,,,,2020-09-15 06:26:25
19920980,,,0,,,,,,CHALICE,1,0,0,,4,1.0,0,1,0,,,,,2020-09-15 06:26:25
19921083,,,0,,,,,,THRILLER,1,0,0,,4,11.0,0,1,0,,,,,2020-09-15 06:26:25
19921245,,,0,,,,,,CELEBRITY,1,0,0,,4,1.0,0,1,0,,,,,2020-09-15 06:26:25
19921341,,,0,,,,,,SAMANTHA'S SONG,1,0,0,,4,,0,1,0,,,,,2020-09-15 06:26:25
19921427,,,0,,,,,,WILD SURPRISE,1,0,0,,4,1.0,0,1,0,,,,,2020-09-15 06:26:25
19921629,,,0,,,,,,SEND FOR ME,1,0,0,,4,8.0,0,1,0,,,,,2020-09-15 06:26:25
19921649,,,0,,,,,,ONE LOVE,1,0,0,,4,8.0,0,1,0,,,,,2020-09-15 06:26:25
19921745,,,0,,,,,,AWESOME WONDER,1,0,0,,4,1.0,0,1,0,,,,,2020-09-15 06:26:25
19921801,,,0,,,,,,EXOTIC DANCER,1,0,0,,4,1.0,0,1,0,,,,,2020-09-15 06:26:25
19921841,,,0,,,,,,DANCING DIOME,1,0,0,,4,1.0,0,1,0,,,,,2020-09-15 06:26:25
19921861,,,0,,,,,,MOE'S SECRET,1,0,0,,4,1.0,0,1,0,,,,,2020-09-15 06:26:25
19921881,,,0,,,,,,XOTICA,1,0,0,,4,1.0,0,1,0,,,,,2020-09-15 06:26:25
19922080,,,0,,,,,,POWERFUL DEVICE,1,0,0,,4,1.0,0,1,0,,,,,2020-09-15 06:26:25
19922368,,,0,,,,,,CRACKAWAY,1,0,0,,4,8.0,0,1,0,,,,,2020-09-15 06:26:25
19922520,,,0,,,,,,SANTA ANA WIND,1,0,0,,4,,0,1,0,,,,,2020-09-15 06:26:25
19922580,,,0,,,,,,WILD DANCER,1,0,0,,4,9.0,0,1,0,,,,,2020-09-15 06:26:25
19922762,,,0,,,,,,BETHNEY QUEEN,1,0,0,,4,1.0,0,1,0,,,,,2020-09-15 06:26:25
19922808,,,0,,,,,,DISTINCTIVE ONE,1,0,0,,4,1.0,0,1,0,,,,,2020-09-15 06:26:25
19922944,,,0,,,,,,MARVELOUSANLUVABLE,1,0,0,,4,8.0,0,1,0,,,,,2020-09-15 06:26:25
19923007,,,0,,,,,,PERFECTION,1,0,0,,4,1.0,0,1,0,,,,,2020-09-15 06:26:25
19923047,,,0,,,,,,KAREN'S DESIRE,1,0,0,,4,1.0,0,1,0,,,,,2020-09-15 06:26:25
19923067,,,0,,,,,,QUEENY,1,0,0,,4,8.0,0,1,0,,,,,2020-09-15 06:26:25
19923163,,,0,,,,,,GOFORCHAMPAGNE,1,0,0,,4,9.0,0,1,0,,,,,2020-09-15 06:26:25
19923183,,,0,,,,,,CLASSIC ATTITUDE,1,0,0,,4,1.0,0,1,0,,,,,2020-09-15 06:26:25
19923305,,,0,,,,,,RENNIE FFRENCH,1,0,0,,4,,0,1,0,,,,,2020-09-15 06:26:25
19923345,,,0,,,,,,FIORD,1,0,0,,4,9.0,0,1,0,,,,,2020-09-15 06:26:25
19923385,,,0,,,,,,PSYCHE,1,0,0,,4,8.0,0,1,0,,,,,2020-09-15 06:26:25
19923567,,,0,,,,,,RINGLEADER,1,0,0,,4,1.0,0,1,0,,,,,2020-09-15 06:26:25
19923663,,,0,,,,,,LOUVRE,1,0,0,,4,8.0,0,1,0,,,,,2020-09-15 06:26:25
19923749,,,0,,,,,,SETUPORGETUP,1,0,0,,4,1.0,0,1,0,,,,,2020-09-15 06:26:25
19923825,,,0,,,,,,FOCAL POINT,1,0,0,,4,9.0,0,1,0,,,,,2020-09-15 06:26:25
19923865,,,0,,,,,,SHE'S ON FIRE,1,0,0,,4,1.0,0,1,0,,,,,2020-09-15 06:26:25
19923981,,,0,,,,,,MATCHLESS NATIVE,1,0,0,,4,,0,1,0,,,,,2020-09-15 06:26:25
19924024,,,0,,,,,,COME TONIGHT,1,0,0,,4,1.0,0,1,0,,,,,2020-09-15 06:26:25
19924064,,,0,,,,,,GOOD AS GOLD,1,0,0,,4,1.0,0,1,0,,,,,2020-09-15 06:26:25
19924084,,,0,,,,,,CARIBBEAN SLEW,1,0,0,,4,1.0,0,1,0,,,,,2020-09-15 06:26:25
19924100,,,0,,,,,,HASTY ESKIMO,1,0,0,,4,1.0,0,1,0,,,,,2020-09-15 06:26:25
19924120,,,0,,,,,,REGAL POSSESSION,1,0,0,,4,1.0,0,1,0,,,,,2020-09-15 06:26:25
19924140,,,0,,,,,,FAIR FARE,1,0,0,,4,1.0,0,1,0,,,,,2020-09-15 06:26:25
19924160,,,0,,,,,,CHARMER FOR A DAY,1,0,0,,4,8.0,0,1,0,,,,,2020-09-15 06:26:25
19924180,,,0,,,,,,SARAH SAYS SO,1,0,0,,4,1.0,0,1,0,,,,,2020-09-15 06:26:25
19924206,,,0,,,,,,IRIE,1,0,0,,4,1.0,0,1,0,,,,,2020-09-15 06:26:25
19924226,,,0,,,,,,GLITTER STAR,1,0,0,,4,1.0,0,1,0,,,,,2020-09-15 06:26:25
19924266,,,0,,,,,,SISTER HARPER,1,0,0,,4,8.0,0,1,0,,,,,2020-09-15 06:26:25
19924286,,,0,,,,,,LA GRANDE DAME,1,0,0,,4,1.0,0,1,0,,,,,2020-09-15 06:26:25
19924302,,,0,,,,,,MAUNA LANI,1,0,0,,4,,0,1,0,,,,,2020-09-15 06:26:25
19924342,,,0,,,,,,MOUNTAIN HONEY,1,0,0,,4,1.0,0,1,0,,,,,2020-09-15 06:26:25
19924362,,,0,,,,,,SANTA MARIA,1,0,0,,4,8.0,0,1,0,,,,,2020-09-15 06:26:25
19924382,,,0,,,,,,SHESAWILDCATFAN,1,0,0,,4,,0,1,0,,,,,2020-09-15 06:26:25
19924428,,,0,,,,,,DO AS I HAVE DONE,1,0,0,,4,,0,1,0,,,,,2020-09-15 06:26:25
19924468,,,0,,,,,,REEFSIDE,1,0,0,,4,1.0,0,1,0,,,,,2020-09-15 06:26:25
19924504,,,0,,,,,,EVENING DARLIN,1,0,0,,4,,0,1,0,,,,,2020-09-15 06:26:25
19924544,,,0,,,,,,NO ENTOURAGE,1,0,0,,4,8.0,0,1,0,,,,,2020-09-15 06:26:25
19924584,,,0,,,,,,TOY BOX,1,0,0,,4,8.0,0,1,0,,,,,2020-09-15 06:26:25
19924620,,,0,,,,,,CAPTAIN'S LAUNCH,1,0,0,,4,1.0,0,1,0,,,,,2020-09-15 06:26:25
19924660,,,0,,,,,,NEW CHRIS,1,0,0,,4,1.0,0,1,0,,,,,2020-09-15 06:26:25
19924706,,,0,,,,,,COMPLETE CHARM,1,0,0,,4,8.0,0,1,0,,,,,2020-09-15 06:26:25
19924746,,,0,,,,,,SIN FOR ME,1,0,0,,4,,0,1,0,,,,,2020-09-15 06:26:25
19924766,,,0,,,,,,SUNNY DEL REY,1,0,0,,4,,0,1,0,,,,,2020-09-15 06:26:25
19924786,,,0,,,,,,GLACEY INTENT,1,0,0,,4,1.0,0,1,0,,,,,2020-09-15 06:26:25
19924802,,,0,,,,,,WITH A FLAIR,1,0,0,,4,1.0,0,1,0,,,,,2020-09-15 06:26:25
19924822,,,0,,,,,,SECRET COLONY,1,0,0,,4,8.0,0,1,0,,,,,2020-09-15 06:26:25
19924842,,,0,,,,,,JAMAICAN SUNSET,1,0,0,,4,1.0,0,1,0,,,,,2020-09-15 06:26:25
19924862,,,0,,,,,,PRIVATE AWAKENING,1,0,0,,4,,0,1,0,,,,,2020-09-15 06:26:25
19924882,,,0,,,,,,BARBARA'S BEST,1,0,0,,4,8.0,0,1,0,,,,,2020-09-15 06:26:25
19924908,,,0,,,,,,COPPER AND BRONZE,1,0,0,,4,,0,1,0,,,,,2020-09-15 06:26:25
19924928,,,0,,,,,,WORLD OF LIGHT,1,0,0,,4,1.0,0,1,0,,,,,2020-09-15 06:26:25
19924948,,,0,,,,,,MY BOLD GLITTER,1,0,0,,4,1.0,0,1,0,,,,,2020-09-15 06:26:25
19924968,,,0,,,,,,BAG OF GOLD II,1,0,0,,4,1.0,0,1,0,,,,,2020-09-15 06:26:25
19924988,,,0,,,,,,DANZALOT MISS,1,0,0,,4,,0,1,0,,,,,2020-09-15 06:26:25
19925001,,,0,,,,,,BELLAROSA,1,0,0,,4,,0,1,0,,,,,2020-09-15 06:26:25
19925021,,,0,,,,,,RUMBLE SEAT,1,0,0,,4,8.0,0,1,0,,,,,2020-09-15 06:26:25
19925041,,,0,,,,,,SUNSATIONAL GIRL,1,0,0,,4,8.0,0,1,0,,,,,2020-09-15 06:26:25
19925061,,,0,,,,,,PLAYTIME,1,0,0,,4,8.0,0,1,0,,,,,2020-09-15 06:26:25
19925081,,,0,,,,,,MIPS,1,0,0,,4,9.0,0,1,0,,,,,2020-09-15 06:26:25
19925107,,,0,,,,,,A NOTHER ANOTHER,1,0,0,,4,1.0,0,1,0,,,,,2020-09-15 06:26:25
19925127,,,0,,,,,,WAKATE,1,0,0,,4,8.0,0,1,0,,,,,2020-09-15 06:26:25
19925147,,,0,,,,,,WOULD YOU'S LAST,1,0,0,,4,8.0,0,1,0,,,,,2020-09-15 06:26:25
19925167,,,0,,,,,,WAGONSHA,1,0,0,,4,1.0,0,1,0,,,,,2020-09-15 06:26:25
19925187,,,0,,,,,,SEND CHOCOLATES,1,0,0,,4,8.0,0,1,0,,,,,2020-09-15 06:26:25
19925203,,,0,,,,,,NEW MENU,1,0,0,,4,1.0,0,1,0,,,,,2020-09-15 06:26:25
19925223,,,0,,,,,,WILD MICHELLE,1,0,0,,4,1.0,0,1,0,,,,,2020-09-15 06:26:25
19925243,,,0,,,,,,POLISH DAME,1,0,0,,4,1.0,0,1,0,,,,,2020-09-15 06:26:25
19925263,,,0,,,,,,SWEET ALABASTAR,1,0,0,,4,,0,1,0,,,,,2020-09-15 06:26:25
19925283,,,0,,,,,,D'AURIA,1,0,0,,4,1.0,0,1,0,,,,,2020-09-15 06:26:25
19925309,,,0,,,,,,CRICKET BOX,1,0,0,,4,8.0,0,1,0,,,,,2020-09-15 06:26:25
19925329,,,0,,,,,,EXPRESS FASHION,1,0,0,,4,,0,1,0,,,,,2020-09-15 06:26:25
19925349,,,0,,,,,,SAY HOW YOU FEEL,1,0,0,,4,1.0,0,1,0,,,,,2020-09-15 06:26:25
19925369,,,0,,,,,,COLOR HER GONE,1,0,0,,4,,0,1,0,,,,,2020-09-15 06:26:25
19925389,,,0,,,,,,SINGIN UP A STORM,1,0,0,,4,,0,1,0,,,,,2020-09-15 06:26:25
19925405,,,0,,,,,,CARSON CREEK,1,0,0,,4,8.0,0,1,0,,,,,2020-09-15 06:26:25
19925425,,,0,,,,,,MAPLE CREEK,1,0,0,,4,,0,1,0,,,,,2020-09-15 06:26:25
19925445,,,0,,,,,,SHE'S A DRAGON,1,0,0,,4,,0,1,0,,,,,2020-09-15 06:26:25
19925465,,,0,,,,,,PROM KNIGHT,1,0,0,,4,1.0,0,1,0,,,,,2020-09-15 06:26:25
19925485,,,0,,,,,,ENNISBEG,1,0,0,,4,1.0,0,1,0,,,,,2020-09-15 06:26:25
19925501,,,0,,,,,,ANNUAL GUEST,1,0,0,,4,8.0,0,1,0,,,,,2020-09-15 06:26:25
19925541,,,0,,,,,,WONOFTHEONES,1,0,0,,4,1.0,0,1,0,,,,,2020-09-15 06:26:25
19925561,,,0,,,,,,JEWEL PRINCESS,1,0,0,,4,1.0,0,1,0,,,,,2020-09-15 06:26:25
19925581,,,0,,,,,,BUSHY'S PRIDE,1,0,0,,4,1.0,0,1,0,,,,,2020-09-15 06:26:25
19925607,,,0,,,,,,TAIANNA,1,0,0,,4,,0,1,0,,,,,2020-09-15 06:26:25
19925627,,,0,,,,,,LUCKY SOPH,1,0,0,,4,1.0,0,1,0,,,,,2020-09-15 06:26:25
19925647,,,0,,,,,,FLOWN AWAY,1,0,0,,4,,0,1,0,,,,,2020-09-15 06:26:25
19925667,,,0,,,,,,SEEKING REGINA,1,0,0,,4,8.0,0,1,0,,,,,2020-09-15 06:26:25
19925743,,,0,,,,,,SNEAKY QUIET,1,0,0,,4,1.0,0,1,0,,,,,2020-09-15 06:26:25
19925783,,,0,,,,,,PENNANT CHAMPION,1,0,0,,4,1.0,0,1,0,,,,,2020-09-15 06:26:25
19925809,,,0,,,,,,DAYJUR VU AGAIN,1,0,0,,4,1.0,0,1,0,,,,,2020-09-15 06:26:25
19925829,,,0,,,,,,MAIN EDITION,1,0,0,,4,8.0,0,1,0,,,,,2020-09-15 06:26:25
19925849,,,0,,,,,,STREET CODE,1,0,0,,4,8.0,0,1,0,,,,,2020-09-15 06:26:25
19925889,,,0,,,,,,WEEKEND STORM,1,0,0,,4,1.0,0,1,0,,,,,2020-09-15 06:26:25
19925905,,,0,,,,,,HISHI PEBBLE,1,0,0,,4,1.0,0,1,0,,,,,2020-09-15 06:26:25
19925945,,,0,,,,,,LOVE TUNNEL,1,0,0,,4,,0,1,0,,,,,2020-09-15 06:26:25
19926028,,,0,,,,,,HOLLYWOOD HENBANE,1,0,0,,4,,0,1,0,,,,,2020-09-15 06:26:25
19926068,,,0,,,,,,PRETORIA,1,0,0,,4,1.0,0,1,0,,,,,2020-09-15 06:26:25
19926104,,,0,,,,,,VALID EXPRESSION,1,0,0,,4,,0,1,0,,,,,2020-09-15 06:26:25
19926164,,,0,,,,,,MY LADY MARINE,1,0,0,,4,1.0,0,1,0,,,,,2020-09-15 06:26:25
19926200,,,0,,,,,,DESTIN LADY,1,0,0,,4,,0,1,0,,,,,2020-09-15 06:26:25
19926240,,,0,,,,,,BRIGHTON WAY,1,0,0,,4,,0,1,0,,,,,2020-09-15 06:26:25
19926260,,,0,,,,,,STAR OF THE BALLET,1,0,0,,4,,0,1,0,,,,,2020-09-15 06:26:25
19926280,,,0,,,,,,GARDEN ROSE,1,0,0,,4,,0,1,0,,,,,2020-09-15 06:26:25
19926402,,,0,,,,,,DASHBOARD LIGHT,1,0,0,,4,,0,1,0,,,,,2020-09-15 06:26:25
19926528,,,0,,,,,,TWO'S A HIT,1,0,0,,4,,0,1,0,,,,,2020-09-15 06:26:25
19926826,,,0,,,,,,JAMIE O EIGHT,1,0,0,,4,,0,1,0,,,,,2020-09-15 06:26:25
19926962,,,0,,,,,,GIPSYLAND,1,0,0,,4,1.0,0,1,0,,,,,2020-09-15 06:26:25
19926982,,,0,,,,,,CHARADE,1,0,0,,4,,0,1,0,,,,,2020-09-15 06:26:25
19930064,,,0,,,,,,BRENDA'S SONG,1,0,0,,4,8.0,0,1,0,,,,,2020-09-15 06:26:25
19930084,,,0,,,,,,VALLEY FIELD,1,0,0,,4,1.0,0,1,0,,,,,2020-09-15 06:26:25
19930100,,,0,,,,,,PAT GEE,1,0,0,,4,1.0,0,1,0,,,,,2020-09-15 06:26:25
19930206,,,0,,,,,,KAILOK,1,0,0,,4,8.0,0,1,0,,,,,2020-09-15 06:26:25
19930322,,,0,,,,,,TASHNA GAYE,1,0,0,,4,1.0,0,1,0,,,,,2020-09-15 06:26:25
19930362,,,0,,,,,,STAR DIPLOMAT,1,0,0,,4,1.0,0,1,0,,,,,2020-09-15 06:26:25
19930428,,,0,,,,,,BLUE LACE,1,0,0,,4,1.0,0,1,0,,,,,2020-09-15 06:26:25
19930544,,,0,,,,,,BLANCHE',1,0,0,,4,1.0,0,1,0,,,,,2020-09-15 06:26:25
19930640,,,0,,,,,,LUVVY DUVVY,1,0,0,,4,1.0,0,1,0,,,,,2020-09-15 06:26:25
19930842,,,0,,,,,,HOLLYWOOD BOUND,1,0,0,,4,1.0,0,1,0,,,,,2020-09-15 06:26:25
19930862,,,0,,,,,,ONE DRAW,1,0,0,,4,1.0,0,1,0,,,,,2020-09-15 06:26:25
19931223,,,0,,,,,,RUNAWAY NATIVE,1,0,0,,4,1.0,0,1,0,,,,,2020-09-15 06:26:25
19931329,,,0,,,,,,SEATTLE PRINCESS,1,0,0,,4,1.0,0,1,0,,,,,2020-09-15 06:26:25
19931389,,,0,,,,,,BONSAI,1,0,0,,4,1.0,0,1,0,,,,,2020-09-15 06:26:25
19931501,,,0,,,,,,ANGEL'S GREASE,1,0,0,,4,9.0,0,1,0,,,,,2020-09-15 06:26:25
19931521,,,0,,,,,,BRAVE LADY,1,0,0,,4,8.0,0,1,0,,,,,2020-09-15 06:26:25
19931536,,,0,,,,,,WILD TRAVELLER,1,0,0,,4,,0,1,0,,,,,2020-09-15 06:26:25
19931723,,,0,,,,,,BOUNCEABOUT,1,0,0,,4,8.0,0,1,0,,,,,2020-09-15 06:26:25
19931809,,,0,,,,,,PEACEFUL GIRL,1,0,0,,4,1.0,0,1,0,,,,,2020-09-15 06:26:25
19931829,,,0,,,,,,IMAGINE,1,0,0,,4,1.0,0,1,0,,,,,2020-09-15 06:26:25
19931849,,,0,,,,,,SHANEISHA,1,0,0,,4,11.0,0,1,0,,,,,2020-09-15 06:26:25
19931889,,,0,,,,,,VELOCITY QUEEN,1,0,0,,4,1.0,0,1,0,,,,,2020-09-15 06:26:25
19931905,,,0,,,,,,NORTHERN PATH,1,0,0,,4,1.0,0,1,0,,,,,2020-09-15 06:26:25
19932008,,,0,,,,,,RESTLESS NIDD,1,0,0,,4,8.0,0,1,0,,,,,2020-09-15 06:26:25
19932088,,,0,,,,,,HELICON,1,0,0,,4,8.0,0,1,0,,,,,2020-09-15 06:26:25
19932144,,,0,,,,,,UNDER THIRTY,1,0,0,,4,8.0,0,1,0,,,,,2020-09-15 06:26:25
19932240,,,0,,,,,,WISHING,1,0,0,,4,8.0,0,1,0,,,,,2020-09-15 06:26:25
19932280,,,0,,,,,,SABRINA GOLD,1,0,0,,4,1.0,0,1,0,,,,,2020-09-15 06:26:25
19932306,,,0,,,,,,RAJASTAR,1,0,0,,4,1.0,0,1,0,,,,,2020-09-15 06:26:25
19932442,,,0,,,,,,DAME O' MANDY,1,0,0,,4,1.0,0,1,0,,,,,2020-09-15 06:26:25
19932664,,,0,,,,,,RUNAWAY GIRL,1,0,0,,4,9.0,0,1,0,,,,,2020-09-15 06:26:25
19932684,,,0,,,,,,DISTINCTIVE DANCER,1,0,0,,4,1.0,0,1,0,,,,,2020-09-15 06:26:25
19932720,,,0,,,,,,INFORMED NATIVE,1,0,0,,4,1.0,0,1,0,,,,,2020-09-15 06:26:25
19932760,,,0,,,,,,PINKIE MY LOVE,1,0,0,,4,8.0,0,1,0,,,,,2020-09-15 06:26:25
19932942,,,0,,,,,,MISS SAIGON,1,0,0,,4,8.0,0,1,0,,,,,2020-09-15 06:26:25
19933005,,,0,,,,,,WHAT A RUCKUS,1,0,0,,4,4.0,0,1,0,,,,,2020-09-15 06:26:25
19933101,,,0,,,,,,VINTAGE VINE,1,0,0,,4,8.0,0,1,0,,,,,2020-09-15 06:26:25
19933121,,,0,,,,,,ARANTXA,1,0,0,,4,1.0,0,1,0,,,,,2020-09-15 06:26:25
19933161,,,0,,,,,,CERWIN'S CHOICE,1,0,0,,4,1.0,0,1,0,,,,,2020-09-15 06:26:25
19933181,,,0,,,,,,MS JENKINS,1,0,0,,4,,0,1,0,,,,,2020-09-15 06:26:25
19933207,,,0,,,,,,MUCHACHA FAVORITA,1,0,0,,4,8.0,0,1,0,,,,,2020-09-15 06:26:25
19933267,,,0,,,,,,CHABLIS,1,0,0,,4,1.0,0,1,0,,,,,2020-09-15 06:26:25
19933287,,,0,,,,,,KAMELLA,1,0,0,,4,1.0,0,1,0,,,,,2020-09-15 06:26:25
19933343,,,0,,,,,,LOCH NESS,1,0,0,,4,8.0,0,1,0,,,,,2020-09-15 06:26:25
19933363,,,0,,,,,,FORJAYSSAKE,1,0,0,,4,1.0,0,1,0,,,,,2020-09-15 06:26:25
19933383,,,0,,,,,,QUEEN'S ENGLISH,1,0,0,,4,1.0,0,1,0,,,,,2020-09-15 06:26:25
19933469,,,0,,,,,,DOROTIC,1,0,0,,4,8.0,0,1,0,,,,,2020-09-15 06:26:25
19933505,,,0,,,,,,LADY SLICK,1,0,0,,4,1.0,0,1,0,,,,,2020-09-15 06:26:25
19933727,,,0,,,,,,JAZZ FESTIVAL,1,0,0,,4,8.0,0,1,0,,,,,2020-09-15 06:26:25
19933823,,,0,,,,,,MEDICINE WOMAN,1,0,0,,4,9.0,0,1,0,,,,,2020-09-15 06:26:25
19933863,,,0,,,,,,CREME DE LA CREME,1,0,0,,4,1.0,0,1,0,,,,,2020-09-15 06:26:25
19934022,,,0,,,,,,CASINO CRUISE,1,0,0,,4,,0,1,0,,,,,2020-09-15 06:26:25
19934108,,,0,,,,,,JADED AFFAIR,1,0,0,,4,8.0,0,1,0,,,,,2020-09-15 06:26:25
19934128,,,0,,,,,,AT THE STAR,1,0,0,,4,1.0,0,1,0,,,,,2020-09-15 06:26:25
19934168,,,0,,,,,,TROPICAL MAGIC,1,0,0,,4,1.0,0,1,0,,,,,2020-09-15 06:26:25
19934188,,,0,,,,,,COOL PUNCH,1,0,0,,4,1.0,0,1,0,,,,,2020-09-15 06:26:25
19934204,,,0,,,,,,MERLENE'S CRACKER,1,0,0,,4,,0,1,0,,,,,2020-09-15 06:26:25
19934264,,,0,,,,,,BAY WAR,1,0,0,,4,1.0,0,1,0,,,,,2020-09-15 06:26:25
19934300,,,0,,,,,,SWIRLING GREY,1,0,0,,4,9.0,0,1,0,,,,,2020-09-15 06:26:25
19934360,,,0,,,,,,HOT CHILLYBEAN,1,0,0,,4,1.0,0,1,0,,,,,2020-09-15 06:26:25
19934406,,,0,,,,,,TASHENA QUE,1,0,0,,4,,0,1,0,,,,,2020-09-15 06:26:25
19934446,,,0,,,,,,SHANEEK QUE,1,0,0,,4,8.0,0,1,0,,,,,2020-09-15 06:26:25
19934466,,,0,,,,,,KASHABOO,1,0,0,,4,1.0,0,1,0,,,,,2020-09-15 06:26:25
19934486,,,0,,,,,,FROSTY QUEEN,1,0,0,,4,1.0,0,1,0,,,,,2020-09-15 06:26:25
19934582,,,0,,,,,,RUNAWAY SHEILA,1,0,0,,4,1.0,0,1,0,,,,,2020-09-15 06:26:25
19934608,,,0,,,,,,COZENAGE,1,0,0,,4,9.0,0,1,0,,,,,2020-09-15 06:26:25
19934648,,,0,,,,,,TEMPERENCE OAKS,1,0,0,,4,8.0,0,1,0,,,,,2020-09-15 06:26:25
19934668,,,0,,,,,,REALLY A HONEY,1,0,0,,4,1.0,0,1,0,,,,,2020-09-15 06:26:25
19934688,,,0,,,,,,MICHELE'S MAGIC,1,0,0,,4,8.0,0,1,0,,,,,2020-09-15 06:26:25
19934704,,,0,,,,,,CRIMINAL MAJESTY,1,0,0,,4,,0,1,0,,,,,2020-09-15 06:26:25
19934724,,,0,,,,,,SHE KNOWS BEAU,1,0,0,,4,8.0,0,1,0,,,,,2020-09-15 06:26:25
19934764,,,0,,,,,,COZZA,1,0,0,,4,1.0,0,1,0,,,,,2020-09-15 06:26:25
19934820,,,0,,,,,,SUSAN'S SMILE,1,0,0,,4,1.0,0,1,0,,,,,2020-09-15 06:26:25
19934840,,,0,,,,,,ADDED EXCITEMENT,1,0,0,,4,,0,1,0,,,,,2020-09-15 06:26:25
19934860,,,0,,,,,,QUICK BURST,1,0,0,,4,1.0,0,1,0,,,,,2020-09-15 06:26:25
19934880,,,0,,,,,,LATIN RHYTHM,1,0,0,,4,9.0,0,1,0,,,,,2020-09-15 06:26:25
19934906,,,0,,,,,,GLORIOUS LINE,1,0,0,,4,1.0,0,1,0,,,,,2020-09-15 06:26:25
19934946,,,0,,,,,,SKIP BY,1,0,0,,4,8.0,0,1,0,,,,,2020-09-15 06:26:25
19934966,,,0,,,,,,LET'S HOPE,1,0,0,,4,,0,1,0,,,,,2020-09-15 06:26:25
19934986,,,0,,,,,,LA RAE,1,0,0,,4,,0,1,0,,,,,2020-09-15 06:26:25
19935009,,,0,,,,,,ASKAROMAN,1,0,0,,4,1.0,0,1,0,,,,,2020-09-15 06:26:25
19935029,,,0,,,,,,PRINCESS OF NOTE,1,0,0,,4,8.0,0,1,0,,,,,2020-09-15 06:26:25
19935049,,,0,,,,,,MISS UNZIPPED,1,0,0,,4,11.0,0,1,0,,,,,2020-09-15 06:26:25
19935069,,,0,,,,,,POLESTAR,1,0,0,,4,1.0,0,1,0,,,,,2020-09-15 06:26:25
19935089,,,0,,,,,,STONE HARBOR SLEW,1,0,0,,4,1.0,0,1,0,,,,,2020-09-15 06:26:25
19935105,,,0,,,,,,DUTCHESS ALEXANDRA,1,0,0,,4,,0,1,0,,,,,2020-09-15 06:26:25
19935125,,,0,,,,,,GLITTERING DIAMOND,1,0,0,,4,1.0,0,1,0,,,,,2020-09-15 06:26:25
19935145,,,0,,,,,,KEEPER OF THE STAR,1,0,0,,4,9.0,0,1,0,,,,,2020-09-15 06:26:25
19935165,,,0,,,,,,CIESTA LITA,1,0,0,,4,,0,1,0,,,,,2020-09-15 06:26:25
19935185,,,0,,,,,,LOCAL PROSPECTOR,1,0,0,,4,,0,1,0,,,,,2020-09-15 06:26:25
19935201,,,0,,,,,,CANTEEN QUEEN,1,0,0,,4,,0,1,0,,,,,2020-09-15 06:26:25
19935221,,,0,,,,,,VALCREST,1,0,0,,4,1.0,0,1,0,,,,,2020-09-15 06:26:25
19935241,,,0,,,,,,LAURA LEE,1,0,0,,4,,0,1,0,,,,,2020-09-15 06:26:25
19935261,,,0,,,,,,DAZZLO,1,0,0,,4,,0,1,0,,,,,2020-09-15 06:26:25
19935281,,,0,,,,,,MISS WAKI CLUB,1,0,0,,4,8.0,0,1,0,,,,,2020-09-15 06:26:25
19935307,,,0,,,,,,MARIMBA BELLE,1,0,0,,4,1.0,0,1,0,,,,,2020-09-15 06:26:25
19935327,,,0,,,,,,HEAVENLY VALLEY,1,0,0,,4,8.0,0,1,0,,,,,2020-09-15 06:26:25
19935347,,,0,,,,,,CLEARLY DEARLY,1,0,0,,4,1.0,0,1,0,,,,,2020-09-15 06:26:25
19935367,,,0,,,,,,LOOKAWAY DIXIE,1,0,0,,4,1.0,0,1,0,,,,,2020-09-15 06:26:25
19935387,,,0,,,,,,BOG WILD,1,0,0,,4,8.0,0,1,0,,,,,2020-09-15 06:26:25
19935403,,,0,,,,,,MIRALOMA,1,0,0,,4,8.0,0,1,0,,,,,2020-09-15 06:26:25
19935423,,,0,,,,,,BINARY,1,0,0,,4,8.0,0,1,0,,,,,2020-09-15 06:26:25
19935443,,,0,,,,,,A WINLOC SQUALL,1,0,0,,4,8.0,0,1,0,,,,,2020-09-15 06:26:25
19935463,,,0,,,,,,SENORITA SUE,1,0,0,,4,9.0,0,1,0,,,,,2020-09-15 06:26:25
19935483,,,0,,,,,,HONEST SUM,1,0,0,,4,1.0,0,1,0,,,,,2020-09-15 06:26:25
19935509,,,0,,,,,,VERREAUX,1,0,0,,4,,0,1,0,,,,,2020-09-15 06:26:25
19935529,,,0,,,,,,VICE PRESIDENT,1,0,0,,4,1.0,0,1,0,,,,,2020-09-15 06:26:25
19935549,,,0,,,,,,WANDERING STAR,1,0,0,,4,1.0,0,1,0,,,,,2020-09-15 06:26:25
19935569,,,0,,,,,,EISHIN ONTARIO,1,0,0,,4,1.0,0,1,0,,,,,2020-09-15 06:26:25
19935589,,,0,,,,,,PENNY MINT,1,0,0,,4,,0,1,0,,,,,2020-09-15 06:26:25
19935605,,,0,,,,,,CATCH ARISING STAR,1,0,0,,4,9.0,0,1,0,,,,,2020-09-15 06:26:25
19935625,,,0,,,,,,SHEFFIELD,1,0,0,,4,,0,1,0,,,,,2020-09-15 06:26:25
19935645,,,0,,,,,,SEEKING D'ORO,1,0,0,,4,1.0,0,1,0,,,,,2020-09-15 06:26:25
19935685,,,0,,,,,,EMERALINO,1,0,0,,4,1.0,0,1,0,,,,,2020-09-15 06:26:25
19935701,,,0,,,,,,DISTINGUISH FORUM,1,0,0,,4,1.0,0,1,0,,,,,2020-09-15 06:26:25
19935721,,,0,,,,,,MOLLY MCMORE,1,0,0,,4,,0,1,0,,,,,2020-09-15 06:26:26
19935741,,,0,,,,,,ALTESIA,1,0,0,,4,1.0,0,1,0,,,,,2020-09-15 06:26:26
19935761,,,0,,,,,,CRAFTY PERSONALITY,1,0,0,,4,1.0,0,1,0,,,,,2020-09-15 06:26:26
19935781,,,0,,,,,,LA CUCINA,1,0,0,,4,1.0,0,1,0,,,,,2020-09-15 06:26:26
19935807,,,0,,,,,,NOTESN'DESCRETION,1,0,0,,4,1.0,0,1,0,,,,,2020-09-15 06:26:26
19935827,,,0,,,,,,SWEET LITTLE KRIS,1,0,0,,4,8.0,0,1,0,,,,,2020-09-15 06:26:26
19935847,,,0,,,,,,MISSY WAKI,1,0,0,,4,9.0,0,1,0,,,,,2020-09-15 06:26:26
19935867,,,0,,,,,,STEADY CAT,1,0,0,,4,1.0,0,1,0,,,,,2020-09-15 06:26:26
19935887,,,0,,,,,,WOODY N JUNE,1,0,0,,4,1.0,0,1,0,,,,,2020-09-15 06:26:26
19935903,,,0,,,,,,FAYSTON,1,0,0,,4,,0,1,0,,,,,2020-09-15 06:26:26
19935923,,,0,,,,,,CRYSTAL RIVER,1,0,0,,4,8.0,0,1,0,,,,,2020-09-15 06:26:26
19935943,,,0,,,,,,ELECTRIC TALENT,1,0,0,,4,,0,1,0,,,,,2020-09-15 06:26:26
19935963,,,0,,,,,,NAJECAM,1,0,0,,4,8.0,0,1,0,,,,,2020-09-15 06:26:26
19936026,,,0,,,,,,GOULASH,1,0,0,,4,1.0,0,1,0,,,,,2020-09-15 06:26:26
19936046,,,0,,,,,,BLACK POWDER,1,0,0,,4,1.0,0,1,0,,,,,2020-09-15 06:26:26
19936102,,,0,,,,,,VICTRESS,1,0,0,,4,,0,1,0,,,,,2020-09-15 06:26:26
19936268,,,0,,,,,,ARIEL'S TEMPEST,1,0,0,,4,,0,1,0,,,,,2020-09-15 06:26:26
19936546,,,0,,,,,,SHY MARFA,1,0,0,,4,,0,1,0,,,,,2020-09-15 06:26:26
19936788,,,0,,,,,,AMAZING TRACE,1,0,0,,4,,0,1,0,,,,,2020-09-15 06:26:26
19940168,,,0,,,,,,BAG OF RUBIES,1,0,0,,4,1.0,0,1,0,,,,,2020-09-15 06:26:26
19940188,,,0,,,,,,KILLER MARJ,1,0,0,,4,1.0,0,1,0,,,,,2020-09-15 06:26:26
19940244,,,0,,,,,,SMILEFORME,1,0,0,,4,8.0,0,1,0,,,,,2020-09-15 06:26:26
19940264,,,0,,,,,,MEI LIEN,1,0,0,,4,1.0,0,1,0,,,,,2020-09-15 06:26:26
19940320,,,0,,,,,,GLORIA,1,0,0,,4,1.0,0,1,0,,,,,2020-09-15 06:26:26
19940380,,,0,,,,,,EBONY FIRE,1,0,0,,4,1.0,0,1,0,,,,,2020-09-15 06:26:26
19940466,,,0,,,,,,AESOP,1,0,0,,4,1.0,0,1,0,,,,,2020-09-15 06:26:26
19940542,,,0,,,,,,MACCA,1,0,0,,4,1.0,0,1,0,,,,,2020-09-15 06:26:26
19940628,,,0,,,,,,FRENCH CUT,1,0,0,,4,1.0,0,1,0,,,,,2020-09-15 06:26:26
19940744,,,0,,,,,,CHETAN,1,0,0,,4,3.0,0,1,0,,,,,2020-09-15 06:26:26
19940764,,,0,,,,,,OSHIN,1,0,0,,4,,0,1,0,,,,,2020-09-15 06:26:26
19940840,,,0,,,,,,BACCHARAL,1,0,0,,4,1.0,0,1,0,,,,,2020-09-15 06:26:26
19940966,,,0,,,,,,DANCING QUEEN,1,0,0,,4,1.0,0,1,0,,,,,2022-10-15 16:55:59
19941009,,,0,,,,,,BUNNS OF STEEL,1,0,0,,4,8.0,0,1,0,,,,,2020-09-15 06:26:26
19941281,,,0,,,,,,DANCE PARADE,1,0,0,,4,8.0,0,1,0,,,,,2020-09-15 06:26:26
19941367,,,0,,,,,,TIFFIN,1,0,0,,4,1.0,0,1,0,,,,,2020-09-15 06:26:26
19941463,,,0,,,,,,RESTLESS BELLE,1,0,0,,4,1.0,0,1,0,,,,,2020-09-15 06:26:26
19941549,,,0,,,,,,SHOPPING BAG,1,0,0,,4,1.0,0,1,0,,,,,2020-09-15 06:26:26
19941569,,,0,,,,,,PRINCESS LAL,1,0,0,,4,1.0,0,1,0,,,,,2020-09-15 06:26:26
19941721,,,0,,,,,,EN VOGUE,1,0,0,,4,1.0,0,1,0,,,,,2020-09-15 06:26:26
19942006,,,0,,,,,,LAVALIER,1,0,0,,4,,0,1,0,,,,,2020-09-15 06:26:26
19942046,,,0,,,,,,NARGIS,1,0,0,,4,1.0,0,1,0,,,,,2020-09-15 06:26:26
19942066,,,0,,,,,,INGENIUS,1,0,0,,4,,0,1,0,,,,,2020-09-15 06:26:26
19942182,,,0,,,,,,FLAVIA GIRL,1,0,0,,4,1.0,0,1,0,,,,,2020-09-15 06:26:26
19942268,,,0,,,,,,BRIANA'S PRINCESS,1,0,0,,4,1.0,0,1,0,,,,,2020-09-15 06:26:26
19942288,,,0,,,,,,TOUCH THE LIGHT,1,0,0,,4,9.0,0,1,0,,,,,2020-09-15 06:26:26
19942304,,,0,,,,,,REMMINGTON EXPRESS,1,0,0,,4,1.0,0,1,0,,,,,2020-09-15 06:26:26
19942324,,,0,,,,,,DIAMOND LIL,1,0,0,,4,1.0,0,1,0,,,,,2020-09-15 06:26:26
19942642,,,0,,,,,,SANTA ANITA,1,0,0,,4,9.0,0,1,0,,,,,2020-09-15 06:26:26
19942662,,,0,,,,,,FILIPINA,1,0,0,,4,1.0,0,1,0,,,,,2020-09-15 06:26:26
19942708,,,0,,,,,,LA PROFESSORA,1,0,0,,4,,0,1,0,,,,,2020-09-15 06:26:26
19942804,,,0,,,,,,CARIBBEAN REGGAE,1,0,0,,4,8.0,0,1,0,,,,,2020-09-15 06:26:26
19942920,,,0,,,,,,LADY LASHANDA,1,0,0,,4,1.0,0,1,0,,,,,2020-09-15 06:26:26
19943003,,,0,,,,,,SABATINI,1,0,0,,4,1.0,0,1,0,,,,,2020-09-15 06:26:26
19943043,,,0,,,,,,DANCING FOLLY,1,0,0,,4,1.0,0,1,0,,,,,2020-09-15 06:26:26
19943083,,,0,,,,,,SUNDAY SLEW,1,0,0,,4,,0,1,0,,,,,2020-09-15 06:26:26
19943205,,,0,,,,,,DILEMMA,1,0,0,,4,1.0,0,1,0,,,,,2020-09-15 06:26:26
19943467,,,0,,,,,,DIN'S DAMOISELLE,1,0,0,,4,1.0,0,1,0,,,,,2020-09-15 06:26:26
19943543,,,0,,,,,,ENGLISH HARVEST,1,0,0,,4,11.0,0,1,0,,,,,2020-09-15 06:26:26
19943705,,,0,,,,,,REGINA SAVAGE,1,0,0,,4,8.0,0,1,0,,,,,2020-09-15 06:26:26
19943725,,,0,,,,,,KEISHA'S PRIDE,1,0,0,,4,8.0,0,1,0,,,,,2020-09-15 06:26:26
19943765,,,0,,,,,,SPANISH EYES,1,0,0,,4,8.0,0,1,0,,,,,2020-09-15 06:26:26
19943770,,,0,,,,,,KELLY'S KID,1,0,0,,4,,0,1,0,,,,,2020-09-15 06:26:26
19943785,,,0,,,,,,MAGIC BUTTERFLY,1,0,0,,4,1.0,0,1,0,,,,,2020-09-15 06:26:26
19943821,,,0,,,,,,BRITASTIC,1,0,0,,4,1.0,0,1,0,,,,,2020-09-15 06:26:26
19943841,,,0,,,,,,P.W'S CHOICE,1,0,0,,4,1.0,0,1,0,,,,,2020-09-15 06:26:26
19943861,,,0,,,,,,LIL NASKRA,1,0,0,,4,,0,1,0,,,,,2020-09-15 06:26:26
19943907,,,0,,,,,,SPECIAL CLEARANCE,1,0,0,,4,,0,1,0,,,,,2020-09-15 06:26:26
19943987,,,0,,,,,,TAWNEE PEACE,1,0,0,,4,8.0,0,1,0,,,,,2020-09-15 06:26:26
19944000,,,0,,,,,,REGAL AND BRAVE,1,0,0,,4,8.0,0,1,0,,,,,2020-09-15 06:26:26
19944020,,,0,,,,,,'S MARVELOUS,1,0,0,,4,8.0,0,1,0,,,,,2020-09-15 06:26:26
19944040,,,0,,,,,,HOME ON THE NILE,1,0,0,,4,8.0,0,1,0,,,,,2020-09-15 06:26:26
19944060,,,0,,,,,,ZEITGEIST,1,0,0,,4,,0,1,0,,,,,2020-09-15 06:26:26
19944080,,,0,,,,,,DANCING STARLET,1,0,0,,4,1.0,0,1,0,,,,,2020-09-15 06:26:26
19944106,,,0,,,,,,DELIGHTFUL JOLIE,1,0,0,,4,1.0,0,1,0,,,,,2020-09-15 06:26:26
19944126,,,0,,,,,,PASSWAY,1,0,0,,4,8.0,0,1,0,,,,,2020-09-15 06:26:26
19944146,,,0,,,,,,SMART PERFECTION,1,0,0,,4,1.0,0,1,0,,,,,2020-09-15 06:26:26
19944166,,,0,,,,,,HAZY PROSPECT,1,0,0,,4,1.0,0,1,0,,,,,2020-09-15 06:26:26
19944186,,,0,,,,,,THIS TIME AROUND,1,0,0,,4,,0,1,0,,,,,2020-09-15 06:26:26
19944202,,,0,,,,,,LADY WITH A TUDE,1,0,0,,4,1.0,0,1,0,,,,,2020-09-15 06:26:26
19944222,,,0,,,,,,MAJESTIC CLOTH,1,0,0,,4,1.0,0,1,0,,,,,2020-09-15 06:26:26
19944242,,,0,,,,,,DAZZLING SUNRISE,1,0,0,,4,8.0,0,1,0,,,,,2020-09-15 06:26:26
19944262,,,0,,,,,,LA VETA MADRE,1,0,0,,4,1.0,0,1,0,,,,,2020-09-15 06:26:26
19944282,,,0,,,,,,KIARA PATRICIA,1,0,0,,4,11.0,0,1,0,,,,,2020-09-15 06:26:26
19944328,,,0,,,,,,BELLEZA MARTHA,1,0,0,,4,1.0,0,1,0,,,,,2020-09-15 06:26:26
19944348,,,0,,,,,,GHAYYUR,1,0,0,,4,,0,1,0,,,,,2020-09-15 06:26:26
19944368,,,0,,,,,,WELSH RABBIT,1,0,0,,4,,0,1,0,,,,,2020-09-15 06:26:26
19944388,,,0,,,,,,KENTUCKY BARONESS,1,0,0,,4,,0,1,0,,,,,2020-09-15 06:26:26
19944404,,,0,,,,,,OURLUCKY DAY,1,0,0,,4,1.0,0,1,0,,,,,2020-09-15 06:26:26
19944424,,,0,,,,,,BALLY GIRL,1,0,0,,4,,0,1,0,,,,,2020-09-15 06:26:26
19944444,,,0,,,,,,PAINTED PINK,1,0,0,,4,1.0,0,1,0,,,,,2020-09-15 06:26:26
19944464,,,0,,,,,,DIVINE DELIGHT,1,0,0,,4,,0,1,0,,,,,2020-09-15 06:26:26
19944500,,,0,,,,,,AIN'T MY BAG,1,0,0,,4,,0,1,0,,,,,2020-09-15 06:26:26
19944520,,,0,,,,,,BRINI BABY,1,0,0,,4,1.0,0,1,0,,,,,2020-09-15 06:26:26
19944540,,,0,,,,,,LATE NOTE,1,0,0,,4,1.0,0,1,0,,,,,2020-09-15 06:26:26
19944560,,,0,,,,,,SAINT LIZ BETH,1,0,0,,4,,0,1,0,,,,,2020-09-15 06:26:26
19944580,,,0,,,,,,QUEEN REGENT,1,0,0,,4,,0,1,0,,,,,2020-09-15 06:26:26
19944606,,,0,,,,,,SIBERIAN MIST,1,0,0,,4,,0,1,0,,,,,2020-09-15 06:26:26
19944626,,,0,,,,,,HERMI,1,0,0,,4,1.0,0,1,0,,,,,2020-09-15 06:26:26
19944646,,,0,,,,,,GLITTER DOLL,1,0,0,,4,1.0,0,1,0,,,,,2020-09-15 06:26:26
19944666,,,0,,,,,,RUBIES FOR ALICIA,1,0,0,,4,1.0,0,1,0,,,,,2020-09-15 06:26:26
19944686,,,0,,,,,,U R UNFORGETABLE,1,0,0,,4,8.0,0,1,0,,,,,2020-09-15 06:26:26
19944702,,,0,,,,,,JANN'S HALO,1,0,0,,4,,0,1,0,,,,,2020-09-15 06:26:26
19944722,,,0,,,,,,SHARON JEAN,1,0,0,,4,8.0,0,1,0,,,,,2020-09-15 06:26:26
19944742,,,0,,,,,,WOOD BLAZE,1,0,0,,4,8.0,0,1,0,,,,,2020-09-15 06:26:26
19944762,,,0,,,,,,NORA NOVEMBER,1,0,0,,4,,0,1,0,,,,,2020-09-15 06:26:26
19944782,,,0,,,,,,FRIENDLY DAME,1,0,0,,4,1.0,0,1,0,,,,,2020-09-15 06:26:26
19944808,,,0,,,,,,ROYAL FLAME (CAN),1,0,0,,4,,0,1,0,,,,,2020-09-15 06:26:26
19944828,,,0,,,,,,BY INVITATION ONLY,1,0,0,,4,8.0,0,1,0,,,,,2020-09-15 06:26:26
19944848,,,0,,,,,,PROAMBIC,1,0,0,,4,1.0,0,1,0,,,,,2020-09-15 06:26:26
19944868,,,0,,,,,,HARPIA,1,0,0,,4,1.0,0,1,0,,,,,2020-09-15 06:26:26
19944888,,,0,,,,,,COUNT THE KISSES,1,0,0,,4,1.0,0,1,0,,,,,2020-09-15 06:26:26
19944904,,,0,,,,,,ENDEARING CHARM,1,0,0,,4,1.0,0,1,0,,,,,2020-09-15 06:26:26
19944924,,,0,,,,,,URUK,1,0,0,,4,8.0,0,1,0,,,,,2020-09-15 06:26:26
19944944,,,0,,,,,,WILLING AND YOUNG,1,0,0,,4,,0,1,0,,,,,2020-09-15 06:26:26
19944964,,,0,,,,,,BLUSHING ISSUE,1,0,0,,4,1.0,0,1,0,,,,,2020-09-15 06:26:26
19944984,,,0,,,,,,TWO STEPPIN' TONI,1,0,0,,4,1.0,0,1,0,,,,,2020-09-15 06:26:26
19945007,,,0,,,,,,TROPICAL WAVE,1,0,0,,4,,0,1,0,,,,,2020-09-15 06:26:26
19945027,,,0,,,,,,DECLARED ASSET,1,0,0,,4,,0,1,0,,,,,2020-09-15 06:26:26
19945047,,,0,,,,,,FIGHT FOR PLEASURE,1,0,0,,4,12.0,0,1,0,,,,,2020-09-15 06:26:26
19945067,,,0,,,,,,WINNER'S TICKET,1,0,0,,4,1.0,0,1,0,,,,,2020-09-15 06:26:26
19945103,,,0,,,,,,REEL TOUGH LADY,1,0,0,,4,8.0,0,1,0,,,,,2020-09-15 06:26:26
19945123,,,0,,,,,,SHADY ANGEL,1,0,0,,4,,0,1,0,,,,,2020-09-15 06:26:26
19945143,,,0,,,,,,NIGHTSTORM,1,0,0,,4,,0,1,0,,,,,2020-09-15 06:26:26
19945163,,,0,,,,,,NUCLEAR EXPLOSION,1,0,0,,4,,0,1,0,,,,,2020-09-15 06:26:26
19945183,,,0,,,,,,PHONE RUMOR,1,0,0,,4,,0,1,0,,,,,2020-09-15 06:26:26
19945209,,,0,,,,,,QUIET WAR,1,0,0,,4,9.0,0,1,0,,,,,2020-09-15 06:26:26
19945229,,,0,,,,,,CUT TO COMMERCIAL,1,0,0,,4,9.0,0,1,0,,,,,2020-09-15 06:26:26
19945269,,,0,,,,,,DANZIG MARATHA,1,0,0,,4,8.0,0,1,0,,,,,2020-09-15 06:26:26
19945289,,,0,,,,,,BUMP 'N' WHINE,1,0,0,,4,1.0,0,1,0,,,,,2020-09-15 06:26:26
19945305,,,0,,,,,,MINERS BAY,1,0,0,,4,1.0,0,1,0,,,,,2020-09-15 06:26:26
19945325,,,0,,,,,,DREAM WATCHER,1,0,0,,4,1.0,0,1,0,,,,,2020-09-15 06:26:26
19945365,,,0,,,,,,SEATTLES SINGIN,1,0,0,,4,1.0,0,1,0,,,,,2020-09-15 06:26:26
19945385,,,0,,,,,,TOGGLE,1,0,0,,4,1.0,0,1,0,,,,,2020-09-15 06:26:26
19945401,,,0,,,,,,ANI'S ANI,1,0,0,,4,,0,1,0,,,,,2020-09-15 06:26:26
19945421,,,0,,,,,,HOLIDAY BALL,1,0,0,,4,1.0,0,1,0,,,,,2020-09-15 06:26:26
19945441,,,0,,,,,,ARIZONA STAR (USA),1,0,0,,4,1.0,0,1,0,,,,,2020-09-15 06:26:26
19945461,,,0,,,,,,SULTRY ALLURE,1,0,0,,4,8.0,0,1,0,,,,,2020-09-15 06:26:26
19945481,,,0,,,,,,WEEKEND FLIGHT,1,0,0,,4,1.0,0,1,0,,,,,2020-09-15 06:26:26
19945507,,,0,,,,,,SILVER TALER,1,0,0,,4,9.0,0,1,0,,,,,2020-09-15 06:26:26
19945527,,,0,,,,,,FLEET COZZENE,1,0,0,,4,,0,1,0,,,,,2020-09-15 06:26:26
19945547,,,0,,,,,,REALLY SPICY,1,0,0,,4,8.0,0,1,0,,,,,2020-09-15 06:26:26
19945567,,,0,,,,,,KNOWN HEIRESS,1,0,0,,4,,0,1,0,,,,,2020-09-15 06:26:26
19945587,,,0,,,,,,IF ANGELS SANG,1,0,0,,4,1.0,0,1,0,,,,,2020-09-15 06:26:26
19945603,,,0,,,,,,AMORE E BACI,1,0,0,,4,1.0,0,1,0,,,,,2020-09-15 06:26:26
19945623,,,0,,,,,,NEZZI,1,0,0,,4,8.0,0,1,0,,,,,2020-09-15 06:26:26
19945643,,,0,,,,,,TANGO RED,1,0,0,,4,8.0,0,1,0,,,,,2020-09-15 06:26:26
19945663,,,0,,,,,,SAINTLY MANNER,1,0,0,,4,1.0,0,1,0,,,,,2020-09-15 06:26:26
19945683,,,0,,,,,,QUESTRESS,1,0,0,,4,,0,1,0,,,,,2020-09-15 06:26:26
19945709,,,0,,,,,,AVA KNOWSTHECODE,1,0,0,,4,1.0,0,1,0,,,,,2020-09-15 06:26:26
19945729,,,0,,,,,,GLITTER WOMAN,1,0,0,,4,1.0,0,1,0,,,,,2020-09-15 06:26:26
19945981,,,0,,,,,,SILKEN MISS,1,0,0,,4,1.0,0,1,0,,,,,2020-09-15 06:26:26
19946004,,,0,,,,,,DIA MIZNER,1,0,0,,4,,0,1,0,,,,,2020-09-15 06:26:26
19946100,,,0,,,,,,UPPA HUGHIE,1,0,0,,4,,0,1,0,,,,,2020-09-15 06:26:26
19946120,,,0,,,,,,SARATOGA PRINCESS,1,0,0,,4,,0,1,0,,,,,2020-09-15 06:26:26
19946564,,,0,,,,,,AFFAIR WITH AFLAIR,1,0,0,,4,1.0,0,1,0,,,,,2020-09-15 06:26:26
19950040,,,0,,,,,,BIJOUX,1,0,0,,4,1.0,0,1,0,,,,,2020-09-15 06:26:26
19950080,,,0,,,,,,KAZETO,1,0,0,,4,1.0,0,1,0,,,,,2020-09-15 06:26:26
19950106,,,0,,,,,,FREQUENT FLYER,1,0,0,,4,,0,1,0,,,,,2020-09-15 06:26:26
19950146,,,0,,,,,,DONNA'S ALOMA,1,0,0,,4,1.0,0,1,0,,,,,2020-09-15 06:26:26
19950186,,,0,,,,,,SIMONNE'S A LULU,1,0,0,,4,8.0,0,1,0,,,,,2020-09-15 06:26:26
19950242,,,0,,,,,,TASSY WASSY,1,0,0,,4,8.0,0,1,0,,,,,2020-09-15 06:26:26
19950282,,,0,,,,,,ONE MORE TIME,1,0,0,,4,8.0,0,1,0,,,,,2020-09-15 06:26:26
19950308,,,0,,,,,,DIGNITARY,1,0,0,,4,9.0,0,1,0,,,,,2020-09-15 06:26:26
19950328,,,0,,,,,,MY LADY SILK,1,0,0,,4,8.0,0,1,0,,,,,2020-09-15 06:26:26
19950348,,,0,,,,,,TOOTING,1,0,0,,4,1.0,0,1,0,,,,,2020-09-15 06:26:26
19950464,,,0,,,,,,JETLIN,1,0,0,,4,1.0,0,1,0,,,,,2020-09-15 06:26:26
19950520,,,0,,,,,,CHOCOLATE THUNDER,1,0,0,,4,1.0,0,1,0,,,,,2020-09-15 06:26:26
19950560,,,0,,,,,,LA QUE SABE,1,0,0,,4,1.0,0,1,0,,,,,2020-09-15 06:26:26
19950646,,,0,,,,,,SHE'S SO LOVELY,1,0,0,,4,1.0,0,1,0,,,,,2020-09-15 06:26:26
19950828,,,0,,,,,,LADY AGRA,1,0,0,,4,1.0,0,1,0,,,,,2020-09-15 06:26:26
19950848,,,0,,,,,,BRILLIANCE,1,0,0,,4,8.0,0,1,0,,,,,2020-09-15 06:26:26
19950888,,,0,,,,,,STYLISH CUT,1,0,0,,4,1.0,0,1,0,,,,,2020-09-15 06:26:26
19950944,,,0,,,,,,TWENTYFOUR SEVEN,1,0,0,,4,1.0,0,1,0,,,,,2020-09-15 06:26:26
19950984,,,0,,,,,,RESTLESS SAVITRI,1,0,0,,4,1.0,0,1,0,,,,,2020-09-15 06:26:26
19951007,,,0,,,,,,LADY SURAANEE,1,0,0,,4,1.0,0,1,0,,,,,2020-09-15 06:26:26
19951047,,,0,,,,,,LADY BANGALORE,1,0,0,,4,1.0,0,1,0,,,,,2020-09-15 06:26:26
19951269,,,0,,,,,,PARRAZI,1,0,0,,4,1.0,0,1,0,,,,,2020-09-15 06:26:26
19951421,,,0,,,,,,CRIMSON TIDE,1,0,0,,4,8.0,0,1,0,,,,,2020-09-15 06:26:26
19951623,,,0,,,,,,PRINCESS JAYSHARE,1,0,0,,4,1.0,0,1,0,,,,,2020-09-15 06:26:26
19951663,,,0,,,,,,PRETTY DAN-DAN,1,0,0,,4,1.0,0,1,0,,,,,2020-09-15 06:26:26
19951683,,,0,,,,,,BEENIE'S GIRL,1,0,0,,4,1.0,0,1,0,,,,,2020-09-15 06:26:26
19951789,,,0,,,,,,SKIPPER WAY,1,0,0,,4,8.0,0,1,0,,,,,2020-09-15 06:26:26
19951805,,,0,,,,,,CHRISTMAS MORNING,1,0,0,,4,8.0,0,1,0,,,,,2020-09-15 06:26:26
19951845,,,0,,,,,,HERE'S MY GIRL,1,0,0,,4,8.0,0,1,0,,,,,2020-09-15 06:26:26
19951885,,,0,,,,,,CALL COLLECT,1,0,0,,4,1.0,0,1,0,,,,,2020-09-15 06:26:26
19951981,,,0,,,,,,MISS JOHN B,1,0,0,,4,8.0,0,1,0,,,,,2020-09-15 06:26:26
19952004,,,0,,,,,,EVADNIE,1,0,0,,4,8.0,0,1,0,,,,,2020-09-15 06:26:26
19952024,,,0,,,,,,DIN'S PRELUDE,1,0,0,,4,1.0,0,1,0,,,,,2020-09-15 06:26:26
19952140,,,0,,,,,,MISS ERIC,1,0,0,,4,,0,1,0,,,,,2020-09-15 06:26:26
19952180,,,0,,,,,,HAVANA,1,0,0,,4,1.0,0,1,0,,,,,2020-09-15 06:26:26
19952206,,,0,,,,,,SURAIYA,1,0,0,,4,1.0,0,1,0,,,,,2020-09-15 06:26:26
19952266,,,0,,,,,,PRETTY LADY,1,0,0,,4,1.0,0,1,0,,,,,2020-09-15 06:26:26
19952286,,,0,,,,,,WHITE GOLD,1,0,0,,4,9.0,0,1,0,,,,,2020-09-15 06:26:26
19952362,,,0,,,,,,FOR YOUR EYES ONLY,1,0,0,,4,1.0,0,1,0,,,,,2020-09-15 06:26:26
19952382,,,0,,,,,,RIVER DANCER,1,0,0,,4,1.0,0,1,0,,,,,2020-09-15 06:26:26
19952468,,,0,,,,,,FLIGHT OF FANCY,1,0,0,,4,1.0,0,1,0,,,,,2020-09-15 06:26:26
19952504,,,0,,,,,,DIXIE MAID,1,0,0,,4,1.0,0,1,0,,,,,2020-09-15 06:26:26
19952584,,,0,,,,,,SOLID IMPACT,1,0,0,,4,8.0,0,1,0,,,,,2020-09-15 06:26:26
19952680,,,0,,,,,,SCRATCHED AT DAWN,1,0,0,,4,1.0,0,1,0,,,,,2020-09-15 06:26:26
19952802,,,0,,,,,,SLEW POWER,1,0,0,,4,1.0,0,1,0,,,,,2020-09-15 06:26:26
19952928,,,0,,,,,,FULL SPEED AHEAD,1,0,0,,4,1.0,0,1,0,,,,,2020-09-15 06:26:26
19952988,,,0,,,,,,SUNRISE FOREVER,1,0,0,,4,1.0,0,1,0,,,,,2020-09-15 06:26:26
19953001,,,0,,,,,,GENIE'S CHOICE,1,0,0,,4,1.0,0,1,0,,,,,2020-09-15 06:26:26
19953081,,,0,,,,,,CLASSIFIED ONE,1,0,0,,4,1.0,0,1,0,,,,,2020-09-15 06:26:26
19953107,,,0,,,,,,EXCLUSIVE PEARL,1,0,0,,4,1.0,0,1,0,,,,,2020-09-15 06:26:26
19953127,,,0,,,,,,BUCKS ORCHID,1,0,0,,4,1.0,0,1,0,,,,,2020-09-15 06:26:26
19953187,,,0,,,,,,COLONY BELLE,1,0,0,,4,8.0,0,1,0,,,,,2020-09-15 06:26:26
19953223,,,0,,,,,,SECRET PLEASURE,1,0,0,,4,8.0,0,1,0,,,,,2020-09-15 06:26:26
19953349,,,0,,,,,,ORIENTAL FLYER,1,0,0,,4,1.0,0,1,0,,,,,2020-09-15 06:26:26
19953389,,,0,,,,,,CHANTE PRINCESS,1,0,0,,4,1.0,0,1,0,,,,,2020-09-15 06:26:26
19953425,,,0,,,,,,GOOD DIVERSION,1,0,0,,4,1.0,0,1,0,,,,,2020-09-15 06:26:26
19953485,,,0,,,,,,COURT MY GIRL,1,0,0,,4,1.0,0,1,0,,,,,2020-09-15 06:26:26
19953607,,,0,,,,,,QUEEN OF BEL-AIR,1,0,0,,4,1.0,0,1,0,,,,,2020-09-15 06:26:26
19953703,,,0,,,,,,LEDY,1,0,0,,4,1.0,0,1,0,,,,,2020-09-15 06:26:26
19953743,,,0,,,,,,TWICEASWEETHEART,1,0,0,,4,1.0,0,1,0,,,,,2020-09-15 06:26:26
19953783,,,0,,,,,,BEVIE'S PARTY,1,0,0,,4,9.0,0,1,0,,,,,2020-09-15 06:26:26
19953809,,,0,,,,,,TENNESSEE WALTZ,1,0,0,,4,1.0,0,1,0,,,,,2020-09-15 06:26:26
19953829,,,0,,,,,,ALY MODE,1,0,0,,4,1.0,0,1,0,,,,,2020-09-15 06:26:26
19953849,,,0,,,,,,ECONOMIC SENSATION,1,0,0,,4,1.0,0,1,0,,,,,2020-09-15 06:26:26
19953869,,,0,,,,,,PRINCESS NAEVUS,1,0,0,,4,8.0,0,1,0,,,,,2020-09-15 06:26:26
19953945,,,0,,,,,,HI HOPE,1,0,0,,4,1.0,0,1,0,,,,,2020-09-15 06:26:26
19953985,,,0,,,,,,CHORUS,1,0,0,,4,8.0,0,1,0,,,,,2020-09-15 06:26:26
19954008,,,0,,,,,,INAFRENZY,1,0,0,,4,8.0,0,1,0,,,,,2020-09-15 06:26:26
19954028,,,0,,,,,,AMOURABLE,1,0,0,,4,,0,1,0,,,,,2020-09-15 06:26:26
19954048,,,0,,,,,,PETE'S DELITE,1,0,0,,4,8.0,0,1,0,,,,,2020-09-15 06:26:26
19954068,,,0,,,,,,RAQUELA,1,0,0,,4,,0,1,0,,,,,2020-09-15 06:26:26
19954088,,,0,,,,,,MUSICAL DIABLO,1,0,0,,4,8.0,0,1,0,,,,,2020-09-15 06:26:26
19954104,,,0,,,,,,WATCHMENOW,1,0,0,,4,1.0,0,1,0,,,,,2020-09-15 06:26:26
19954124,,,0,,,,,,LIZ N' MAGGIE,1,0,0,,4,,0,1,0,,,,,2020-09-15 06:26:26
19954144,,,0,,,,,,ROO CAT,1,0,0,,4,,0,1,0,,,,,2020-09-15 06:26:26
19954164,,,0,,,,,,FORTY CARATS,1,0,0,,4,,0,1,0,,,,,2020-09-15 06:26:26
19954184,,,0,,,,,,UPSTAIRS LADY,1,0,0,,4,,0,1,0,,,,,2020-09-15 06:26:26
19954200,,,0,,,,,,CARIBBEAN SUCCESS,1,0,0,,4,,0,1,0,,,,,2020-09-15 06:26:26
19954220,,,0,,,,,,OUTER CIRCLE,1,0,0,,4,1.0,0,1,0,,,,,2020-09-15 06:26:26
19954240,,,0,,,,,,RETAIL SALES,1,0,0,,4,8.0,0,1,0,,,,,2020-09-15 06:26:26
19954260,,,0,,,,,,GOLDEN KERNEL,1,0,0,,4,1.0,0,1,0,,,,,2020-09-15 06:26:26
19954280,,,0,,,,,,KRYSTAL CELERITY,1,0,0,,4,1.0,0,1,0,,,,,2020-09-15 06:26:26
19954306,,,0,,,,,,HALOPIN OPAL,1,0,0,,4,,0,1,0,,,,,2020-09-15 06:26:26
19954326,,,0,,,,,,TURKINTIME,1,0,0,,4,1.0,0,1,0,,,,,2020-09-15 06:26:26
19954346,,,0,,,,,,COSMO TOPPER,1,0,0,,4,1.0,0,1,0,,,,,2020-09-15 06:26:26
19954366,,,0,,,,,,CLASSICAL SALUKI,1,0,0,,4,,0,1,0,,,,,2020-09-15 06:26:26
19954402,,,0,,,,,,WESTERN MINT,1,0,0,,4,1.0,0,1,0,,,,,2020-09-15 06:26:26
19954422,,,0,,,,,,RADON DANCER,1,0,0,,4,9.0,0,1,0,,,,,2020-09-15 06:26:26
19954442,,,0,,,,,,LAKE'S DREAM,1,0,0,,4,1.0,0,1,0,,,,,2020-09-15 06:26:26
19954462,,,0,,,,,,LIGHTING CIELO,1,0,0,,4,1.0,0,1,0,,,,,2020-09-15 06:26:26
19954482,,,0,,,,,,JEANNE'S GLORY,1,0,0,,4,8.0,0,1,0,,,,,2020-09-15 06:26:26
19954508,,,0,,,,,,CAROLINA'S ORO,1,0,0,,4,1.0,0,1,0,,,,,2020-09-15 06:26:26
19954528,,,0,,,,,,AHONEYOFABUNNY,1,0,0,,4,1.0,0,1,0,,,,,2020-09-15 06:26:26
19954548,,,0,,,,,,CYNDI'S GLITTER,1,0,0,,4,1.0,0,1,0,,,,,2020-09-15 06:26:26
19954568,,,0,,,,,,SWEET MAGIE,1,0,0,,4,9.0,0,1,0,,,,,2020-09-15 06:26:26
19954588,,,0,,,,,,PRINCESS CHISPA,1,0,0,,4,9.0,0,1,0,,,,,2020-09-15 06:26:26
19954604,,,0,,,,,,STORM MINISTER,1,0,0,,4,8.0,0,1,0,,,,,2020-09-15 06:26:26
19954624,,,0,,,,,,MY AGENDA,1,0,0,,4,1.0,0,1,0,,,,,2020-09-15 06:26:26
19954644,,,0,,,,,,SOLARITY,1,0,0,,4,8.0,0,1,0,,,,,2020-09-15 06:26:26
19954664,,,0,,,,,,MISS REGALIA,1,0,0,,4,1.0,0,1,0,,,,,2020-09-15 06:26:26
19954684,,,0,,,,,,RANA TURNER,1,0,0,,4,9.0,0,1,0,,,,,2020-09-15 06:26:26
19954700,,,0,,,,,,J. C.'S GEM,1,0,0,,4,,0,1,0,,,,,2020-09-15 06:26:26
19954720,,,0,,,,,,FRIVOLOUSLY,1,0,0,,4,8.0,0,1,0,,,,,2020-09-15 06:26:26
19954740,,,0,,,,,,MISS SKIPPY,1,0,0,,4,1.0,0,1,0,,,,,2020-09-15 06:26:26
19954760,,,0,,,,,,LINE COMMAND,1,0,0,,4,1.0,0,1,0,,,,,2020-09-15 06:26:26
19954780,,,0,,,,,,SINCERELY SPEAKING,1,0,0,,4,9.0,0,1,0,,,,,2020-09-15 06:26:26
19954806,,,0,,,,,,RITE OF SPRING,1,0,0,,4,,0,1,0,,,,,2020-09-15 06:26:26
19954826,,,0,,,,,,RUNAWAY BABBIE,1,0,0,,4,9.0,0,1,0,,,,,2020-09-15 06:26:26
19954846,,,0,,,,,,WINNING BIDDER,1,0,0,,4,1.0,0,1,0,,,,,2020-09-15 06:26:26
19954866,,,0,,,,,,CASH THE CHECK,1,0,0,,4,1.0,0,1,0,,,,,2020-09-15 06:26:26
19954886,,,0,,,,,,DARA GOLD,1,0,0,,4,1.0,0,1,0,,,,,2020-09-15 06:26:26
19954902,,,0,,,,,,INDIAN HALO,1,0,0,,4,1.0,0,1,0,,,,,2020-09-15 06:26:26
19954942,,,0,,,,,,DIVINE DIXIE,1,0,0,,4,,0,1,0,,,,,2020-09-15 06:26:26
19954962,,,0,,,,,,COMMODITIES,1,0,0,,4,,0,1,0,,,,,2020-09-15 06:26:26
19954982,,,0,,,,,,ZAGORA,1,0,0,,4,8.0,0,1,0,,,,,2020-09-15 06:26:26
19955005,,,0,,,,,,IMAN,1,0,0,,4,1.0,0,1,0,,,,,2020-09-15 06:26:26
19955025,,,0,,,,,,MOUNTAIN MADAM,1,0,0,,4,8.0,0,1,0,,,,,2020-09-15 06:26:26
19955045,,,0,,,,,,VIVACIOUS M,1,0,0,,4,,0,1,0,,,,,2020-09-15 06:26:26
19955065,,,0,,,,,,PICARESQUE,1,0,0,,4,8.0,0,1,0,,,,,2020-09-15 06:26:26
19955085,,,0,,,,,,SARAH FINESSE,1,0,0,,4,1.0,0,1,0,,,,,2020-09-15 06:26:26
19955121,,,0,,,,,,MISS DELTA,1,0,0,,4,,0,1,0,,,,,2020-09-15 06:26:26
19955141,,,0,,,,,,TA ARUF,1,0,0,,4,8.0,0,1,0,,,,,2020-09-15 06:26:26
19955181,,,0,,,,,,LEGENDARY II,1,0,0,,4,8.0,0,1,0,,,,,2020-09-15 06:26:26
19955303,,,0,,,,,,LADY LIVERMORE,1,0,0,,4,,0,1,0,,,,,2020-09-15 06:26:26
19955343,,,0,,,,,,AMAZONIAN STRIKER,1,0,0,,4,,0,1,0,,,,,2020-09-15 06:26:26
19955383,,,0,,,,,,SHARE 'N TIME,1,0,0,,4,,0,1,0,,,,,2020-09-15 06:26:26
19955429,,,0,,,,,,MISS HATHAWAY,1,0,0,,4,,0,1,0,,,,,2020-09-15 06:26:26
19955525,,,0,,,,,,TOSS THE CHANGE,1,0,0,,4,,0,1,0,,,,,2020-09-15 06:26:26
19955545,,,0,,,,,,RANBA,1,0,0,,4,,0,1,0,,,,,2020-09-15 06:26:26
19960048,,,0,,,,,,NOT NEW,1,0,0,,4,1.0,0,1,0,,,,,2020-09-15 06:26:26
19960104,,,0,,,,,,CHECK ME OUT,1,0,0,,4,1.0,0,1,0,,,,,2020-09-15 06:26:26
19960144,,,0,,,,,,GUARDIAN ANGEL,1,0,0,,4,1.0,0,1,0,,,,,2020-09-15 06:26:26
19960184,,,0,,,,,,HYA,1,0,0,,4,1.0,0,1,0,,,,,2020-09-15 06:26:26
19960220,,,0,,,,,,RAY-LISE,1,0,0,,4,8.0,0,1,0,,,,,2020-09-15 06:26:26
19960240,,,0,,,,,,PURPLE HEART,1,0,0,,4,1.0,0,1,0,,,,,2020-09-15 06:26:26
19960260,,,0,,,,,,FRENCH MISTRESS,1,0,0,,4,1.0,0,1,0,,,,,2020-09-15 06:26:26
19960326,,,0,,,,,,CARIBBEAN CRUISE,1,0,0,,4,8.0,0,1,0,,,,,2020-09-15 06:26:26
19960346,,,0,,,,,,AFIMIHAAS,1,0,0,,4,1.0,0,1,0,,,,,2020-09-15 06:26:26
19960402,,,0,,,,,,GREAT EXODUS,1,0,0,,4,1.0,0,1,0,,,,,2020-09-15 06:26:26
19960482,,,0,,,,,,LADY SUNEETA,1,0,0,,4,8.0,0,1,0,,,,,2020-09-15 06:26:26
19960528,,,0,,,,,,RANI MAHARANEE,1,0,0,,4,8.0,0,1,0,,,,,2020-09-15 06:26:26
19960548,,,0,,,,,,PUSHPA,1,0,0,,4,1.0,0,1,0,,,,,2020-09-15 06:26:26
19960624,,,0,,,,,,PUNKER,1,0,0,,4,1.0,0,1,0,,,,,2020-09-15 06:26:26
19960664,,,0,,,,,,GOOD PROSPECT,1,0,0,,4,1.0,0,1,0,,,,,2020-09-15 06:26:26
19960700,,,0,,,,,,DOUBLE TROUBLE,1,0,0,,4,,0,1,0,,,,,2020-09-15 06:26:26
19960740,,,0,,,,,,ELIZABETH SPECIAL,1,0,0,,4,1.0,0,1,0,,,,,2020-09-15 06:26:26
19960780,,,0,,,,,,CHIKINEY,1,0,0,,4,9.0,0,1,0,,,,,2020-09-15 06:26:26
19960826,,,0,,,,,,SHEER GENIUS,1,0,0,,4,13.0,0,1,0,,,,,2020-09-15 06:26:26
19960902,,,0,,,,,,SURFACE TO AIR,1,0,0,,4,1.0,0,1,0,,,,,2020-09-15 06:26:26
19960942,,,0,,,,,,MYSHEBA,1,0,0,,4,1.0,0,1,0,,,,,2020-09-15 06:26:26
19961101,,,0,,,,,,DASHING,1,0,0,,4,1.0,0,1,0,,,,,2020-09-15 06:26:26
19961181,,,0,,,,,,FULLYLOADED,1,0,0,,4,8.0,0,1,0,,,,,2020-09-15 06:26:26
19961227,,,0,,,,,,SALIBIA,1,0,0,,4,1.0,0,1,0,,,,,2020-09-15 06:26:26
19961323,,,0,,,,,,LADY MARLENE,1,0,0,,4,1.0,0,1,0,,,,,2020-09-15 06:26:26
19961343,,,0,,,,,,ACCOUNTRECEIVABLE,1,0,0,,4,8.0,0,1,0,,,,,2020-09-15 06:26:26
19961363,,,0,,,,,,SILVER MINT,1,0,0,,4,9.0,0,1,0,,,,,2020-09-15 06:26:26
19961429,,,0,,,,,,ONLINE,1,0,0,,4,1.0,0,1,0,,,,,2020-09-15 06:26:26
19961681,,,0,,,,,,MISS CHER'S,1,0,0,,4,8.0,0,1,0,,,,,2020-09-15 06:26:26
19961707,,,0,,,,,,GINGER ROGERS,1,0,0,,4,8.0,0,1,0,,,,,2020-09-15 06:26:26
19961727,,,0,,,,,,ST. TULIS GIRL,1,0,0,,4,8.0,0,1,0,,,,,2020-09-15 06:26:26
19961747,,,0,,,,,,QUICKEN AWAY,1,0,0,,4,8.0,0,1,0,,,,,2020-09-15 06:26:26
19961767,,,0,,,,,,GENEVA,1,0,0,,4,1.0,0,1,0,,,,,2020-09-15 06:26:26
19961787,,,0,,,,,,DEMOISELLE,1,0,0,,4,1.0,0,1,0,,,,,2020-09-15 06:26:26
19961803,,,0,,,,,,RHYTHM OF MY HEART,1,0,0,,4,1.0,0,1,0,,,,,2020-09-15 06:26:26
19961823,,,0,,,,,,LAILA,1,0,0,,4,1.0,0,1,0,,,,,2020-09-15 06:26:26
19961909,,,0,,,,,,RAPTURE,1,0,0,,4,1.0,0,1,0,,,,,2020-09-15 06:26:26
19961929,,,0,,,,,,BLACK AMERICAN,1,0,0,,4,,0,1,0,,,,,2020-09-15 06:26:26
19961949,,,0,,,,,,AUGUS MAWNIN,1,0,0,,4,1.0,0,1,0,,,,,2020-09-15 06:26:26
19962002,,,0,,,,,,FAIRY DANCER,1,0,0,,4,1.0,0,1,0,,,,,2020-09-15 06:26:26
19962022,,,0,,,,,,DIAMONDSANDDAGGERS,1,0,0,,4,1.0,0,1,0,,,,,2020-09-15 06:26:26
19962148,,,0,,,,,,SPICE GIRL,1,0,0,,4,1.0,0,1,0,,,,,2020-09-15 06:26:26
19962168,,,0,,,,,,SHAMELESS,1,0,0,,4,,0,1,0,,,,,2020-09-15 06:26:26
19962188,,,0,,,,,,FIRSTBORN,1,0,0,,4,1.0,0,1,0,,,,,2020-09-15 06:26:26
19962340,,,0,,,,,,GIFT O' GOLD,1,0,0,,4,8.0,0,1,0,,,,,2020-09-15 06:26:26
19962406,,,0,,,,,,THE RHYTHM DOCTOR,1,0,0,,4,1.0,0,1,0,,,,,2020-09-15 06:26:26
19962582,,,0,,,,,,FIGHTING QUEEN,1,0,0,,4,1.0,0,1,0,,,,,2020-09-15 06:26:26
19962628,,,0,,,,,,CARIBBEAN SECRET,1,0,0,,4,1.0,0,1,0,,,,,2020-09-15 06:26:26
19962648,,,0,,,,,,ZAZA,1,0,0,,4,1.0,0,1,0,,,,,2020-09-15 06:26:26
19962688,,,0,,,,,,DUDUPS,1,0,0,,4,1.0,0,1,0,,,,,2020-09-15 06:26:26
19962704,,,0,,,,,,PIK A TRIX,1,0,0,,4,1.0,0,1,0,,,,,2020-09-15 06:26:26
19962784,,,0,,,,,,BORN TO KICK,1,0,0,,4,1.0,0,1,0,,,,,2020-09-15 06:26:26
19962880,,,0,,,,,,PATRICIA,1,0,0,,4,,0,1,0,,,,,2020-09-15 06:26:26
19963089,,,0,,,,,,RESTORIA,1,0,0,,4,1.0,0,1,0,,,,,2020-09-15 06:26:26
19963261,,,0,,,,,,PFEIFFER,1,0,0,,4,,0,1,0,,,,,2020-09-15 06:26:27
19963281,,,0,,,,,,STARATHERCOMMAND,1,0,0,,4,9.0,0,1,0,,,,,2020-09-15 06:26:27
19963307,,,0,,,,,,TAZMANIAN DEVIL,1,0,0,,4,1.0,0,1,0,,,,,2020-09-15 06:26:27
19963327,,,0,,,,,,NOSTALGIA,1,0,0,,4,1.0,0,1,0,,,,,2020-09-15 06:26:27
19963423,,,0,,,,,,PRETTY GIRL,1,0,0,,4,1.0,0,1,0,,,,,2020-09-15 06:26:27
19963529,,,0,,,,,,DELAY OF GAME,1,0,0,,4,1.0,0,1,0,,,,,2020-09-15 06:26:27
19963569,,,0,,,,,,LITTLE MISS FRENCH,1,0,0,,4,8.0,0,1,0,,,,,2020-09-15 06:26:27
19963589,,,0,,,,,,KIM KIM KERRI,1,0,0,,4,8.0,0,1,0,,,,,2020-09-15 06:26:27
19963625,,,0,,,,,,SUB ZERO,1,0,0,,4,8.0,0,1,0,,,,,2020-09-15 06:26:27
19963665,,,0,,,,,,DIXIE FLYER,1,0,0,,4,1.0,0,1,0,,,,,2020-09-15 06:26:27
19963721,,,0,,,,,,HELP YOURSELF,1,0,0,,4,1.0,0,1,0,,,,,2020-09-15 06:26:27
19963761,,,0,,,,,,FORCEFUL GIRL,1,0,0,,4,1.0,0,1,0,,,,,2020-09-15 06:26:27
19963903,,,0,,,,,,GOLDEN OLYMPIO,1,0,0,,4,8.0,0,1,0,,,,,2020-09-15 06:26:27
19963963,,,0,,,,,,UNATURAL,1,0,0,,4,8.0,0,1,0,,,,,2020-09-15 06:26:27
19963983,,,0,,,,,,HEAVENLY PRIDE,1,0,0,,4,9.0,0,1,0,,,,,2020-09-15 06:26:27
19964026,,,0,,,,,,BUSY BEING BLUE,1,0,0,,4,9.0,0,1,0,,,,,2020-09-15 06:26:27
19964046,,,0,,,,,,EXECUTIVE PROFILE,1,0,0,,4,1.0,0,1,0,,,,,2020-09-15 06:26:27
19964066,,,0,,,,,,CRUSADER'S SHIELD,1,0,0,,4,1.0,0,1,0,,,,,2020-09-15 06:26:27
19964091_dam,,,0,,,,,,BYE BYE BIRDIE,1,0,0,,4,,0,1,0,,,,,2020-09-15 06:26:27
19964102,,,0,,,,,,MISS VALID JOURNEY,1,0,0,,4,8.0,0,1,0,,,,,2020-09-15 06:26:27
19964122,,,0,,,,,,SHEZA HONEY,1,0,0,,4,,0,1,0,,,,,2020-09-15 06:26:27
19964142,,,0,,,,,,LET'S GO DANCIN,1,0,0,,4,8.0,0,1,0,,,,,2020-09-15 06:26:27
19964162,,,0,,,,,,HAVASAC,1,0,0,,4,9.0,0,1,0,,,,,2020-09-15 06:26:27
19964182,,,0,,,,,,MISS SWORD AISLE,1,0,0,,4,1.0,0,1,0,,,,,2020-09-15 06:26:27
19964208,,,0,,,,,,DON'T CALL US,1,0,0,,4,8.0,0,1,0,,,,,2020-09-15 06:26:27
19964228,,,0,,,,,,SHEZA SPENDER,1,0,0,,4,1.0,0,1,0,,,,,2020-09-15 06:26:27
19964268,,,0,,,,,,PAULA ONE,1,0,0,,4,1.0,0,1,0,,,,,2020-09-15 06:26:27
19964288,,,0,,,,,,CAN'T SEE IT,1,0,0,,4,8.0,0,1,0,,,,,2020-09-15 06:26:27
19964304,,,0,,,,,,ANOTHER QUEEN,1,0,0,,4,1.0,0,1,0,,,,,2020-09-15 06:26:27
19964364,,,0,,,,,,LURWISH,1,0,0,,4,1.0,0,1,0,,,,,2020-09-15 06:26:27
19964384,,,0,,,,,,LIL' COUNTRY GAL,1,0,0,,4,8.0,0,1,0,,,,,2020-09-15 06:26:27
19964400,,,0,,,,,,CATCH THE RUMOR,1,0,0,,4,,0,1,0,,,,,2020-09-15 06:26:27
19964420,,,0,,,,,,ETHY,1,0,0,,4,9.0,0,1,0,,,,,2020-09-15 06:26:27
19964440,,,0,,,,,,GOOD PRESS,1,0,0,,4,1.0,0,1,0,,,,,2020-09-15 06:26:27
19964460,,,0,,,,,,GLORIOUS SECRETS,1,0,0,,4,1.0,0,1,0,,,,,2020-09-15 06:26:27
19964480,,,0,,,,,,DE SURF,1,0,0,,4,8.0,0,1,0,,,,,2020-09-15 06:26:27
19964506,,,0,,,,,,INGENUE,1,0,0,,4,,0,1,0,,,,,2020-09-15 06:26:27
19964546,,,0,,,,,,GLITZY,1,0,0,,4,1.0,0,1,0,,,,,2020-09-15 06:26:27
19964566,,,0,,,,,,DEVON RIDGE,1,0,0,,4,8.0,0,1,0,,,,,2020-09-15 06:26:27
19964602,,,0,,,,,,CAZZY B. GOOD,1,0,0,,4,,0,1,0,,,,,2020-09-15 06:26:27
19964622,,,0,,,,,,ATHENA'S SMILE,1,0,0,,4,8.0,0,1,0,,,,,2020-09-15 06:26:27
19964642,,,0,,,,,,MIRANDA WARNING,1,0,0,,4,1.0,0,1,0,,,,,2020-09-15 06:26:27
19964662,,,0,,,,,,GLITTERING ARRAY,1,0,0,,4,1.0,0,1,0,,,,,2020-09-15 06:26:27
19964682,,,0,,,,,,PALACE HEROINE,1,0,0,,4,8.0,0,1,0,,,,,2020-09-15 06:26:27
19964708,,,0,,,,,,MONEY GIRL,1,0,0,,4,1.0,0,1,0,,,,,2020-09-15 06:26:27
19964748,,,0,,,,,,BERING AFFAIR,1,0,0,,4,1.0,0,1,0,,,,,2020-09-15 06:26:27
19964768,,,0,,,,,,FLAG SUPPORT,1,0,0,,4,,0,1,0,,,,,2020-09-15 06:26:27
19964788,,,0,,,,,,MISS CHACHA DANCER,1,0,0,,4,9.0,0,1,0,,,,,2020-09-15 06:26:27
19964804,,,0,,,,,,KAMORA,1,0,0,,4,1.0,0,1,0,,,,,2020-09-15 06:26:27
19964824,,,0,,,,,,ROYAL FAYE,1,0,0,,4,,0,1,0,,,,,2020-09-15 06:26:27
19964844,,,0,,,,,,WHAT'SALLTHERUCKAS,1,0,0,,4,1.0,0,1,0,,,,,2020-09-15 06:26:27
19964864,,,0,,,,,,SOPHISTICATED MAMA,1,0,0,,4,8.0,0,1,0,,,,,2020-09-15 06:26:27
19964884,,,0,,,,,,EXPENSIVE TASTE,1,0,0,,4,1.0,0,1,0,,,,,2020-09-15 06:26:27
19964900,,,0,,,,,,WILD SPIN,1,0,0,,4,1.0,0,1,0,,,,,2020-09-15 06:26:27
19964940,,,0,,,,,,SO IRRESISTIBLE,1,0,0,,4,1.0,0,1,0,,,,,2020-09-15 06:26:27
19964960,,,0,,,,,,PROUD CIEL,1,0,0,,4,1.0,0,1,0,,,,,2020-09-15 06:26:27
19964980,,,0,,,,,,GREEDY GAL,1,0,0,,4,,0,1,0,,,,,2020-09-15 06:26:27
19965003,,,0,,,,,,JORDANESQUE,1,0,0,,4,8.0,0,1,0,,,,,2020-09-15 06:26:27
19965023,,,0,,,,,,FORTUNATE AFFAIR,1,0,0,,4,9.0,0,1,0,,,,,2020-09-15 06:26:27
19965043,,,0,,,,,,GONNIE,1,0,0,,4,9.0,0,1,0,,,,,2020-09-15 06:26:27
19965063,,,0,,,,,,SARCASTIC HUMOR,1,0,0,,4,,0,1,0,,,,,2020-09-15 06:26:27
19965083,,,0,,,,,,SUNSHINE ONE,1,0,0,,4,,0,1,0,,,,,2020-09-15 06:26:27
19965109,,,0,,,,,,ICANSEEYOUNOW,1,0,0,,4,,0,1,0,,,,,2020-09-15 06:26:27
19965129,,,0,,,,,,ALACRITY,1,0,0,,4,9.0,0,1,0,,,,,2020-09-15 06:26:27
19965149,,,0,,,,,,VEGAS BRIDE,1,0,0,,4,,0,1,0,,,,,2020-09-15 06:26:27
19965169,,,0,,,,,,MISS TWEETIE,1,0,0,,4,1.0,0,1,0,,,,,2020-09-15 06:26:27
19965189,,,0,,,,,,GAYLE'S GLORY,1,0,0,,4,8.0,0,1,0,,,,,2020-09-15 06:26:27
19965205,,,0,,,,,,GROOMING,1,0,0,,4,1.0,0,1,0,,,,,2020-09-15 06:26:27
19965225,,,0,,,,,,HER REALITY,1,0,0,,4,1.0,0,1,0,,,,,2020-09-15 06:26:27
19965245,,,0,,,,,,KOKOPELLI CAFE,1,0,0,,4,9.0,0,1,0,,,,,2020-09-15 06:26:27
19965265,,,0,,,,,,LADY SEMI,1,0,0,,4,8.0,0,1,0,,,,,2020-09-15 06:26:27
19965285,,,0,,,,,,STILLY NIGHT,1,0,0,,4,,0,1,0,,,,,2020-09-15 06:26:27
19965301,,,0,,,,,,PROUD JANIE,1,0,0,,4,1.0,0,1,0,,,,,2020-09-15 06:26:27
19965321,,,0,,,,,,GARNET MINE,1,0,0,,4,,0,1,0,,,,,2020-09-15 06:26:27
19965341,,,0,,,,,,MASADA,1,0,0,,4,1.0,0,1,0,,,,,2020-09-15 06:26:27
19965381,,,0,,,,,,ELBOW,1,0,0,,4,1.0,0,1,0,,,,,2020-09-15 06:26:27
19965407,,,0,,,,,,PROSPECT'S DREAM,1,0,0,,4,1.0,0,1,0,,,,,2020-09-15 06:26:27
19965427,,,0,,,,,,APRIL INVITATION,1,0,0,,4,1.0,0,1,0,,,,,2020-09-15 06:26:27
19965447,,,0,,,,,,SAVAGERY,1,0,0,,4,,0,1,0,,,,,2020-09-15 06:26:27
19965467,,,0,,,,,,TWO PUNCH CHRISTY,1,0,0,,4,,0,1,0,,,,,2020-09-15 06:26:27
19965487,,,0,,,,,,SHE'S A DRUMMER,1,0,0,,4,9.0,0,1,0,,,,,2020-09-15 06:26:27
19965503,,,0,,,,,,TAP YOUR HEELS,1,0,0,,4,9.0,0,1,0,,,,,2020-09-15 06:26:27
19965583,,,0,,,,,,JOI'S FLAME,1,0,0,,4,,0,1,0,,,,,2020-09-15 06:26:27
19965669,,,0,,,,,,CALL YOUR BID,1,0,0,,4,,0,1,0,,,,,2020-09-15 06:26:27
19965705,,,0,,,,,,TERSIMMON HONEY,1,0,0,,4,,0,1,0,,,,,2020-09-15 06:26:27
19965801,,,0,,,,,,I KAN DO,1,0,0,,4,,0,1,0,,,,,2020-09-15 06:26:27
19966000,,,0,,,,,,JAMAICA GOLD,1,0,0,,4,8.0,0,1,0,,,,,2020-09-15 06:26:27
19966020,,,0,,,,,,NAZDAROVE,1,0,0,,4,,0,1,0,,,,,2020-09-15 06:26:27
19966040,,,0,,,,,,PAWSITIVLY PURRFEC,1,0,0,,4,,0,1,0,,,,,2020-09-15 06:26:27
19966126,,,0,,,,,,HOPES AND FEARS,1,0,0,,4,,0,1,0,,,,,2020-09-15 06:26:27
19966262,,,0,,,,,,KEY WEST APPEAL,1,0,0,,4,,0,1,0,,,,,2020-09-15 06:26:27
19970006,,,0,,,,,,HOLE IN THE HEART,1,0,0,,4,,0,1,0,,,,,2020-09-15 06:26:27
19970026,,,0,,,,,,SPEED FREAK,1,0,0,,4,8.0,0,1,0,,,,,2020-09-15 06:26:27
19970066,,,0,,,,,,AWESOME TASSY,1,0,0,,4,8.0,0,1,0,,,,,2020-09-15 06:26:27
19970208,,,0,,,,,,ANGEL FLIGHT,1,0,0,,4,1.0,0,1,0,,,,,2020-09-15 06:26:27
19970268,,,0,,,,,,HELLO BABY,1,0,0,,4,1.0,0,1,0,,,,,2020-09-15 06:26:27
19970288,,,0,,,,,,FRAULEIN,1,0,0,,4,1.0,0,1,0,,,,,2020-09-15 06:26:27
19970324,,,0,,,,,,POSITANO,1,0,0,,4,1.0,0,1,0,,,,,2020-09-15 06:26:27
19970384,,,0,,,,,,GO BABY GO,1,0,0,,4,8.0,0,1,0,,,,,2020-09-15 06:26:27
19970420,,,0,,,,,,PRINCESS AKEEM,1,0,0,,4,1.0,0,1,0,,,,,2020-09-15 06:26:27
19970460,,,0,,,,,,DANCING LADY,1,0,0,,4,1.0,0,1,0,,,,,2020-09-15 06:26:27
19970708,,,0,,,,,,RESPECT FOR MOM,1,0,0,,4,1.0,0,1,0,,,,,2020-09-15 06:26:27
19970748,,,0,,,,,,BREATHLESS,1,0,0,,4,1.0,0,1,0,,,,,2020-09-15 06:26:27
19970804,,,0,,,,,,LADY PAKEEZAH,1,0,0,,4,1.0,0,1,0,,,,,2020-09-15 06:26:27
19970824,,,0,,,,,,PARTING SHOT,1,0,0,,4,1.0,0,1,0,,,,,2020-09-15 06:26:27
19970900,,,0,,,,,,HYDE PARK,1,0,0,,4,8.0,0,1,0,,,,,2020-09-15 06:26:27
19970980,,,0,,,,,,DUAL AGENT,1,0,0,,4,1.0,0,1,0,,,,,2020-09-15 06:26:27
19971205,,,0,,,,,,RANI,1,0,0,,4,1.0,0,1,0,,,,,2020-09-15 06:26:27
19971225,,,0,,,,,,KNOWLEDGE,1,0,0,,4,1.0,0,1,0,,,,,2020-09-15 06:26:27
19971285,,,0,,,,,,TIME AFTER TIME,1,0,0,,4,1.0,0,1,0,,,,,2020-09-15 06:26:27
19971361,,,0,,,,,,LADY BALARI,1,0,0,,4,,0,1,0,,,,,2020-09-15 06:26:27
19971381,,,0,,,,,,BLACK MAGIC WOMAN,1,0,0,,4,1.0,0,1,0,,,,,2020-09-15 06:26:27
19971609,,,0,,,,,,SWEET CHAMPAGNE,1,0,0,,4,,0,1,0,,,,,2020-09-15 06:26:27
19971649,,,0,,,,,,SPLINTER LADY,1,0,0,,4,1.0,0,1,0,,,,,2020-09-15 06:26:27
19971669,,,0,,,,,,THE WHITE WITCH,1,0,0,,4,8.0,0,1,0,,,,,2020-09-15 06:26:27
19971705,,,0,,,,,,DAME MARGOT,1,0,0,,4,1.0,0,1,0,,,,,2020-09-15 06:26:27
19971765,,,0,,,,,,FAITH AGAIN,1,0,0,,4,1.0,0,1,0,,,,,2020-09-15 06:26:27
19971801,,,0,,,,,,RAY OF HOPE,1,0,0,,4,1.0,0,1,0,,,,,2020-09-15 06:26:27
19971861,,,0,,,,,,FRIDAY,1,0,0,,4,8.0,0,1,0,,,,,2020-09-15 06:26:27
19971881,,,0,,,,,,THE FLYING BRIDE,1,0,0,,4,1.0,0,1,0,,,,,2020-09-15 06:26:27
19971907,,,0,,,,,,LET THE MUSIC PLAY,1,0,0,,4,1.0,0,1,0,,,,,2020-09-15 06:26:27
19971947,,,0,,,,,,EXPLOSIVE WITT,1,0,0,,4,1.0,0,1,0,,,,,2020-09-15 06:26:27
19971967,,,0,,,,,,THREE J'S RETURN,1,0,0,,4,1.0,0,1,0,,,,,2020-09-15 06:26:27
19972040,,,0,,,,,,SWEET IMPLOSION,1,0,0,,4,1.0,0,1,0,,,,,2020-09-15 06:26:27
19972080,,,0,,,,,,BRAINSTORMING,1,0,0,,4,1.0,0,1,0,,,,,2020-09-15 06:26:27
19972106,,,0,,,,,,WILD MEDIC,1,0,0,,4,1.0,0,1,0,,,,,2020-09-15 06:26:27
19972222,,,0,,,,,,PRINCESS RIANNA,1,0,0,,4,8.0,0,1,0,,,,,2020-09-15 06:26:27
19972308,,,0,,,,,,PRINCESS TARA,1,0,0,,4,8.0,0,1,0,,,,,2020-09-15 06:26:27
19972424,,,0,,,,,,ROSE ROYCE,1,0,0,,4,8.0,0,1,0,,,,,2020-09-15 06:26:27
19972560,,,0,,,,,,LITTLEONE,1,0,0,,4,,0,1,0,,,,,2020-09-15 06:26:27
19972626,,,0,,,,,,PORK CHOPS,1,0,0,,4,1.0,0,1,0,,,,,2020-09-15 06:26:27
19972646,,,0,,,,,,NANCY LOU,1,0,0,,4,8.0,0,1,0,,,,,2020-09-15 06:26:27
19972686,,,0,,,,,,GOLDEN RULE,1,0,0,,4,8.0,0,1,0,,,,,2020-09-15 06:26:27
19972702,,,0,,,,,,RESTLESS WOMAN,1,0,0,,4,1.0,0,1,0,,,,,2020-09-15 06:26:27
19972904,,,0,,,,,,LADY LASCO,1,0,0,,4,,0,1,0,,,,,2020-09-15 06:26:27
19973027,,,0,,,,,,SPIRIT SONG,1,0,0,,4,8.0,0,1,0,,,,,2020-09-15 06:26:27
19973047,,,0,,,,,,ANNIES ONE BUCK,1,0,0,,4,1.0,0,1,0,,,,,2020-09-15 06:26:27
19973067,,,0,,,,,,CHRISTINA'S DREAM,1,0,0,,4,1.0,0,1,0,,,,,2020-09-15 06:26:27
19973123,,,0,,,,,,SEEMELATER,1,0,0,,4,1.0,0,1,0,,,,,2020-09-15 06:26:27
19973143,,,0,,,,,,CARIBBEAN STORY,1,0,0,,4,1.0,0,1,0,,,,,2020-09-15 06:26:27
19973163,,,0,,,,,,CHINUA,1,0,0,,4,1.0,0,1,0,,,,,2020-09-15 06:26:27
19973209,,,0,,,,,,PHOENIX RISING,1,0,0,,4,,0,1,0,,,,,2020-09-15 06:26:27
19973289,,,0,,,,,,SUZIE'S GIFT,1,0,0,,4,8.0,0,1,0,,,,,2020-09-15 06:26:27
19973365,,,0,,,,,,DE BARREL COME,1,0,0,,4,1.0,0,1,0,,,,,2020-09-15 06:26:27
19973401,,,0,,,,,,HAIL TO GLORY,1,0,0,,4,8.0,0,1,0,,,,,2020-09-15 06:26:27
19973441,,,0,,,,,,OH SAY LUCKY,1,0,0,,4,8.0,0,1,0,,,,,2020-09-15 06:26:27
19973461,,,0,,,,,,TECH ALL,1,0,0,,4,8.0,0,1,0,,,,,2020-09-15 06:26:27
19973507,,,0,,,,,,BUBBLE GUM HOTTIE,1,0,0,,4,1.0,0,1,0,,,,,2020-09-15 06:26:27
19973527,,,0,,,,,,VOLCANIC ERUPTION,1,0,0,,4,8.0,0,1,0,,,,,2020-09-15 06:26:27
19973567,,,0,,,,,,NUTTIN BUT RED,1,0,0,,4,8.0,0,1,0,,,,,2020-09-15 06:26:27
19973587,,,0,,,,,,GLISTENING WATERS,1,0,0,,4,8.0,0,1,0,,,,,2020-09-15 06:26:27
19973623,,,0,,,,,,HER LOVELY SIDE,1,0,0,,4,1.0,0,1,0,,,,,2020-09-15 06:26:27
19973643,,,0,,,,,,YOUR NO DAISY,1,0,0,,4,1.0,0,1,0,,,,,2020-09-15 06:26:27
19973663,,,0,,,,,,BRIGHT AND REGAL,1,0,0,,4,8.0,0,1,0,,,,,2020-09-15 06:26:27
19973683,,,0,,,,,,BAD INFORMATION,1,0,0,,4,9.0,0,1,0,,,,,2020-09-15 06:26:27
19973769,,,0,,,,,,MEGAN MAY,1,0,0,,4,1.0,0,1,0,,,,,2020-09-15 06:26:27
19973789,,,0,,,,,,MARFA BELLE,1,0,0,,4,1.0,0,1,0,,,,,2020-09-15 06:26:27
19973825,,,0,,,,,,RHYTHMICAL RAIN,1,0,0,,4,8.0,0,1,0,,,,,2020-09-15 06:26:27
19973845,,,0,,,,,,SIMPLY RED,1,0,0,,4,1.0,0,1,0,,,,,2020-09-15 06:26:27
19973885,,,0,,,,,,SENDTHEMTHEMONEY,1,0,0,,4,,0,1,0,,,,,2020-09-15 06:26:27
19973901,,,0,,,,,,LAWLESS,1,0,0,,4,1.0,0,1,0,,,,,2020-09-15 06:26:27
19973941,,,0,,,,,,LADY SARKA,1,0,0,,4,1.0,0,1,0,,,,,2020-09-15 06:26:27
19973961,,,0,,,,,,AWESOME SENORITA,1,0,0,,4,1.0,0,1,0,,,,,2020-09-15 06:26:27
19974004,,,0,,,,,,KISSABLE,1,0,0,,4,1.0,0,1,0,,,,,2020-09-15 06:26:27
19974024,,,0,,,,,,HONOR CODE,1,0,0,,4,1.0,0,1,0,,,,,2020-09-15 06:26:27
19974044,,,0,,,,,,CLEVER 'N CRAFTY,1,0,0,,4,1.0,0,1,0,,,,,2020-09-15 06:26:27
19974064,,,0,,,,,,DIAMOND D.,1,0,0,,4,1.0,0,1,0,,,,,2020-09-15 06:26:27
19974084,,,0,,,,,,FLUER D MAR,1,0,0,,4,,0,1,0,,,,,2020-09-15 06:26:27
19974100,,,0,,,,,,STORYBOUND,1,0,0,,4,1.0,0,1,0,,,,,2020-09-15 06:26:27
19974120,,,0,,,,,,MISS DEVIL ANN,1,0,0,,4,1.0,0,1,0,,,,,2020-09-15 06:26:27
19974140,,,0,,,,,,FASHIONABLE,1,0,0,,4,1.0,0,1,0,,,,,2020-09-15 06:26:27
19974160,,,0,,,,,,JANICE (USA),1,0,0,,4,8.0,0,1,0,,,,,2020-09-15 06:26:27
19974180,,,0,,,,,,LA GRANDE BALLADE,1,0,0,,4,1.0,0,1,0,,,,,2020-09-15 06:26:27
19974206,,,0,,,,,,DOHENY DOLL,1,0,0,,4,8.0,0,1,0,,,,,2020-09-15 06:26:27
19974246,,,0,,,,,,DISPERSE A STAR,1,0,0,,4,1.0,0,1,0,,,,,2020-09-15 06:26:27
19974266,,,0,,,,,,PRINCESS ME,1,0,0,,4,8.0,0,1,0,,,,,2020-09-15 06:26:27
19974286,,,0,,,,,,TIME CRISIS,1,0,0,,4,1.0,0,1,0,,,,,2020-09-15 06:26:27
19974302,,,0,,,,,,CUIDADO,1,0,0,,4,9.0,0,1,0,,,,,2020-09-15 06:26:27
19974322,,,0,,,,,,ENTERPRIZING CAT,1,0,0,,4,1.0,0,1,0,,,,,2020-09-15 06:26:27
19974342,,,0,,,,,,DABEEZ,1,0,0,,4,1.0,0,1,0,,,,,2020-09-15 06:26:27
19974362,,,0,,,,,,CIRCLE OF FRIENDS,1,0,0,,4,1.0,0,1,0,,,,,2020-09-15 06:26:27
19974382,,,0,,,,,,HOLLY SUE,1,0,0,,4,1.0,0,1,0,,,,,2020-09-15 06:26:27
19974408,,,0,,,,,,HERECOMETHEGIRLS,1,0,0,,4,8.0,0,1,0,,,,,2020-09-15 06:26:27
19974428,,,0,,,,,,NO CHEATING,1,0,0,,4,1.0,0,1,0,,,,,2020-09-15 06:26:27
19974448,,,0,,,,,,HI DE HO MISS,1,0,0,,4,1.0,0,1,0,,,,,2020-09-15 06:26:27
19974468,,,0,,,,,,MY JODI LYNN,1,0,0,,4,1.0,0,1,0,,,,,2020-09-15 06:26:27
19974488,,,0,,,,,,BAY DRAGON,1,0,0,,4,1.0,0,1,0,,,,,2020-09-15 06:26:27
19974504,,,0,,,,,,RACENE,1,0,0,,4,,0,1,0,,,,,2020-09-15 06:26:27
19974544,,,0,,,,,,SALLYBROOKE,1,0,0,,4,1.0,0,1,0,,,,,2020-09-15 06:26:27
19974564,,,0,,,,,,JONJACK,1,0,0,,4,1.0,0,1,0,,,,,2020-09-15 06:26:27
19974584,,,0,,,,,,GORILLA MY DREAMS,1,0,0,,4,,0,1,0,,,,,2020-09-15 06:26:27
19974600,,,0,,,,,,MALADY,1,0,0,,4,8.0,0,1,0,,,,,2020-09-15 06:26:27
19974620,,,0,,,,,,CHINA SPIRIT,1,0,0,,4,1.0,0,1,0,,,,,2020-09-15 06:26:27
19974640,,,0,,,,,,SEJM'S SMILE,1,0,0,,4,8.0,0,1,0,,,,,2020-09-15 06:26:27
19974660,,,0,,,,,,JARANA,1,0,0,,4,1.0,0,1,0,,,,,2020-09-15 06:26:27
19974680,,,0,,,,,,SARD,1,0,0,,4,,0,1,0,,,,,2020-09-15 06:26:27
19974706,,,0,,,,,,DISTIANA,1,0,0,,4,1.0,0,1,0,,,,,2020-09-15 06:26:27
19974726,,,0,,,,,,LIKELY RUCKUS,1,0,0,,4,1.0,0,1,0,,,,,2020-09-15 06:26:27
19974746,,,0,,,,,,MISS PRIZED,1,0,0,,4,,0,1,0,,,,,2020-09-15 06:26:27
19974802,,,0,,,,,,GOTTCHA LAST,1,0,0,,4,,0,1,0,,,,,2020-09-15 06:26:27
19974822,,,0,,,,,,NATIVE ROOTS,1,0,0,,4,8.0,0,1,0,,,,,2020-09-15 06:26:27
19974862,,,0,,,,,,BUSH WINE,1,0,0,,4,1.0,0,1,0,,,,,2020-09-15 06:26:27
19974948,,,0,,,,,,PRINCESS DEHERE,1,0,0,,4,,0,1,0,,,,,2020-09-15 06:26:27
19975021,,,0,,,,,,PROMISE PROMISE,1,0,0,,4,1.0,0,1,0,,,,,2020-09-15 06:26:27
19975107,,,0,,,,,,EXCITING TIMES,1,0,0,,4,8.0,0,1,0,,,,,2020-09-15 06:26:27
19975243,,,0,,,,,,ENNUHWAY,1,0,0,,4,,0,1,0,,,,,2020-09-15 06:26:27
19975329,,,0,,,,,,CUZ YOU NEVER KNOW,1,0,0,,4,,0,1,0,,,,,2020-09-15 06:26:27
19975349,,,0,,,,,,HALEYCLAIRE,1,0,0,,4,,0,1,0,,,,,2020-09-15 06:26:27
19979867,,,0,,,,,,SEDUCTION,1,0,0,,4,9.0,0,1,0,,,,,2020-09-15 06:26:27
19979903,,,0,,,,,,LATIN PRINCESS,1,0,0,,4,9.0,0,1,0,,,,,2020-09-15 06:26:27
19979943,,,0,,,,,,PRINCESS ZARA,1,0,0,,4,,0,1,0,,,,,2020-09-15 06:26:27
19980024,,,0,,,,,,CANYON POWER,1,0,0,,4,8.0,0,1,0,,,,,2020-09-15 06:26:27
19980140,,,0,,,,,,NOWITSKI,1,0,0,,4,1.0,0,1,0,,,,,2020-09-15 06:26:27
19980160,,,0,,,,,,CALENDAR GIRL,1,0,0,,4,1.0,0,1,0,,,,,2020-09-15 06:26:27
19980180,,,0,,,,,,WAKONDA,1,0,0,,4,1.0,0,1,0,,,,,2020-09-15 06:26:27
19980226,,,0,,,,,,DANCING JINSKY,1,0,0,,4,1.0,0,1,0,,,,,2020-09-15 06:26:27
19980246,,,0,,,,,,MOUNTAIN CLOUD,1,0,0,,4,1.0,0,1,0,,,,,2020-09-15 06:26:27
19980266,,,0,,,,,,MISS U.DOC,1,0,0,,4,1.0,0,1,0,,,,,2020-09-15 06:26:27
19980342,,,0,,,,,,ISSEY MIYAKE,1,0,0,,4,1.0,0,1,0,,,,,2020-09-15 06:26:27
19980382,,,0,,,,,,AWESOME POWER,1,0,0,,4,1.0,0,1,0,,,,,2020-09-15 06:26:27
19980408,,,0,,,,,,L.S.C. CHOICE,1,0,0,,4,1.0,0,1,0,,,,,2020-09-15 06:26:27
19980428,,,0,,,,,,PREACH PREACHER,1,0,0,,4,8.0,0,1,0,,,,,2020-09-15 06:26:27
19980448,,,0,,,,,,PUREJOY,1,0,0,,4,8.0,0,1,0,,,,,2020-09-15 06:26:27
19980468,,,0,,,,,,MADAME FLOWERS,1,0,0,,4,1.0,0,1,0,,,,,2020-09-15 06:26:27
19980524,,,0,,,,,,MI AMOR,1,0,0,,4,1.0,0,1,0,,,,,2020-09-15 06:26:27
19980584,,,0,,,,,,FALON'S DYNASTY,1,0,0,,4,8.0,0,1,0,,,,,2020-09-15 06:26:27
19980726,,,0,,,,,,ECSTATIC,1,0,0,,4,,0,1,0,,,,,2020-09-15 06:26:27
19980746,,,0,,,,,,SARATOGA STAR,1,0,0,,4,1.0,0,1,0,,,,,2020-09-15 06:26:27
19980766,,,0,,,,,,MY GIRL,1,0,0,,4,8.0,0,1,0,,,,,2020-09-15 06:26:27
19980786,,,0,,,,,,LADY VIGOROUS,1,0,0,,4,1.0,0,1,0,,,,,2020-09-15 06:26:27
19980842,,,0,,,,,,DONA VALENTI,1,0,0,,4,1.0,0,1,0,,,,,2020-09-15 06:26:27
19980908,,,0,,,,,,MICHELE'S STAR,1,0,0,,4,1.0,0,1,0,,,,,2020-09-15 06:26:27
19980928,,,0,,,,,,DISTINCTIVE BLEND,1,0,0,,4,11.0,0,1,0,,,,,2020-09-15 06:26:27
19980948,,,0,,,,,,DISTINCTIVE QUEEN,1,0,0,,4,1.0,0,1,0,,,,,2020-09-15 06:26:27
19981061,,,0,,,,,,BLUSHING GOLD,1,0,0,,4,8.0,0,1,0,,,,,2020-09-15 06:26:27
19981187,,,0,,,,,,JETSTREAM,1,0,0,,4,1.0,0,1,0,,,,,2020-09-15 06:26:27
19981309,,,0,,,,,,GLOBALSTAR,1,0,0,,4,,0,1,0,,,,,2020-09-15 06:26:27
19981329,,,0,,,,,,CHASTITY,1,0,0,,4,,0,1,0,,,,,2020-09-15 06:26:27
19981369,,,0,,,,,,MISS HOLLYWOOD,1,0,0,,4,1.0,0,1,0,,,,,2020-09-15 06:26:27
19981501,,,0,,,,,,AIN'T JOKING,1,0,0,,4,1.0,0,1,0,,,,,2020-09-15 06:26:27
19981581,,,0,,,,,,FLAMING RED,1,0,0,,4,,0,1,0,,,,,2020-09-15 06:26:27
19981667,,,0,,,,,,KYLE'S DIVA,1,0,0,,4,1.0,0,1,0,,,,,2020-09-15 06:26:27
19981763,,,0,,,,,,MYBLUBELLE,1,0,0,,4,1.0,0,1,0,,,,,2020-09-15 06:26:27
19981905,,,0,,,,,,EXCHANGE ONLY,1,0,0,,4,1.0,0,1,0,,,,,2020-09-15 06:26:27
19981925,,,0,,,,,,CHESAPEAKE BAY,1,0,0,,4,8.0,0,1,0,,,,,2020-09-15 06:26:27
19982028,,,0,,,,,,WILD MAVERICK,1,0,0,,4,8.0,0,1,0,,,,,2020-09-15 06:26:27
19982088,,,0,,,,,,BRINGMEJOY,1,0,0,,4,1.0,0,1,0,,,,,2020-09-15 06:26:27
19982104,,,0,,,,,,JAH-BRA-KY,1,0,0,,4,8.0,0,1,0,,,,,2020-09-15 06:26:27
19982144,,,0,,,,,,DESTINY'S GIRL,1,0,0,,4,8.0,0,1,0,,,,,2020-09-15 06:26:27
19982184,,,0,,,,,,LADY SABITA,1,0,0,,4,8.0,0,1,0,,,,,2020-09-15 06:26:27
19982240,,,0,,,,,,LADY WAHEEDA,1,0,0,,4,1.0,0,1,0,,,,,2020-09-15 06:26:27
19982260,,,0,,,,,,HELPMEOUT,1,0,0,,4,8.0,0,1,0,,,,,2020-09-15 06:26:27
19982306,,,0,,,,,,LADY KUMARI,1,0,0,,4,1.0,0,1,0,,,,,2020-09-15 06:26:27
19982346,,,0,,,,,,LADY ISIS,1,0,0,,4,8.0,0,1,0,,,,,2020-09-15 06:26:27
19982402,,,0,,,,,,LADY BAKUL,1,0,0,,4,1.0,0,1,0,,,,,2020-09-15 06:26:27
19982568,,,0,,,,,,ROYALKATHERYN,1,0,0,,4,8.0,0,1,0,,,,,2020-09-15 06:26:27
19982624,,,0,,,,,,ISTIC JAZZ,1,0,0,,4,8.0,0,1,0,,,,,2020-09-15 06:26:27
19982720,,,0,,,,,,SPLINTER WEB,1,0,0,,4,1.0,0,1,0,,,,,2020-09-15 06:26:27
19982760,,,0,,,,,,LADY SAM,1,0,0,,4,9.0,0,1,0,,,,,2020-09-15 06:26:27
19982866,,,0,,,,,,HEART THROB,1,0,0,,4,,0,1,0,,,,,2020-09-15 06:26:27
19982922,,,0,,,,,,MY DEAR TUDOR,1,0,0,,4,1.0,0,1,0,,,,,2020-09-15 06:26:27
19983005,,,0,,,,,,AKIODA,1,0,0,,4,1.0,0,1,0,,,,,2020-09-15 06:26:27
19983025,,,0,,,,,,PRINCESS ALEXANDRA,1,0,0,,4,1.0,0,1,0,,,,,2020-09-15 06:26:27
19983045,,,0,,,,,,ABSOLUTE POWER,1,0,0,,4,1.0,0,1,0,,,,,2020-09-15 06:26:27
19983101,,,0,,,,,,VOODOO QUEEN,1,0,0,,4,,0,1,0,,,,,2020-09-15 06:26:27
19983207,,,0,,,,,,JESSICA,1,0,0,,4,1.0,0,1,0,,,,,2020-09-15 06:26:27
19983227,,,0,,,,,,STRATEGIC PARTNERS,1,0,0,,4,8.0,0,1,0,,,,,2020-09-15 06:26:27
19983247,,,0,,,,,,FLORIDA KEYS,1,0,0,,4,8.0,0,1,0,,,,,2020-09-15 06:26:27
19983267,,,0,,,,,,VENUS ADVANTAGE,1,0,0,,4,1.0,0,1,0,,,,,2020-09-15 06:26:27
19983303,,,0,,,,,,SHARMI MY LOVE,1,0,0,,4,8.0,0,1,0,,,,,2020-09-15 06:26:27
19983343,,,0,,,,,,PSYCHOTIC ACTION,1,0,0,,4,,0,1,0,,,,,2020-09-15 06:26:27
19983429,,,0,,,,,,EXPERIMENT,1,0,0,,4,1.0,0,1,0,,,,,2020-09-15 06:26:27
19983585,,,0,,,,,,VICTREEBEL,1,0,0,,4,8.0,0,1,0,,,,,2020-09-15 06:26:27
19983641,,,0,,,,,,FABRIKATOR,1,0,0,,4,8.0,0,1,0,,,,,2020-09-15 06:26:27
19983681,,,0,,,,,,MY POSSESSION,1,0,0,,4,1.0,0,1,0,,,,,2020-09-15 06:26:27
19983909,,,0,,,,,,LONG HAUL,1,0,0,,4,,0,1,0,,,,,2020-09-15 06:26:27
19983929,,,0,,,,,,DIABLO FOREVER,1,0,0,,4,1.0,0,1,0,,,,,2020-09-15 06:26:27
19983969,,,0,,,,,,SHE'S A THIEF,1,0,0,,4,1.0,0,1,0,,,,,2020-09-15 06:26:27
19983989,,,0,,,,,,JOLIE'S TREASURE,1,0,0,,4,,0,1,0,,,,,2020-09-15 06:26:27
19984002,,,0,,,,,,GRAND CAFE,1,0,0,,4,9.0,0,1,0,,,,,2020-09-15 06:26:27
19984022,,,0,,,,,,JAMAICAN RUNNER,1,0,0,,4,1.0,0,1,0,,,,,2020-09-15 06:26:27
19984042,,,0,,,,,,COMING WEST,1,0,0,,4,1.0,0,1,0,,,,,2020-09-15 06:26:27
19984108,,,0,,,,,,GOLDEN NANA,1,0,0,,4,8.0,0,1,0,,,,,2020-09-15 06:26:27
19984148,,,0,,,,,,TIFTAYVIA,1,0,0,,4,,0,1,0,,,,,2020-09-15 06:26:27
19984168,,,0,,,,,,CANADIAN PRINCESS,1,0,0,,4,1.0,0,1,0,,,,,2020-09-15 06:26:27
19984188,,,0,,,,,,FEMME,1,0,0,,4,1.0,0,1,0,,,,,2020-09-15 06:26:27
19984224,,,0,,,,,,SILVERY DIABLO,1,0,0,,4,,0,1,0,,,,,2020-09-15 06:26:27
19984244,,,0,,,,,,MINISTERS DELIGHT,1,0,0,,4,,0,1,0,,,,,2020-09-15 06:26:27
19984264,,,0,,,,,,SILVER CHANDALIER,1,0,0,,4,8.0,0,1,0,,,,,2020-09-15 06:26:27
19984284,,,0,,,,,,BROADWAY BELLE,1,0,0,,4,8.0,0,1,0,,,,,2020-09-15 06:26:27
19984300,,,0,,,,,,DIABLO'S DAZZLE,1,0,0,,4,1.0,0,1,0,,,,,2020-09-15 06:26:27
19984320,,,0,,,,,,SOAPY C,1,0,0,,4,,0,1,0,,,,,2020-09-15 06:26:27
19984340,,,0,,,,,,RUSSIAN ACTRESS,1,0,0,,4,,0,1,0,,,,,2020-09-15 06:26:27
19984360,,,0,,,,,,HARMATTAN,1,0,0,,4,,0,1,0,,,,,2020-09-15 06:26:27
19984380,,,0,,,,,,CONQUERESS,1,0,0,,4,1.0,0,1,0,,,,,2020-09-15 06:26:27
19984406,,,0,,,,,,PENN CENTRAL,1,0,0,,4,1.0,0,1,0,,,,,2020-09-15 06:26:27
19984426,,,0,,,,,,ARMSOFANANGEL,1,0,0,,4,1.0,0,1,0,,,,,2020-09-15 06:26:27
19984446,,,0,,,,,,SHAWNEE SUNRISE,1,0,0,,4,8.0,0,1,0,,,,,2020-09-15 06:26:27
19984466,,,0,,,,,,COOL FASTNESS,1,0,0,,4,8.0,0,1,0,,,,,2020-09-15 06:26:27
19984486,,,0,,,,,,MISS TOP HAT,1,0,0,,4,1.0,0,1,0,,,,,2020-09-15 06:26:27
19984502,,,0,,,,,,JEAN'S DILEMMA,1,0,0,,4,,0,1,0,,,,,2020-09-15 06:26:27
19984522,,,0,,,,,,GOGIRLYOUGO,1,0,0,,4,1.0,0,1,0,,,,,2020-09-15 06:26:27
19984542,,,0,,,,,,DAUNSERLY LIGHT,1,0,0,,4,9.0,0,1,0,,,,,2020-09-15 06:26:27
19984562,,,0,,,,,,RUNNING DIABLO,1,0,0,,4,,0,1,0,,,,,2020-09-15 06:26:27
19984582,,,0,,,,,,RISKY LOVE,1,0,0,,4,1.0,0,1,0,,,,,2020-09-15 06:26:27
19984608,,,0,,,,,,SENDMESOMEROSES,1,0,0,,4,8.0,0,1,0,,,,,2020-09-15 06:26:27
19984628,,,0,,,,,,ZIG'S QUIET LADY,1,0,0,,4,1.0,0,1,0,,,,,2020-09-15 06:26:27
19984648,,,0,,,,,,KILAUEA GIRL,1,0,0,,4,8.0,0,1,0,,,,,2020-09-15 06:26:27
19984668,,,0,,,,,,HIDDEN CREEK,1,0,0,,4,,0,1,0,,,,,2020-09-15 06:26:27
19984688,,,0,,,,,,MISS ANNIE BEA,1,0,0,,4,,0,1,0,,,,,2020-09-15 06:26:27
19984704,,,0,,,,,,KINLIN,1,0,0,,4,,0,1,0,,,,,2020-09-15 06:26:27
19984724,,,0,,,,,,SAM'S FOUNTAIN,1,0,0,,4,1.0,0,1,0,,,,,2020-09-15 06:26:27
19984744,,,0,,,,,,STAR QUALITY,1,0,0,,4,1.0,0,1,0,,,,,2020-09-15 06:26:27
19984764,,,0,,,,,,FASHION EDITOR,1,0,0,,4,1.0,0,1,0,,,,,2020-09-15 06:26:28
19984784,,,0,,,,,,GOLD EMPRESS,1,0,0,,4,1.0,0,1,0,,,,,2020-09-15 06:26:28
19984800,,,0,,,,,,PLACE IN TIME,1,0,0,,4,8.0,0,1,0,,,,,2020-09-15 06:26:28
19984820,,,0,,,,,,COUNTESS,1,0,0,,4,,0,1,0,,,,,2020-09-15 06:26:28
19984840,,,0,,,,,,DANCE FOR CHARITY,1,0,0,,4,,0,1,0,,,,,2020-09-15 06:26:28
19984860,,,0,,,,,,COCO BAY,1,0,0,,4,,0,1,0,,,,,2020-09-15 06:26:28
19984880,,,0,,,,,,APASIONATA SONATA,1,0,0,,4,8.0,0,1,0,,,,,2020-09-15 06:26:28
19984906,,,0,,,,,,KATHYTHETRAINA,1,0,0,,4,1.0,0,1,0,,,,,2020-09-15 06:26:28
19984926,,,0,,,,,,BREEZING UP (USA),1,0,0,,4,,0,1,0,,,,,2020-09-15 06:26:28
19984946,,,0,,,,,,NO MORE PROMISES,1,0,0,,4,,0,1,0,,,,,2020-09-15 06:26:28
19984966,,,0,,,,,,SISTER GREELEY,1,0,0,,4,8.0,0,1,0,,,,,2020-09-15 06:26:28
19984986,,,0,,,,,,ABSOLUTELY GIFTED,1,0,0,,4,8.0,0,1,0,,,,,2020-09-15 06:26:28
19985009,,,0,,,,,,AUGUSTA'S PRIDE,1,0,0,,4,,0,1,0,,,,,2020-09-15 06:26:28
19985029,,,0,,,,,,TOBIANO,1,0,0,,4,8.0,0,1,0,,,,,2020-09-15 06:26:28
19985069,,,0,,,,,,ZIP,1,0,0,,4,1.0,0,1,0,,,,,2020-09-15 06:26:28
19985105,,,0,,,,,,GEYSER,1,0,0,,4,9.0,0,1,0,,,,,2020-09-15 06:26:28
19985125,,,0,,,,,,MOMSCOMANDWEWILSEE,1,0,0,,4,1.0,0,1,0,,,,,2020-09-15 06:26:28
19985145,,,0,,,,,,PREMIER GRAY,1,0,0,,4,9.0,0,1,0,,,,,2020-09-15 06:26:28
19985165,,,0,,,,,,REASONABLE THOUGHT,1,0,0,,4,1.0,0,1,0,,,,,2020-09-15 06:26:28
19985185,,,0,,,,,,LA CAVA,1,0,0,,4,8.0,0,1,0,,,,,2020-09-15 06:26:28
19985201,,,0,,,,,,BALLY STORM,1,0,0,,4,,0,1,0,,,,,2020-09-15 06:26:28
19985261,,,0,,,,,,TWINKLE TWINKLE,1,0,0,,4,9.0,0,1,0,,,,,2020-09-15 06:26:28
19985307,,,0,,,,,,FIRE BREATH,1,0,0,,4,,0,1,0,,,,,2020-09-15 06:26:28
19985327,,,0,,,,,,MORNING SUN,1,0,0,,4,9.0,0,1,0,,,,,2020-09-15 06:26:28
19985347,,,0,,,,,,WAGERING ANGEL,1,0,0,,4,1.0,0,1,0,,,,,2020-09-15 06:26:28
19985387,,,0,,,,,,TIZAGAL,1,0,0,,4,,0,1,0,,,,,2020-09-15 06:26:28
19985403,,,0,,,,,,SEATTLE CHRISTMAS,1,0,0,,4,,0,1,0,,,,,2020-09-15 06:26:28
19985423,,,0,,,,,,ASTRID,1,0,0,,4,,0,1,0,,,,,2020-09-15 06:26:28
19985443,,,0,,,,,,SHANNON'S COYOTE,1,0,0,,4,9.0,0,1,0,,,,,2020-09-15 06:26:28
19985463,,,0,,,,,,TOP OF THE NOGGIN,1,0,0,,4,,0,1,0,,,,,2020-09-15 06:26:28
19985483,,,0,,,,,,NEVER FAULTY,1,0,0,,4,,0,1,0,,,,,2020-09-15 06:26:28
19985529,,,0,,,,,,HOITY TOITY,1,0,0,,4,8.0,0,1,0,,,,,2020-09-15 06:26:28
19985549,,,0,,,,,,CHECKERED FLAG,1,0,0,,4,1.0,0,1,0,,,,,2020-09-15 06:26:28
19985569,,,0,,,,,,SONG OF THE MOMENT,1,0,0,,4,,0,1,0,,,,,2020-09-15 06:26:28
19985685,,,0,,,,,,MYSTERIOUS RUCKUS,1,0,0,,4,,0,1,0,,,,,2020-09-15 06:26:28
19985867,,,0,,,,,,BRISQUETTE,1,0,0,,4,,0,1,0,,,,,2020-09-15 06:26:28
19986026,,,0,,,,,,QUEEN MAJESTY,1,0,0,,4,,0,1,0,,,,,2020-09-15 06:26:28
19986384,,,0,,,,,,NABBED,1,0,0,,4,,0,1,0,,,,,2022-10-15 16:55:59
19990022,,,0,,,,,,HAV IT FI DEM,1,0,0,,4,1.0,0,1,0,,,,,2020-09-15 06:26:28
19990042,,,0,,,,,,REGGAE STAR,1,0,0,,4,,0,1,0,,,,,2020-09-15 06:26:28
19990244,,,0,,,,,,LADY HYDERABAD,1,0,0,,4,1.0,0,1,0,,,,,2020-09-15 06:26:28
19990300,,,0,,,,,,SHADE OF JADE,1,0,0,,4,1.0,0,1,0,,,,,2020-09-15 06:26:28
19990320,,,0,,,,,,PRINCESS TALIA,1,0,0,,4,1.0,0,1,0,,,,,2020-09-15 06:26:28
19990446,,,0,,,,,,LADY BANGADESH,1,0,0,,4,1.0,0,1,0,,,,,2020-09-15 06:26:28
19990542,,,0,,,,,,DIANA'S HOPE,1,0,0,,4,1.0,0,1,0,,,,,2020-09-15 06:26:28
19990608,,,0,,,,,,BROWN SUGAR,1,0,0,,4,8.0,0,1,0,,,,,2020-09-15 06:26:28
19990668,,,0,,,,,,SUNDAY EXPRESS,1,0,0,,4,1.0,0,1,0,,,,,2020-09-15 06:26:28
19990688,,,0,,,,,,QUE'S PRINCESS,1,0,0,,4,9.0,0,1,0,,,,,2020-09-15 06:26:28
19990724,,,0,,,,,,PREMIER SOLUTION,1,0,0,,4,8.0,0,1,0,,,,,2020-09-15 06:26:28
19990784,,,0,,,,,,YYESSBABY,1,0,0,,4,1.0,0,1,0,,,,,2020-09-15 06:26:28
19990820,,,0,,,,,,SUPA STING,1,0,0,,4,1.0,0,1,0,,,,,2020-09-15 06:26:28
19990860,,,0,,,,,,DEJA VU,1,0,0,,4,1.0,0,1,0,,,,,2020-09-15 06:26:28
19990906,,,0,,,,,,UNFINISHEDSYMPHONY,1,0,0,,4,8.0,0,1,0,,,,,2020-09-15 06:26:28
19990926,,,0,,,,,,WITHALLMYHEART,1,0,0,,4,8.0,0,1,0,,,,,2020-09-15 06:26:28
19990946,,,0,,,,,,SEXY,1,0,0,,4,1.0,0,1,0,,,,,2020-09-15 06:26:28
19990966,,,0,,,,,,JOIE DE VIVE,1,0,0,,4,1.0,0,1,0,,,,,2020-09-15 06:26:28
19990986,,,0,,,,,,IRISH STAR,1,0,0,,4,8.0,0,1,0,,,,,2020-09-15 06:26:28
19991089,,,0,,,,,,SOLILOQUY,1,0,0,,4,8.0,0,1,0,,,,,2020-09-15 06:26:28
19991105,,,0,,,,,,N.S. ROYAL,1,0,0,,4,1.0,0,1,0,,,,,2020-09-15 06:26:28
19991185,,,0,,,,,,ROYAL GUARD,1,0,0,,4,8.0,0,1,0,,,,,2020-09-15 06:26:28
19991307,,,0,,,,,,VOODOO CHANT,1,0,0,,4,8.0,0,1,0,,,,,2020-09-15 06:26:28
19991347,,,0,,,,,,ST. TROPAZ,1,0,0,,4,1.0,0,1,0,,,,,2020-09-15 06:26:28
19991367,,,0,,,,,,TOP OF THE POP,1,0,0,,4,8.0,0,1,0,,,,,2020-09-15 06:26:28
19991443,,,0,,,,,,ZULU PRINCESS,1,0,0,,4,1.0,0,1,0,,,,,2020-09-15 06:26:28
19991463,,,0,,,,,,ROCK 'N' ROLL,1,0,0,,4,8.0,0,1,0,,,,,2020-09-15 06:26:28
19991509,,,0,,,,,,MICHELKA,1,0,0,,4,1.0,0,1,0,,,,,2020-09-15 06:26:28
19991529,,,0,,,,,,WITCHCRAFT,1,0,0,,4,1.0,0,1,0,,,,,2020-09-15 06:26:28
19991549,,,0,,,,,,INEVITABLE,1,0,0,,4,1.0,0,1,0,,,,,2020-09-15 06:26:28
19991589,,,0,,,,,,CLASSY TANYA,1,0,0,,4,8.0,0,1,0,,,,,2020-09-15 06:26:28
19991645,,,0,,,,,,SIMPLY MAGIC,1,0,0,,4,,0,1,0,,,,,2020-09-15 06:26:28
19991665,,,0,,,,,,SEEK,1,0,0,,4,8.0,0,1,0,,,,,2020-09-15 06:26:28
19991701,,,0,,,,,,BEGUM,1,0,0,,4,1.0,0,1,0,,,,,2020-09-15 06:26:28
19991721,,,0,,,,,,STORMONTHELOOSE,1,0,0,,4,1.0,0,1,0,,,,,2020-09-15 06:26:28
19991761,,,0,,,,,,KITCH,1,0,0,,4,1.0,0,1,0,,,,,2020-09-15 06:26:28
19991807,,,0,,,,,,ROSE WATER,1,0,0,,4,1.0,0,1,0,,,,,2020-09-15 06:26:28
19991903,,,0,,,,,,LADY MANILA,1,0,0,,4,,0,1,0,,,,,2020-09-15 06:26:28
19991943,,,0,,,,,,RENEE'S STAR,1,0,0,,4,9.0,0,1,0,,,,,2020-09-15 06:26:28
19992086,,,0,,,,,,STAR WITNESS,1,0,0,,4,1.0,0,1,0,,,,,2020-09-15 06:26:28
19992102,,,0,,,,,,SIG SAUER,1,0,0,,4,8.0,0,1,0,,,,,2020-09-15 06:26:28
19992142,,,0,,,,,,MEANT TO BE,1,0,0,,4,9.0,0,1,0,,,,,2020-09-15 06:26:28
19992182,,,0,,,,,,FANCY BID,1,0,0,,4,1.0,0,1,0,,,,,2020-09-15 06:26:28
19992208,,,0,,,,,,ROMANTIC WAY,1,0,0,,4,,0,1,0,,,,,2020-09-15 06:26:28
19992268,,,0,,,,,,ELEGANCE,1,0,0,,4,8.0,0,1,0,,,,,2020-09-15 06:26:28
19992364,,,0,,,,,,MATERIAL PRINCESS,1,0,0,,4,1.0,0,1,0,,,,,2020-09-15 06:26:28
19992384,,,0,,,,,,TROPICAL DREAMER,1,0,0,,4,9.0,0,1,0,,,,,2020-09-15 06:26:28
19992420,,,0,,,,,,PLEASANT SURPRISE,1,0,0,,4,8.0,0,1,0,,,,,2020-09-15 06:26:28
19992460,,,0,,,,,,MOTHER OF PEARL,1,0,0,,4,9.0,0,1,0,,,,,2020-09-15 06:26:28
19992506,,,0,,,,,,DIGITAL,1,0,0,,4,8.0,0,1,0,,,,,2020-09-15 06:26:28
19992622,,,0,,,,,,CONSCIOUS APPROACH,1,0,0,,4,8.0,0,1,0,,,,,2020-09-15 06:26:28
19992682,,,0,,,,,,SWEET JADE,1,0,0,,4,8.0,0,1,0,,,,,2020-09-15 06:26:28
19992804,,,0,,,,,,AMANDA'S GOLD,1,0,0,,4,,0,1,0,,,,,2020-09-15 06:26:28
19992864,,,0,,,,,,BLACK THATCH,1,0,0,,4,1.0,0,1,0,,,,,2020-09-15 06:26:28
19992900,,,0,,,,,,DANZIG LA RAE,1,0,0,,4,,0,1,0,,,,,2020-09-15 06:26:28
19992920,,,0,,,,,,SEXY INDIAN,1,0,0,,4,1.0,0,1,0,,,,,2020-09-15 06:26:28
19993023,,,0,,,,,,ENCHANTING QUEEN,1,0,0,,4,1.0,0,1,0,,,,,2020-09-15 06:26:28
19993083,,,0,,,,,,WILD CARD,1,0,0,,4,1.0,0,1,0,,,,,2020-09-15 06:26:28
19993129,,,0,,,,,,SWIFT,1,0,0,,4,8.0,0,1,0,,,,,2020-09-15 06:26:28
19993189,,,0,,,,,,ARABIAN EBONY,1,0,0,,4,1.0,0,1,0,,,,,2020-09-15 06:26:28
19993205,,,0,,,,,,EXPECTATIONS,1,0,0,,4,1.0,0,1,0,,,,,2020-09-15 06:26:28
19993265,,,0,,,,,,ZEALOT,1,0,0,,4,1.0,0,1,0,,,,,2020-09-15 06:26:28
19993285,,,0,,,,,,FRENCH LADY,1,0,0,,4,8.0,0,1,0,,,,,2020-09-15 06:26:28
19993321,,,0,,,,,,SPIRIT OF JAMAICA,1,0,0,,4,1.0,0,1,0,,,,,2020-09-15 06:26:28
19993381,,,0,,,,,,AWRY,1,0,0,,4,8.0,0,1,0,,,,,2020-09-15 06:26:28
19993407,,,0,,,,,,GROS VENTRES,1,0,0,,4,8.0,0,1,0,,,,,2020-09-15 06:26:28
19993427,,,0,,,,,,REEF RUNNER,1,0,0,,4,1.0,0,1,0,,,,,2020-09-15 06:26:28
19993447,,,0,,,,,,BREEZE BABY,1,0,0,,4,1.0,0,1,0,,,,,2020-09-15 06:26:28
19993487,,,0,,,,,,STACY ANGELL,1,0,0,,4,1.0,0,1,0,,,,,2020-09-15 06:26:28
19993503,,,0,,,,,,LOST THE EXIT,1,0,0,,4,1.0,0,1,0,,,,,2020-09-15 06:26:28
19993523,,,0,,,,,,AZIMUT,1,0,0,,4,1.0,0,1,0,,,,,2020-09-15 06:26:28
19993543,,,0,,,,,,NOT READY,1,0,0,,4,1.0,0,1,0,,,,,2020-09-15 06:26:28
19993563,,,0,,,,,,SAMI'S SPIRIT,1,0,0,,4,8.0,0,1,0,,,,,2020-09-15 06:26:28
19993583,,,0,,,,,,IBELIEVEITSOURS,1,0,0,,4,1.0,0,1,0,,,,,2020-09-15 06:26:28
19993609,,,0,,,,,,SPANISH QUEEN (USA,1,0,0,,4,,0,1,0,,,,,2020-09-15 06:26:28
19993629,,,0,,,,,,ONE LOOSE SHOE,1,0,0,,4,8.0,0,1,0,,,,,2020-09-15 06:26:28
19993649,,,0,,,,,,VANA TURNS,1,0,0,,4,,0,1,0,,,,,2020-09-15 06:26:28
19993669,,,0,,,,,,MISS NICKELS,1,0,0,,4,1.0,0,1,0,,,,,2020-09-15 06:26:28
19993689,,,0,,,,,,UNREAL FANTASY,1,0,0,,4,1.0,0,1,0,,,,,2020-09-15 06:26:28
19993705,,,0,,,,,,FIRE RED,1,0,0,,4,8.0,0,1,0,,,,,2020-09-15 06:26:28
19993725,,,0,,,,,,REAL JOY,1,0,0,,4,,0,1,0,,,,,2020-09-15 06:26:28
19993745,,,0,,,,,,HEAR ME CLEARLY,1,0,0,,4,1.0,0,1,0,,,,,2020-09-15 06:26:28
19993765,,,0,,,,,,PLEASANT LIVING,1,0,0,,4,8.0,0,1,0,,,,,2020-09-15 06:26:28
19993785,,,0,,,,,,ANGELIC HALO,1,0,0,,4,1.0,0,1,0,,,,,2020-09-15 06:26:28
19993801,,,0,,,,,,I BELONG TO WINLOC,1,0,0,,4,1.0,0,1,0,,,,,2020-09-15 06:26:28
19993821,,,0,,,,,,SUNSATIONAL JULIA,1,0,0,,4,1.0,0,1,0,,,,,2020-09-15 06:26:28
19993841,,,0,,,,,,COOPER'S CURRENT,1,0,0,,4,,0,1,0,,,,,2020-09-15 06:26:28
19993861,,,0,,,,,,MARIA MANCINI,1,0,0,,4,1.0,0,1,0,,,,,2020-09-15 06:26:28
19993881,,,0,,,,,,ROAD TO JUSTICE,1,0,0,,4,9.0,0,1,0,,,,,2020-09-15 06:26:28
19993907,,,0,,,,,,SHARPER MISTRESS,1,0,0,,4,,0,1,0,,,,,2020-09-15 06:26:28
19993927,,,0,,,,,,DEVIL'S DIP,1,0,0,,4,8.0,0,1,0,,,,,2020-09-15 06:26:28
19993947,,,0,,,,,,MERCY MISSION,1,0,0,,4,9.0,0,1,0,,,,,2020-09-15 06:26:28
19993967,,,0,,,,,,WILD FINISH,1,0,0,,4,,0,1,0,,,,,2020-09-15 06:26:28
19993987,,,0,,,,,,LOVE SICK,1,0,0,,4,1.0,0,1,0,,,,,2020-09-15 06:26:28
19994000,,,0,,,,,,PURE INSTINCT,1,0,0,,4,1.0,0,1,0,,,,,2020-09-15 06:26:28
19994020,,,0,,,,,,WEREWOOFY,1,0,0,,4,8.0,0,1,0,,,,,2020-09-15 06:26:28
19994040,,,0,,,,,,ATTIKI,1,0,0,,4,,0,1,0,,,,,2020-09-15 06:26:28
19994060,,,0,,,,,,STARLIT VALLEY,1,0,0,,4,1.0,0,1,0,,,,,2020-09-15 06:26:28
19994080,,,0,,,,,,ENGLISH SKY,1,0,0,,4,1.0,0,1,0,,,,,2020-09-15 06:26:28
19994106,,,0,,,,,,QUICK WINK,1,0,0,,4,9.0,0,1,0,,,,,2020-09-15 06:26:28
19994126,,,0,,,,,,THEATRICAL STORM,1,0,0,,4,1.0,0,1,0,,,,,2020-09-15 06:26:28
19994146,,,0,,,,,,KIDS TODAY,1,0,0,,4,9.0,0,1,0,,,,,2020-09-15 06:26:28
19994166,,,0,,,,,,MADELINE MISSES U,1,0,0,,4,,0,1,0,,,,,2020-09-15 06:26:28
19994186,,,0,,,,,,PRECILLE,1,0,0,,4,1.0,0,1,0,,,,,2020-09-15 06:26:28
19994202,,,0,,,,,,QUICK ALERT,1,0,0,,4,8.0,0,1,0,,,,,2020-09-15 06:26:28
19994222,,,0,,,,,,CHILLING EFFECT,1,0,0,,4,8.0,0,1,0,,,,,2020-09-15 06:26:28
19994282,,,0,,,,,,SPINNING DIAMONDS,1,0,0,,4,1.0,0,1,0,,,,,2020-09-15 06:26:28
19994308,,,0,,,,,,DELIGHTFUL FLIGHT,1,0,0,,4,8.0,0,1,0,,,,,2020-09-15 06:26:28
19994328,,,0,,,,,,SWEET TIME,1,0,0,,4,,0,1,0,,,,,2020-09-15 06:26:28
19994348,,,0,,,,,,MISS PLAYBILL,1,0,0,,4,1.0,0,1,0,,,,,2020-09-15 06:26:28
19994368,,,0,,,,,,TORONTO STAR,1,0,0,,4,8.0,0,1,0,,,,,2020-09-15 06:26:28
19994388,,,0,,,,,,GAYE'S EMBLEM,1,0,0,,4,8.0,0,1,0,,,,,2020-09-15 06:26:28
19994404,,,0,,,,,,BOA,1,0,0,,4,8.0,0,1,0,,,,,2020-09-15 06:26:28
19994424,,,0,,,,,,CAROL'S LITTLEBIT,1,0,0,,4,,0,1,0,,,,,2020-09-15 06:26:28
19994444,,,0,,,,,,CHASEAFALLENSTAR,1,0,0,,4,,0,1,0,,,,,2020-09-15 06:26:28
19994484,,,0,,,,,,MINIMALIST,1,0,0,,4,,0,1,0,,,,,2020-09-15 06:26:28
19994500,,,0,,,,,,KATE'S CAT,1,0,0,,4,,0,1,0,,,,,2020-09-15 06:26:28
19994520,,,0,,,,,,YAELLA,1,0,0,,4,,0,1,0,,,,,2020-09-15 06:26:28
19994540,,,0,,,,,,NOSEEME,1,0,0,,4,,0,1,0,,,,,2020-09-15 06:26:28
19994560,,,0,,,,,,EVITA VILLA,1,0,0,,4,,0,1,0,,,,,2020-09-15 06:26:28
19994580,,,0,,,,,,RUNAWAY AB,1,0,0,,4,11.0,0,1,0,,,,,2020-09-15 06:26:28
19994626,,,0,,,,,,SWEETHEAVENLYCROSS,1,0,0,,4,,0,1,0,,,,,2020-09-15 06:26:28
19994666,,,0,,,,,,RAVING,1,0,0,,4,1.0,0,1,0,,,,,2020-09-15 06:26:28
19994686,,,0,,,,,,MONUMENTHAL,1,0,0,,4,8.0,0,1,0,,,,,2020-09-15 06:26:28
19995123,,,0,,,,,,FRISKY CHEERLEADER,1,0,0,,4,,0,1,0,,,,,2020-09-15 06:26:28
19996100,,,0,,,,,,UPPA HUGHIE,1,0,0,,4,,0,1,0,,,,,2020-09-15 06:26:28
19996102,,,0,,,,,,HOLE IN THE HEARX,1,0,0,,4,,0,1,0,,,,,2020-09-15 06:26:28
19996103,,,0,,,,,,SECRET WEAPON,1,0,0,,4,,0,1,0,,,,,2020-09-15 06:26:28
19996104,,,0,,,,,,C C COLQUHOUN,1,0,0,,4,,0,1,0,,,,,2020-09-15 06:26:28
19996105,,,0,,,,,,SHE KNOWS BEST,1,0,0,,4,,0,1,0,,,,,2020-09-15 06:26:28
20000241,,,0,,,,,,ROSE BUD,1,0,0,,4,9.0,0,1,0,,,,,2020-09-15 06:26:28
20000261,,,0,,,,,,LADY AMY,1,0,0,,4,1.0,0,1,0,,,,,2020-09-15 06:26:28
20000281,,,0,,,,,,LADY SHAKEERA,1,0,0,,4,1.0,0,1,0,,,,,2020-09-15 06:26:28
20000307,,,0,,,,,,GALAXY GIRL,1,0,0,,4,1.0,0,1,0,,,,,2020-09-15 06:26:28
20000347,,,0,,,,,,SWEET SELECTION,1,0,0,,4,1.0,0,1,0,,,,,2020-09-15 06:26:28
20000387,,,0,,,,,,SARAH'S SONG,1,0,0,,4,1.0,0,1,0,,,,,2020-09-15 06:26:28
20000403,,,0,,,,,,DANCERFORMONEY,1,0,0,,4,1.0,0,1,0,,,,,2020-09-15 06:26:28
20000443,,,0,,,,,,ALLSAIDNDONE,1,0,0,,4,1.0,0,1,0,,,,,2020-09-15 06:26:28
20000549,,,0,,,,,,LILLIWITESTONE,1,0,0,,4,1.0,0,1,0,,,,,2020-09-15 06:26:28
20000625,,,0,,,,,,KENTUCKY LOVE,1,0,0,,4,8.0,0,1,0,,,,,2020-09-15 06:26:28
20000685,,,0,,,,,,DARE TO DREAM,1,0,0,,4,1.0,0,1,0,,,,,2020-09-15 06:26:28
20000721,,,0,,,,,,MEDICAL SOCA,1,0,0,,4,8.0,0,1,0,,,,,2020-09-15 06:26:28
20000741,,,0,,,,,,CLASSICAL STAR,1,0,0,,4,1.0,0,1,0,,,,,2020-09-15 06:26:28
20000761,,,0,,,,,,PERFECT SCORE,1,0,0,,4,,0,1,0,,,,,2020-09-15 06:26:28
20000807,,,0,,,,,,EXPLOSIVE QUEEN,1,0,0,,4,,0,1,0,,,,,2020-09-15 06:26:28
20000827,,,0,,,,,,ROYAL MISTRESS,1,0,0,,4,,0,1,0,,,,,2020-09-15 06:26:28
20000983,,,0,,,,,,DANCE SMARTLY,1,0,0,,4,,0,1,0,,,,,2020-09-15 06:26:28
20001086,,,0,,,,,,MANILA STAR,1,0,0,,4,1.0,0,1,0,,,,,2020-09-15 06:26:28
20001102,,,0,,,,,,DOMINO JILL,1,0,0,,4,1.0,0,1,0,,,,,2020-09-15 06:26:28
20001142,,,0,,,,,,VANILLA SKY,1,0,0,,4,1.0,0,1,0,,,,,2020-09-15 06:26:28
20001182,,,0,,,,,,FORTALEZA,1,0,0,,4,1.0,0,1,0,,,,,2020-09-15 06:26:28
20001228,,,0,,,,,,CYNDAQUILL,1,0,0,,4,8.0,0,1,0,,,,,2020-09-15 06:26:28
20001248,,,0,,,,,,QUIET GIANT,1,0,0,,4,8.0,0,1,0,,,,,2020-09-15 06:26:28
20001268,,,0,,,,,,EQUAL RIGHTS,1,0,0,,4,,0,1,0,,,,,2020-09-15 06:26:28
20001324,,,0,,,,,,LUCKY LUCKY LUCKY,1,0,0,,4,1.0,0,1,0,,,,,2020-09-15 06:26:28
20001344,,,0,,,,,,SULA,1,0,0,,4,1.0,0,1,0,,,,,2020-09-15 06:26:28
20001384,,,0,,,,,,MY MY,1,0,0,,4,8.0,0,1,0,,,,,2020-09-15 06:26:28
20001400,,,0,,,,,,PRINCESS GOODHEART,1,0,0,,4,8.0,0,1,0,,,,,2020-09-15 06:26:28
20001420,,,0,,,,,,CHAMPION MELODY,1,0,0,,4,1.0,0,1,0,,,,,2020-09-15 06:26:28
20001440,,,0,,,,,,ONE ONE NINE,1,0,0,,4,1.0,0,1,0,,,,,2020-09-15 06:26:28
20001526,,,0,,,,,,DUTY CALL,1,0,0,,4,8.0,0,1,0,,,,,2020-09-15 06:26:28
20001546,,,0,,,,,,ANDREA'S CHOICE,1,0,0,,4,1.0,0,1,0,,,,,2020-09-15 06:26:28
20001642,,,0,,,,,,THE RASTAFARIAN,1,0,0,,4,1.0,0,1,0,,,,,2020-09-15 06:26:28
20001662,,,0,,,,,,SUPA LEI,1,0,0,,4,8.0,0,1,0,,,,,2020-09-15 06:26:28
20001682,,,0,,,,,,DOCTOR BIRD,1,0,0,,4,1.0,0,1,0,,,,,2020-09-15 06:26:28
20001728,,,0,,,,,,LOOK AT ME,1,0,0,,4,8.0,0,1,0,,,,,2020-09-15 06:26:28
20001788,,,0,,,,,,PRINCESS CHIONESO,1,0,0,,4,,0,1,0,,,,,2020-09-15 06:26:28
20001804,,,0,,,,,,WAR TURF,1,0,0,,4,9.0,0,1,0,,,,,2020-09-15 06:26:28
20001824,,,0,,,,,,MISS POLLY,1,0,0,,4,1.0,0,1,0,,,,,2020-09-15 06:26:28
20001844,,,0,,,,,,EMPRESS METHABELL,1,0,0,,4,,0,1,0,,,,,2020-09-15 06:26:28
20001920,,,0,,,,,,GENTLE ON LINE,1,0,0,,4,,0,1,0,,,,,2020-09-15 06:26:28
20002083,,,0,,,,,,CITY LIGHTS,1,0,0,,4,1.0,0,1,0,,,,,2020-09-15 06:26:28
20002109,,,0,,,,,,THEIA,1,0,0,,4,8.0,0,1,0,,,,,2020-09-15 06:26:28
20002189,,,0,,,,,,AERO COMMANDER,1,0,0,,4,8.0,0,1,0,,,,,2020-09-15 06:26:28
20002205,,,0,,,,,,RISING STAR,1,0,0,,4,8.0,0,1,0,,,,,2020-09-15 06:26:28
20002225,,,0,,,,,,TO BE CONTINUED,1,0,0,,4,1.0,0,1,0,,,,,2020-09-15 06:26:28
20002245,,,0,,,,,,ETERNAL STREAM,1,0,0,,4,1.0,0,1,0,,,,,2020-09-15 06:26:28
20002265,,,0,,,,,,JAMAICA JADE,1,0,0,,4,8.0,0,1,0,,,,,2020-09-15 06:26:28
20002285,,,0,,,,,,OK MOM,1,0,0,,4,,0,1,0,,,,,2020-09-15 06:26:28
20002301,,,0,,,,,,ASYNJUR,1,0,0,,4,1.0,0,1,0,,,,,2020-09-15 06:26:28
20002341,,,0,,,,,,SOFTLY MY DEAR,1,0,0,,4,1.0,0,1,0,,,,,2020-09-15 06:26:28
20002381,,,0,,,,,,AIRSPEED,1,0,0,,4,1.0,0,1,0,,,,,2020-09-15 06:26:28
20002407,,,0,,,,,,ROYAL RED,1,0,0,,4,8.0,0,1,0,,,,,2020-09-15 06:26:28
20002427,,,0,,,,,,GAMMA KNIFE,1,0,0,,4,8.0,0,1,0,,,,,2020-09-15 06:26:28
20002447,,,0,,,,,,BONNIEVIEW,1,0,0,,4,,0,1,0,,,,,2020-09-15 06:26:28
20002467,,,0,,,,,,TRYUBESS,1,0,0,,4,1.0,0,1,0,,,,,2020-09-15 06:26:28
20002487,,,0,,,,,,JACK'S CHILD,1,0,0,,4,1.0,0,1,0,,,,,2020-09-15 06:26:28
20002583,,,0,,,,,,FRANCESCA,1,0,0,,4,1.0,0,1,0,,,,,2020-09-15 06:26:28
20002609,,,0,,,,,,VALID REASON,1,0,0,,4,1.0,0,1,0,,,,,2020-09-15 06:26:28
20002649,,,0,,,,,,PERFECT STORM,1,0,0,,4,1.0,0,1,0,,,,,2020-09-15 06:26:28
20002745,,,0,,,,,,MOONLIGHT DANCER,1,0,0,,4,1.0,0,1,0,,,,,2020-09-15 06:26:28
20002765,,,0,,,,,,THAT'S LIFE,1,0,0,,4,1.0,0,1,0,,,,,2020-09-15 06:26:28
20002801,,,0,,,,,,BLUE CANTREL,1,0,0,,4,1.0,0,1,0,,,,,2020-09-15 06:26:28
20002821,,,0,,,,,,INCORPORATE,1,0,0,,4,8.0,0,1,0,,,,,2020-09-15 06:26:28
20002861,,,0,,,,,,FANTASTIC DANCER,1,0,0,,4,8.0,0,1,0,,,,,2020-09-15 06:26:28
20002907,,,0,,,,,,BRAVE BABE,1,0,0,,4,8.0,0,1,0,,,,,2020-09-15 06:26:28
20002987,,,0,,,,,,LADY GUINEVERE,1,0,0,,4,,0,1,0,,,,,2020-09-15 06:26:28
20003020,,,0,,,,,,MOLTEN LAVA,1,0,0,,4,8.0,0,1,0,,,,,2020-09-15 06:26:28
20003080,,,0,,,,,,CRUCIAL SEASON,1,0,0,,4,8.0,0,1,0,,,,,2020-09-15 06:26:28
20003126,,,0,,,,,,SHE'S A DIAMOND,1,0,0,,4,1.0,0,1,0,,,,,2020-09-15 06:26:28
20003202,,,0,,,,,,SAFE LANDING,1,0,0,,4,1.0,0,1,0,,,,,2020-09-15 06:26:28
20003242,,,0,,,,,,SHE'S A MYSTERY,1,0,0,,4,1.0,0,1,0,,,,,2020-09-15 06:26:28
20003282,,,0,,,,,,SHE'S A RANKING,1,0,0,,4,8.0,0,1,0,,,,,2020-09-15 06:26:28
20003308,,,0,,,,,,ARABIAN DANCER,1,0,0,,4,,0,1,0,,,,,2020-09-15 06:26:28
20003328,,,0,,,,,,CODE STAR,1,0,0,,4,1.0,0,1,0,,,,,2020-09-15 06:26:28
20003404,,,0,,,,,,STEPTOTHERHYTHM,1,0,0,,4,,0,1,0,,,,,2020-09-15 06:26:28
20003424,,,0,,,,,,MILLENIUM PRINCESS,1,0,0,,4,8.0,0,1,0,,,,,2020-09-15 06:26:28
20003444,,,0,,,,,,BEAUTIFUL LADY,1,0,0,,4,,0,1,0,,,,,2020-09-15 06:26:28
20003464,,,0,,,,,,MAMA NELLIE,1,0,0,,4,,0,1,0,,,,,2020-09-15 06:26:28
20003484,,,0,,,,,,MY RENEA,1,0,0,,4,1.0,0,1,0,,,,,2020-09-15 06:26:28
20003500,,,0,,,,,,YOURPOINTISMADE,1,0,0,,4,1.0,0,1,0,,,,,2020-09-15 06:26:28
20003540,,,0,,,,,,CATAWA,1,0,0,,4,8.0,0,1,0,,,,,2020-09-15 06:26:28
20003580,,,0,,,,,,U. S. ONE,1,0,0,,4,1.0,0,1,0,,,,,2020-09-15 06:26:28
20003606,,,0,,,,,,HEDIA'S PROSPECT,1,0,0,,4,,0,1,0,,,,,2020-09-15 06:26:28
20003626,,,0,,,,,,BUYABOOK,1,0,0,,4,,0,1,0,,,,,2020-09-15 06:26:28
20003646,,,0,,,,,,COLOUROFMONEY,1,0,0,,4,8.0,0,1,0,,,,,2020-09-15 06:26:28
20003686,,,0,,,,,,LUNAR EXPLOSION,1,0,0,,4,1.0,0,1,0,,,,,2020-09-15 06:26:28
20003702,,,0,,,,,,SILVER PEN,1,0,0,,4,1.0,0,1,0,,,,,2020-09-15 06:26:28
20003722,,,0,,,,,,LAST KISS,1,0,0,,4,,0,1,0,,,,,2020-09-15 06:26:28
20003742,,,0,,,,,,SHARP N PRETTY,1,0,0,,4,1.0,0,1,0,,,,,2020-09-15 06:26:28
20003762,,,0,,,,,,DEFENDANT,1,0,0,,4,9.0,0,1,0,,,,,2020-09-15 06:26:28
20003828,,,0,,,,,,ISLAMORADA,1,0,0,,4,8.0,0,1,0,,,,,2020-09-15 06:26:28
20003868,,,0,,,,,,TOPAZ JEWEL,1,0,0,,4,1.0,0,1,0,,,,,2020-09-15 06:26:28
20003888,,,0,,,,,,MY SKY,1,0,0,,4,1.0,0,1,0,,,,,2020-09-15 06:26:28
20003904,,,0,,,,,,LADY LYDIA,1,0,0,,4,1.0,0,1,0,,,,,2020-09-15 06:26:28
20003924,,,0,,,,,,TRAIL RIDER,1,0,0,,4,8.0,0,1,0,,,,,2020-09-15 06:26:28
20003964,,,0,,,,,,DREAMS OF STORM,1,0,0,,4,1.0,0,1,0,,,,,2020-09-15 06:26:28
20003984,,,0,,,,,,DID WE WIN,1,0,0,,4,1.0,0,1,0,,,,,2020-09-15 06:26:28
20004007,,,0,,,,,,BANKER QUEEN,1,0,0,,4,1.0,0,1,0,,,,,2020-09-15 06:26:28
20004027,,,0,,,,,,DYNAMIC JUSTICE,1,0,0,,4,1.0,0,1,0,,,,,2020-09-15 06:26:28
20004047,,,0,,,,,,SUMMER STONE,1,0,0,,4,1.0,0,1,0,,,,,2020-09-15 06:26:28
20004067,,,0,,,,,,CHERYL'S MYTH,1,0,0,,4,1.0,0,1,0,,,,,2020-09-15 06:26:28
20004087,,,0,,,,,,AUGUST GAME,1,0,0,,4,1.0,0,1,0,,,,,2020-09-15 06:26:28
20004103,,,0,,,,,,REGGAE CITI,1,0,0,,4,8.0,0,1,0,,,,,2020-09-15 06:26:28
20004123,,,0,,,,,,SUENA CAY,1,0,0,,4,9.0,0,1,0,,,,,2020-09-15 06:26:28
20004163,,,0,,,,,,KISSEN CAPOTE,1,0,0,,4,,0,1,0,,,,,2020-09-15 06:26:28
20004183,,,0,,,,,,XCOUNTRY BALLERINA,1,0,0,,4,9.0,0,1,0,,,,,2020-09-15 06:26:28
20004209,,,0,,,,,,JIMANI,1,0,0,,4,,0,1,0,,,,,2020-09-15 06:26:28
20004229,,,0,,,,,,PRINCESS K K,1,0,0,,4,8.0,0,1,0,,,,,2020-09-15 06:26:28
20004249,,,0,,,,,,JETTISH,1,0,0,,4,1.0,0,1,0,,,,,2020-09-15 06:26:28
20004269,,,0,,,,,,SWEET LITTLE AVIE,1,0,0,,4,8.0,0,1,0,,,,,2020-09-15 06:26:28
20004289,,,0,,,,,,DUTCHESS TREMBLEY,1,0,0,,4,9.0,0,1,0,,,,,2020-09-15 06:26:28
20004305,,,0,,,,,,MISS TASSY,1,0,0,,4,1.0,0,1,0,,,,,2020-09-15 06:26:28
20004325,,,0,,,,,,HALO HALO HALO,1,0,0,,4,8.0,0,1,0,,,,,2020-09-15 06:26:28
20004345,,,0,,,,,,SILVER MINT,1,0,0,,4,,0,1,0,,,,,2020-09-15 06:26:28
20004365,,,0,,,,,,SEMI BROKE,1,0,0,,4,,0,1,0,,,,,2020-09-15 06:26:28
20004385,,,0,,,,,,DIGNIFIED PEN,1,0,0,,4,1.0,0,1,0,,,,,2020-09-15 06:26:28
20004401,,,0,,,,,,ONEMOREFASHION,1,0,0,,4,8.0,0,1,0,,,,,2020-09-15 06:26:28
20004421,,,0,,,,,,DEFINITELY DEAR,1,0,0,,4,8.0,0,1,0,,,,,2020-09-15 06:26:28
20004441,,,0,,,,,,KWAITO,1,0,0,,4,,0,1,0,,,,,2020-09-15 06:26:28
20004461,,,0,,,,,,UPLIFTING,1,0,0,,4,9.0,0,1,0,,,,,2020-09-15 06:26:28
20004481,,,0,,,,,,CATZIGGITY,1,0,0,,4,8.0,0,1,0,,,,,2020-09-15 06:26:28
20004527,,,0,,,,,,CRYPTOFEM,1,0,0,,4,,0,1,0,,,,,2020-09-15 06:26:28
20004547,,,0,,,,,,FORMAL JACKIE,1,0,0,,4,,0,1,0,,,,,2020-09-15 06:26:28
20004567,,,0,,,,,,SWEET DAVIA,1,0,0,,4,,0,1,0,,,,,2020-09-15 06:26:28
20004603,,,0,,,,,,LOOSE,1,0,0,,4,1.0,0,1,0,,,,,2020-09-15 06:26:28
20004623,,,0,,,,,,XTRA DASH,1,0,0,,4,,0,1,0,,,,,2020-09-15 06:26:28
20004643,,,0,,,,,,DIXIELAND GULCH,1,0,0,,4,,0,1,0,,,,,2020-09-15 06:26:28
20004663,,,0,,,,,,PYRITE GRAND SLAM,1,0,0,,4,,0,1,0,,,,,2020-09-15 06:26:28
20004683,,,0,,,,,,RUSHING FORCE,1,0,0,,4,8.0,0,1,0,,,,,2020-09-15 06:26:28
20004709,,,0,,,,,,CELTIC RHAPSODY,1,0,0,,4,,0,1,0,,,,,2020-09-15 06:26:28
20004729,,,0,,,,,,UNBRIDLED FANTASY,1,0,0,,4,,0,1,0,,,,,2020-09-15 06:26:28
20004749,,,0,,,,,,VALID PRO,1,0,0,,4,,0,1,0,,,,,2020-09-15 06:26:28
20004789,,,0,,,,,,REGAL SEN,1,0,0,,4,,0,1,0,,,,,2020-09-15 06:26:28
20004825,,,0,,,,,,GLOOMY KNOT,1,0,0,,4,,0,1,0,,,,,2020-09-15 06:26:28
20004845,,,0,,,,,,PRINCESS AVALON,1,0,0,,4,1.0,0,1,0,,,,,2020-09-15 06:26:28
20004885,,,0,,,,,,FLIGHT OF GLORY,1,0,0,,4,,0,1,0,,,,,2020-09-15 06:26:28
20004901,,,0,,,,,,SKI SONG,1,0,0,,4,,0,1,0,,,,,2020-09-15 06:26:28
20004941,,,0,,,,,,POLNAILISH,1,0,0,,4,,0,1,0,,,,,2020-09-15 06:26:28
20004961,,,0,,,,,,TERRI'S CHOICE,1,0,0,,4,,0,1,0,,,,,2020-09-15 06:26:28
20004981,,,0,,,,,,OLYMPIC ADVICE,1,0,0,,4,12.0,0,1,0,,,,,2020-09-15 06:26:28
20005044,,,0,,,,,,SEEK(USA),1,0,0,,4,,0,1,0,,,,,2020-09-15 06:26:28
20005302,,,0,,,,,,DEAL US IN,1,0,0,,4,,0,1,0,,,,,2021-09-23 06:20:53
20005428,,,0,,,,,,SATIN SAMI,1,0,0,,4,,0,1,0,,,,,2020-09-15 06:26:28
20010103,,,0,,,,,,MARRAKESH,1,0,0,,4,1.0,0,1,0,,,,,2020-09-15 06:26:28
20010183,,,0,,,,,,CORDELIA,1,0,0,,4,8.0,0,1,0,,,,,2020-09-15 06:26:28
20010209,,,0,,,,,,SNOOKY LOU,1,0,0,,4,,0,1,0,,,,,2020-09-15 06:26:28
20010305,,,0,,,,,,ANCIENT SOUL,1,0,0,,4,,0,1,0,,,,,2020-09-15 06:26:28
20010365,,,0,,,,,,YAHABIBI,1,0,0,,4,1.0,0,1,0,,,,,2020-09-15 06:26:28
20010385,,,0,,,,,,SHE'SGOTTHEPOWER,1,0,0,,4,1.0,0,1,0,,,,,2020-09-15 06:26:28
20010441,,,0,,,,,,CLARENDON LAL,1,0,0,,4,1.0,0,1,0,,,,,2020-09-15 06:26:28
20010461,,,0,,,,,,SELECT PRINCESS,1,0,0,,4,1.0,0,1,0,,,,,2020-09-15 06:26:28
20010567,,,0,,,,,,TRAVIATA,1,0,0,,4,1.0,0,1,0,,,,,2020-09-15 06:26:28
20010587,,,0,,,,,,LUVABLE,1,0,0,,4,8.0,0,1,0,,,,,2020-09-15 06:26:28
20010643,,,0,,,,,,LADY ATWAREE,1,0,0,,4,9.0,0,1,0,,,,,2020-09-15 06:26:28
20010769,,,0,,,,,,I'M A COUNTRY GIRL,1,0,0,,4,1.0,0,1,0,,,,,2020-09-15 06:26:28
20010825,,,0,,,,,,BRAVE EMBLEM,1,0,0,,4,1.0,0,1,0,,,,,2020-09-15 06:26:28
20010845,,,0,,,,,,RED I,1,0,0,,4,8.0,0,1,0,,,,,2020-09-15 06:26:28
20010865,,,0,,,,,,GENUINE GOLD,1,0,0,,4,1.0,0,1,0,,,,,2020-09-15 06:26:28
20010885,,,0,,,,,,CHRISTMAS CRACKER,1,0,0,,4,8.0,0,1,0,,,,,2020-09-15 06:26:28
20010961,,,0,,,,,,EVA'S HOPE,1,0,0,,4,8.0,0,1,0,,,,,2020-09-15 06:26:28
20011004,,,0,,,,,,EXOTIC LINKS,1,0,0,,4,,0,1,0,,,,,2020-09-15 06:26:28
20011024,,,0,,,,,,STORM CLOUD,1,0,0,,4,,0,1,0,,,,,2020-09-15 06:26:28
20011064,,,0,,,,,,EMMVEEPEE,1,0,0,,4,8.0,0,1,0,,,,,2020-09-15 06:26:28
20011084,,,0,,,,,,SIXTH SENSE,1,0,0,,4,1.0,0,1,0,,,,,2020-09-15 06:26:28
20011100,,,0,,,,,,SIMPLY AWESOME,1,0,0,,4,1.0,0,1,0,,,,,2020-09-15 06:26:28
20011160,,,0,,,,,,SWEET CHARMAIN,1,0,0,,4,8.0,0,1,0,,,,,2020-09-15 06:26:28
20011180,,,0,,,,,,DEADSURE,1,0,0,,4,8.0,0,1,0,,,,,2020-09-15 06:26:29
20011286,,,0,,,,,,GRAND PRIX,1,0,0,,4,,0,1,0,,,,,2020-09-15 06:26:29
20011322,,,0,,,,,,VELOCITY,1,0,0,,4,,0,1,0,,,,,2020-09-15 06:26:29
20011342,,,0,,,,,,CARNIVAL,1,0,0,,4,1.0,0,1,0,,,,,2020-09-15 06:26:29
20011362,,,0,,,,,,FULL EXPLOSION,1,0,0,,4,8.0,0,1,0,,,,,2020-09-15 06:26:29
20011382,,,0,,,,,,QUEEN TIME OUT,1,0,0,,4,8.0,0,1,0,,,,,2020-09-15 06:26:29
20011408,,,0,,,,,,KENDALARRA,1,0,0,,4,1.0,0,1,0,,,,,2020-09-15 06:26:29
20011448,,,0,,,,,,TIMELESS ROSE,1,0,0,,4,8.0,0,1,0,,,,,2020-09-15 06:26:29
20011468,,,0,,,,,,ROYAL SPEED,1,0,0,,4,1.0,0,1,0,,,,,2020-09-15 06:26:29
20011504,,,0,,,,,,ANYTHING ELSE,1,0,0,,4,1.0,0,1,0,,,,,2020-09-15 06:26:29
20011544,,,0,,,,,,SMOKEHOUSE SUE,1,0,0,,4,1.0,0,1,0,,,,,2020-09-15 06:26:29
20011564,,,0,,,,,,SUGAR ANNE,1,0,0,,4,,0,1,0,,,,,2020-09-15 06:26:29
20011706,,,0,,,,,,ROOM FORTYNINE,1,0,0,,4,1.0,0,1,0,,,,,2020-09-15 06:26:29
20011802,,,0,,,,,,TAWNEE PRINCESS,1,0,0,,4,8.0,0,1,0,,,,,2020-09-15 06:26:29
20011822,,,0,,,,,,SLEW DANCER,1,0,0,,4,1.0,0,1,0,,,,,2020-09-15 06:26:29
20011842,,,0,,,,,,SHOW ME SLEW,1,0,0,,4,1.0,0,1,0,,,,,2020-09-15 06:26:29
20011862,,,0,,,,,,PATRICK'S CHOICE,1,0,0,,4,1.0,0,1,0,,,,,2020-09-15 06:26:29
20011882,,,0,,,,,,ELISA,1,0,0,,4,1.0,0,1,0,,,,,2020-09-15 06:26:29
20011908,,,0,,,,,,RUSTIC NATIVE,1,0,0,,4,1.0,0,1,0,,,,,2020-09-15 06:26:29
20011928,,,0,,,,,,ROYAL OCCASION,1,0,0,,4,1.0,0,1,0,,,,,2020-09-15 06:26:29
20012021,,,0,,,,,,DUST ROCK,1,0,0,,4,,0,1,0,,,,,2020-09-15 06:26:29
20012061,,,0,,,,,,MY PRINCESS,1,0,0,,4,,0,1,0,,,,,2020-09-15 06:26:29
20012147,,,0,,,,,,CATAMARAN,1,0,0,,4,8.0,0,1,0,,,,,2020-09-15 06:26:29
20012167,,,0,,,,,,PERFECT TEN,1,0,0,,4,1.0,0,1,0,,,,,2020-09-15 06:26:29
20012243,,,0,,,,,,LE CHIC,1,0,0,,4,8.0,0,1,0,,,,,2020-09-15 06:26:29
20012283,,,0,,,,,,TABRO,1,0,0,,4,1.0,0,1,0,,,,,2020-09-15 06:26:29
20012369,,,0,,,,,,WICKY WACKY,1,0,0,,4,8.0,0,1,0,,,,,2020-09-15 06:26:29
20012389,,,0,,,,,,FLYWITHME,1,0,0,,4,8.0,0,1,0,,,,,2020-09-15 06:26:29
20012405,,,0,,,,,,ILEANA,1,0,0,,4,8.0,0,1,0,,,,,2020-09-15 06:26:29
20012425,,,0,,,,,,SEAOFDREAMS,1,0,0,,4,8.0,0,1,0,,,,,2020-09-15 06:26:29
20012465,,,0,,,,,,SEA TREATY,1,0,0,,4,8.0,0,1,0,,,,,2020-09-15 06:26:29
20012521,,,0,,,,,,TWICE AS NICE,1,0,0,,4,9.0,0,1,0,,,,,2020-09-15 06:26:29
20012541,,,0,,,,,,MAID OF THE SEA,1,0,0,,4,1.0,0,1,0,,,,,2020-09-15 06:26:29
20012607,,,0,,,,,,BACHELOR OF ARTS,1,0,0,,4,1.0,0,1,0,,,,,2020-09-15 06:26:29
20012627,,,0,,,,,,THIS IS THE GIRL,1,0,0,,4,8.0,0,1,0,,,,,2020-09-15 06:26:29
20012687,,,0,,,,,,MYSTIC RIVER,1,0,0,,4,,0,1,0,,,,,2020-09-15 06:26:29
20012743,,,0,,,,,,GRACIOUS GIFT,1,0,0,,4,8.0,0,1,0,,,,,2020-09-15 06:26:29
20012783,,,0,,,,,,KEELER,1,0,0,,4,1.0,0,1,0,,,,,2020-09-15 06:26:29
20012829,,,0,,,,,,TOTAL MOTION,1,0,0,,4,1.0,0,1,0,,,,,2020-09-15 06:26:29
20012925,,,0,,,,,,STORMY SKY,1,0,0,,4,1.0,0,1,0,,,,,2020-09-15 06:26:29
20012945,,,0,,,,,,OVER DRAFT,1,0,0,,4,1.0,0,1,0,,,,,2020-09-15 06:26:29
20012965,,,0,,,,,,PERSONAL ONE,1,0,0,,4,1.0,0,1,0,,,,,2020-09-15 06:26:29
20013088,,,0,,,,,,CRUCIAL GIFT,1,0,0,,4,,0,1,0,,,,,2020-09-15 06:26:29
20013104,,,0,,,,,,COMMANDRA,1,0,0,,4,,0,1,0,,,,,2020-09-15 06:26:29
20013124,,,0,,,,,,PECCADILLO,1,0,0,,4,8.0,0,1,0,,,,,2020-09-15 06:26:29
20013144,,,0,,,,,,REBRIDLED SECRET,1,0,0,,4,1.0,0,1,0,,,,,2020-09-15 06:26:29
20013164,,,0,,,,,,RUNAWAY SILVER,1,0,0,,4,9.0,0,1,0,,,,,2020-09-15 06:26:29
20013184,,,0,,,,,,OCEAN LINER,1,0,0,,4,1.0,0,1,0,,,,,2020-09-15 06:26:29
20013220,,,0,,,,,,STEADIESHA,1,0,0,,4,1.0,0,1,0,,,,,2020-09-15 06:26:29
20013240,,,0,,,,,,T.V. AD,1,0,0,,4,8.0,0,1,0,,,,,2020-09-15 06:26:29
20013346,,,0,,,,,,LADY KAYLA,1,0,0,,4,1.0,0,1,0,,,,,2020-09-15 06:26:29
20013366,,,0,,,,,,FORMALLY GOLD,1,0,0,,4,1.0,0,1,0,,,,,2020-09-15 06:26:29
20013402,,,0,,,,,,FOURPOINTNINE,1,0,0,,4,,0,1,0,,,,,2020-09-15 06:26:29
20013422,,,0,,,,,,AKELA,1,0,0,,4,1.0,0,1,0,,,,,2020-09-15 06:26:29
20013528,,,0,,,,,,POSITIVE VIBES,1,0,0,,4,8.0,0,1,0,,,,,2020-09-15 06:26:29
20013548,,,0,,,,,,DOCS' PALADIN,1,0,0,,4,1.0,0,1,0,,,,,2020-09-15 06:26:29
20013568,,,0,,,,,,BIBLICAL FURY,1,0,0,,4,1.0,0,1,0,,,,,2020-09-15 06:26:29
20013604,,,0,,,,,,ANNA PERENNA,1,0,0,,4,8.0,0,1,0,,,,,2020-09-15 06:26:29
20013644,,,0,,,,,,ONE NIGHT ONLY,1,0,0,,4,,0,1,0,,,,,2020-09-15 06:26:29
20013684,,,0,,,,,,ZAMA,1,0,0,,4,,0,1,0,,,,,2020-09-15 06:26:29
20013902,,,0,,,,,,NOVEMBER LACE,1,0,0,,4,,0,1,0,,,,,2020-09-15 06:26:29
20013922,,,0,,,,,,RALEIGH BAY,1,0,0,,4,1.0,0,1,0,,,,,2020-09-15 06:26:29
20013942,,,0,,,,,,BURNING BRIGHTLY,1,0,0,,4,,0,1,0,,,,,2020-09-15 06:26:29
20013962,,,0,,,,,,SPANISH SECRETS,1,0,0,,4,1.0,0,1,0,,,,,2020-09-15 06:26:29
20013982,,,0,,,,,,GIVE ME LUCK,1,0,0,,4,8.0,0,1,0,,,,,2020-09-15 06:26:29
20014005,,,0,,,,,,FLEET PRINCESS,1,0,0,,4,1.0,0,1,0,,,,,2020-09-15 06:26:29
20014025,,,0,,,,,,LITTLE MISS AMANDA,1,0,0,,4,1.0,0,1,0,,,,,2020-09-15 06:26:29
20014045,,,0,,,,,,GOLLY MISS MOLLY,1,0,0,,4,1.0,0,1,0,,,,,2020-09-15 06:26:29
20014065,,,0,,,,,,MELODY'S SLASHER,1,0,0,,4,1.0,0,1,0,,,,,2020-09-15 06:26:29
20014085,,,0,,,,,,GETYOURGUNSANNIE,1,0,0,,4,1.0,0,1,0,,,,,2020-09-15 06:26:29
20014101,,,0,,,,,,CONNELL TOWN,1,0,0,,4,1.0,0,1,0,,,,,2020-09-15 06:26:29
20014121,,,0,,,,,,SWEET GRACE,1,0,0,,4,,0,1,0,,,,,2020-09-15 06:26:29
20014141,,,0,,,,,,RASTA DANCER,1,0,0,,4,8.0,0,1,0,,,,,2020-09-15 06:26:29
20014161,,,0,,,,,,GOLD FLINGER,1,0,0,,4,,0,1,0,,,,,2020-09-15 06:26:29
20014181,,,0,,,,,,ALMOST PRESIDENT,1,0,0,,4,,0,1,0,,,,,2020-09-15 06:26:29
20014207,,,0,,,,,,SEEKING LIL,1,0,0,,4,,0,1,0,,,,,2020-09-15 06:26:29
20014227,,,0,,,,,,CUTE AS AN ANGEL,1,0,0,,4,8.0,0,1,0,,,,,2020-09-15 06:26:29
20014247,,,0,,,,,,CAPE VERDE,1,0,0,,4,,0,1,0,,,,,2020-09-15 06:26:29
20014267,,,0,,,,,,WICKEDLY WISE,1,0,0,,4,9.0,0,1,0,,,,,2020-09-15 06:26:29
20014287,,,0,,,,,,SIENNA'S LANE,1,0,0,,4,,0,1,0,,,,,2020-09-15 06:26:29
20014303,,,0,,,,,,SOLAR SAIL,1,0,0,,4,1.0,0,1,0,,,,,2020-09-15 06:26:29
20014323,,,0,,,,,,SUNBEAM MUSIC,1,0,0,,4,,0,1,0,,,,,2020-09-15 06:26:29
20014343,,,0,,,,,,AMY RUCKUS,1,0,0,,4,8.0,0,1,0,,,,,2020-09-15 06:26:29
20014363,,,0,,,,,,RACEE,1,0,0,,4,1.0,0,1,0,,,,,2020-09-15 06:26:29
20014383,,,0,,,,,,YOU CAN'T HIDE,1,0,0,,4,9.0,0,1,0,,,,,2020-09-15 06:26:29
20014409,,,0,,,,,,HERO'S AFFAIR,1,0,0,,4,,0,1,0,,,,,2020-09-15 06:26:29
20014429,,,0,,,,,,BANG IT OUT,1,0,0,,4,8.0,0,1,0,,,,,2020-09-15 06:26:29
20014449,,,0,,,,,,TERESA BELLE,1,0,0,,4,8.0,0,1,0,,,,,2020-09-15 06:26:29
20014469,,,0,,,,,,APPALACHIAN SPRING,1,0,0,,4,1.0,0,1,0,,,,,2020-09-15 06:26:29
20014489,,,0,,,,,,DEPUTY WEST,1,0,0,,4,8.0,0,1,0,,,,,2020-09-15 06:26:29
20014505,,,0,,,,,,RUNAWAY JULIE,1,0,0,,4,9.0,0,1,0,,,,,2020-09-15 06:26:29
20014525,,,0,,,,,,BELMONT BABE,1,0,0,,4,8.0,0,1,0,,,,,2020-09-15 06:26:29
20014545,,,0,,,,,,TECHNICAL ANALYSIS,1,0,0,,4,1.0,0,1,0,,,,,2020-09-15 06:26:29
20014565,,,0,,,,,,PEARLWOOD,1,0,0,,4,9.0,0,1,0,,,,,2020-09-15 06:26:29
20014585,,,0,,,,,,SPICY LIGHT,1,0,0,,4,8.0,0,1,0,,,,,2020-09-15 06:26:29
20014601,,,0,,,,,,DANCE FORTHE GREEN,1,0,0,,4,8.0,0,1,0,,,,,2020-09-15 06:26:29
20014621,,,0,,,,,,PLAZA SOUTH,1,0,0,,4,,0,1,0,,,,,2020-09-15 06:26:29
20014641,,,0,,,,,,SYMPHONIOUS,1,0,0,,4,,0,1,0,,,,,2020-09-15 06:26:29
20014681,,,0,,,,,,TRUCKSTAR,1,0,0,,4,,0,1,0,,,,,2020-09-15 06:26:29
20014707,,,0,,,,,,KASZTANKA (USA),1,0,0,,4,,0,1,0,,,,,2020-09-15 06:26:29
20014727,,,0,,,,,,HI AVIE,1,0,0,,4,,0,1,0,,,,,2020-09-15 06:26:29
20014747,,,0,,,,,,SPECTACULAR TRIPP,1,0,0,,4,1.0,0,1,0,,,,,2020-09-15 06:26:29
20014787,,,0,,,,,,CLANDESTINE,1,0,0,,4,,0,1,0,,,,,2020-09-15 06:26:29
20014803,,,0,,,,,,UNBRIDLED TREASURE,1,0,0,,4,,0,1,0,,,,,2020-09-15 06:26:29
20014823,,,0,,,,,,BELONGS ON TOP,1,0,0,,4,,0,1,0,,,,,2020-09-15 06:26:29
20014843,,,0,,,,,,ANOTHER MOOCHIE,1,0,0,,4,,0,1,0,,,,,2020-09-15 06:26:29
20014863,,,0,,,,,,JUDY'S PROSPECT,1,0,0,,4,,0,1,0,,,,,2020-09-15 06:26:29
20014883,,,0,,,,,,MOONLET MASQUERADE,1,0,0,,4,8.0,0,1,0,,,,,2020-09-15 06:26:29
20014909,,,0,,,,,,STANFORD REUNION,1,0,0,,4,1.0,0,1,0,,,,,2020-09-15 06:26:29
20014929,,,0,,,,,,LADY HECK,1,0,0,,4,8.0,0,1,0,,,,,2020-09-15 06:26:29
20014949,,,0,,,,,,STARSHIP ELAINE,1,0,0,,4,1.0,0,1,0,,,,,2020-09-15 06:26:29
20014969,,,0,,,,,,SISTER FLAG,1,0,0,,4,,0,1,0,,,,,2020-09-15 06:26:29
20014989,,,0,,,,,,ICY CAT,1,0,0,,4,,0,1,0,,,,,2020-09-15 06:26:29
20015062,,,0,,,,,,BEXLEY,1,0,0,,4,,0,1,0,,,,,2020-09-15 06:26:29
20015082,,,0,,,,,,DAMARISCOTTA,1,0,0,,4,,0,1,0,,,,,2020-09-15 06:26:29
20015204,,,0,,,,,,AWEEMAWAY,1,0,0,,4,,0,1,0,,,,,2020-09-15 06:26:29
20015360,,,0,,,,,,FAMILY FIRST,1,0,0,,4,,0,1,0,,,,,2020-09-15 06:26:29
20015608,,,0,,,,,,WIMPY SKIPPY,1,0,0,,4,,0,1,0,,,,,2020-09-15 06:26:29
20015704,,,0,,,,,,SWEET PURRFUME,1,0,0,,4,,0,1,0,,,,,2021-05-17 07:14:33
20015840,,,0,,,,,,GOODBYE BEAUTIFUL,1,0,0,,4,,0,1,0,,,,,2022-10-15 16:56:00
20020045,,,0,,,,,,LADY CHACHI,1,0,0,,4,1.0,0,1,0,,,,,2020-09-15 06:26:29
20020065,,,0,,,,,,MISS SALTWHISTLE,1,0,0,,4,1.0,0,1,0,,,,,2020-09-15 06:26:29
20020085,,,0,,,,,,FLYING MILLIE,1,0,0,,4,8.0,0,1,0,,,,,2020-09-15 06:26:29
20020181,,,0,,,,,,ROYAL SEA,1,0,0,,4,8.0,0,1,0,,,,,2020-09-15 06:26:29
20020207,,,0,,,,,,FOOTWORK,1,0,0,,4,8.0,0,1,0,,,,,2020-09-15 06:26:29
20020227,,,0,,,,,,LADY POOJA,1,0,0,,4,8.0,0,1,0,,,,,2020-09-15 06:26:29
20020267,,,0,,,,,,TODIEFOR,1,0,0,,4,8.0,0,1,0,,,,,2020-09-15 06:26:29
20020287,,,0,,,,,,ATTITUDE,1,0,0,,4,,0,1,0,,,,,2020-09-15 06:26:29
20020303,,,0,,,,,,BAILAME,1,0,0,,4,1.0,0,1,0,,,,,2020-09-15 06:26:29
20020383,,,0,,,,,,ME LLAMO,1,0,0,,4,8.0,0,1,0,,,,,2020-09-15 06:26:29
20020429,,,0,,,,,,FORBIDDEN BEAUTY,1,0,0,,4,,0,1,0,,,,,2020-09-15 06:26:29
20020449,,,0,,,,,,SOY MUJER,1,0,0,,4,,0,1,0,,,,,2020-09-15 06:26:29
20020489,,,0,,,,,,BOURN TO RUN,1,0,0,,4,1.0,0,1,0,,,,,2020-09-15 06:26:29
20020505,,,0,,,,,,DEB'S DELIGHT,1,0,0,,4,8.0,0,1,0,,,,,2020-09-15 06:26:29
20020525,,,0,,,,,,LA REINA,1,0,0,,4,1.0,0,1,0,,,,,2020-09-15 06:26:29
20020641,,,0,,,,,,HERE AND NOW,1,0,0,,4,8.0,0,1,0,,,,,2020-09-15 06:26:29
20020747,,,0,,,,,,NO MONEY NO HONEY,1,0,0,,4,8.0,0,1,0,,,,,2020-09-15 06:26:29
20020767,,,0,,,,,,MISS FINANCIA,1,0,0,,4,,0,1,0,,,,,2020-09-15 06:26:29
20020803,,,0,,,,,,CHARRITO,1,0,0,,4,,0,1,0,,,,,2020-09-15 06:26:29
20020843,,,0,,,,,,PRINCESSJACQUELINE,1,0,0,,4,1.0,0,1,0,,,,,2020-09-15 06:26:29
20020883,,,0,,,,,,BLACK STAR,1,0,0,,4,,0,1,0,,,,,2020-09-15 06:26:29
20020929,,,0,,,,,,PAT-ANN ROSE,1,0,0,,4,1.0,0,1,0,,,,,2020-09-15 06:26:29
20020969,,,0,,,,,,HAIL THE I,1,0,0,,4,1.0,0,1,0,,,,,2020-09-15 06:26:29
20020989,,,0,,,,,,BINGOMANIA,1,0,0,,4,1.0,0,1,0,,,,,2020-09-15 06:26:29
20021002,,,0,,,,,,GULCH'S REGGAE,1,0,0,,4,1.0,0,1,0,,,,,2020-09-15 06:26:29
20021022,,,0,,,,,,SPECIAL CAT,1,0,0,,4,1.0,0,1,0,,,,,2020-09-15 06:26:29
20021082,,,0,,,,,,CLASSIC TUDOR,1,0,0,,4,1.0,0,1,0,,,,,2020-09-15 06:26:29
20021108,,,0,,,,,,FAST BREAK,1,0,0,,4,,0,1,0,,,,,2020-09-15 06:26:29
20021148,,,0,,,,,,ENCHANTING EYES,1,0,0,,4,,0,1,0,,,,,2020-09-15 06:26:29
20021204,,,0,,,,,,COSMIC JUSTICE,1,0,0,,4,8.0,0,1,0,,,,,2020-09-15 06:26:29
20021264,,,0,,,,,,SI MI TRIAL,1,0,0,,4,8.0,0,1,0,,,,,2020-09-15 06:26:29
20021284,,,0,,,,,,LADY ARGYLL,1,0,0,,4,1.0,0,1,0,,,,,2020-09-15 06:26:29
20021320,,,0,,,,,,ALLEGRO,1,0,0,,4,8.0,0,1,0,,,,,2020-09-15 06:26:29
20021340,,,0,,,,,,O' ME O' MY,1,0,0,,4,8.0,0,1,0,,,,,2020-09-15 06:26:29
20021406,,,0,,,,,,COLLATERAL DAMAGE,1,0,0,,4,1.0,0,1,0,,,,,2020-09-15 06:26:29
20021426,,,0,,,,,,THREE SIXTY DEGREE,1,0,0,,4,1.0,0,1,0,,,,,2020-09-15 06:26:29
20021486,,,0,,,,,,FREE LANCE,1,0,0,,4,1.0,0,1,0,,,,,2020-09-15 06:26:29
20021502,,,0,,,,,,LOOSE BRIDLE,1,0,0,,4,1.0,0,1,0,,,,,2020-09-15 06:26:29
20021522,,,0,,,,,,BINKY'S A LULU,1,0,0,,4,1.0,0,1,0,,,,,2020-09-15 06:26:29
20021582,,,0,,,,,,TOUCHDOWN,1,0,0,,4,1.0,0,1,0,,,,,2020-09-15 06:26:29
20021608,,,0,,,,,,OTHELIA,1,0,0,,4,8.0,0,1,0,,,,,2020-09-15 06:26:29
20021724,,,0,,,,,,NEWFOUND GLORY,1,0,0,,4,1.0,0,1,0,,,,,2020-09-15 06:26:29
20021744,,,0,,,,,,SELECTED VIEW,1,0,0,,4,1.0,0,1,0,,,,,2020-09-15 06:26:29
20021764,,,0,,,,,,ON THE CONTRARY,1,0,0,,4,1.0,0,1,0,,,,,2020-09-15 06:26:29
20021906,,,0,,,,,,EAST WIND,1,0,0,,4,1.0,0,1,0,,,,,2020-09-15 06:26:29
20021966,,,0,,,,,,ROYAL FLAME,1,0,0,,4,8.0,0,1,0,,,,,2020-09-15 06:26:29
20021986,,,0,,,,,,WHEELS OF LAW,1,0,0,,4,8.0,0,1,0,,,,,2020-09-15 06:26:29
20022009,,,0,,,,,,BIRD STOW,1,0,0,,4,9.0,0,1,0,,,,,2020-09-15 06:26:29
20022105,,,0,,,,,,ABOUNDING GRACE,1,0,0,,4,8.0,0,1,0,,,,,2020-09-15 06:26:29
20022125,,,0,,,,,,VICTORIA,1,0,0,,4,8.0,0,1,0,,,,,2020-09-15 06:26:29
20022145,,,0,,,,,,CAUCHEE,1,0,0,,4,,0,1,0,,,,,2020-09-15 06:26:29
20022185,,,0,,,,,,PASSPORTMARIA,1,0,0,,4,8.0,0,1,0,,,,,2020-09-15 06:26:29
20022201,,,0,,,,,,ITALQUEEN,1,0,0,,4,1.0,0,1,0,,,,,2020-09-15 06:26:29
20022241,,,0,,,,,,MISS FRAN,1,0,0,,4,,0,1,0,,,,,2020-09-15 06:26:29
20022281,,,0,,,,,,LADY HYDE,1,0,0,,4,1.0,0,1,0,,,,,2020-09-15 06:26:29
20022307,,,0,,,,,,MONEY MAKER,1,0,0,,4,1.0,0,1,0,,,,,2020-09-15 06:26:29
20022327,,,0,,,,,,PRETTY HILLY,1,0,0,,4,9.0,0,1,0,,,,,2020-09-15 06:26:29
20022347,,,0,,,,,,SEA MARY,1,0,0,,4,8.0,0,1,0,,,,,2020-09-15 06:26:29
20022367,,,0,,,,,,MUCHAS GRACIAS,1,0,0,,4,8.0,0,1,0,,,,,2020-09-15 06:26:29
20022443,,,0,,,,,,INCOMMUNICADO,1,0,0,,4,8.0,0,1,0,,,,,2020-09-15 06:26:29
20022529,,,0,,,,,,VENOM,1,0,0,,4,8.0,0,1,0,,,,,2020-09-15 06:26:29
20022549,,,0,,,,,,RESTORIA'S SECRET,1,0,0,,4,1.0,0,1,0,,,,,2020-09-15 06:26:29
20022589,,,0,,,,,,APPASSIONATA,1,0,0,,4,1.0,0,1,0,,,,,2020-09-15 06:26:29
20022605,,,0,,,,,,ALL FOR PLEASURE,1,0,0,,4,,0,1,0,,,,,2020-09-15 06:26:29
20022625,,,0,,,,,,YANKEE PRINCESS,1,0,0,,4,1.0,0,1,0,,,,,2020-09-15 06:26:29
20022665,,,0,,,,,,ROYAL PIZZAZ,1,0,0,,4,1.0,0,1,0,,,,,2020-09-15 06:26:29
20022827,,,0,,,,,,INFORMACY,1,0,0,,4,1.0,0,1,0,,,,,2020-09-15 06:26:29
20022903,,,0,,,,,,LITTLEDARLING,1,0,0,,4,1.0,0,1,0,,,,,2020-09-15 06:26:29
20022983,,,0,,,,,,IKAS,1,0,0,,4,,0,1,0,,,,,2020-09-15 06:26:29
20023046,,,0,,,,,,THUNDER CLAP,1,0,0,,4,8.0,0,1,0,,,,,2020-09-15 06:26:29
20023122,,,0,,,,,,GLORIOUS ONE,1,0,0,,4,,0,1,0,,,,,2020-09-15 06:26:29
20023162,,,0,,,,,,TWIST AND TURN,1,0,0,,4,1.0,0,1,0,,,,,2020-09-15 06:26:29
20023248,,,0,,,,,,VERYHUSHHUSH,1,0,0,,4,8.0,0,1,0,,,,,2020-09-15 06:26:29
20023288,,,0,,,,,,LARKING CAT,1,0,0,,4,,0,1,0,,,,,2020-09-15 06:26:29
20023324,,,0,,,,,,HAPPY SYLVIA,1,0,0,,4,,0,1,0,,,,,2020-09-15 06:26:29
20023344,,,0,,,,,,DREAMLAND,1,0,0,,4,1.0,0,1,0,,,,,2020-09-15 06:26:29
20023364,,,0,,,,,,DANCING MIA,1,0,0,,4,,0,1,0,,,,,2020-09-15 06:26:29
20023384,,,0,,,,,,GI GI KHAN,1,0,0,,4,8.0,0,1,0,,,,,2020-09-15 06:26:29
20023400,,,0,,,,,,SNOW PROSPECT,1,0,0,,4,8.0,0,1,0,,,,,2020-09-15 06:26:29
20023440,,,0,,,,,,FLYING FIRETAIL,1,0,0,,4,8.0,0,1,0,,,,,2020-09-15 06:26:29
20023480,,,0,,,,,,ALL FIRED UP,1,0,0,,4,,0,1,0,,,,,2020-09-15 06:26:29
20023602,,,0,,,,,,SHOWMEAKISS,1,0,0,,4,1.0,0,1,0,,,,,2020-09-15 06:26:29
20023642,,,0,,,,,,JAMAICAN DREAM,1,0,0,,4,,0,1,0,,,,,2020-09-15 06:26:29
20023662,,,0,,,,,,GIRL IN GOLD,1,0,0,,4,1.0,0,1,0,,,,,2020-09-15 06:26:29
20023682,,,0,,,,,,INOPINE,1,0,0,,4,,0,1,0,,,,,2020-09-15 06:26:29
20023728,,,0,,,,,,DE CHARMED ONE,1,0,0,,4,,0,1,0,,,,,2020-09-15 06:26:29
20023788,,,0,,,,,,ROCK STAR QUEEN,1,0,0,,4,,0,1,0,,,,,2020-09-15 06:26:29
20023884,,,0,,,,,,MONEY DANCER,1,0,0,,4,1.0,0,1,0,,,,,2020-09-15 06:26:29
20023900,,,0,,,,,,MISS CHESTNUT,1,0,0,,4,8.0,0,1,0,,,,,2020-09-15 06:26:29
20023940,,,0,,,,,,EXPLOSIVE PEAK,1,0,0,,4,8.0,0,1,0,,,,,2020-09-15 06:26:29
20023960,,,0,,,,,,PRECOCIOUS MISS D.,1,0,0,,4,1.0,0,1,0,,,,,2020-09-15 06:26:29
20023980,,,0,,,,,,SCRATCHED A GIFT,1,0,0,,4,8.0,0,1,0,,,,,2020-09-15 06:26:29
20024003,,,0,,,,,,MATTHIE'S MAGIC,1,0,0,,4,1.0,0,1,0,,,,,2020-09-15 06:26:29
20024043,,,0,,,,,,PRETTY SAMMY GIRL,1,0,0,,4,1.0,0,1,0,,,,,2020-09-15 06:26:29
20024083,,,0,,,,,,EASTSIDE STORY,1,0,0,,4,1.0,0,1,0,,,,,2020-09-15 06:26:29
20024109,,,0,,,,,,ALPHA LUPA,1,0,0,,4,1.0,0,1,0,,,,,2020-09-15 06:26:29
20024129,,,0,,,,,,FLINT RIDGE,1,0,0,,4,1.0,0,1,0,,,,,2020-09-15 06:26:29
20024149,,,0,,,,,,WINNING SPIRIT,1,0,0,,4,,0,1,0,,,,,2020-09-15 06:26:29
20024169,,,0,,,,,,AQUAVIT,1,0,0,,4,8.0,0,1,0,,,,,2020-09-15 06:26:29
20024189,,,0,,,,,,GEM LEA,1,0,0,,4,1.0,0,1,0,,,,,2020-09-15 06:26:29
20024205,,,0,,,,,,ROSES ARE RIGHT,1,0,0,,4,1.0,0,1,0,,,,,2020-09-15 06:26:29
20024225,,,0,,,,,,SEE DA BREEZE,1,0,0,,4,1.0,0,1,0,,,,,2020-09-15 06:26:29
20024245,,,0,,,,,,UNKNOWN VARIABLE,1,0,0,,4,8.0,0,1,0,,,,,2020-09-15 06:26:29
20024265,,,0,,,,,,SUNDAY SLEW(USA),1,0,0,,4,,0,1,0,,,,,2020-09-15 06:26:29
20024285,,,0,,,,,,SHESAFIRECRACKER,1,0,0,,4,1.0,0,1,0,,,,,2020-09-15 06:26:29
20024301,,,0,,,,,,JEZABEL BEAUTY,1,0,0,,4,,0,1,0,,,,,2020-09-15 06:26:29
20024341,,,0,,,,,,FASHION QUEST,1,0,0,,4,8.0,0,1,0,,,,,2020-09-15 06:26:29
20024361,,,0,,,,,,LEAR JET SET,1,0,0,,4,1.0,0,1,0,,,,,2020-09-15 06:26:29
20024381,,,0,,,,,,ROSEGATE,1,0,0,,4,,0,1,0,,,,,2020-09-15 06:26:29
20024407,,,0,,,,,,ERIN'S GLITTERGIRL,1,0,0,,4,8.0,0,1,0,,,,,2020-09-15 06:26:29
20024427,,,0,,,,,,SPIRIT OF THE SOUL,1,0,0,,4,9.0,0,1,0,,,,,2020-09-15 06:26:29
20024447,,,0,,,,,,RUM RIDGE,1,0,0,,4,1.0,0,1,0,,,,,2020-09-15 06:26:29
20024467,,,0,,,,,,VALADY,1,0,0,,4,,0,1,0,,,,,2020-09-15 06:26:29
20024487,,,0,,,,,,CARVI BLAZE,1,0,0,,4,,0,1,0,,,,,2020-09-15 06:26:29
20024503,,,0,,,,,,CASE RULES,1,0,0,,4,8.0,0,1,0,,,,,2020-09-15 06:26:29
20024523,,,0,,,,,,SEJM'S WEST ACRE,1,0,0,,4,1.0,0,1,0,,,,,2020-09-15 06:26:29
20024543,,,0,,,,,,LA CERENTOLA,1,0,0,,4,1.0,0,1,0,,,,,2020-09-15 06:26:29
20024563,,,0,,,,,,NEAT AND SASSY,1,0,0,,4,,0,1,0,,,,,2020-09-15 06:26:29
20024583,,,0,,,,,,PEACE OFFERING,1,0,0,,4,9.0,0,1,0,,,,,2020-09-15 06:26:29
20024609,,,0,,,,,,HEAVENLY PEACE,1,0,0,,4,,0,1,0,,,,,2020-09-15 06:26:29
20024649,,,0,,,,,,COTTA'S JEWEL,1,0,0,,4,1.0,0,1,0,,,,,2020-09-15 06:26:29
20024669,,,0,,,,,,THOUSAND HILLS,1,0,0,,4,8.0,0,1,0,,,,,2020-09-15 06:26:29
20024689,,,0,,,,,,HONKEYTONKVILLE,1,0,0,,4,1.0,0,1,0,,,,,2020-09-15 06:26:29
20024705,,,0,,,,,,TEFLON LADY,1,0,0,,4,8.0,0,1,0,,,,,2020-09-15 06:26:29
20024725,,,0,,,,,,ANNABELLES MISSILE,1,0,0,,4,1.0,0,1,0,,,,,2020-09-15 06:26:29
20024745,,,0,,,,,,SCRAMMER,1,0,0,,4,1.0,0,1,0,,,,,2020-09-15 06:26:29
20024765,,,0,,,,,,DEFENSA,1,0,0,,4,,0,1,0,,,,,2020-09-15 06:26:29
20024785,,,0,,,,,,QUEEN DEBBY,1,0,0,,4,1.0,0,1,0,,,,,2020-09-15 06:26:29
20024801,,,0,,,,,,ROYAL PARDON,1,0,0,,4,1.0,0,1,0,,,,,2020-09-15 06:26:29
20024821,,,0,,,,,,STREET GAMBLE,1,0,0,,4,9.0,0,1,0,,,,,2020-09-15 06:26:29
20024841,,,0,,,,,,PATTY GIRL,1,0,0,,4,8.0,0,1,0,,,,,2020-09-15 06:26:29
20024861,,,0,,,,,,SUPER LASS,1,0,0,,4,1.0,0,1,0,,,,,2020-09-15 06:26:29
20024907,,,0,,,,,,YES PLEASE,1,0,0,,4,1.0,0,1,0,,,,,2020-09-15 06:26:29
20024927,,,0,,,,,,TEJANO SYMPHONY,1,0,0,,4,8.0,0,1,0,,,,,2020-09-15 06:26:29
20024947,,,0,,,,,,BABY LOU,1,0,0,,4,,0,1,0,,,,,2020-09-15 06:26:29
20025000,,,0,,,,,,ROYAL NAVY,1,0,0,,4,1.0,0,1,0,,,,,2020-09-15 06:26:29
20025020,,,0,,,,,,EXOTIC CAT,1,0,0,,4,,0,1,0,,,,,2020-09-15 06:26:29
20025040,,,0,,,,,,LOVE FEST,1,0,0,,4,1.0,0,1,0,,,,,2020-09-15 06:26:29
20025060,,,0,,,,,,DANCINGUPASTORM,1,0,0,,4,8.0,0,1,0,,,,,2020-09-15 06:26:29
20025080,,,0,,,,,,PRINCESS SARA LEE,1,0,0,,4,,0,1,0,,,,,2020-09-15 06:26:29
20025106,,,0,,,,,,M. Y. BRIDLEWOOD,1,0,0,,4,,0,1,0,,,,,2020-09-15 06:26:29
20025146,,,0,,,,,,QUEEN OF BATTLE,1,0,0,,4,,0,1,0,,,,,2020-09-15 06:26:29
20025166,,,0,,,,,,SEA OF STORMS,1,0,0,,4,,0,1,0,,,,,2020-09-15 06:26:29
20025186,,,0,,,,,,JETLEGS MINSHAU,1,0,0,,4,,0,1,0,,,,,2020-09-15 06:26:29
20025202,,,0,,,,,,MORALAP,1,0,0,,4,,0,1,0,,,,,2020-09-15 06:26:29
20025222,,,0,,,,,,WILD IN MANILA,1,0,0,,4,,0,1,0,,,,,2020-09-15 06:26:29
20025242,,,0,,,,,,ABOVE AVERAGE,1,0,0,,4,1.0,0,1,0,,,,,2020-09-15 06:26:29
20025262,,,0,,,,,,CLASSIC ELEGANCE,1,0,0,,4,,0,1,0,,,,,2020-09-15 06:26:29
20025328,,,0,,,,,,NYSTATE OF GRIND,1,0,0,,4,,0,1,0,,,,,2020-09-15 06:26:29
20025348,,,0,,,,,,OF A LIFETIME,1,0,0,,4,,0,1,0,,,,,2020-09-15 06:26:29
20025444,,,0,,,,,,HOTESSE,1,0,0,,4,,0,1,0,,,,,2020-09-15 06:26:29
20025464,,,0,,,,,,DYNADOLL,1,0,0,,4,,0,1,0,,,,,2020-09-15 06:26:29
20025540,,,0,,,,,,OPATJA,1,0,0,,4,,0,1,0,,,,,2020-09-15 06:26:29
20025560,,,0,,,,,,GOLDEN LOCKET,1,0,0,,4,,0,1,0,,,,,2020-09-15 06:26:29
20025580,,,0,,,,,,MYSTICAL HONOR,1,0,0,,4,,0,1,0,,,,,2020-09-15 06:26:29
20025782,,,0,,,,,,KICKAPOO PRINCESS,1,0,0,,4,,0,1,0,,,,,2020-09-15 06:26:29
20030129,,,0,,,,,,NON STOP,1,0,0,,4,1.0,0,1,0,,,,,2020-09-15 06:26:29
20030149,,,0,,,,,,DESPERATEHOUSEWIFE,1,0,0,,4,1.0,0,1,0,,,,,2020-09-15 06:26:29
20030205,,,0,,,,,,SABER JET,1,0,0,,4,8.0,0,1,0,,,,,2020-09-15 06:26:29
20030285,,,0,,,,,,IT'S IN THE GLOVE,1,0,0,,4,1.0,0,1,0,,,,,2020-09-15 06:26:29
20030341,,,0,,,,,,SAILING,1,0,0,,4,1.0,0,1,0,,,,,2020-09-15 06:26:29
20030447,,,0,,,,,,DIPLOMACY,1,0,0,,4,9.0,0,1,0,,,,,2020-09-15 06:26:29
20030503,,,0,,,,,,VERITY,1,0,0,,4,9.0,0,1,0,,,,,2020-09-15 06:26:29
20030543,,,0,,,,,,LAW LADY,1,0,0,,4,8.0,0,1,0,,,,,2020-09-15 06:26:29
20030629,,,0,,,,,,ROYAL THIEF,1,0,0,,4,1.0,0,1,0,,,,,2020-09-15 06:26:29
20030649,,,0,,,,,,TOP LADY,1,0,0,,4,1.0,0,1,0,,,,,2020-09-15 06:26:29
20030765,,,0,,,,,,MISS TWIST,1,0,0,,4,8.0,0,1,0,,,,,2020-09-15 06:26:29
20030785,,,0,,,,,,GURBAN,1,0,0,,4,,0,1,0,,,,,2020-09-15 06:26:29
20030821,,,0,,,,,,TWO HARD,1,0,0,,4,8.0,0,1,0,,,,,2020-09-15 06:26:29
20030841,,,0,,,,,,DANIELLE MY GIRL,1,0,0,,4,8.0,0,1,0,,,,,2020-09-15 06:26:29
20030881,,,0,,,,,,CRUCIAL SOUND,1,0,0,,4,1.0,0,1,0,,,,,2020-09-15 06:26:29
20030907,,,0,,,,,,VAMANOS,1,0,0,,4,1.0,0,1,0,,,,,2020-09-15 06:26:29
20030927,,,0,,,,,,GI DEM A RUN,1,0,0,,4,8.0,0,1,0,,,,,2020-09-15 06:26:29
20031000,,,0,,,,,,WIN POWER,1,0,0,,4,,0,1,0,,,,,2020-09-15 06:26:29
20031020,,,0,,,,,,PRINCESS XANDRIA,1,0,0,,4,8.0,0,1,0,,,,,2020-09-15 06:26:29
20031040,,,0,,,,,,LADY NAGARA,1,0,0,,4,1.0,0,1,0,,,,,2020-09-15 06:26:29
20031060,,,0,,,,,,LADY CHIRIYA,1,0,0,,4,8.0,0,1,0,,,,,2020-09-15 06:26:29
20031080,,,0,,,,,,DOCANDME,1,0,0,,4,1.0,0,1,0,,,,,2020-09-15 06:26:29
20031106,,,0,,,,,,LADY JAANWAR,1,0,0,,4,1.0,0,1,0,,,,,2020-09-15 06:26:29
20031126,,,0,,,,,,SAMARAONTHELOOSE,1,0,0,,4,9.0,0,1,0,,,,,2020-09-15 06:26:29
20031222,,,0,,,,,,JCD SLEW,1,0,0,,4,,0,1,0,,,,,2020-09-15 06:26:29
20031242,,,0,,,,,,UNBRIDLED SLEW,1,0,0,,4,8.0,0,1,0,,,,,2020-09-15 06:26:29
20031282,,,0,,,,,,LADY SAPNA,1,0,0,,4,8.0,0,1,0,,,,,2020-09-15 06:26:29
20031328,,,0,,,,,,BLUE CHIP,1,0,0,,4,,0,1,0,,,,,2020-09-15 06:26:29
20031348,,,0,,,,,,MURIPATRICE,1,0,0,,4,1.0,0,1,0,,,,,2020-09-15 06:26:29
20031368,,,0,,,,,,PRINCESS LULU,1,0,0,,4,1.0,0,1,0,,,,,2020-09-15 06:26:29
20031404,,,0,,,,,,BUCK THE MINISTER,1,0,0,,4,1.0,0,1,0,,,,,2020-09-15 06:26:29
20031444,,,0,,,,,,SANTA ANITA GIRL,1,0,0,,4,1.0,0,1,0,,,,,2020-09-15 06:26:29
20031484,,,0,,,,,,ROYAL PEARL,1,0,0,,4,1.0,0,1,0,,,,,2020-09-15 06:26:29
20031500,,,0,,,,,,BACK AT YOU,1,0,0,,4,1.0,0,1,0,,,,,2020-09-15 06:26:29
20031560,,,0,,,,,,PASSION,1,0,0,,4,8.0,0,1,0,,,,,2020-09-15 06:26:29
20031646,,,0,,,,,,DISCO PEARL,1,0,0,,4,9.0,0,1,0,,,,,2020-09-15 06:26:29
20031666,,,0,,,,,,CASH PAT,1,0,0,,4,1.0,0,1,0,,,,,2020-09-15 06:26:29
20031702,,,0,,,,,,ALINA CHO,1,0,0,,4,1.0,0,1,0,,,,,2020-09-15 06:26:29
20031782,,,0,,,,,,FALLUJAH,1,0,0,,4,1.0,0,1,0,,,,,2020-09-15 06:26:29
20031848,,,0,,,,,,DUE PROCESS,1,0,0,,4,1.0,0,1,0,,,,,2020-09-15 06:26:29
20031888,,,0,,,,,,ASKAWOMAN,1,0,0,,4,1.0,0,1,0,,,,,2020-09-15 06:26:29
20031984,,,0,,,,,,AFAIA,1,0,0,,4,8.0,0,1,0,,,,,2020-09-15 06:26:29
20032007,,,0,,,,,,SPLINTER MAGIC,1,0,0,,4,1.0,0,1,0,,,,,2020-09-15 06:26:29
20032027,,,0,,,,,,ADINA,1,0,0,,4,8.0,0,1,0,,,,,2020-09-15 06:26:29
20032047,,,0,,,,,,SOPHIA,1,0,0,,4,8.0,0,1,0,,,,,2020-09-15 06:26:29
20032067,,,0,,,,,,DEVILISH ISHA,1,0,0,,4,1.0,0,1,0,,,,,2020-09-15 06:26:29
20032143,,,0,,,,,,FOLLOW THE TRAIN,1,0,0,,4,,0,1,0,,,,,2020-09-15 06:26:29
20032163,,,0,,,,,,GOLDEN LOUISE,1,0,0,,4,8.0,0,1,0,,,,,2020-09-15 06:26:29
20032183,,,0,,,,,,ECSTASY,1,0,0,,4,1.0,0,1,0,,,,,2020-09-15 06:26:29
20032209,,,0,,,,,,BELLA IN BLOOM,1,0,0,,4,1.0,0,1,0,,,,,2020-09-15 06:26:29
20032269,,,0,,,,,,DEVIL WOMAN,1,0,0,,4,8.0,0,1,0,,,,,2020-09-15 06:26:29
20032325,,,0,,,,,,LIVELY MADAM,1,0,0,,4,,0,1,0,,,,,2020-09-15 06:26:29
20032345,,,0,,,,,,MARKET DAZZLE,1,0,0,,4,1.0,0,1,0,,,,,2020-09-15 06:26:29
20032365,,,0,,,,,,COMEGOWITHME,1,0,0,,4,1.0,0,1,0,,,,,2020-09-15 06:26:29
20032401,,,0,,,,,,PRINCESS SHEILA,1,0,0,,4,,0,1,0,,,,,2020-09-15 06:26:29
20032441,,,0,,,,,,MAGDALA,1,0,0,,4,1.0,0,1,0,,,,,2020-09-15 06:26:29
20032461,,,0,,,,,,FORTY NINER'S GIRL,1,0,0,,4,1.0,0,1,0,,,,,2020-09-15 06:26:29
20032481,,,0,,,,,,OK BABY,1,0,0,,4,1.0,0,1,0,,,,,2020-09-15 06:26:29
20032603,,,0,,,,,,BEDAZZLED,1,0,0,,4,1.0,0,1,0,,,,,2020-09-15 06:26:29
20032643,,,0,,,,,,MISS SLOOKIE,1,0,0,,4,9.0,0,1,0,,,,,2020-09-15 06:26:29
20032663,,,0,,,,,,MYLEGACY,1,0,0,,4,1.0,0,1,0,,,,,2020-09-15 06:26:29
20032729,,,0,,,,,,MELINDAGATA,1,0,0,,4,1.0,0,1,0,,,,,2020-09-15 06:26:29
20032825,,,0,,,,,,PRINCESS MARIA,1,0,0,,4,8.0,0,1,0,,,,,2020-09-15 06:26:29
20032885,,,0,,,,,,SHAZEE,1,0,0,,4,8.0,0,1,0,,,,,2020-09-15 06:26:29
20032901,,,0,,,,,,LIGHT MY FIRE,1,0,0,,4,8.0,0,1,0,,,,,2020-09-15 06:26:29
20032961,,,0,,,,,,WHITE DIAMOND,1,0,0,,4,,0,1,0,,,,,2020-09-15 06:26:29
20032981,,,0,,,,,,LAWS OF LUVVE,1,0,0,,4,8.0,0,1,0,,,,,2020-09-15 06:26:29
20033024,,,0,,,,,,TUNA SALOONA,1,0,0,,4,8.0,0,1,0,,,,,2020-09-15 06:26:29
20033044,,,0,,,,,,REGAL AND LEGAL,1,0,0,,4,8.0,0,1,0,,,,,2020-09-15 06:26:29
20033064,,,0,,,,,,SONG BOOK,1,0,0,,4,1.0,0,1,0,,,,,2020-09-15 06:26:29
20033160,,,0,,,,,,PYRENA,1,0,0,,4,1.0,0,1,0,,,,,2020-09-15 06:26:29
20033180,,,0,,,,,,LAW STAR,1,0,0,,4,1.0,0,1,0,,,,,2020-09-15 06:26:29
20033226,,,0,,,,,,WESTERN JOY,1,0,0,,4,,0,1,0,,,,,2020-09-15 06:26:29
20033302,,,0,,,,,,MISS WEDDY WEDDY,1,0,0,,4,1.0,0,1,0,,,,,2020-09-15 06:26:29
20033322,,,0,,,,,,RAGAZZA,1,0,0,,4,1.0,0,1,0,,,,,2020-09-15 06:26:29
20033448,,,0,,,,,,ARTHUR'S GIRL,1,0,0,,4,,0,1,0,,,,,2020-09-15 06:26:29
20033468,,,0,,,,,,RIGGETO,1,0,0,,4,1.0,0,1,0,,,,,2020-09-15 06:26:29
20033524,,,0,,,,,,KYSHA BABY,1,0,0,,4,1.0,0,1,0,,,,,2020-09-15 06:26:29
20033564,,,0,,,,,,NAHIMA,1,0,0,,4,8.0,0,1,0,,,,,2020-09-15 06:26:30
20033584,,,0,,,,,,FIRE D TRAINER,1,0,0,,4,8.0,0,1,0,,,,,2020-09-15 06:26:30
20033620,,,0,,,,,,IMMANUEL AND KATIE,1,0,0,,4,1.0,0,1,0,,,,,2020-09-15 06:26:30
20033640,,,0,,,,,,FAIR QUEEN,1,0,0,,4,,0,1,0,,,,,2020-09-15 06:26:30
20033660,,,0,,,,,,CIRCLE THE HEART,1,0,0,,4,1.0,0,1,0,,,,,2020-09-15 06:26:30
20033786,,,0,,,,,,PERFECT GEM,1,0,0,,4,1.0,0,1,0,,,,,2020-09-15 06:26:30
20033862,,,0,,,,,,PACIFIC EXPRESS,1,0,0,,4,8.0,0,1,0,,,,,2020-09-15 06:26:30
20033882,,,0,,,,,,LATE APPEAL,1,0,0,,4,1.0,0,1,0,,,,,2020-09-15 06:26:30
20033948,,,0,,,,,,LA PRESIDENTA,1,0,0,,4,1.0,0,1,0,,,,,2020-09-15 06:26:30
20034001,,,0,,,,,,CONGRATS,1,0,0,,4,1.0,0,1,0,,,,,2020-09-15 06:26:30
20034041,,,0,,,,,,PURE MUD,1,0,0,,4,,0,1,0,,,,,2020-09-15 06:26:30
20034061,,,0,,,,,,FOUND IN THE MIST,1,0,0,,4,1.0,0,1,0,,,,,2020-09-15 06:26:30
20034081,,,0,,,,,,REIGNING HEROINE,1,0,0,,4,,0,1,0,,,,,2020-09-15 06:26:30
20034107,,,0,,,,,,CONSTANT GIRL,1,0,0,,4,1.0,0,1,0,,,,,2020-09-15 06:26:30
20034127,,,0,,,,,,DON'T LOOK MY WAY,1,0,0,,4,1.0,0,1,0,,,,,2020-09-15 06:26:30
20034167,,,0,,,,,,SMOKIN N FIRING,1,0,0,,4,9.0,0,1,0,,,,,2020-09-15 06:26:30
20034203,,,0,,,,,,PYRITE TONIGHT,1,0,0,,4,1.0,0,1,0,,,,,2020-09-15 06:26:30
20034223,,,0,,,,,,DAWN DEVOTION,1,0,0,,4,1.0,0,1,0,,,,,2020-09-15 06:26:30
20034263,,,0,,,,,,WATERSPOUT,1,0,0,,4,8.0,0,1,0,,,,,2020-09-15 06:26:30
20034283,,,0,,,,,,NORA NOVEMBER,1,0,0,,4,1.0,0,1,0,,,,,2020-09-15 06:26:30
20034309,,,0,,,,,,STORM WITHIN,1,0,0,,4,1.0,0,1,0,,,,,2020-09-15 06:26:30
20034329,,,0,,,,,,CHECKINWITHMOM,1,0,0,,4,1.0,0,1,0,,,,,2020-09-15 06:26:30
20034369,,,0,,,,,,BONNIE'S VICTORY,1,0,0,,4,1.0,0,1,0,,,,,2020-09-15 06:26:30
20034445,,,0,,,,,,ONLY SHE KNOWS,1,0,0,,4,8.0,0,1,0,,,,,2020-09-15 06:26:30
20034465,,,0,,,,,,REALITY TIME,1,0,0,,4,8.0,0,1,0,,,,,2020-09-15 06:26:30
20034485,,,0,,,,,,COTTON CUTIE,1,0,0,,4,9.0,0,1,0,,,,,2020-09-15 06:26:30
20034501,,,0,,,,,,VALORS STAR,1,0,0,,4,,0,1,0,,,,,2020-09-15 06:26:30
20034561,,,0,,,,,,ADD GLOW,1,0,0,,4,,0,1,0,,,,,2020-09-15 06:26:30
20034581,,,0,,,,,,CHIEF'S DAUGHTER,1,0,0,,4,,0,1,0,,,,,2020-09-15 06:26:30
20034607,,,0,,,,,,PROSPECTS GAL,1,0,0,,4,,0,1,0,,,,,2020-09-15 06:26:30
20034627,,,0,,,,,,EMPRESS EUGENIE,1,0,0,,4,8.0,0,1,0,,,,,2020-09-15 06:26:30
20034647,,,0,,,,,,Z PRIME RATE,1,0,0,,4,1.0,0,1,0,,,,,2020-09-15 06:26:30
20034667,,,0,,,,,,SEEING THE STARS,1,0,0,,4,8.0,0,1,0,,,,,2020-09-15 06:26:30
20034687,,,0,,,,,,CHELSEY'S FINEST,1,0,0,,4,,0,1,0,,,,,2020-09-15 06:26:30
20034703,,,0,,,,,,AWAY AWAY,1,0,0,,4,,0,1,0,,,,,2020-09-15 06:26:30
20034723,,,0,,,,,,GOLD GRAM,1,0,0,,4,,0,1,0,,,,,2020-09-15 06:26:30
20034743,,,0,,,,,,BEWARE BABY,1,0,0,,4,1.0,0,1,0,,,,,2020-09-15 06:26:30
20034763,,,0,,,,,,NOONAN,1,0,0,,4,,0,1,0,,,,,2020-09-15 06:26:30
20034783,,,0,,,,,,MAKE MY MARQ,1,0,0,,4,,0,1,0,,,,,2020-09-15 06:26:30
20034809,,,0,,,,,,MORGHYN,1,0,0,,4,,0,1,0,,,,,2020-09-15 06:26:30
20034829,,,0,,,,,,ONE BIG GIGGLE,1,0,0,,4,,0,1,0,,,,,2020-09-15 06:26:30
20034849,,,0,,,,,,HONEYMOON BAY,1,0,0,,4,,0,1,0,,,,,2020-09-15 06:26:30
20034869,,,0,,,,,,MISSERICA M,1,0,0,,4,1.0,0,1,0,,,,,2020-09-15 06:26:30
20034889,,,0,,,,,,WEDDING DAY,1,0,0,,4,8.0,0,1,0,,,,,2020-09-15 06:26:30
20034925,,,0,,,,,,LADY DISDAIN,1,0,0,,4,1.0,0,1,0,,,,,2020-09-15 06:26:30
20034945,,,0,,,,,,AMBER MEADOW,1,0,0,,4,,0,1,0,,,,,2020-09-15 06:26:30
20034965,,,0,,,,,,KARAKORUM KAREN,1,0,0,,4,,0,1,0,,,,,2020-09-15 06:26:30
20034985,,,0,,,,,,TEXAS KITTY,1,0,0,,4,,0,1,0,,,,,2020-09-15 06:26:30
20035068,,,0,,,,,,WOODLAND CITY,1,0,0,,4,,0,1,0,,,,,2020-09-15 06:26:30
20035220,,,0,,,,,,JB'S GOLDEN REGRET,1,0,0,,4,,0,1,0,,,,,2020-09-15 06:26:30
20035402,,,0,,,,,,ANOTHER AUDIBLE,1,0,0,,4,,0,1,0,,,,,2022-10-15 16:56:00
20040041,,,0,,,,,,NATURAL ATLANTA,1,0,0,,4,1.0,0,1,0,,,,,2020-09-15 06:26:30
20040061,,,0,,,,,,SIMPLY DEVINE,1,0,0,,4,1.0,0,1,0,,,,,2020-09-15 06:26:30
20040107,,,0,,,,,,LADY T,1,0,0,,4,1.0,0,1,0,,,,,2020-09-15 06:26:30
20040127,,,0,,,,,,SPARKLING,1,0,0,,4,1.0,0,1,0,,,,,2020-09-15 06:26:30
20040263,,,0,,,,,,MAY FLOWER,1,0,0,,4,,0,1,0,,,,,2020-09-15 06:26:30
20040283,,,0,,,,,,MORE CANDY,1,0,0,,4,1.0,0,1,0,,,,,2020-09-15 06:26:30
20040309,,,0,,,,,,CASTLE,1,0,0,,4,8.0,0,1,0,,,,,2020-09-15 06:26:30
20040349,,,0,,,,,,BACK POCKET,1,0,0,,4,1.0,0,1,0,,,,,2020-09-15 06:26:30
20040389,,,0,,,,,,LADY RAKWALAAY,1,0,0,,4,,0,1,0,,,,,2020-09-15 06:26:30
20040405,,,0,,,,,,LADY NAGIN,1,0,0,,4,,0,1,0,,,,,2020-09-15 06:26:30
20040445,,,0,,,,,,LADY INDIRA,1,0,0,,4,,0,1,0,,,,,2020-09-15 06:26:30
20040465,,,0,,,,,,LADY MADRAS,1,0,0,,4,,0,1,0,,,,,2020-09-15 06:26:30
20040485,,,0,,,,,,LADY PARBATTIE,1,0,0,,4,,0,1,0,,,,,2020-09-15 06:26:30
20040541,,,0,,,,,,LADY NOORIE,1,0,0,,4,,0,1,0,,,,,2020-09-15 06:26:30
20040561,,,0,,,,,,LADY SUHAAGRAAT,1,0,0,,4,1.0,0,1,0,,,,,2020-09-15 06:26:30
20040607,,,0,,,,,,SECRET CAT,1,0,0,,4,,0,1,0,,,,,2020-09-15 06:26:30
20040627,,,0,,,,,,PRINCESS ZANAI,1,0,0,,4,1.0,0,1,0,,,,,2020-09-15 06:26:30
20040647,,,0,,,,,,GLITTER CLEARANCE,1,0,0,,4,1.0,0,1,0,,,,,2020-09-15 06:26:30
20040687,,,0,,,,,,SIMPLE SWEET,1,0,0,,4,8.0,0,1,0,,,,,2020-09-15 06:26:30
20040709,,,0,,,,,,BLACK MAGIC,1,0,0,,4,,0,1,0,,,,,2020-09-15 06:26:30
20040723,,,0,,,,,,PRINCESS LATOYA,1,0,0,,4,1.0,0,1,0,,,,,2020-09-15 06:26:30
20040763,,,0,,,,,,SHE'S THE WIND,1,0,0,,4,,0,1,0,,,,,2020-09-15 06:26:30
20040783,,,0,,,,,,SMART VICTORY,1,0,0,,4,8.0,0,1,0,,,,,2020-09-15 06:26:30
20040809,,,0,,,,,,SILKY SATIN,1,0,0,,4,1.0,0,1,0,,,,,2020-09-15 06:26:30
20040829,,,0,,,,,,JODY RED,1,0,0,,4,8.0,0,1,0,,,,,2020-09-15 06:26:30
20040945,,,0,,,,,,JAZZY JET,1,0,0,,4,,0,1,0,,,,,2020-09-15 06:26:30
20040985,,,0,,,,,,RIO INFINITO,1,0,0,,4,,0,1,0,,,,,2020-09-15 06:26:30
20041028,,,0,,,,,,RAGING FURY,1,0,0,,4,1.0,0,1,0,,,,,2020-09-15 06:26:30
20041068,,,0,,,,,,MISS ROSE,1,0,0,,4,1.0,0,1,0,,,,,2020-09-15 06:26:30
20041088,,,0,,,,,,MS. MARTHA BRAE,1,0,0,,4,8.0,0,1,0,,,,,2020-09-15 06:26:30
20041104,,,0,,,,,,SKETEL,1,0,0,,4,1.0,0,1,0,,,,,2020-09-15 06:26:30
20041124,,,0,,,,,,TRACK STAR,1,0,0,,4,1.0,0,1,0,,,,,2020-09-15 06:26:30
20041144,,,0,,,,,,PAT ON CALL,1,0,0,,4,8.0,0,1,0,,,,,2020-09-15 06:26:30
20041184,,,0,,,,,,GEISHA'S ART,1,0,0,,4,9.0,0,1,0,,,,,2020-09-15 06:26:30
20041220,,,0,,,,,,STAMP OF APPROVAL,1,0,0,,4,1.0,0,1,0,,,,,2020-09-15 06:26:30
20041240,,,0,,,,,,IN THE PRIME,1,0,0,,4,,0,1,0,,,,,2020-09-15 06:26:30
20041260,,,0,,,,,,DANCIN ROSE,1,0,0,,4,,0,1,0,,,,,2020-09-15 06:26:30
20041306,,,0,,,,,,JADORE,1,0,0,,4,,0,1,0,,,,,2020-09-15 06:26:30
20041346,,,0,,,,,,ROYAL DAMSEL,1,0,0,,4,1.0,0,1,0,,,,,2020-09-15 06:26:30
20041366,,,0,,,,,,OH SO ROYAL,1,0,0,,4,8.0,0,1,0,,,,,2020-09-15 06:26:30
20041386,,,0,,,,,,ALL IN,1,0,0,,4,8.0,0,1,0,,,,,2020-09-15 06:26:30
20041462,,,0,,,,,,QUEEN ELIZA,1,0,0,,4,,0,1,0,,,,,2020-09-15 06:26:30
20041482,,,0,,,,,,ORION,1,0,0,,4,8.0,0,1,0,,,,,2020-09-15 06:26:30
20041528,,,0,,,,,,WARR ANGEL,1,0,0,,4,1.0,0,1,0,,,,,2020-09-15 06:26:30
20041588,,,0,,,,,,PAGEE PRINCESS,1,0,0,,4,9.0,0,1,0,,,,,2020-09-15 06:26:30
20041624,,,0,,,,,,HEART'S CRY,1,0,0,,4,1.0,0,1,0,,,,,2020-09-15 06:26:30
20041664,,,0,,,,,,LUX,1,0,0,,4,1.0,0,1,0,,,,,2020-09-15 06:26:30
20041684,,,0,,,,,,QUEEN ALIYA,1,0,0,,4,8.0,0,1,0,,,,,2020-09-15 06:26:30
20041700,,,0,,,,,,ALFALLO,1,0,0,,4,8.0,0,1,0,,,,,2020-09-15 06:26:30
20041720,,,0,,,,,,PRINCESS LORNA,1,0,0,,4,,0,1,0,,,,,2020-09-15 06:26:30
20041740,,,0,,,,,,MISS CREE,1,0,0,,4,1.0,0,1,0,,,,,2020-09-15 06:26:30
20041760,,,0,,,,,,LITTLERICHGIRL,1,0,0,,4,1.0,0,1,0,,,,,2020-09-15 06:26:30
20041780,,,0,,,,,,KAMECHI,1,0,0,,4,8.0,0,1,0,,,,,2020-09-15 06:26:30
20041806,,,0,,,,,,TAKE FIVE,1,0,0,,4,,0,1,0,,,,,2020-09-15 06:26:30
20041846,,,0,,,,,,METZUDA,1,0,0,,4,8.0,0,1,0,,,,,2020-09-15 06:26:30
20041866,,,0,,,,,,TURBINIA,1,0,0,,4,1.0,0,1,0,,,,,2020-09-15 06:26:30
20041902,,,0,,,,,,SHE'S OUTRAGEOUS,1,0,0,,4,1.0,0,1,0,,,,,2020-09-15 06:26:30
20041922,,,0,,,,,,STARRY EYES,1,0,0,,4,1.0,0,1,0,,,,,2020-09-15 06:26:30
20041942,,,0,,,,,,EAZY FLO,1,0,0,,4,1.0,0,1,0,,,,,2020-09-15 06:26:30
20041962,,,0,,,,,,RIGGED TO WIN,1,0,0,,4,1.0,0,1,0,,,,,2020-09-15 06:26:30
20041982,,,0,,,,,,OUTFITHER,1,0,0,,4,8.0,0,1,0,,,,,2020-09-15 06:26:30
20042005,,,0,,,,,,SO BLESSED,1,0,0,,4,,0,1,0,,,,,2020-09-15 06:26:30
20042025,,,0,,,,,,TROPICANA,1,0,0,,4,1.0,0,1,0,,,,,2020-09-15 06:26:30
20042045,,,0,,,,,,FIRETRAIN,1,0,0,,4,1.0,0,1,0,,,,,2020-09-15 06:26:30
20042121,,,0,,,,,,SCHIZANDRA,1,0,0,,4,,0,1,0,,,,,2020-09-15 06:26:30
20042181,,,0,,,,,,SMILE OUT,1,0,0,,4,1.0,0,1,0,,,,,2020-09-15 06:26:30
20042227,,,0,,,,,,THANKSWITHASMILE,1,0,0,,4,1.0,0,1,0,,,,,2020-09-15 06:26:30
20042247,,,0,,,,,,SANTA BABY,1,0,0,,4,,0,1,0,,,,,2021-09-23 06:20:53
20042267,,,0,,,,,,FLASH FLOOD,1,0,0,,4,,0,1,0,,,,,2020-09-15 06:26:30
20042303,,,0,,,,,,KRISS MISS,1,0,0,,4,1.0,0,1,0,,,,,2020-09-15 06:26:30
20042323,,,0,,,,,,FAST FLYER,1,0,0,,4,,0,1,0,,,,,2020-09-15 06:26:30
20042343,,,0,,,,,,DANCE AWAY,1,0,0,,4,1.0,0,1,0,,,,,2020-09-15 06:26:30
20042449,,,0,,,,,,PRINCESS LUE,1,0,0,,4,1.0,0,1,0,,,,,2020-09-15 06:26:30
20042469,,,0,,,,,,GALLANT GIRL,1,0,0,,4,9.0,0,1,0,,,,,2020-09-15 06:26:30
20042565,,,0,,,,,,SHE'S A DREAMER,1,0,0,,4,8.0,0,1,0,,,,,2020-09-15 06:26:30
20042641,,,0,,,,,,ROYAL HARVEST,1,0,0,,4,,0,1,0,,,,,2020-09-15 06:26:30
20042707,,,0,,,,,,C T PAM,1,0,0,,4,,0,1,0,,,,,2020-09-15 06:26:30
20042787,,,0,,,,,,XPRESS CARD,1,0,0,,4,,0,1,0,,,,,2020-09-15 06:26:30
20042803,,,0,,,,,,UNBRIDLED JOY,1,0,0,,4,1.0,0,1,0,,,,,2020-09-15 06:26:30
20042823,,,0,,,,,,LADY CAMILLE,1,0,0,,4,8.0,0,1,0,,,,,2020-09-15 06:26:30
20042863,,,0,,,,,,SAILING TIME,1,0,0,,4,8.0,0,1,0,,,,,2020-09-15 06:26:30
20042929,,,0,,,,,,DR. STEPHANIE,1,0,0,,4,1.0,0,1,0,,,,,2020-09-15 06:26:30
20042989,,,0,,,,,,FIDDLE STICKS,1,0,0,,4,9.0,0,1,0,,,,,2020-09-15 06:26:30
20043042,,,0,,,,,,ENDURING,1,0,0,,4,8.0,0,1,0,,,,,2020-09-15 06:26:30
20043082,,,0,,,,,,MISS TIMS,1,0,0,,4,8.0,0,1,0,,,,,2020-09-15 06:26:30
20043108,,,0,,,,,,FARM MONEY,1,0,0,,4,1.0,0,1,0,,,,,2020-09-15 06:26:30
20043128,,,0,,,,,,PRINCESS CUT,1,0,0,,4,8.0,0,1,0,,,,,2020-09-15 06:26:30
20043148,,,0,,,,,,ORPHAN SONG,1,0,0,,4,1.0,0,1,0,,,,,2020-09-15 06:26:30
20043188,,,0,,,,,,INVESTED,1,0,0,,4,1.0,0,1,0,,,,,2020-09-15 06:26:30
20043224,,,0,,,,,,GOSPEL NOTEBOOK,1,0,0,,4,1.0,0,1,0,,,,,2020-09-15 06:26:30
20043244,,,0,,,,,,INTENSIFIED,1,0,0,,4,1.0,0,1,0,,,,,2020-09-15 06:26:30
20043300,,,0,,,,,,ISLA,1,0,0,,4,1.0,0,1,0,,,,,2020-09-15 06:26:30
20043320,,,0,,,,,,FIREONTHEOCEAN,1,0,0,,4,1.0,0,1,0,,,,,2020-09-15 06:26:30
20043380,,,0,,,,,,PROSPECT QUE,1,0,0,,4,1.0,0,1,0,,,,,2020-09-15 06:26:30
20043466,,,0,,,,,,MONSTER QUEEN,1,0,0,,4,,0,1,0,,,,,2020-09-15 06:26:30
20043486,,,0,,,,,,OLIVIA,1,0,0,,4,,0,1,0,,,,,2020-09-15 06:26:30
20043502,,,0,,,,,,GRACE MARIE,1,0,0,,4,1.0,0,1,0,,,,,2020-09-15 06:26:30
20043582,,,0,,,,,,PSYCHEDELIC,1,0,0,,4,1.0,0,1,0,,,,,2020-09-15 06:26:30
20043608,,,0,,,,,,REGGAE RUCKUS,1,0,0,,4,,0,1,0,,,,,2020-09-15 06:26:30
20043648,,,0,,,,,,SINCERITY,1,0,0,,4,1.0,0,1,0,,,,,2020-09-15 06:26:30
20043668,,,0,,,,,,CATEGORY DANCER,1,0,0,,4,1.0,0,1,0,,,,,2020-09-15 06:26:30
20043688,,,0,,,,,,KNIGHTLEY,1,0,0,,4,9.0,0,1,0,,,,,2020-09-15 06:26:30
20043704,,,0,,,,,,GLITTERING CAT,1,0,0,,4,8.0,0,1,0,,,,,2020-09-15 06:26:30
20043724,,,0,,,,,,CHARITY DANCE,1,0,0,,4,,0,1,0,,,,,2020-09-15 06:26:30
20043764,,,0,,,,,,MORNING CRUISE,1,0,0,,4,8.0,0,1,0,,,,,2020-09-15 06:26:30
20043784,,,0,,,,,,EMERALD BELLE,1,0,0,,4,1.0,0,1,0,,,,,2020-09-15 06:26:30
20043800,,,0,,,,,,TAIWANA,1,0,0,,4,1.0,0,1,0,,,,,2020-09-15 06:26:30
20043820,,,0,,,,,,PURE SILK,1,0,0,,4,,0,1,0,,,,,2020-09-15 06:26:30
20043840,,,0,,,,,,ORANGE HILL,1,0,0,,4,8.0,0,1,0,,,,,2020-09-15 06:26:30
20043860,,,0,,,,,,SISTER CAT,1,0,0,,4,,0,1,0,,,,,2020-09-15 06:26:30
20043880,,,0,,,,,,ALAMET,1,0,0,,4,1.0,0,1,0,,,,,2020-09-15 06:26:30
20043926,,,0,,,,,,KOKOPELLI CAT,1,0,0,,4,9.0,0,1,0,,,,,2020-09-15 06:26:30
20043946,,,0,,,,,,ANI GOT YOUR GUN,1,0,0,,4,8.0,0,1,0,,,,,2020-09-15 06:26:30
20043966,,,0,,,,,,MAKIN ME PROUD,1,0,0,,4,1.0,0,1,0,,,,,2020-09-15 06:26:30
20044009,,,0,,,,,,CAMMS,1,0,0,,4,9.0,0,1,0,,,,,2020-09-15 06:26:30
20044029,,,0,,,,,,CELINE,1,0,0,,4,1.0,0,1,0,,,,,2020-09-15 06:26:30
20044049,,,0,,,,,,TRUE VIRTUE,1,0,0,,4,1.0,0,1,0,,,,,2020-09-15 06:26:30
20044064,,,0,,,,,,EMMVEEPEE,1,0,0,,4,,0,1,0,,,,,2020-09-15 06:26:30
20044069,,,0,,,,,,THREE SHOTS,1,0,0,,4,8.0,0,1,0,,,,,2020-09-15 06:26:30
20044089,,,0,,,,,,MY MORNING PRAYER,1,0,0,,4,1.0,0,1,0,,,,,2020-09-15 06:26:30
20044105,,,0,,,,,,CAST A GLOW,1,0,0,,4,,0,1,0,,,,,2020-09-15 06:26:30
20044125,,,0,,,,,,BOLDLY SEDUCTIVE,1,0,0,,4,,0,1,0,,,,,2020-09-15 06:26:30
20044145,,,0,,,,,,SILKEY LISA,1,0,0,,4,,0,1,0,,,,,2020-09-15 06:26:30
20044165,,,0,,,,,,BLAZING FIZZ,1,0,0,,4,,0,1,0,,,,,2020-09-15 06:26:30
20044185,,,0,,,,,,MISSY MOSS,1,0,0,,4,1.0,0,1,0,,,,,2020-09-15 06:26:30
20044201,,,0,,,,,,GILDED MIRACLE,1,0,0,,4,,0,1,0,,,,,2020-09-15 06:26:30
20044221,,,0,,,,,,JE SUIS SHIEKH,1,0,0,,4,8.0,0,1,0,,,,,2020-09-15 06:26:30
20044241,,,0,,,,,,GO NATIVE,1,0,0,,4,1.0,0,1,0,,,,,2020-09-15 06:26:30
20044261,,,0,,,,,,YIELD TO FAITH,1,0,0,,4,8.0,0,1,0,,,,,2020-09-15 06:26:30
20044347,,,0,,,,,,KRISTAL DRAGON,1,0,0,,4,8.0,0,1,0,,,,,2020-09-15 06:26:30
20044463,,,0,,,,,,FAST ACTRESS,1,0,0,,4,,0,1,0,,,,,2020-09-15 06:26:30
20044509,,,0,,,,,,PRETTY STORM CAT,1,0,0,,4,,0,1,0,,,,,2020-09-15 06:26:30
20044549,,,0,,,,,,GRAND ATTRACTION,1,0,0,,4,,0,1,0,,,,,2020-09-15 06:26:30
20044589,,,0,,,,,,SIMPLY PREFERRED,1,0,0,,4,,0,1,0,,,,,2020-09-15 06:26:30
20044665,,,0,,,,,,SUNSHINE FOR LIFE,1,0,0,,4,8.0,0,1,0,,,,,2022-10-15 16:56:00
20044827,,,0,,,,,,NOT IN MY HOUSE,1,0,0,,4,,0,1,0,,,,,2021-05-17 07:14:34
20044903,,,0,,,,,,JENNIFER MOON,1,0,0,,4,,0,1,0,,,,,2021-09-23 06:20:53
20044983,,,0,,,,,,WITCH CRAFT,1,0,0,,4,,0,1,0,,,,,2022-10-15 16:56:00
20050089,,,0,,,,,,LOVINGGOOD,1,0,0,,4,9.0,0,1,0,,,,,2020-09-15 06:26:30
20050125,,,0,,,,,,SMART CHOICE,1,0,0,,4,,0,1,0,,,,,2020-09-15 06:26:30
20050145,,,0,,,,,,MISS PAM AND ME,1,0,0,,4,8.0,0,1,0,,,,,2020-09-15 06:26:30
20050241,,,0,,,,,,CHRISTMAS TREAT,1,0,0,,4,8.0,0,1,0,,,,,2020-09-15 06:26:30
20050261,,,0,,,,,,HERETOETERNITY,1,0,0,,4,1.0,0,1,0,,,,,2020-09-15 06:26:30
20050327,,,0,,,,,,RIVER STYX,1,0,0,,4,1.0,0,1,0,,,,,2020-09-15 06:26:30
20050423,,,0,,,,,,CRAFTED GOLD,1,0,0,,4,1.0,0,1,0,,,,,2020-09-15 06:26:30
20050443,,,0,,,,,,LADY WALES,1,0,0,,4,1.0,0,1,0,,,,,2020-09-15 06:26:30
20050463,,,0,,,,,,MAYKEN JOY,1,0,0,,4,8.0,0,1,0,,,,,2020-09-15 06:26:30
20050509,,,0,,,,,,HEART OF GOLD,1,0,0,,4,1.0,0,1,0,,,,,2020-09-15 06:26:30
20050625,,,0,,,,,,DANCINWITHTHESTARS,1,0,0,,4,,0,1,0,,,,,2020-09-15 06:26:30
20050645,,,0,,,,,,PRIDE N PREJUDICE,1,0,0,,4,8.0,0,1,0,,,,,2020-09-15 06:26:30
20050685,,,0,,,,,,IMAGE DANCER,1,0,0,,4,1.0,0,1,0,,,,,2020-09-15 06:26:30
20050701,,,0,,,,,,PRINCESS MARGARETT,1,0,0,,4,1.0,0,1,0,,,,,2020-09-15 06:26:30
20050741,,,0,,,,,,STAR OF THE SEA,1,0,0,,4,8.0,0,1,0,,,,,2020-09-15 06:26:30
20050761,,,0,,,,,,ARIANA,1,0,0,,4,11.0,0,1,0,,,,,2020-09-15 06:26:30
20050781,,,0,,,,,,THE PRINCIPAL,1,0,0,,4,8.0,0,1,0,,,,,2020-09-15 06:26:30
20050807,,,0,,,,,,THE REAL FURY,1,0,0,,4,11.0,0,1,0,,,,,2020-09-15 06:26:30
20050827,,,0,,,,,,MEDUSA,1,0,0,,4,9.0,0,1,0,,,,,2020-09-15 06:26:30
20050847,,,0,,,,,,SHE'S A CHARM,1,0,0,,4,8.0,0,1,0,,,,,2020-09-15 06:26:30
20050887,,,0,,,,,,PITTER PATTER,1,0,0,,4,1.0,0,1,0,,,,,2020-09-15 06:26:30
20050903,,,0,,,,,,OUR DEELITE,1,0,0,,4,8.0,0,1,0,,,,,2020-09-15 06:26:30
20050923,,,0,,,,,,AGUILA,1,0,0,,4,8.0,0,1,0,,,,,2020-09-15 06:26:30
20050943,,,0,,,,,,AHWHOFAH,1,0,0,,4,1.0,0,1,0,,,,,2020-09-15 06:26:30
20050963,,,0,,,,,,HOME TOWN GIRL,1,0,0,,4,1.0,0,1,0,,,,,2020-09-15 06:26:30
20050983,,,0,,,,,,LADY LACHMIN,1,0,0,,4,1.0,0,1,0,,,,,2020-09-15 06:26:30
20051026,,,0,,,,,,IT IS I,1,0,0,,4,1.0,0,1,0,,,,,2020-09-15 06:26:30
20051046,,,0,,,,,,BALLER PRINCESS,1,0,0,,4,8.0,0,1,0,,,,,2020-09-15 06:26:30
20051086,,,0,,,,,,LADY MARAGIN,1,0,0,,4,1.0,0,1,0,,,,,2020-09-15 06:26:30
20051102,,,0,,,,,,LADY PUNJAB,1,0,0,,4,8.0,0,1,0,,,,,2020-09-15 06:26:30
20051122,,,0,,,,,,ALSAFRA,1,0,0,,4,8.0,0,1,0,,,,,2020-09-15 06:26:30
20051142,,,0,,,,,,MINERVA,1,0,0,,4,1.0,0,1,0,,,,,2020-09-15 06:26:30
20051182,,,0,,,,,,FLORENCE,1,0,0,,4,8.0,0,1,0,,,,,2020-09-15 06:26:30
20051208,,,0,,,,,,SLIM TING,1,0,0,,4,8.0,0,1,0,,,,,2020-09-15 06:26:30
20051248,,,0,,,,,,ARISTOKRATIK,1,0,0,,4,1.0,0,1,0,,,,,2020-09-15 06:26:30
20051268,,,0,,,,,,UNIVERSAL BLESSING,1,0,0,,4,8.0,0,1,0,,,,,2020-09-15 06:26:30
20051288,,,0,,,,,,ANN 'N' MONIQUE,1,0,0,,4,8.0,0,1,0,,,,,2020-09-15 06:26:30
20051304,,,0,,,,,,FIRELINK,1,0,0,,4,8.0,0,1,0,,,,,2020-09-15 06:26:30
20051324,,,0,,,,,,COLORADO BABE,1,0,0,,4,1.0,0,1,0,,,,,2020-09-15 06:26:30
20051344,,,0,,,,,,MYRTLE WAY,1,0,0,,4,1.0,0,1,0,,,,,2020-09-15 06:26:30
20051364,,,0,,,,,,SHE'S AGGRESSIVE,1,0,0,,4,1.0,0,1,0,,,,,2020-09-15 06:26:30
20051400,,,0,,,,,,BOLD WARRIOR,1,0,0,,4,8.0,0,1,0,,,,,2020-09-15 06:26:30
20051420,,,0,,,,,,PRINCESS PARADISE,1,0,0,,4,8.0,0,1,0,,,,,2020-09-15 06:26:30
20051440,,,0,,,,,,LADY OF VENICE,1,0,0,,4,8.0,0,1,0,,,,,2020-09-15 06:26:30
20051460,,,0,,,,,,I'M MAGIC,1,0,0,,4,,0,1,0,,,,,2020-09-15 06:26:30
20051506,,,0,,,,,,EXPLOSIVE CAT,1,0,0,,4,1.0,0,1,0,,,,,2020-09-15 06:26:30
20051526,,,0,,,,,,TESSANNE,1,0,0,,4,1.0,0,1,0,,,,,2020-09-15 06:26:30
20051546,,,0,,,,,,PEACE BY PEACE,1,0,0,,4,1.0,0,1,0,,,,,2020-09-15 06:26:30
20051586,,,0,,,,,,DREAM GIRL,1,0,0,,4,1.0,0,1,0,,,,,2020-09-15 06:26:30
20051602,,,0,,,,,,ZUNZUN,1,0,0,,4,1.0,0,1,0,,,,,2020-09-15 06:26:30
20051622,,,0,,,,,,SAYURI,1,0,0,,4,1.0,0,1,0,,,,,2020-09-15 06:26:30
20051642,,,0,,,,,,FIRST EDITION,1,0,0,,4,1.0,0,1,0,,,,,2020-09-15 06:26:30
20051662,,,0,,,,,,CAJUN FIDDLER,1,0,0,,4,8.0,0,1,0,,,,,2020-09-15 06:26:30
20051682,,,0,,,,,,A TASTE OF ORILEYS,1,0,0,,4,8.0,0,1,0,,,,,2020-09-15 06:26:30
20051708,,,0,,,,,,ANGEL OF LIGHT,1,0,0,,4,8.0,0,1,0,,,,,2020-09-15 06:26:30
20051748,,,0,,,,,,LITTLE BAY,1,0,0,,4,1.0,0,1,0,,,,,2020-09-15 06:26:30
20051804,,,0,,,,,,MARIA ELENA,1,0,0,,4,1.0,0,1,0,,,,,2020-09-15 06:26:30
20051824,,,0,,,,,,HOLY PRINCESS,1,0,0,,4,,0,1,0,,,,,2020-09-15 06:26:30
20051844,,,0,,,,,,PRINCESS TERRI,1,0,0,,4,,0,1,0,,,,,2020-09-15 06:26:30
20051864,,,0,,,,,,RUN SMILE RUN,1,0,0,,4,1.0,0,1,0,,,,,2020-09-15 06:26:30
20051884,,,0,,,,,,THE QUEEN,1,0,0,,4,8.0,0,1,0,,,,,2020-09-15 06:26:30
20051940,,,0,,,,,,MISS BIRDIE,1,0,0,,4,1.0,0,1,0,,,,,2020-09-15 06:26:30
20052043,,,0,,,,,,BALLROOM DANCER,1,0,0,,4,1.0,0,1,0,,,,,2020-09-15 06:26:30
20052063,,,0,,,,,,QUEEN OF THE SEA,1,0,0,,4,1.0,0,1,0,,,,,2020-09-15 06:26:30
20052109,,,0,,,,,,HONEY BUNNY,1,0,0,,4,1.0,0,1,0,,,,,2020-09-15 06:26:30
20052189,,,0,,,,,,SANSARA,1,0,0,,4,1.0,0,1,0,,,,,2020-09-15 06:26:30
20052265,,,0,,,,,,FIRST CHOICE,1,0,0,,4,1.0,0,1,0,,,,,2020-09-15 06:26:30
20052301,,,0,,,,,,SPACEDOUT,1,0,0,,4,8.0,0,1,0,,,,,2020-09-15 06:26:30
20052321,,,0,,,,,,PRINCESS IRENE,1,0,0,,4,8.0,0,1,0,,,,,2020-09-15 06:26:30
20052341,,,0,,,,,,FLIGHT PLAN GIRL,1,0,0,,4,,0,1,0,,,,,2020-09-15 06:26:30
20052361,,,0,,,,,,NOWOMANNOCRY,1,0,0,,4,8.0,0,1,0,,,,,2020-09-15 06:26:30
20052407,,,0,,,,,,QUEEN NERISSA,1,0,0,,4,1.0,0,1,0,,,,,2020-09-15 06:26:30
20052543,,,0,,,,,,ADDI ADDI,1,0,0,,4,1.0,0,1,0,,,,,2020-09-15 06:26:30
20052563,,,0,,,,,,HAILSTORM,1,0,0,,4,1.0,0,1,0,,,,,2020-09-15 06:26:30
20052609,,,0,,,,,,SHE'S ON TOP,1,0,0,,4,1.0,0,1,0,,,,,2020-09-15 06:26:30
20052629,,,0,,,,,,I BELIEVE,1,0,0,,4,1.0,0,1,0,,,,,2020-09-15 06:26:30
20052669,,,0,,,,,,TRACKING SO SOFTLY,1,0,0,,4,8.0,0,1,0,,,,,2020-09-15 06:26:30
20052689,,,0,,,,,,STREET SMART,1,0,0,,4,1.0,0,1,0,,,,,2020-09-15 06:26:30
20052705,,,0,,,,,,DIXIE CHICK,1,0,0,,4,1.0,0,1,0,,,,,2020-09-15 06:26:30
20052785,,,0,,,,,,FIRST KISS,1,0,0,,4,,0,1,0,,,,,2020-09-15 06:26:30
20052801,,,0,,,,,,BRAWTA,1,0,0,,4,1.0,0,1,0,,,,,2020-09-15 06:26:30
20052841,,,0,,,,,,BIRD IN FLIGHT,1,0,0,,4,,0,1,0,,,,,2020-09-15 06:26:30
20052861,,,0,,,,,,QUICKSTER,1,0,0,,4,8.0,0,1,0,,,,,2020-09-15 06:26:30
20052907,,,0,,,,,,REGAL DELIGHT,1,0,0,,4,1.0,0,1,0,,,,,2020-09-15 06:26:30
20052947,,,0,,,,,,WORLD CLASS,1,0,0,,4,1.0,0,1,0,,,,,2020-09-15 06:26:30
20052967,,,0,,,,,,SHAHAR,1,0,0,,4,8.0,0,1,0,,,,,2020-09-15 06:26:30
20052987,,,0,,,,,,LAWS OF THE CAT,1,0,0,,4,11.0,0,1,0,,,,,2020-09-15 06:26:30
20053000,,,0,,,,,,RENATA,1,0,0,,4,1.0,0,1,0,,,,,2020-09-15 06:26:30
20053040,,,0,,,,,,VENICE MELLESA,1,0,0,,4,1.0,0,1,0,,,,,2020-09-15 06:26:30
20053060,,,0,,,,,,TENSION,1,0,0,,4,1.0,0,1,0,,,,,2020-09-15 06:26:30
20053106,,,0,,,,,,SHE'S ROYAL,1,0,0,,4,1.0,0,1,0,,,,,2020-09-15 06:26:30
20053166,,,0,,,,,,FROMBEHIND,1,0,0,,4,,0,1,0,,,,,2020-09-15 06:26:30
20053186,,,0,,,,,,BLONDIE BLONDIE,1,0,0,,4,1.0,0,1,0,,,,,2020-09-15 06:26:30
20053222,,,0,,,,,,JITTER BUGG,1,0,0,,4,8.0,0,1,0,,,,,2020-09-15 06:26:30
20053242,,,0,,,,,,SUNSHINE OFMYLIFE,1,0,0,,4,,0,1,0,,,,,2020-09-15 06:26:30
20053262,,,0,,,,,,MISS SISSI,1,0,0,,4,1.0,0,1,0,,,,,2020-09-15 06:26:30
20053308,,,0,,,,,,MY MONEY,1,0,0,,4,8.0,0,1,0,,,,,2020-09-15 06:26:30
20053328,,,0,,,,,,THAT GIRL,1,0,0,,4,11.0,0,1,0,,,,,2020-09-15 06:26:30
20053348,,,0,,,,,,SHE'S A GEM,1,0,0,,4,1.0,0,1,0,,,,,2020-09-15 06:26:30
20053388,,,0,,,,,,RUNNING MACK,1,0,0,,4,,0,1,0,,,,,2020-09-15 06:26:30
20053424,,,0,,,,,,KAMEEL,1,0,0,,4,1.0,0,1,0,,,,,2020-09-15 06:26:30
20053484,,,0,,,,,,E DUBAI EXPRESS,1,0,0,,4,,0,1,0,,,,,2020-09-15 06:26:30
20053500,,,0,,,,,,GOOD CITIZEN,1,0,0,,4,,0,1,0,,,,,2020-09-15 06:26:30
20053540,,,0,,,,,,TIME FOR A CHANCE,1,0,0,,4,8.0,0,1,0,,,,,2020-09-15 06:26:30
20053560,,,0,,,,,,SHE'S THE ONE,1,0,0,,4,,0,1,0,,,,,2020-09-15 06:26:30
20053580,,,0,,,,,,PLATINUM VALLEY,1,0,0,,4,1.0,0,1,0,,,,,2020-09-15 06:26:30
20053606,,,0,,,,,,ROMANTIC ONE,1,0,0,,4,8.0,0,1,0,,,,,2020-09-15 06:26:30
20053646,,,0,,,,,,RACING MACHINE,1,0,0,,4,1.0,0,1,0,,,,,2020-09-15 06:26:30
20053686,,,0,,,,,,DOLLS' DELIGHT,1,0,0,,4,1.0,0,1,0,,,,,2020-09-15 06:26:30
20053702,,,0,,,,,,ROLL THE DICE,1,0,0,,4,1.0,0,1,0,,,,,2020-09-15 06:26:30
20053722,,,0,,,,,,ST. ANN PRINCESS,1,0,0,,4,9.0,0,1,0,,,,,2020-09-15 06:26:30
20053742,,,0,,,,,,PRIVATE TRIAL,1,0,0,,4,1.0,0,1,0,,,,,2020-09-15 06:26:30
20053782,,,0,,,,,,SOMAX,1,0,0,,4,,0,1,0,,,,,2020-09-15 06:26:30
20053808,,,0,,,,,,TOURING ACTRESS,1,0,0,,4,,0,1,0,,,,,2020-09-15 06:26:30
20053828,,,0,,,,,,JOSE MARSAN,1,0,0,,4,9.0,0,1,0,,,,,2020-09-15 06:26:30
20053848,,,0,,,,,,PRECISA,1,0,0,,4,,0,1,0,,,,,2020-09-15 06:26:30
20053868,,,0,,,,,,BITTER END,1,0,0,,4,1.0,0,1,0,,,,,2020-09-15 06:26:30
20053888,,,0,,,,,,WAP,1,0,0,,4,8.0,0,1,0,,,,,2020-09-15 06:26:30
20053924,,,0,,,,,,TOP STORY,1,0,0,,4,,0,1,0,,,,,2020-09-15 06:26:30
20053944,,,0,,,,,,LEAD VALE,1,0,0,,4,1.0,0,1,0,,,,,2020-09-15 06:26:30
20053964,,,0,,,,,,SOUFFLER,1,0,0,,4,,0,1,0,,,,,2020-09-15 06:26:30
20053984,,,0,,,,,,BERMUDA BOWL,1,0,0,,4,1.0,0,1,0,,,,,2020-09-15 06:26:30
20054007,,,0,,,,,,HISHI BLOSSOM,1,0,0,,4,1.0,0,1,0,,,,,2020-09-15 06:26:30
20054027,,,0,,,,,,PINK HIBISCUS,1,0,0,,4,1.0,0,1,0,,,,,2020-09-15 06:26:30
20054067,,,0,,,,,,THEBANDISLOOSE,1,0,0,,4,8.0,0,1,0,,,,,2020-09-15 06:26:30
20054087,,,0,,,,,,JEN'S DELIMMA,1,0,0,,4,,0,1,0,,,,,2020-09-15 06:26:30
20054103,,,0,,,,,,DOCTOR SPARKS,1,0,0,,4,1.0,0,1,0,,,,,2020-09-15 06:26:30
20054123,,,0,,,,,,WAYS AND MEANS,1,0,0,,4,1.0,0,1,0,,,,,2020-09-15 06:26:30
20054209,,,0,,,,,,ACCORDING TO PLAN,1,0,0,,4,8.0,0,1,0,,,,,2020-09-15 06:26:30
20054269,,,0,,,,,,MARIA'S APPEAL,1,0,0,,4,8.0,0,1,0,,,,,2020-09-15 06:26:30
20054289,,,0,,,,,,GUARDEDOPPORTUNITY,1,0,0,,4,,0,1,0,,,,,2020-09-15 06:26:30
20054305,,,0,,,,,,SONG BIRD TOO,1,0,0,,4,,0,1,0,,,,,2020-09-15 06:26:30
20054345,,,0,,,,,,LA FAYE,1,0,0,,4,,0,1,0,,,,,2020-09-15 06:26:30
20054365,,,0,,,,,,FLEETING FOX,1,0,0,,4,1.0,0,1,0,,,,,2020-09-15 06:26:30
20054385,,,0,,,,,,TUDOR QUEEN,1,0,0,,4,1.0,0,1,0,,,,,2020-09-15 06:26:30
20054401,,,0,,,,,,CAN'T CATCH MY CAT,1,0,0,,4,,0,1,0,,,,,2020-09-15 06:26:30
20054461,,,0,,,,,,HOPE BAY,1,0,0,,4,,0,1,0,,,,,2020-09-15 06:26:30
20054481,,,0,,,,,,DEMOCRAT TAXES,1,0,0,,4,,0,1,0,,,,,2020-09-15 06:26:30
20054507,,,0,,,,,,DAZZLING PRINCESS,1,0,0,,4,,0,1,0,,,,,2020-09-15 06:26:30
20054547,,,0,,,,,,SUMMER STREAM,1,0,0,,4,,0,1,0,,,,,2020-09-15 06:26:30
20054663,,,0,,,,,,TAMAR,1,0,0,,4,,0,1,0,,,,,2020-09-15 06:26:30
20054805,,,0,,,,,,HAPPY HAILEY,1,0,0,,4,,0,1,0,,,,,2021-09-23 06:20:53
20054825,,,0,,,,,,CAUSIN A STORM,1,0,0,,4,,0,1,0,,,,,2022-10-15 16:56:00
20054865,,,0,,,,,,HISSE,1,0,0,,4,,0,1,0,,,,,2022-10-15 16:56:00
20060027,,,0,,,,,,CLASSY CHANEL,1,0,0,,4,,0,1,0,,,,,2020-09-15 06:26:30
20060047,,,0,,,,,,REGENCY,1,0,0,,4,,0,1,0,,,,,2020-09-15 06:26:30
20060067,,,0,,,,,,ANASTASIA,1,0,0,,4,1.0,0,1,0,,,,,2020-09-15 06:26:30
20060123,,,0,,,,,,PYRO FLO,1,0,0,,4,9.0,0,1,0,,,,,2020-09-15 06:26:30
20060143,,,0,,,,,,LADY SHARMEELA,1,0,0,,4,8.0,0,1,0,,,,,2020-09-15 06:26:30
20060163,,,0,,,,,,LADY GORAKHPUR,1,0,0,,4,1.0,0,1,0,,,,,2020-09-15 06:26:30
20060183,,,0,,,,,,LADY AJIBAN,1,0,0,,4,1.0,0,1,0,,,,,2020-09-15 06:26:30
20060249,,,0,,,,,,REGAL IMAGE,1,0,0,,4,1.0,0,1,0,,,,,2020-09-15 06:26:30
20060269,,,0,,,,,,CLASSY KELLY,1,0,0,,4,1.0,0,1,0,,,,,2020-09-15 06:26:30
20060305,,,0,,,,,,BUTCHER GAL,1,0,0,,4,8.0,0,1,0,,,,,2020-09-15 06:26:30
20060325,,,0,,,,,,MUMSY,1,0,0,,4,8.0,0,1,0,,,,,2020-09-15 06:26:30
20060365,,,0,,,,,,MARVELOUS LADY,1,0,0,,4,1.0,0,1,0,,,,,2020-09-15 06:26:30
20060385,,,0,,,,,,JUST A FLUTTER,1,0,0,,4,,0,1,0,,,,,2020-09-15 06:26:30
20060401,,,0,,,,,,HIGH SOCIETY,1,0,0,,4,1.0,0,1,0,,,,,2020-09-15 06:26:30
20060441,,,0,,,,,,BOUNTY HALL,1,0,0,,4,1.0,0,1,0,,,,,2020-09-15 06:26:30
20060481,,,0,,,,,,GOLDEN COMPASS,1,0,0,,4,,0,1,0,,,,,2020-09-15 06:26:30
20060507,,,0,,,,,,RHOSA KLEBB,1,0,0,,4,1.0,0,1,0,,,,,2020-09-15 06:26:30
20060567,,,0,,,,,,MILESTONE,1,0,0,,4,8.0,0,1,0,,,,,2020-09-15 06:26:30
20060623,,,0,,,,,,ALLORA,1,0,0,,4,1.0,0,1,0,,,,,2020-09-15 06:26:30
20060643,,,0,,,,,,SHE'S MAGIC,1,0,0,,4,9.0,0,1,0,,,,,2020-09-15 06:26:30
20060663,,,0,,,,,,THREE QUEENS,1,0,0,,4,8.0,0,1,0,,,,,2020-09-15 06:26:30
20060683,,,0,,,,,,SKIPPING SUE,1,0,0,,4,9.0,0,1,0,,,,,2020-09-15 06:26:30
20060729,,,0,,,,,,COLUMBIA,1,0,0,,4,8.0,0,1,0,,,,,2020-09-15 06:26:30
20060749,,,0,,,,,,BEAUTIFUL SPACE,1,0,0,,4,1.0,0,1,0,,,,,2020-09-15 06:26:30
20060789,,,0,,,,,,TRIXARELLA,1,0,0,,4,8.0,0,1,0,,,,,2020-09-15 06:26:31
20060805,,,0,,,,,,JUNGLE QUEEN,1,0,0,,4,1.0,0,1,0,,,,,2020-09-15 06:26:31
20060845,,,0,,,,,,MORNING LILY,1,0,0,,4,1.0,0,1,0,,,,,2020-09-15 06:26:31
20060865,,,0,,,,,,BULLET LINE,1,0,0,,4,1.0,0,1,0,,,,,2020-09-15 06:26:31
20060901,,,0,,,,,,DARLINGFORD,1,0,0,,4,,0,1,0,,,,,2020-09-15 06:26:31
20060941,,,0,,,,,,PATARA,1,0,0,,4,1.0,0,1,0,,,,,2020-09-15 06:26:31
20060961,,,0,,,,,,ONELITTLEWISH,1,0,0,,4,1.0,0,1,0,,,,,2020-09-15 06:26:31
20061004,,,0,,,,,,HYPOCRITE,1,0,0,,4,1.0,0,1,0,,,,,2020-09-15 06:26:31
20061084,,,0,,,,,,DINERO SENORITA,1,0,0,,4,1.0,0,1,0,,,,,2020-09-15 06:26:31
20061100,,,0,,,,,,SHEISAMAHARANEE,1,0,0,,4,8.0,0,1,0,,,,,2020-09-15 06:26:31
20061140,,,0,,,,,,ANTIOCH,1,0,0,,4,1.0,0,1,0,,,,,2020-09-15 06:26:31
20061160,,,0,,,,,,ALLTHEBEST,1,0,0,,4,8.0,0,1,0,,,,,2020-09-15 06:26:31
20061180,,,0,,,,,,ESTO PERPETUA,1,0,0,,4,9.0,0,1,0,,,,,2020-09-15 06:26:31
20061246,,,0,,,,,,LINDA BLAKE,1,0,0,,4,1.0,0,1,0,,,,,2020-09-15 06:26:31
20061266,,,0,,,,,,FUNNY SIDE,1,0,0,,4,1.0,0,1,0,,,,,2020-09-15 06:26:31
20061286,,,0,,,,,,SHAKIRA SHAKIRA,1,0,0,,4,,0,1,0,,,,,2020-09-15 06:26:31
20061302,,,0,,,,,,GOODLOVING,1,0,0,,4,1.0,0,1,0,,,,,2020-09-15 06:26:31
20061322,,,0,,,,,,DOWNSTOWN JANICE,1,0,0,,4,8.0,0,1,0,,,,,2020-09-15 06:26:31
20061342,,,0,,,,,,GRACEFUL NATIVE,1,0,0,,4,1.0,0,1,0,,,,,2020-09-15 06:26:31
20061362,,,0,,,,,,BAY HARBOUR,1,0,0,,4,1.0,0,1,0,,,,,2020-09-15 06:26:31
20061428,,,0,,,,,,DISTINCTLY NATURAL,1,0,0,,4,1.0,0,1,0,,,,,2020-09-15 06:26:31
20061448,,,0,,,,,,STORM TRACKER,1,0,0,,4,8.0,0,1,0,,,,,2020-09-15 06:26:31
20061468,,,0,,,,,,WINDSWEPT,1,0,0,,4,1.0,0,1,0,,,,,2020-09-15 06:26:31
20061488,,,0,,,,,,JEOPARDY,1,0,0,,4,1.0,0,1,0,,,,,2020-09-15 06:26:31
20061504,,,0,,,,,,CRUCIAL RUN,1,0,0,,4,8.0,0,1,0,,,,,2020-09-15 06:26:31
20061544,,,0,,,,,,MISS OLD HARBOUR,1,0,0,,4,8.0,0,1,0,,,,,2020-09-15 06:26:31
20061564,,,0,,,,,,CLIFFY'S CHOICE,1,0,0,,4,1.0,0,1,0,,,,,2020-09-15 06:26:31
20061584,,,0,,,,,,CLASSIC BURST,1,0,0,,4,1.0,0,1,0,,,,,2020-09-15 06:26:31
20061600,,,0,,,,,,TOOTING AGAIN,1,0,0,,4,,0,1,0,,,,,2020-09-15 06:26:31
20061620,,,0,,,,,,RIP CURRENT,1,0,0,,4,1.0,0,1,0,,,,,2020-09-15 06:26:31
20061640,,,0,,,,,,RUNIN ON EMPTY,1,0,0,,4,1.0,0,1,0,,,,,2020-09-15 06:26:31
20061660,,,0,,,,,,BULLION BABE,1,0,0,,4,1.0,0,1,0,,,,,2020-09-15 06:26:31
20061726,,,0,,,,,,SAPPHIRE,1,0,0,,4,1.0,0,1,0,,,,,2020-09-15 06:26:31
20061746,,,0,,,,,,CLASSY COMPANY,1,0,0,,4,1.0,0,1,0,,,,,2020-09-15 06:26:31
20061822,,,0,,,,,,HYPNOTICA,1,0,0,,4,1.0,0,1,0,,,,,2020-09-15 06:26:31
20061842,,,0,,,,,,WILD WILD WEST,1,0,0,,4,1.0,0,1,0,,,,,2020-09-15 06:26:31
20061862,,,0,,,,,,SEA TRAVELLER,1,0,0,,4,1.0,0,1,0,,,,,2020-09-15 06:26:31
20061882,,,0,,,,,,SEGURO ORO,1,0,0,,4,1.0,0,1,0,,,,,2020-09-15 06:26:31
20061908,,,0,,,,,,SAINT CECELIA,1,0,0,,4,8.0,0,1,0,,,,,2020-09-15 06:26:31
20061928,,,0,,,,,,MAGIC MONEY,1,0,0,,4,8.0,0,1,0,,,,,2020-09-15 06:26:31
20061948,,,0,,,,,,RUM DEAL,1,0,0,,4,1.0,0,1,0,,,,,2020-09-15 06:26:31
20061968,,,0,,,,,,ROYAL EMPRESS,1,0,0,,4,1.0,0,1,0,,,,,2020-09-15 06:26:31
20061988,,,0,,,,,,REGINA ROYALE,1,0,0,,4,8.0,0,1,0,,,,,2020-09-15 06:26:31
20062041,,,0,,,,,,ENCHANTED ALEX,1,0,0,,4,1.0,0,1,0,,,,,2020-09-15 06:26:31
20062061,,,0,,,,,,ROYAL AWARD,1,0,0,,4,1.0,0,1,0,,,,,2020-09-15 06:26:31
20062081,,,0,,,,,,ALESIA WAY,1,0,0,,4,1.0,0,1,0,,,,,2020-09-15 06:26:31
20062223,,,0,,,,,,SEEK GOLD,1,0,0,,4,8.0,0,1,0,,,,,2020-09-15 06:26:31
20062243,,,0,,,,,,ROSE OF SHARON,1,0,0,,4,,0,1,0,,,,,2020-09-15 06:26:31
20062263,,,0,,,,,,CASINO KERRY,1,0,0,,4,8.0,0,1,0,,,,,2020-09-15 06:26:31
20062309,,,0,,,,,,PRINCESS SHANNON,1,0,0,,4,8.0,0,1,0,,,,,2020-09-15 06:26:31
20062369,,,0,,,,,,LOVER GIRL,1,0,0,,4,1.0,0,1,0,,,,,2020-09-15 06:26:31
20062389,,,0,,,,,,FLAVIA VICTORY,1,0,0,,4,,0,1,0,,,,,2020-09-15 06:26:31
20062405,,,0,,,,,,BRASH & SASSY,1,0,0,,4,8.0,0,1,0,,,,,2020-09-15 06:26:31
20062465,,,0,,,,,,MAGICONTHELOOSE,1,0,0,,4,1.0,0,1,0,,,,,2020-09-15 06:26:31
20062521,,,0,,,,,,ALIZ,1,0,0,,4,9.0,0,1,0,,,,,2020-09-15 06:26:31
20062647,,,0,,,,,,KIZZY KIZZY,1,0,0,,4,,0,1,0,,,,,2020-09-15 06:26:31
20062687,,,0,,,,,,AWESOME REWARD,1,0,0,,4,1.0,0,1,0,,,,,2020-09-15 06:26:31
20062703,,,0,,,,,,DIAMOND GIRL,1,0,0,,4,1.0,0,1,0,,,,,2020-09-15 06:26:31
20062723,,,0,,,,,,APACHEBIRD,1,0,0,,4,1.0,0,1,0,,,,,2020-09-15 06:26:31
20062743,,,0,,,,,,SKIPPING JIG,1,0,0,,4,1.0,0,1,0,,,,,2020-09-15 06:26:31
20062783,,,0,,,,,,PROFESSORA,1,0,0,,4,1.0,0,1,0,,,,,2020-09-15 06:26:31
20062829,,,0,,,,,,ROYAL TRAIN,1,0,0,,4,,0,1,0,,,,,2020-09-15 06:26:31
20062889,,,0,,,,,,ANGELA'S FAVORITE,1,0,0,,4,8.0,0,1,0,,,,,2020-09-15 06:26:31
20062925,,,0,,,,,,GIVEITTOMEBABY,1,0,0,,4,,0,1,0,,,,,2020-09-15 06:26:31
20063068,,,0,,,,,,RALLY DEVICE,1,0,0,,4,1.0,0,1,0,,,,,2020-09-15 06:26:31
20063104,,,0,,,,,,CANNTARRA,1,0,0,,4,1.0,0,1,0,,,,,2020-09-15 06:26:31
20063124,,,0,,,,,,SUPER REJECT,1,0,0,,4,8.0,0,1,0,,,,,2020-09-15 06:26:31
20063144,,,0,,,,,,HONEYOFALADY,1,0,0,,4,,0,1,0,,,,,2020-09-15 06:26:31
20063164,,,0,,,,,,UP FOR GOLD,1,0,0,,4,,0,1,0,,,,,2020-09-15 06:26:31
20063200,,,0,,,,,,CASHLEY,1,0,0,,4,,0,1,0,,,,,2020-09-15 06:26:31
20063346,,,0,,,,,,NO RUMOUR,1,0,0,,4,8.0,0,1,0,,,,,2020-09-15 06:26:31
20063366,,,0,,,,,,PATTA,1,0,0,,4,1.0,0,1,0,,,,,2020-09-15 06:26:31
20063386,,,0,,,,,,LITTLE WASP,1,0,0,,4,1.0,0,1,0,,,,,2020-09-15 06:26:31
20063402,,,0,,,,,,SKITTLE QUEEN,1,0,0,,4,1.0,0,1,0,,,,,2020-09-15 06:26:31
20063422,,,0,,,,,,PLEASANT PRINCESS,1,0,0,,4,,0,1,0,,,,,2020-09-15 06:26:31
20063462,,,0,,,,,,SPINNING DE STORM,1,0,0,,4,1.0,0,1,0,,,,,2020-09-15 06:26:31
20063482,,,0,,,,,,LADY JOHVONNIE,1,0,0,,4,1.0,0,1,0,,,,,2020-09-15 06:26:31
20063508,,,0,,,,,,BABY JAZZ,1,0,0,,4,1.0,0,1,0,,,,,2020-09-15 06:26:31
20063528,,,0,,,,,,SENORITA SINKI,1,0,0,,4,,0,1,0,,,,,2020-09-15 06:26:31
20063548,,,0,,,,,,REEL NICE LADY,1,0,0,,4,,0,1,0,,,,,2020-09-15 06:26:31
20063568,,,0,,,,,,DANCING RIDDIM,1,0,0,,4,,0,1,0,,,,,2020-09-15 06:26:31
20063588,,,0,,,,,,BRED FOR SUCCESS,1,0,0,,4,1.0,0,1,0,,,,,2020-09-15 06:26:31
20063604,,,0,,,,,,JAH KARMA,1,0,0,,4,8.0,0,1,0,,,,,2020-09-15 06:26:31
20063624,,,0,,,,,,FALLABAKAMI,1,0,0,,4,1.0,0,1,0,,,,,2020-09-15 06:26:31
20063644,,,0,,,,,,WESTERN STAR,1,0,0,,4,1.0,0,1,0,,,,,2020-09-15 06:26:31
20063664,,,0,,,,,,QUICK AND GRAY,1,0,0,,4,8.0,0,1,0,,,,,2020-09-15 06:26:31
20063700,,,0,,,,,,PROUD AGAIN,1,0,0,,4,,0,1,0,,,,,2020-09-15 06:26:31
20063720,,,0,,,,,,BELOW THE WAIST,1,0,0,,4,8.0,0,1,0,,,,,2020-09-15 06:26:31
20063740,,,0,,,,,,DIAMONDNTHERUFF,1,0,0,,4,,0,1,0,,,,,2020-09-15 06:26:31
20063760,,,0,,,,,,ALEXA'S SONG,1,0,0,,4,8.0,0,1,0,,,,,2020-09-15 06:26:31
20063806,,,0,,,,,,DELAY THE TRIAL,1,0,0,,4,1.0,0,1,0,,,,,2020-09-15 06:26:31
20063826,,,0,,,,,,A THOUSAND OCEAN,1,0,0,,4,8.0,0,1,0,,,,,2020-09-15 06:26:31
20063846,,,0,,,,,,KAREN'S SUPER STAR,1,0,0,,4,1.0,0,1,0,,,,,2020-09-15 06:26:31
20063866,,,0,,,,,,SOCA DANCER,1,0,0,,4,8.0,0,1,0,,,,,2020-09-15 06:26:31
20063886,,,0,,,,,,IT MUST BE FATES,1,0,0,,4,8.0,0,1,0,,,,,2020-09-15 06:26:31
20063902,,,0,,,,,,BRIGHT CHAPEL,1,0,0,,4,,0,1,0,,,,,2020-09-15 06:26:31
20063922,,,0,,,,,,TEXARKANA GIRL,1,0,0,,4,,0,1,0,,,,,2020-09-15 06:26:31
20063942,,,0,,,,,,DECADENCE,1,0,0,,4,,0,1,0,,,,,2020-09-15 06:26:31
20063962,,,0,,,,,,SMARTY MARTY,1,0,0,,4,8.0,0,1,0,,,,,2020-09-15 06:26:31
20063982,,,0,,,,,,PRICELESS BEAUTY,1,0,0,,4,,0,1,0,,,,,2020-09-15 06:26:31
20064005,,,0,,,,,,TRIPPI'S GREATSTAR,1,0,0,,4,1.0,0,1,0,,,,,2020-09-15 06:26:31
20064025,,,0,,,,,,APPROACHABLE,1,0,0,,4,,0,1,0,,,,,2020-09-15 06:26:31
20064101,,,0,,,,,,ASPASIA,1,0,0,,4,1.0,0,1,0,,,,,2020-09-15 06:26:31
20064121,,,0,,,,,,SWEETSAINTOMINE,1,0,0,,4,8.0,0,1,0,,,,,2020-09-15 06:26:31
20064141,,,0,,,,,,CANDY GIRL,1,0,0,,4,1.0,0,1,0,,,,,2020-09-15 06:26:31
20064161,,,0,,,,,,OUR MISS RUTH,1,0,0,,4,1.0,0,1,0,,,,,2020-09-15 06:26:31
20064227,,,0,,,,,,TOUCH OF CHARM,1,0,0,,4,,0,1,0,,,,,2020-09-15 06:26:31
20064287,,,0,,,,,,FLAMING PUNCH,1,0,0,,4,,0,1,0,,,,,2020-09-15 06:26:31
20064303,,,0,,,,,,WITH A SMILE,1,0,0,,4,,0,1,0,,,,,2020-09-15 06:26:31
20064363,,,0,,,,,,BELLA D'ORO,1,0,0,,4,,0,1,0,,,,,2020-09-15 06:26:31
20064383,,,0,,,,,,DOTHETWIST,1,0,0,,4,,0,1,0,,,,,2020-09-15 06:26:31
20064489,,,0,,,,,,SOLEMN,1,0,0,,4,,0,1,0,,,,,2021-05-17 07:14:34
20064525,,,0,,,,,,TAPPEDOUTNEEDSHOES,1,0,0,,4,,0,1,0,,,,,2022-10-15 16:56:00
20064641,,,0,,,,,,DEARIE BE GOOD,1,0,0,,4,,0,1,0,,,,,2022-10-15 16:56:00
20064661,,,0,,,,,,SHE'S A WOW,1,0,0,,4,,0,1,0,,,,,2020-09-15 06:26:31
20064681,,,0,,,,,,TO MY DELIGHT,1,0,0,,4,,0,1,0,,,,,2022-10-15 16:56:00
20070065,,,0,,,,,,LOVEJOY,1,0,0,,4,1.0,0,1,0,,,,,2020-09-15 06:26:31
20070207,,,0,,,,,,DAYTON'S LAW,1,0,0,,4,1.0,0,1,0,,,,,2020-09-15 06:26:31
20070267,,,0,,,,,,WHITE STAR,1,0,0,,4,1.0,0,1,0,,,,,2020-09-15 06:26:31
20070323,,,0,,,,,,SEVEN FOUR SEVEN,1,0,0,,4,,0,1,0,,,,,2020-09-15 06:26:31
20070343,,,0,,,,,,SPY GIRL,1,0,0,,4,8.0,0,1,0,,,,,2020-09-15 06:26:31
20070363,,,0,,,,,,FEMME DOREE,1,0,0,,4,,0,1,0,,,,,2020-09-15 06:26:31
20070409,,,0,,,,,,BLACK MAGIC WOMAN,1,0,0,,4,,0,1,0,,,,,2020-09-15 06:26:31
20070489,,,0,,,,,,MISS CRYSTAL,1,0,0,,4,1.0,0,1,0,,,,,2020-09-15 06:26:31
20070525,,,0,,,,,,MEGAN'S CHOICE,1,0,0,,4,1.0,0,1,0,,,,,2020-09-15 06:26:31
20070565,,,0,,,,,,TODO BIEN,1,0,0,,4,1.0,0,1,0,,,,,2020-09-15 06:26:31
20070621,,,0,,,,,,MICHEPOOH,1,0,0,,4,,0,1,0,,,,,2020-09-15 06:26:31
20070641,,,0,,,,,,MISS ANGELINE,1,0,0,,4,,0,1,0,,,,,2020-09-15 06:26:31
20070681,,,0,,,,,,MISS JAY,1,0,0,,4,,0,1,0,,,,,2022-10-15 16:56:00
20070707,,,0,,,,,,JEN'S PRIDE,1,0,0,,4,1.0,0,1,0,,,,,2020-09-15 06:26:31
20070727,,,0,,,,,,FLYING MARGARETT,1,0,0,,4,1.0,0,1,0,,,,,2020-09-15 06:26:31
20070747,,,0,,,,,,GOODLUCK MS NEIL,1,0,0,,4,,0,1,0,,,,,2020-09-15 06:26:31
20070803,,,0,,,,,,LADY GEETADEO,1,0,0,,4,,0,1,0,,,,,2020-09-15 06:26:31
20070823,,,0,,,,,,LADY BAHIN,1,0,0,,4,8.0,0,1,0,,,,,2020-09-15 06:26:31
20070843,,,0,,,,,,LADY GANGADEO,1,0,0,,4,,0,1,0,,,,,2020-09-15 06:26:31
20070883,,,0,,,,,,THALIBEAU,1,0,0,,4,1.0,0,1,0,,,,,2020-09-15 06:26:31
20070909,,,0,,,,,,MIRACLE RECOVERY,1,0,0,,4,1.0,0,1,0,,,,,2020-09-15 06:26:31
20070969,,,0,,,,,,SWAPPING SECRETS,1,0,0,,4,8.0,0,1,0,,,,,2020-09-15 06:26:31
20071002,,,0,,,,,,FACE TRACKER,1,0,0,,4,,0,1,0,,,,,2020-09-15 06:26:31
20071022,,,0,,,,,,REMMI CASE,1,0,0,,4,,0,1,0,,,,,2020-09-15 06:26:31
20071128,,,0,,,,,,ANNA,1,0,0,,4,8.0,0,1,0,,,,,2020-09-15 06:26:31
20071168,,,0,,,,,,TREND SETTER,1,0,0,,4,11.0,0,1,0,,,,,2020-09-15 06:26:31
20071188,,,0,,,,,,EVER BLESSED,1,0,0,,4,1.0,0,1,0,,,,,2020-09-15 06:26:31
20071204,,,0,,,,,,SALUTE TO MOM,1,0,0,,4,1.0,0,1,0,,,,,2020-09-15 06:26:31
20071224,,,0,,,,,,MORNING GRACE,1,0,0,,4,,0,1,0,,,,,2020-09-15 06:26:31
20071244,,,0,,,,,,GRACIOUS LADY,1,0,0,,4,,0,1,0,,,,,2020-09-15 06:26:31
20071264,,,0,,,,,,CLASSY LADY,1,0,0,,4,1.0,0,1,0,,,,,2020-09-15 06:26:31
20071300,,,0,,,,,,CRUCIAL CAT,1,0,0,,4,8.0,0,1,0,,,,,2020-09-15 06:26:31
20071340,,,0,,,,,,MOMENT OF HOPE,1,0,0,,4,,0,1,0,,,,,2020-09-15 06:26:31
20071360,,,0,,,,,,EMERGENCE,1,0,0,,4,8.0,0,1,0,,,,,2020-09-15 06:26:31
20071426,,,0,,,,,,REGIONAL PRINCESS,1,0,0,,4,1.0,0,1,0,,,,,2020-09-15 06:26:31
20071502,,,0,,,,,,SOCA PARTY,1,0,0,,4,9.0,0,1,0,,,,,2020-09-15 06:26:31
20071542,,,0,,,,,,KAWARTHA,1,0,0,,4,1.0,0,1,0,,,,,2020-09-15 06:26:31
20071608,,,0,,,,,,DIAVIAN CHOICE,1,0,0,,4,,0,1,0,,,,,2020-09-15 06:26:31
20071628,,,0,,,,,,ZIXX,1,0,0,,4,1.0,0,1,0,,,,,2020-09-15 06:26:31
20071648,,,0,,,,,,WILD TRADITION,1,0,0,,4,,0,1,0,,,,,2020-09-15 06:26:31
20071688,,,0,,,,,,ELOPING EMMA,1,0,0,,4,8.0,0,1,0,,,,,2020-09-15 06:26:31
20071704,,,0,,,,,,EXCELLENCE,1,0,0,,4,,0,1,0,,,,,2020-09-15 06:26:31
20071724,,,0,,,,,,FABRICATION,1,0,0,,4,1.0,0,1,0,,,,,2020-09-15 06:26:31
20071744,,,0,,,,,,HERROYALHIGHNESS,1,0,0,,4,,0,1,0,,,,,2020-09-15 06:26:31
20071764,,,0,,,,,,SHE'S SMOKIN,1,0,0,,4,,0,1,0,,,,,2020-09-15 06:26:31
20071784,,,0,,,,,,STAR DIAMOND,1,0,0,,4,,0,1,0,,,,,2020-09-15 06:26:31
20071800,,,0,,,,,,PEACE ON EARTH,1,0,0,,4,1.0,0,1,0,,,,,2020-09-15 06:26:31
20071820,,,0,,,,,,MARHABBA,1,0,0,,4,1.0,0,1,0,,,,,2020-09-15 06:26:31
20071840,,,0,,,,,,MOVIETOWNE GAL,1,0,0,,4,1.0,0,1,0,,,,,2020-09-15 06:26:31
20071860,,,0,,,,,,KAIO-KEN,1,0,0,,4,1.0,0,1,0,,,,,2020-09-15 06:26:31
20071880,,,0,,,,,,CASINO LADY,1,0,0,,4,1.0,0,1,0,,,,,2020-09-15 06:26:31
20071906,,,0,,,,,,OCHUN,1,0,0,,4,1.0,0,1,0,,,,,2020-09-15 06:26:31
20072009,,,0,,,,,,HIGH CUBE,1,0,0,,4,8.0,0,1,0,,,,,2020-09-15 06:26:31
20072089,,,0,,,,,,MISS LEE,1,0,0,,4,,0,1,0,,,,,2020-09-15 06:26:31
20072145,,,0,,,,,,THE GOLDEN ONE,1,0,0,,4,,0,1,0,,,,,2020-09-15 06:26:31
20072165,,,0,,,,,,PRECIOUS DIAMOND,1,0,0,,4,8.0,0,1,0,,,,,2020-09-15 06:26:31
20072241,,,0,,,,,,ROYAL BABY,1,0,0,,4,8.0,0,1,0,,,,,2020-09-15 06:26:31
20072307,,,0,,,,,,REGAL SENSATION,1,0,0,,4,1.0,0,1,0,,,,,2020-09-15 06:26:31
20072327,,,0,,,,,,OSADA,1,0,0,,4,,0,1,0,,,,,2020-09-15 06:26:31
20072367,,,0,,,,,,MOSCATO,1,0,0,,4,1.0,0,1,0,,,,,2020-09-15 06:26:31
20072387,,,0,,,,,,PERFECT LADY,1,0,0,,4,1.0,0,1,0,,,,,2020-09-15 06:26:31
20072483,,,0,,,,,,SCORCHING HOT,1,0,0,,4,8.0,0,1,0,,,,,2020-09-15 06:26:31
20072509,,,0,,,,,,BISCAYNE STARR,1,0,0,,4,,0,1,0,,,,,2020-09-15 06:26:31
20072569,,,0,,,,,,DRUMLINE,1,0,0,,4,1.0,0,1,0,,,,,2020-09-15 06:26:31
20072605,,,0,,,,,,LA VIDA LOCA,1,0,0,,4,9.0,0,1,0,,,,,2020-09-15 06:26:31
20072645,,,0,,,,,,FORTUNATE FIELD,1,0,0,,4,1.0,0,1,0,,,,,2020-09-15 06:26:31
20072665,,,0,,,,,,GRAND CABARET,1,0,0,,4,1.0,0,1,0,,,,,2020-09-15 06:26:31
20072685,,,0,,,,,,LA CHAISE,1,0,0,,4,,0,1,0,,,,,2020-09-15 06:26:31
20072741,,,0,,,,,,WESTERN SUE,1,0,0,,4,1.0,0,1,0,,,,,2020-09-15 06:26:31
20072781,,,0,,,,,,DUSTY MILLY,1,0,0,,4,,0,1,0,,,,,2020-09-15 06:26:31
20072847,,,0,,,,,,ROYAL BEAUTY,1,0,0,,4,,0,1,0,,,,,2020-09-15 06:26:31
20072887,,,0,,,,,,SECRET CODE,1,0,0,,4,,0,1,0,,,,,2020-09-15 06:26:31
20072903,,,0,,,,,,RUN CHARLOTTE RUN,1,0,0,,4,,0,1,0,,,,,2020-09-15 06:26:31
20072943,,,0,,,,,,NUTTIN BUT ZKAIRA,1,0,0,,4,,0,1,0,,,,,2020-09-15 06:26:31
20072963,,,0,,,,,,FOOTSIE CAT,1,0,0,,4,8.0,0,1,0,,,,,2020-09-15 06:26:31
20072983,,,0,,,,,,SWIFT GLORY,1,0,0,,4,8.0,0,1,0,,,,,2020-09-15 06:26:31
20073006,,,0,,,,,,RUN CHARM RUN,1,0,0,,4,8.0,0,1,0,,,,,2020-09-15 06:26:31
20073066,,,0,,,,,,SHE'S SO SHY,1,0,0,,4,1.0,0,1,0,,,,,2020-09-15 06:26:31
20073086,,,0,,,,,,LADY MACBETH,1,0,0,,4,9.0,0,1,0,,,,,2020-09-15 06:26:31
20073102,,,0,,,,,,MONEY SPINNER,1,0,0,,4,,0,1,0,,,,,2020-09-15 06:26:31
20073162,,,0,,,,,,CITY TRAIN,1,0,0,,4,,0,1,0,,,,,2020-09-15 06:26:31
20073208,,,0,,,,,,REGGAE NATION,1,0,0,,4,,0,1,0,,,,,2020-09-15 06:26:31
20073288,,,0,,,,,,GO FLINT GO,1,0,0,,4,,0,1,0,,,,,2020-09-15 06:26:31
20073304,,,0,,,,,,COOL EMBRACE,1,0,0,,4,,0,1,0,,,,,2020-09-15 06:26:31
20073324,,,0,,,,,,STEFFI,1,0,0,,4,1.0,0,1,0,,,,,2020-09-15 06:26:31
20073344,,,0,,,,,,BYE BYE BIRDIE,1,0,0,,4,,0,1,0,,,,,2020-09-15 06:26:31
20073384,,,0,,,,,,SPECTACULAR CAT,1,0,0,,4,8.0,0,1,0,,,,,2020-09-15 06:26:31
20073420,,,0,,,,,,CALL FOR A CAT,1,0,0,,4,,0,1,0,,,,,2022-10-15 16:56:00
20073440,,,0,,,,,,LOOK AWESOME,1,0,0,,4,,0,1,0,,,,,2020-09-15 06:26:31
20073480,,,0,,,,,,QUIET RULER,1,0,0,,4,8.0,0,1,0,,,,,2020-09-15 06:26:31
20073506,,,0,,,,,,VIJAYANTI,1,0,0,,4,8.0,0,1,0,,,,,2020-09-15 06:26:31
20073526,,,0,,,,,,CHADHALIA,1,0,0,,4,8.0,0,1,0,,,,,2020-09-15 06:26:31
20073566,,,0,,,,,,REAL ORPHAN,1,0,0,,4,1.0,0,1,0,,,,,2020-09-15 06:26:31
20073586,,,0,,,,,,GOTTAGO,1,0,0,,4,8.0,0,1,0,,,,,2020-09-15 06:26:31
20073602,,,0,,,,,,TOPLESS ANGEL,1,0,0,,4,8.0,0,1,0,,,,,2020-09-15 06:26:31
20073662,,,0,,,,,,APOINTFORKERRY,1,0,0,,4,8.0,0,1,0,,,,,2020-09-15 06:26:31
20073708,,,0,,,,,,WINGS OF FURY,1,0,0,,4,1.0,0,1,0,,,,,2020-09-15 06:26:31
20073748,,,0,,,,,,AOKI LEI,1,0,0,,4,9.0,0,1,0,,,,,2020-09-15 06:26:31
20073768,,,0,,,,,,CARAZENYATTA,1,0,0,,4,1.0,0,1,0,,,,,2020-09-15 06:26:31
20073804,,,0,,,,,,IRISH SPIRIT,1,0,0,,4,,0,1,0,,,,,2020-09-15 06:26:31
20073864,,,0,,,,,,RITUAL,1,0,0,,4,1.0,0,1,0,,,,,2020-09-15 06:26:31
20073900,,,0,,,,,,CARIBBEAN QUEEN,1,0,0,,4,8.0,0,1,0,,,,,2020-09-15 06:26:31
20073920,,,0,,,,,,OUTRAM RIVER,1,0,0,,4,1.0,0,1,0,,,,,2020-09-15 06:26:31
20073940,,,0,,,,,,LEGAL STEAL,1,0,0,,4,8.0,0,1,0,,,,,2020-09-15 06:26:31
20073960,,,0,,,,,,RUBY D,1,0,0,,4,8.0,0,1,0,,,,,2020-09-15 06:26:31
20074043,,,0,,,,,,ERICA'S DESTINY,1,0,0,,4,,0,1,0,,,,,2020-09-15 06:26:31
20074083,,,0,,,,,,BECAUSEWECAN,1,0,0,,4,1.0,0,1,0,,,,,2020-09-15 06:26:31
20074109,,,0,,,,,,NUBIAN QUEEN,1,0,0,,4,1.0,0,1,0,,,,,2020-09-15 06:26:31
20074129,,,0,,,,,,BRIDE TO BE,1,0,0,,4,1.0,0,1,0,,,,,2020-09-15 06:26:31
20074225,,,0,,,,,,JUST FOR ADDY,1,0,0,,4,1.0,0,1,0,,,,,2020-09-15 06:26:31
20074285,,,0,,,,,,BUSY,1,0,0,,4,1.0,0,1,0,,,,,2020-09-15 06:26:31
20074381,,,0,,,,,,ALLABOUTHECASH,1,0,0,,4,8.0,0,1,0,,,,,2020-09-15 06:26:31
20074407,,,0,,,,,,NISTEL'S ANNETTE,1,0,0,,4,,0,1,0,,,,,2020-09-15 06:26:31
20074427,,,0,,,,,,FLUFFY,1,0,0,,4,1.0,0,1,0,,,,,2020-09-15 06:26:31
20074503,,,0,,,,,,CLASSICAL CAT,1,0,0,,4,8.0,0,1,0,,,,,2020-09-15 06:26:31
20074523,,,0,,,,,,PRINCESS AMOYA,1,0,0,,4,1.0,0,1,0,,,,,2020-09-15 06:26:31
20074543,,,0,,,,,,MADDA MADGE,1,0,0,,4,,0,1,0,,,,,2020-09-15 06:26:31
20074563,,,0,,,,,,MISS MADGE,1,0,0,,4,1.0,0,1,0,,,,,2020-09-15 06:26:31
20074583,,,0,,,,,,TOPANARIS,1,0,0,,4,1.0,0,1,0,,,,,2020-09-15 06:26:31
20074609,,,0,,,,,,TWILIGHT'S DREAM,1,0,0,,4,,0,1,0,,,,,2020-09-15 06:26:31
20074629,,,0,,,,,,WINE AND RED ROSES,1,0,0,,4,1.0,0,1,0,,,,,2020-09-15 06:26:31
20074669,,,0,,,,,,WISELY NOTED,1,0,0,,4,9.0,0,1,0,,,,,2020-09-15 06:26:31
20074689,,,0,,,,,,SAINT EVA,1,0,0,,4,1.0,0,1,0,,,,,2020-09-15 06:26:31
20074725,,,0,,,,,,SAYAMANDA,1,0,0,,4,1.0,0,1,0,,,,,2020-09-15 06:26:31
20074745,,,0,,,,,,KAM TO THE WORLD,1,0,0,,4,8.0,0,1,0,,,,,2020-09-15 06:26:31
20074785,,,0,,,,,,SANTA BABY,1,0,0,,4,1.0,0,1,0,,,,,2020-09-15 06:26:31
20074801,,,0,,,,,,BOOTLESS,1,0,0,,4,,0,1,0,,,,,2020-09-15 06:26:31
20074821,,,0,,,,,,BIANCA QUEEN,1,0,0,,4,,0,1,0,,,,,2020-09-15 06:26:31
20074841,,,0,,,,,,SHANDA D,1,0,0,,4,,0,1,0,,,,,2020-09-15 06:26:31
20074861,,,0,,,,,,SOUL OF THE HEART,1,0,0,,4,,0,1,0,,,,,2020-09-15 06:26:31
20074947,,,0,,,,,,BREATHTAKINGLY,1,0,0,,4,,0,1,0,,,,,2020-09-15 06:26:31
20074983,,,0,,,,,,MY ROLEX,1,0,0,,4,,0,1,0,,,,,2020-09-15 06:26:31
20075020,,,0,,,,,,LOST SPRINGS,1,0,0,,4,,0,1,0,,,,,2020-09-15 06:26:31
20075040,,,0,,,,,,A LOVE THEME,1,0,0,,4,,0,1,0,,,,,2020-09-15 06:26:31
20075146,,,0,,,,,,SPEIGHTSTOWN GIRL,1,0,0,,4,,0,1,0,,,,,2020-09-15 06:26:31
20075166,,,0,,,,,,RING OF FAITH,1,0,0,,4,,0,1,0,,,,,2021-05-17 07:14:35
20075186,,,0,,,,,,MAUDE ONIONS,1,0,0,,4,,0,1,0,,,,,2021-05-17 07:14:35
20075202,,,0,,,,,,SHE'S HOT STUFF,1,0,0,,4,,0,1,0,,,,,2020-09-15 06:26:31
20075242,,,0,,,,,,SHEZACRAZYGIRL,1,0,0,,4,,0,1,0,,,,,2021-05-17 07:14:35
20080063,,,0,,,,,,HURRICANE MICHELLE,1,0,0,,4,1.0,0,1,0,,,,,2020-09-15 06:26:31
20080129,,,0,,,,,,WINNIANA,1,0,0,,4,1.0,0,1,0,,,,,2020-09-15 06:26:31
20080149,,,0,,,,,,CLASSICAL PLEASURE,1,0,0,,4,1.0,0,1,0,,,,,2020-09-15 06:26:31
20080189,,,0,,,,,,DANCING GOLD,1,0,0,,4,1.0,0,1,0,,,,,2020-09-15 06:26:31
20080205,,,0,,,,,,GOOD INVESTMENT,1,0,0,,4,1.0,0,1,0,,,,,2020-09-15 06:26:31
20080245,,,0,,,,,,ROSIE DREAM,1,0,0,,4,1.0,0,1,0,,,,,2020-09-15 06:26:31
20080265,,,0,,,,,,JJ'S GIRL,1,0,0,,4,1.0,0,1,0,,,,,2020-09-15 06:26:31
20080301,,,0,,,,,,BOSTRESS,1,0,0,,4,1.0,0,1,0,,,,,2020-09-15 06:26:31
20080381,,,0,,,,,,CASCINA,1,0,0,,4,8.0,0,1,0,,,,,2020-09-15 06:26:31
20080407,,,0,,,,,,NIPHAL,1,0,0,,4,8.0,0,1,0,,,,,2020-09-15 06:26:31
20080427,,,0,,,,,,SAINT THERESA,1,0,0,,4,1.0,0,1,0,,,,,2020-09-15 06:26:31
20080447,,,0,,,,,,AALIHAAT,1,0,0,,4,8.0,0,1,0,,,,,2020-09-15 06:26:31
20080523,,,0,,,,,,LADY JAGRATI,1,0,0,,4,,0,1,0,,,,,2020-09-15 06:26:31
20080543,,,0,,,,,,LADY RAMKALI,1,0,0,,4,1.0,0,1,0,,,,,2020-09-15 06:26:31
20080563,,,0,,,,,,TERRA MARIQUE,1,0,0,,4,8.0,0,1,0,,,,,2020-09-15 06:26:31
20080609,,,0,,,,,,SWISS ACCOUNT,1,0,0,,4,1.0,0,1,0,,,,,2020-09-15 06:26:31
20080629,,,0,,,,,,LADY MARISA,1,0,0,,4,1.0,0,1,0,,,,,2020-09-15 06:26:31
20080649,,,0,,,,,,QUEEN ADIRA,1,0,0,,4,1.0,0,1,0,,,,,2020-09-15 06:26:31
20080689,,,0,,,,,,LADY IN GOLD,1,0,0,,4,,0,1,0,,,,,2020-09-15 06:26:31
20080725,,,0,,,,,,MOLLY'S COTTONTAIL,1,0,0,,4,1.0,0,1,0,,,,,2020-09-15 06:26:31
20080765,,,0,,,,,,HIDEANDSEEK,1,0,0,,4,8.0,0,1,0,,,,,2020-09-15 06:26:31
20080801,,,0,,,,,,REGION DE NASKRA,1,0,0,,4,1.0,0,1,0,,,,,2020-09-15 06:26:31
20080841,,,0,,,,,,MONEYNEVERSLEEP,1,0,0,,4,1.0,0,1,0,,,,,2020-09-15 06:26:31
20080907,,,0,,,,,,CHARMIN' DIAZ,1,0,0,,4,1.0,0,1,0,,,,,2020-09-15 06:26:31
20080947,,,0,,,,,,MISS MAY,1,0,0,,4,1.0,0,1,0,,,,,2020-09-15 06:26:31
20080967,,,0,,,,,,JJ'S EMPRESS,1,0,0,,4,1.0,0,1,0,,,,,2020-09-15 06:26:31
20080987,,,0,,,,,,FORCED ON ME,1,0,0,,4,1.0,0,1,0,,,,,2020-09-15 06:26:31
20081020,,,0,,,,,,SHE CAN PREACH,1,0,0,,4,1.0,0,1,0,,,,,2020-09-15 06:26:31
20081060,,,0,,,,,,MUST BE MAGIC,1,0,0,,4,9.0,0,1,0,,,,,2020-09-15 06:26:31
20081080,,,0,,,,,,PALACE GUARD,1,0,0,,4,8.0,0,1,0,,,,,2020-09-15 06:26:31
20081106,,,0,,,,,,NO COINCIDENCE,1,0,0,,4,8.0,0,1,0,,,,,2020-09-15 06:26:31
20081126,,,0,,,,,,WAGON WHEEL,1,0,0,,4,8.0,0,1,0,,,,,2020-09-15 06:26:31
20081146,,,0,,,,,,CLUTCH CONTROL,1,0,0,,4,1.0,0,1,0,,,,,2020-09-15 06:26:31
20081186,,,0,,,,,,INSPIRATION,1,0,0,,4,1.0,0,1,0,,,,,2020-09-15 06:26:31
20081202,,,0,,,,,,BLACK PEARL,1,0,0,,4,1.0,0,1,0,,,,,2020-09-15 06:26:31
20081222,,,0,,,,,,SHYANA,1,0,0,,4,8.0,0,1,0,,,,,2020-09-15 06:26:31
20081242,,,0,,,,,,SHE'S SPECTACULAR,1,0,0,,4,1.0,0,1,0,,,,,2020-09-15 06:26:31
20081262,,,0,,,,,,MAMA C,1,0,0,,4,1.0,0,1,0,,,,,2020-09-15 06:26:31
20081308,,,0,,,,,,SECRET NATIVE,1,0,0,,4,1.0,0,1,0,,,,,2020-09-15 06:26:31
20081328,,,0,,,,,,MY PREROGATIVE,1,0,0,,4,1.0,0,1,0,,,,,2020-09-15 06:26:31
20081404,,,0,,,,,,EARLY TRAIN,1,0,0,,4,8.0,0,1,0,,,,,2020-09-15 06:26:31
20081424,,,0,,,,,,ENNISBURG,1,0,0,,4,1.0,0,1,0,,,,,2020-09-15 06:26:31
20081444,,,0,,,,,,DARCAS AMANDA,1,0,0,,4,1.0,0,1,0,,,,,2020-09-15 06:26:31
20081464_dam,,,0,,,,,,RHEA-MARIE,1,0,0,,4,8.0,0,1,0,,,,,2020-09-15 06:26:31
20081484,,,0,,,,,,KENNISHA,1,0,0,,4,8.0,0,1,0,,,,,2020-09-15 06:26:31
20081500,,,0,,,,,,ICE CRYSTAL,1,0,0,,4,8.0,0,1,0,,,,,2020-09-15 06:26:31
20081520,,,0,,,,,,MISSISSAUGA,1,0,0,,4,1.0,0,1,0,,,,,2020-09-15 06:26:31
20081540,,,0,,,,,,DOMASCA DREAMS,1,0,0,,4,1.0,0,1,0,,,,,2020-09-15 06:26:31
20081606,,,0,,,,,,POCKET ACE,1,0,0,,4,1.0,0,1,0,,,,,2020-09-15 06:26:31
20081646,,,0,,,,,,DARK CHOCOLATE,1,0,0,,4,1.0,0,1,0,,,,,2020-09-15 06:26:31
20081686,,,0,,,,,,REEF MAKER,1,0,0,,4,8.0,0,1,0,,,,,2020-09-15 06:26:31
20081702,,,0,,,,,,IMAGE OF THE CAT,1,0,0,,4,1.0,0,1,0,,,,,2020-09-15 06:26:31
20081722,,,0,,,,,,GOLDEN IMAGE,1,0,0,,4,1.0,0,1,0,,,,,2020-09-15 06:26:31
20081762,,,0,,,,,,COOL ROMANCE,1,0,0,,4,1.0,0,1,0,,,,,2020-09-15 06:26:31
20081808,,,0,,,,,,VALIDITY,1,0,0,,4,1.0,0,1,0,,,,,2020-09-15 06:26:31
20081848,,,0,,,,,,NOLINGA,1,0,0,,4,1.0,0,1,0,,,,,2020-09-15 06:26:31
20081868,,,0,,,,,,ZELIHA,1,0,0,,4,8.0,0,1,0,,,,,2020-09-15 06:26:31
20081888,,,0,,,,,,MONEY HONEY,1,0,0,,4,1.0,0,1,0,,,,,2020-09-15 06:26:31
20081904,,,0,,,,,,CHRISTMAS ROSE,1,0,0,,4,8.0,0,1,0,,,,,2020-09-15 06:26:31
20081944,,,0,,,,,,MAGNANIMOUS,1,0,0,,4,1.0,0,1,0,,,,,2020-09-15 06:26:31
20081964,,,0,,,,,,SAGE'S GIFTBOX,1,0,0,,4,1.0,0,1,0,,,,,2020-09-15 06:26:31
20082067,,,0,,,,,,ORIENTAL APPEAL,1,0,0,,4,1.0,0,1,0,,,,,2020-09-15 06:26:31
20082123,,,0,,,,,,ZENSATIONAL,1,0,0,,4,8.0,0,1,0,,,,,2020-09-15 06:26:31
20082143,,,0,,,,,,SENSE OF TRADITION,1,0,0,,4,,0,1,0,,,,,2020-09-15 06:26:31
20082183,,,0,,,,,,ELECTRIFYING,1,0,0,,4,8.0,0,1,0,,,,,2020-09-15 06:26:31
20082209,,,0,,,,,,CHECKITOUT,1,0,0,,4,1.0,0,1,0,,,,,2020-09-15 06:26:31
20082229,,,0,,,,,,METE-ORITE,1,0,0,,4,,0,1,0,,,,,2020-09-15 06:26:31
20082269,,,0,,,,,,THE IRON LADY,1,0,0,,4,1.0,0,1,0,,,,,2020-09-15 06:26:31
20082365,,,0,,,,,,WIN BRACELET,1,0,0,,4,9.0,0,1,0,,,,,2020-09-15 06:26:31
20082401,,,0,,,,,,CARIDAD,1,0,0,,4,8.0,0,1,0,,,,,2020-09-15 06:26:31
20082441,,,0,,,,,,TWOOFUS,1,0,0,,4,1.0,0,1,0,,,,,2020-09-15 06:26:31
20082461,,,0,,,,,,ZARA,1,0,0,,4,9.0,0,1,0,,,,,2020-09-15 06:26:31
20082481,,,0,,,,,,RED GOLD,1,0,0,,4,8.0,0,1,0,,,,,2020-09-15 06:26:31
20082507,,,0,,,,,,LOVETTA JONES,1,0,0,,4,1.0,0,1,0,,,,,2020-09-15 06:26:31
20082527,,,0,,,,,,RIGHT MARKER,1,0,0,,4,8.0,0,1,0,,,,,2020-09-15 06:26:31
20082567,,,0,,,,,,CANDACE,1,0,0,,4,1.0,0,1,0,,,,,2020-09-15 06:26:31
20082603,,,0,,,,,,SAINT MARY,1,0,0,,4,8.0,0,1,0,,,,,2020-09-15 06:26:31
20082643,,,0,,,,,,FREYJA,1,0,0,,4,,0,1,0,,,,,2020-09-15 06:26:31
20082683,,,0,,,,,,BREATH OF LIFE,1,0,0,,4,1.0,0,1,0,,,,,2020-09-15 06:26:31
20082805,,,0,,,,,,ITAINTEASYBEINGME,1,0,0,,4,11.0,0,1,0,,,,,2020-09-15 06:26:31
20082825,,,0,,,,,,FRISSON,1,0,0,,4,1.0,0,1,0,,,,,2020-09-15 06:26:31
20082845,,,0,,,,,,ANNIE OAKLEY,1,0,0,,4,1.0,0,1,0,,,,,2020-09-15 06:26:31
20082865,,,0,,,,,,ALANA'S GOLD,1,0,0,,4,1.0,0,1,0,,,,,2020-09-15 06:26:31
20082901,,,0,,,,,,SANDBATH,1,0,0,,4,8.0,0,1,0,,,,,2020-09-15 06:26:31
20082961,,,0,,,,,,MRS. N,1,0,0,,4,8.0,0,1,0,,,,,2020-09-15 06:26:31
20082981,,,0,,,,,,GETUPSTANDUP,1,0,0,,4,8.0,0,1,0,,,,,2020-09-15 06:26:31
20083044,,,0,,,,,,SWEET KIMILEE,1,0,0,,4,1.0,0,1,0,,,,,2020-09-15 06:26:31
20083064,,,0,,,,,,MY HEARTBEAT,1,0,0,,4,,0,1,0,,,,,2020-09-15 06:26:31
20083084,,,0,,,,,,DALLA FIFTY,1,0,0,,4,8.0,0,1,0,,,,,2020-09-15 06:26:31
20083100,,,0,,,,,,TATTY'S BAD GAL,1,0,0,,4,,0,1,0,,,,,2020-09-15 06:26:31
20083120,,,0,,,,,,SECRET WEAPON,1,0,0,,4,,0,1,0,,,,,2020-09-15 06:26:31
20083180,,,0,,,,,,MISS SASSYCLASSY,1,0,0,,4,1.0,0,1,0,,,,,2020-09-15 06:26:31
20083206,,,0,,,,,,MISS ZACK,1,0,0,,4,1.0,0,1,0,,,,,2020-09-15 06:26:31
20083226,,,0,,,,,,FIMI PRINCESS,1,0,0,,4,1.0,0,1,0,,,,,2020-09-15 06:26:31
20083286,,,0,,,,,,KAYTEE,1,0,0,,4,1.0,0,1,0,,,,,2020-09-15 06:26:31
20083302,,,0,,,,,,DROP THEM,1,0,0,,4,,0,1,0,,,,,2020-09-15 06:26:31
20083322,,,0,,,,,,LUSCIOUS,1,0,0,,4,,0,1,0,,,,,2020-09-15 06:26:31
20083342,,,0,,,,,,DONTSAYAWORD,1,0,0,,4,1.0,0,1,0,,,,,2020-09-15 06:26:31
20083362,,,0,,,,,,STORM WATCH,1,0,0,,4,1.0,0,1,0,,,,,2020-09-15 06:26:31
20083408,,,0,,,,,,BLENDER,1,0,0,,4,9.0,0,1,0,,,,,2020-09-15 06:26:31
20083428,,,0,,,,,,FATTY BUM BUM,1,0,0,,4,,0,1,0,,,,,2020-09-15 06:26:31
20083448,,,0,,,,,,SPECIAL DEGREE,1,0,0,,4,1.0,0,1,0,,,,,2020-09-15 06:26:31
20083488,,,0,,,,,,SEXY REPORTER,1,0,0,,4,1.0,0,1,0,,,,,2020-09-15 06:26:31
20083544,,,0,,,,,,BETTE DAVIS,1,0,0,,4,1.0,0,1,0,,,,,2020-09-15 06:26:31
20083584,,,0,,,,,,PRINCESS PAULA,1,0,0,,4,1.0,0,1,0,,,,,2020-09-15 06:26:32
20083640,,,0,,,,,,LAVANTE,1,0,0,,4,1.0,0,1,0,,,,,2020-09-15 06:26:32
20083660,,,0,,,,,,RIBBON IN THE SKY,1,0,0,,4,8.0,0,1,0,,,,,2020-09-15 06:26:32
20083680,,,0,,,,,,MARQUE TREASURE,1,0,0,,4,8.0,0,1,0,,,,,2020-09-15 06:26:32
20083706,,,0,,,,,,YOU CAN DANCE,1,0,0,,4,1.0,0,1,0,,,,,2020-09-15 06:26:32
20083726,,,0,,,,,,BURNING CLEARANCE,1,0,0,,4,1.0,0,1,0,,,,,2020-09-15 06:26:32
20083746,,,0,,,,,,VITESSE,1,0,0,,4,1.0,0,1,0,,,,,2020-09-15 06:26:32
20083766,,,0,,,,,,QUIET CAT,1,0,0,,4,1.0,0,1,0,,,,,2020-09-15 06:26:32
20083802,,,0,,,,,,RUDY GIRL,1,0,0,,4,8.0,0,1,0,,,,,2020-09-15 06:26:32
20083842,,,0,,,,,,FIRST FLIGHT,1,0,0,,4,1.0,0,1,0,,,,,2020-09-15 06:26:32
20083882,,,0,,,,,,LOOKIN AT LOVELY,1,0,0,,4,1.0,0,1,0,,,,,2020-09-15 06:26:32
20083968,,,0,,,,,,KATHERINETHEGREAT,1,0,0,,4,1.0,0,1,0,,,,,2020-09-15 06:26:32
20083988,,,0,,,,,,CHESTNUT LADY,1,0,0,,4,8.0,0,1,0,,,,,2020-09-15 06:26:32
20084021,,,0,,,,,,LIFE ON THE RUN,1,0,0,,4,8.0,0,1,0,,,,,2020-09-15 06:26:32
20084041,,,0,,,,,,JANET CLASSIC,1,0,0,,4,8.0,0,1,0,,,,,2020-09-15 06:26:32
20084081,,,0,,,,,,NEVER GIVE UP,1,0,0,,4,8.0,0,1,0,,,,,2020-09-15 06:26:32
20084127,,,0,,,,,,SUMMER VICTORY,1,0,0,,4,1.0,0,1,0,,,,,2020-09-15 06:26:32
20084147,,,0,,,,,,SOJOURNER TRUTH,1,0,0,,4,1.0,0,1,0,,,,,2020-09-15 06:26:32
20084167,,,0,,,,,,GAZA SHEREE,1,0,0,,4,8.0,0,1,0,,,,,2020-09-15 06:26:32
20084187,,,0,,,,,,ORCHIST,1,0,0,,4,1.0,0,1,0,,,,,2020-09-15 06:26:32
20084203,,,0,,,,,,SWEET TRAIL,1,0,0,,4,8.0,0,1,0,,,,,2020-09-15 06:26:32
20084223,,,0,,,,,,LITTLE CHUPS,1,0,0,,4,1.0,0,1,0,,,,,2020-09-15 06:26:32
20084243,,,0,,,,,,PALACE GOLD,1,0,0,,4,8.0,0,1,0,,,,,2020-09-15 06:26:32
20084263,,,0,,,,,,MY GIRL NALA,1,0,0,,4,1.0,0,1,0,,,,,2020-09-15 06:26:32
20084329,,,0,,,,,,LEAN HEAD,1,0,0,,4,8.0,0,1,0,,,,,2020-09-15 06:26:32
20084389,,,0,,,,,,LEMONADE,1,0,0,,4,1.0,0,1,0,,,,,2020-09-15 06:26:32
20084405,,,0,,,,,,FIRST OF ALL,1,0,0,,4,8.0,0,1,0,,,,,2020-09-15 06:26:32
20084445,,,0,,,,,,TE-AMO,1,0,0,,4,1.0,0,1,0,,,,,2020-09-15 06:26:32
20084521,,,0,,,,,,DANCE SO SWEET,1,0,0,,4,8.0,0,1,0,,,,,2020-09-15 06:26:32
20084541,,,0,,,,,,INDIAN SPICE,1,0,0,,4,1.0,0,1,0,,,,,2020-09-15 06:26:32
20084647,,,0,,,,,,SHE SELL OFF,1,0,0,,4,,0,1,0,,,,,2020-09-15 06:26:32
20084667,,,0,,,,,,LOVETHEWAYYOUMOVE,1,0,0,,4,1.0,0,1,0,,,,,2020-09-15 06:26:32
20084687,,,0,,,,,,PRETTYLIKEMONEY,1,0,0,,4,8.0,0,1,0,,,,,2020-09-15 06:26:32
20084695,,,0,,,,,,SARAH BARRACUDA,1,0,0,,4,,0,1,0,,,,,2020-09-15 06:26:32
20084703,,,0,,,,,,HARLAN'S DANCER,1,0,0,,4,1.0,0,1,0,,,,,2020-09-15 06:26:32
20084743,,,0,,,,,,GO GO YVONNE,1,0,0,,4,1.0,0,1,0,,,,,2020-09-15 06:26:32
20084763,,,0,,,,,,DA BOOM,1,0,0,,4,8.0,0,1,0,,,,,2020-09-15 06:26:32
20084809,,,0,,,,,,KEEPIN THE PROMISE,1,0,0,,4,1.0,0,1,0,,,,,2020-09-15 06:26:32
20084829,,,0,,,,,,ROYAL VICTRESS,1,0,0,,4,,0,1,0,,,,,2020-09-15 06:26:32
20084849,,,0,,,,,,NYABINGHI,1,0,0,,4,8.0,0,1,0,,,,,2020-09-15 06:26:32
20084869,,,0,,,,,,POMEROY'S SECRET,1,0,0,,4,8.0,0,1,0,,,,,2020-09-15 06:26:32
20084889,,,0,,,,,,SANDSAND,1,0,0,,4,,0,1,0,,,,,2020-09-15 06:26:32
20084905,,,0,,,,,,BREWEDTOPERFECTION,1,0,0,,4,,0,1,0,,,,,2020-09-15 06:26:32
20084945,,,0,,,,,,NOASSEMBLYREQUIRED,1,0,0,,4,1.0,0,1,0,,,,,2020-09-15 06:26:32
20084965,,,0,,,,,,SARAH BARRACUDA,1,0,0,,4,1.0,0,1,0,,,,,2020-09-15 06:26:32
20084985,,,0,,,,,,MAY FAY,1,0,0,,4,,0,1,0,,,,,2020-09-15 06:26:32
20085008,,,0,,,,,,KROLL,1,0,0,,4,1.0,0,1,0,,,,,2020-09-15 06:26:32
20085028,,,0,,,,,,GIACOMO'S PRIDE,1,0,0,,4,,0,1,0,,,,,2020-09-15 06:26:32
20085048,,,0,,,,,,SHANGHAI MISSION,1,0,0,,4,,0,1,0,,,,,2021-05-17 07:14:35
20085104,,,0,,,,,,ABSOLUTE JUSTICE,1,0,0,,4,,0,1,0,,,,,2020-09-15 06:26:32
20085144,,,0,,,,,,LIMBO DANCER,1,0,0,,4,,0,1,0,,,,,2020-09-15 06:26:32
20085164,,,0,,,,,,GOLDEN BLITZ,1,0,0,,4,8.0,0,1,0,,,,,2020-09-15 06:26:32
20085184,,,0,,,,,,TAPPING,1,0,0,,4,9.0,0,1,0,,,,,2020-09-15 06:26:32
20085200,,,0,,,,,,LUMINOUS TRIESTE,1,0,0,,4,8.0,0,1,0,,,,,2020-09-15 06:26:32
20085220,,,0,,,,,,JUST WHISPER,1,0,0,,4,8.0,0,1,0,,,,,2020-09-15 06:26:32
20085240,,,0,,,,,,POWER TO PLEASE,1,0,0,,4,1.0,0,1,0,,,,,2020-09-15 06:26:32
20085260,,,0,,,,,,ONEFASTWILDCAT,1,0,0,,4,,0,1,0,,,,,2020-09-15 06:26:32
20085280,,,0,,,,,,PEGASUS'S WINDOW,1,0,0,,4,,0,1,0,,,,,2020-09-15 06:26:32
20085306,,,0,,,,,,SURE TO CURE,1,0,0,,4,,0,1,0,,,,,2020-09-15 06:26:32
20085326,,,0,,,,,,DIXIELAND BULL,1,0,0,,4,,0,1,0,,,,,2020-09-15 06:26:32
20085346,,,0,,,,,,KALAMKAS,1,0,0,,4,8.0,0,1,0,,,,,2020-09-15 06:26:32
20085386,,,0,,,,,,MC DUFFIE,1,0,0,,4,,0,1,0,,,,,2020-09-15 06:26:32
20085402,,,0,,,,,,HALO JEZABELLE,1,0,0,,4,,0,1,0,,,,,2020-09-15 06:26:32
20085422,,,0,,,,,,LATIN LASHES,1,0,0,,4,,0,1,0,,,,,2020-09-15 06:26:32
20085442,,,0,,,,,,GALAXY MISS,1,0,0,,4,,0,1,0,,,,,2020-09-15 06:26:32
20085462,,,0,,,,,,ROSE OF GLORY,1,0,0,,4,,0,1,0,,,,,2020-09-15 06:26:32
20085482,,,0,,,,,,DREAMINGOFLETA,1,0,0,,4,,0,1,0,,,,,2020-09-15 06:26:32
20085508,,,0,,,,,,HARPSICHORD,1,0,0,,4,,0,1,0,,,,,2020-09-15 06:26:32
20085548,,,0,,,,,,QUIET GRANDEUR,1,0,0,,4,,0,1,0,,,,,2021-05-17 07:14:35
20085568,,,0,,,,,,ROSIESUPTOWN,1,0,0,,4,,0,1,0,,,,,2020-09-15 06:26:32
20085588,,,0,,,,,,INDIAN BLUFF,1,0,0,,4,,0,1,0,,,,,2020-09-15 06:26:32
20085604,,,0,,,,,,CHARMING BEAUTY,1,0,0,,4,,0,1,0,,,,,2021-09-23 06:20:54
20085624,,,0,,,,,,CASUAL KISS,1,0,0,,4,1.0,0,1,0,,,,,2020-09-15 06:26:32
20085700,,,0,,,,,,SWEET MARGI,1,0,0,,4,,0,1,0,,,,,2021-09-23 06:20:54
20085720,,,0,,,,,,DELLA'S SMILE,1,0,0,,4,,0,1,0,,,,,2021-09-23 06:20:54
20085740,,,0,,,,,,LITTLE MISS HOLY,1,0,0,,4,9.0,0,1,0,,,,,2020-09-15 06:26:32
20085760,,,0,,,,,,BLUES IN THE GRASS,1,0,0,,4,,0,1,0,,,,,2021-05-17 07:14:35
20085780,,,0,,,,,,A. J. TANGO,1,0,0,,4,,0,1,0,,,,,2020-09-15 06:26:32
20085806,,,0,,,,,,MISSTERIA,1,0,0,,4,,0,1,0,,,,,2020-09-15 06:26:32
20085846,,,0,,,,,,NOFASHIONSENSE,1,0,0,,4,,0,1,0,,,,,2022-10-15 16:56:01
20085866,,,0,,,,,,READY INTEREST,1,0,0,,4,,0,1,0,,,,,2021-05-17 07:14:35
20085886,,,0,,,,,,LA HAGUE,1,0,0,,4,,0,1,0,,,,,2022-10-15 16:56:01
20085902,,,0,,,,,,FLYING VISION,1,0,0,,4,,0,1,0,,,,,2022-10-15 16:56:01
20086005,,,0,,,,,,MIS VIZCAY,1,0,0,,4,,0,1,0,,,,,2022-10-15 16:56:01
20090041,,,0,,,,,,VICE PRESS,1,0,0,,4,,0,1,0,,,,,2020-09-15 06:26:32
20090061,,,0,,,,,,JAI HO,1,0,0,,4,,0,1,0,,,,,2020-09-15 06:26:32
20090081,,,0,,,,,,LADY SHABANI,1,0,0,,4,1.0,0,1,0,,,,,2020-09-15 06:26:32
20090107,,,0,,,,,,LADY TARKARI,1,0,0,,4,,0,1,0,,,,,2020-09-15 06:26:32
20090127,,,0,,,,,,LADY JAMEELA,1,0,0,,4,1.0,0,1,0,,,,,2020-09-15 06:26:32
20090167,,,0,,,,,,SHE'S SO SPECIAL,1,0,0,,4,8.0,0,1,0,,,,,2020-09-15 06:26:32
20090187,,,0,,,,,,LEGALLY READY,1,0,0,,4,1.0,0,1,0,,,,,2020-09-15 06:26:32
20090203,,,0,,,,,,JUDGE JUDY,1,0,0,,4,1.0,0,1,0,,,,,2020-09-15 06:26:32
20090243,,,0,,,,,,LADY KANCHAN,1,0,0,,4,,0,1,0,,,,,2021-05-17 07:14:35
20090263,,,0,,,,,,STATE OF EMERGENCY,1,0,0,,4,1.0,0,1,0,,,,,2020-09-15 06:26:32
20090349,,,0,,,,,,SATYA TREASURE,1,0,0,,4,1.0,0,1,0,,,,,2020-09-15 06:26:32
20090425,,,0,,,,,,SUPEM AGO HAPPEN,1,0,0,,4,9.0,0,1,0,,,,,2020-09-15 06:26:32
20090465,,,0,,,,,,BOOK OF RULES,1,0,0,,4,1.0,0,1,0,,,,,2020-09-15 06:26:32
20090501,,,0,,,,,,LINDA RICE,1,0,0,,4,,0,1,0,,,,,2020-09-15 06:26:32
20090521,,,0,,,,,,FULL FORCE,1,0,0,,4,,0,1,0,,,,,2020-09-15 06:26:32
20090607,,,0,,,,,,WINNINGITIS,1,0,0,,4,8.0,0,1,0,,,,,2020-09-15 06:26:32
20090627,,,0,,,,,,MY ARI,1,0,0,,4,8.0,0,1,0,,,,,2020-09-15 06:26:32
20090687,,,0,,,,,,HEART BEAT,1,0,0,,4,8.0,0,1,0,,,,,2020-09-15 06:26:32
20090703,,,0,,,,,,ANTOINETTE,1,0,0,,4,,0,1,0,,,,,2020-09-15 06:26:32
20090783,,,0,,,,,,WESTERN ROAD,1,0,0,,4,9.0,0,1,0,,,,,2020-09-15 06:26:32
20090829,,,0,,,,,,TELLER VISION,1,0,0,,4,,0,1,0,,,,,2021-05-17 07:14:35
20090849,,,0,,,,,,SILENT STORM,1,0,0,,4,1.0,0,1,0,,,,,2020-09-15 06:26:32
20090905,,,0,,,,,,PRINCESS WARRIOR,1,0,0,,4,1.0,0,1,0,,,,,2020-09-15 06:26:32
20090925,,,0,,,,,,MAWGA GAL,1,0,0,,4,1.0,0,1,0,,,,,2020-09-15 06:26:32
20090945,,,0,,,,,,MAGNA CUM LAUDE,1,0,0,,4,8.0,0,1,0,,,,,2020-09-15 06:26:32
20090965,,,0,,,,,,GOLD RUSH,1,0,0,,4,9.0,0,1,0,,,,,2020-09-15 06:26:32
20090985,,,0,,,,,,EXOTIC GOLD,1,0,0,,4,9.0,0,1,0,,,,,2020-09-15 06:26:32
20091008,,,0,,,,,,MY FRIEND LUCY,1,0,0,,4,1.0,0,1,0,,,,,2020-09-15 06:26:32
20091028,,,0,,,,,,EMINENCE GRISE,1,0,0,,4,8.0,0,1,0,,,,,2020-09-15 06:26:32
20091048,,,0,,,,,,D'ANGEL,1,0,0,,4,,0,1,0,,,,,2020-09-15 06:26:32
20091164,,,0,,,,,,EUSEBIA,1,0,0,,4,8.0,0,1,0,,,,,2020-09-15 06:26:32
20091200,,,0,,,,,,ONE STOP,1,0,0,,4,,0,1,0,,,,,2020-09-15 06:26:32
20091240,,,0,,,,,,FEARLESS BABE,1,0,0,,4,,0,1,0,,,,,2020-09-15 06:26:32
20091260,,,0,,,,,,SUNSHINE CITY,1,0,0,,4,1.0,0,1,0,,,,,2020-09-15 06:26:32
20091346,,,0,,,,,,SILVER SHADOWS,1,0,0,,4,,0,1,0,,,,,2020-09-15 06:26:32
20091366,,,0,,,,,,BLOW BABY BLOW,1,0,0,,4,1.0,0,1,0,,,,,2020-09-15 06:26:32
20091422,,,0,,,,,,NEENO,1,0,0,,4,8.0,0,1,0,,,,,2020-09-15 06:26:32
20091462,,,0,,,,,,PRICELESS GOLD,1,0,0,,4,8.0,0,1,0,,,,,2020-09-15 06:26:32
20091482,,,0,,,,,,MOM'S SECRET,1,0,0,,4,,0,1,0,,,,,2020-09-15 06:26:32
20091624,,,0,,,,,,AWESOME CAMILLE,1,0,0,,4,1.0,0,1,0,,,,,2020-09-15 06:26:32
20091644,,,0,,,,,,SUNSHINE GIRL,1,0,0,,4,8.0,0,1,0,,,,,2020-09-15 06:26:32
20091664,,,0,,,,,,EARLY EDITION,1,0,0,,4,1.0,0,1,0,,,,,2020-09-15 06:26:32
20091684,,,0,,,,,,PEPPERMINT,1,0,0,,4,1.0,0,1,0,,,,,2020-09-15 06:26:32
20091760,,,0,,,,,,PLEASURE TRAIN,1,0,0,,4,1.0,0,1,0,,,,,2020-09-15 06:26:32
20091806,,,0,,,,,,OPULENT,1,0,0,,4,1.0,0,1,0,,,,,2020-09-15 06:26:32
20091846,,,0,,,,,,BONNIE,1,0,0,,4,1.0,0,1,0,,,,,2020-09-15 06:26:32
20091886,,,0,,,,,,EYE SPY,1,0,0,,4,1.0,0,1,0,,,,,2020-09-15 06:26:32
20091922,,,0,,,,,,DAZZLIN,1,0,0,,4,1.0,0,1,0,,,,,2020-09-15 06:26:32
20091982,,,0,,,,,,VERONICA B,1,0,0,,4,8.0,0,1,0,,,,,2020-09-15 06:26:32
20092085,,,0,,,,,,I'M ALLWRIGHT,1,0,0,,4,8.0,0,1,0,,,,,2020-09-15 06:26:32
20092101,,,0,,,,,,KAYLA FELECIA,1,0,0,,4,,0,1,0,,,,,2020-09-15 06:26:32
20092121,,,0,,,,,,LADY ANGELICA,1,0,0,,4,8.0,0,1,0,,,,,2020-09-15 06:26:32
20092141,,,0,,,,,,PRINCESS GEETA,1,0,0,,4,,0,1,0,,,,,2020-09-15 06:26:32
20092161,,,0,,,,,,POINSETTIA HEIGHTS,1,0,0,,4,8.0,0,1,0,,,,,2020-09-15 06:26:32
20092181,,,0,,,,,,DIAL A PRAYER,1,0,0,,4,8.0,0,1,0,,,,,2020-09-15 06:26:32
20092207,,,0,,,,,,CLASSIC PRINCESS,1,0,0,,4,,0,1,0,,,,,2022-10-15 16:56:01
20092247,,,0,,,,,,INSIDIOUS,1,0,0,,4,1.0,0,1,0,,,,,2020-09-15 06:26:32
20092267,,,0,,,,,,FLYING AZIMUT,1,0,0,,4,1.0,0,1,0,,,,,2020-09-15 06:26:32
20092287,,,0,,,,,,LADYLIKE,1,0,0,,4,9.0,0,1,0,,,,,2020-09-15 06:26:32
20092303,,,0,,,,,,DISTORTION,1,0,0,,4,,0,1,0,,,,,2020-09-15 06:26:32
20092363,,,0,,,,,,SOVEREIGN OVER ALL,1,0,0,,4,8.0,0,1,0,,,,,2020-09-15 06:26:32
20092383,,,0,,,,,,LISA VIBES,1,0,0,,4,,0,1,0,,,,,2020-09-15 06:26:32
20092429,,,0,,,,,,ALISONBEE,1,0,0,,4,8.0,0,1,0,,,,,2020-09-15 06:26:32
20092449,,,0,,,,,,SHE'S TRADITIONAL,1,0,0,,4,,0,1,0,,,,,2020-09-15 06:26:32
20092489,,,0,,,,,,ROCKETEER,1,0,0,,4,1.0,0,1,0,,,,,2020-09-15 06:26:32
20092505,,,0,,,,,,LITTLE THUNDER,1,0,0,,4,,0,1,0,,,,,2020-09-15 06:26:32
20092545,,,0,,,,,,LADY ALISON,1,0,0,,4,,0,1,0,,,,,2020-09-15 06:26:32
20092585,,,0,,,,,,CHALCEDONY,1,0,0,,4,8.0,0,1,0,,,,,2020-09-15 06:26:32
20092601,,,0,,,,,,AMICABLE,1,0,0,,4,1.0,0,1,0,,,,,2020-09-15 06:26:32
20092681,,,0,,,,,,MEROVINGIAN QUEEN,1,0,0,,4,,0,1,0,,,,,2020-09-15 06:26:32
20092767,,,0,,,,,,STAR FLYER,1,0,0,,4,,0,1,0,,,,,2020-09-15 06:26:32
20092787,,,0,,,,,,PRETTY WOMAN,1,0,0,,4,1.0,0,1,0,,,,,2020-09-15 06:26:32
20092863,,,0,,,,,,THE VIBES LADY,1,0,0,,4,,0,1,0,,,,,2020-09-15 06:26:32
20092949,,,0,,,,,,RUNAWAY QUEEN,1,0,0,,4,1.0,0,1,0,,,,,2020-09-15 06:26:32
20093022,,,0,,,,,,SPARKLE HAVEN,1,0,0,,4,1.0,0,1,0,,,,,2020-09-15 06:26:32
20093042,,,0,,,,,,PINK ROSES,1,0,0,,4,,0,1,0,,,,,2020-09-15 06:26:32
20093062_dam,,,0,,,,,,EAZY STEPPING,1,0,0,,4,1.0,0,1,0,,,,,2020-09-15 06:26:32
20093128,,,0,,,,,,NAFEESA,1,0,0,,4,1.0,0,1,0,,,,,2020-09-15 06:26:32
20093168,,,0,,,,,,EIGHTEEN KARAT,1,0,0,,4,,0,1,0,,,,,2020-09-15 06:26:32
20093188,,,0,,,,,,MARCH PEN,1,0,0,,4,8.0,0,1,0,,,,,2020-09-15 06:26:32
20093204,,,0,,,,,,MARCI THE BUTCHER,1,0,0,,4,1.0,0,1,0,,,,,2020-09-15 06:26:32
20093224,,,0,,,,,,MEDICAL CAT,1,0,0,,4,,0,1,0,,,,,2021-05-17 07:14:35
20093244,,,0,,,,,,IT'S A GIFT,1,0,0,,4,8.0,0,1,0,,,,,2020-09-15 06:26:32
20093264,,,0,,,,,,WITHOUT A TRACE,1,0,0,,4,8.0,0,1,0,,,,,2020-09-15 06:26:32
20093300,,,0,,,,,,STORMY CAT,1,0,0,,4,1.0,0,1,0,,,,,2020-09-15 06:26:32
20093340,,,0,,,,,,FANCY CAT,1,0,0,,4,,0,1,0,,,,,2020-09-15 06:26:32
20093360,,,0,,,,,,SPECIAL REPORT,1,0,0,,4,8.0,0,1,0,,,,,2020-09-15 06:26:32
20093446,,,0,,,,,,PRINCIPAL CHANTAL,1,0,0,,4,8.0,0,1,0,,,,,2020-09-15 06:26:32
20093502,,,0,,,,,,TRICKY NIKKI,1,0,0,,4,,0,1,0,,,,,2020-09-15 06:26:32
20093522,,,0,,,,,,LIL' COUNTRY GIRL,1,0,0,,4,,0,1,0,,,,,2020-09-15 06:26:32
20093582,,,0,,,,,,PRECIOUS LILLY,1,0,0,,4,1.0,0,1,0,,,,,2020-09-15 06:26:32
20093608,,,0,,,,,,DREAM BIG,1,0,0,,4,,0,1,0,,,,,2020-09-15 06:26:32
20093648,,,0,,,,,,DANCING WIZARD,1,0,0,,4,1.0,0,1,0,,,,,2020-09-15 06:26:32
20093668,,,0,,,,,,ASHLEY'S GOLD,1,0,0,,4,8.0,0,1,0,,,,,2020-09-15 06:26:32
20093704,,,0,,,,,,HIDDEN AGENDA,1,0,0,,4,1.0,0,1,0,,,,,2020-09-15 06:26:32
20093820,,,0,,,,,,CASH GLOBAL,1,0,0,,4,1.0,0,1,0,,,,,2020-09-15 06:26:32
20093880,,,0,,,,,,SAHARA,1,0,0,,4,8.0,0,1,0,,,,,2020-09-15 06:26:32
20093906,,,0,,,,,,THE REAL TRAIN,1,0,0,,4,1.0,0,1,0,,,,,2020-09-15 06:26:32
20093926,,,0,,,,,,VERIFY,1,0,0,,4,,0,1,0,,,,,2020-09-15 06:26:32
20094009,,,0,,,,,,SISTA MARGARETT,1,0,0,,4,1.0,0,1,0,,,,,2020-09-15 06:26:32
20094029,,,0,,,,,,THE REAL RHYTHM,1,0,0,,4,1.0,0,1,0,,,,,2020-09-15 06:26:32
20094165,,,0,,,,,,EMPRESS FLUFFY,1,0,0,,4,1.0,0,1,0,,,,,2020-09-15 06:26:32
20094221,,,0,,,,,,POCKET ROCKET,1,0,0,,4,,0,1,0,,,,,2020-09-15 06:26:32
20094281,,,0,,,,,,MARINE DRIVE,1,0,0,,4,,0,1,0,,,,,2020-09-15 06:26:32
20094387,,,0,,,,,,ABSINTHE,1,0,0,,4,8.0,0,1,0,,,,,2020-09-15 06:26:32
20094509,,,0,,,,,,MUJER DE MILAGROS,1,0,0,,4,,0,1,0,,,,,2020-09-15 06:26:32
20094569,,,0,,,,,,MOI LEI,1,0,0,,4,8.0,0,1,0,,,,,2020-09-15 06:26:32
20094589,,,0,,,,,,TIGRENIAN,1,0,0,,4,8.0,0,1,0,,,,,2020-09-15 06:26:32
20094645,,,0,,,,,,TANTALOO,1,0,0,,4,1.0,0,1,0,,,,,2020-09-15 06:26:32
20094665,,,0,,,,,,AMANDA PANDA,1,0,0,,4,9.0,0,1,0,,,,,2020-09-15 06:26:32
20094781,,,0,,,,,,WHAT A HONEY,1,0,0,,4,,0,1,0,,,,,2020-09-15 06:26:32
20094807,,,0,,,,,,KIPLING WEEKEND,1,0,0,,4,8.0,0,1,0,,,,,2020-09-15 06:26:32
20094812,,,0,,,,,,DASHBOARD LIGHT,1,0,0,,4,,0,1,0,,,,,2020-09-15 06:26:32
20094847,,,0,,,,,,PRETTY TING,1,0,0,,4,8.0,0,1,0,,,,,2020-09-15 06:26:32
20094923,,,0,,,,,,PRETTY GISELLE,1,0,0,,4,,0,1,0,,,,,2020-09-15 06:26:32
20094943,,,0,,,,,,LEGALISE IT,1,0,0,,4,8.0,0,1,0,,,,,2020-09-15 06:26:32
20095026,,,0,,,,,,MOON SHADOW,1,0,0,,4,1.0,0,1,0,,,,,2020-09-15 06:26:32
20095182,,,0,,,,,,COMMANDRA AFFAIR,1,0,0,,4,,0,1,0,,,,,2020-09-15 06:26:32
20095208,,,0,,,,,,ALL IS MINE,1,0,0,,4,9.0,0,1,0,,,,,2020-09-15 06:26:32
20095248,,,0,,,,,,MISS BOSS LADY,1,0,0,,4,1.0,0,1,0,,,,,2020-09-15 06:26:32
20095268,,,0,,,,,,SAFE JOURNEY,1,0,0,,4,8.0,0,1,0,,,,,2020-09-15 06:26:32
20095288,,,0,,,,,,PEARL APPEAL,1,0,0,,4,8.0,0,1,0,,,,,2020-09-15 06:26:32
20095324,,,0,,,,,,NOON IT IS,1,0,0,,4,9.0,0,1,0,,,,,2020-09-15 06:26:32
20095344,,,0,,,,,,ALPHALETTA,1,0,0,,4,9.0,0,1,0,,,,,2020-09-15 06:26:32
20095364,,,0,,,,,,DO MY DUTY,1,0,0,,4,,0,1,0,,,,,2020-09-15 06:26:32
20095384,,,0,,,,,,DOUBLE BUTTON,1,0,0,,4,8.0,0,1,0,,,,,2020-09-15 06:26:32
20095400,,,0,,,,,,ABICADABBY,1,0,0,,4,,0,1,0,,,,,2020-09-15 06:26:32
20095420,,,0,,,,,,FORCE FACTOR,1,0,0,,4,,0,1,0,,,,,2021-09-23 06:20:54
20095440,,,0,,,,,,JAH LOVE,1,0,0,,4,8.0,0,1,0,,,,,2020-09-15 06:26:32
20095460,,,0,,,,,,LADY FOREMAN,1,0,0,,4,1.0,0,1,0,,,,,2020-09-15 06:26:32
20095480,,,0,,,,,,PRINCESS NIYAH,1,0,0,,4,1.0,0,1,0,,,,,2020-09-15 06:26:32
20095506,,,0,,,,,,PENYATTA,1,0,0,,4,,0,1,0,,,,,2020-09-15 06:26:32
20095526,,,0,,,,,,LIPSTICK LILLY,1,0,0,,4,,0,1,0,,,,,2020-09-15 06:26:32
20095602,,,0,,,,,,DREAM POINT,1,0,0,,4,,0,1,0,,,,,2020-09-15 06:26:32
20095642,,,0,,,,,,FIRST SUSHI,1,0,0,,4,9.0,0,1,0,,,,,2020-09-15 06:26:32
20095662,,,0,,,,,,KITSILANO,1,0,0,,4,1.0,0,1,0,,,,,2020-09-15 06:26:32
20095682,,,0,,,,,,ESENTZOFBERNARDINI,1,0,0,,4,,0,1,0,,,,,2020-09-15 06:26:32
20095708,,,0,,,,,,LASTOCHKA,1,0,0,,4,1.0,0,1,0,,,,,2020-09-15 06:26:32
20095728,,,0,,,,,,WHAT A EXPERIENCE,1,0,0,,4,,0,1,0,,,,,2020-09-15 06:26:32
20095748,,,0,,,,,,SHAHALEE SLAMMER,1,0,0,,4,,0,1,0,,,,,2020-09-15 06:26:32
20095768,,,0,,,,,,AUGUSTA QUEEN,1,0,0,,4,,0,1,0,,,,,2020-09-15 06:26:32
20095788,,,0,,,,,,TRACEY'S LEGACY,1,0,0,,4,,0,1,0,,,,,2020-09-15 06:26:32
20095824,,,0,,,,,,SWEET DIXIE GAL,1,0,0,,4,,0,1,0,,,,,2020-09-15 06:26:32
20095844,,,0,,,,,,ESCANDALOSA,1,0,0,,4,,0,1,0,,,,,2021-09-23 06:20:54
20095864,,,0,,,,,,REFLECTIVE IMAGE,1,0,0,,4,,0,1,0,,,,,2020-09-15 06:26:32
20095884,,,0,,,,,,BLUGRASS ATATUDE,1,0,0,,4,,0,1,0,,,,,2020-09-15 06:26:32
20095900,,,0,,,,,,GOLDEN BUCKET,1,0,0,,4,,0,1,0,,,,,2020-09-15 06:26:32
20095960,,,0,,,,,,BIG TOWNER,1,0,0,,4,,0,1,0,,,,,2022-10-15 16:56:01
20096023,,,0,,,,,,QUEST FOR CANDY,1,0,0,,4,,0,1,0,,,,,2020-09-15 06:26:32
20100028,,,0,,,,,,OLYMPIC PROSPECT,1,0,0,,4,1.0,0,1,0,,,,,2020-09-15 06:26:32
20100088,,,0,,,,,,THUNDER HEART,1,0,0,,4,1.0,0,1,0,,,,,2020-09-15 06:26:32
20100184,,,0,,,,,,LADY BELRIDGE,1,0,0,,4,1.0,0,1,0,,,,,2020-09-15 06:26:32
20100200,,,0,,,,,,MISTY,1,0,0,,4,,0,1,0,,,,,2020-09-15 06:26:32
20100220,,,0,,,,,,NIPPIT,1,0,0,,4,8.0,0,1,0,,,,,2020-09-15 06:26:32
20100240_dam,,,0,,,,,,SHADE OF BEAUTY,1,0,0,,4,1.0,0,1,0,,,,,2020-09-15 06:26:32
20100280,,,0,,,,,,FASTANDFLASHY,1,0,0,,4,1.0,0,1,0,,,,,2020-09-15 06:26:32
20100306,,,0,,,,,,WESTERN ROSE,1,0,0,,4,1.0,0,1,0,,,,,2020-09-15 06:26:32
20100346,,,0,,,,,,OLD BRIDLE,1,0,0,,4,8.0,0,1,0,,,,,2020-09-15 06:26:32
20100366,,,0,,,,,,BUBBLE GAL BUBBLE,1,0,0,,4,1.0,0,1,0,,,,,2020-09-15 06:26:32
20100422,,,0,,,,,,FIRST MIKAYLA,1,0,0,,4,1.0,0,1,0,,,,,2020-09-15 06:26:32
20100462,,,0,,,,,,GO GO TRAIN,1,0,0,,4,,0,1,0,,,,,2020-09-15 06:26:32
20100482,,,0,,,,,,WINESHA,1,0,0,,4,8.0,0,1,0,,,,,2020-09-15 06:26:32
20100508,,,0,,,,,,NINA PRIMERA,1,0,0,,4,1.0,0,1,0,,,,,2020-09-15 06:26:32
20100528,,,0,,,,,,STAROFTHETOWN,1,0,0,,4,8.0,0,1,0,,,,,2020-09-15 06:26:32
20100548,,,0,,,,,,QUEEN OF THE TOWN,1,0,0,,4,1.0,0,1,0,,,,,2020-09-15 06:26:32
20100568,,,0,,,,,,EXOTIC SELECTION,1,0,0,,4,,0,1,0,,,,,2020-09-15 06:26:32
20100644,,,0,,,,,,ABELIA,1,0,0,,4,1.0,0,1,0,,,,,2020-09-15 06:26:32
20100664,,,0,,,,,,LADY FELISHA,1,0,0,,4,9.0,0,1,0,,,,,2020-09-15 06:26:32
20100684,,,0,,,,,,ARGENTINA,1,0,0,,4,8.0,0,1,0,,,,,2020-09-15 06:26:32
20100700,,,0,,,,,,EL REGALO,1,0,0,,4,8.0,0,1,0,,,,,2020-09-15 06:26:32
20100780,,,0,,,,,,TURBO MACHINE,1,0,0,,4,,0,1,0,,,,,2020-09-15 06:26:32
20100806,,,0,,,,,,GRAN CORAZON,1,0,0,,4,1.0,0,1,0,,,,,2020-09-15 06:26:32
20100826,,,0,,,,,,ELUSIVE DREAM,1,0,0,,4,1.0,0,1,0,,,,,2020-09-15 06:26:32
20100846,,,0,,,,,,GREAT BROWN,1,0,0,,4,8.0,0,1,0,,,,,2020-09-15 06:26:32
20100866,,,0,,,,,,DOCTOR OF MERIT,1,0,0,,4,1.0,0,1,0,,,,,2020-09-15 06:26:32
20100886,,,0,,,,,,PRINCESS SHANEIL,1,0,0,,4,,0,1,0,,,,,2020-09-15 06:26:32
20100902,,,0,,,,,,ETTU ORACLE,1,0,0,,4,1.0,0,1,0,,,,,2020-09-15 06:26:32
20100922,,,0,,,,,,LOOKATMENOW,1,0,0,,4,1.0,0,1,0,,,,,2020-09-15 06:26:32
20100942,,,0,,,,,,KHADILIAH,1,0,0,,4,,0,1,0,,,,,2020-09-15 06:26:32
20100982,,,0,,,,,,MISS DOROTHY,1,0,0,,4,1.0,0,1,0,,,,,2020-09-15 06:26:32
20101005,,,0,,,,,,CARPE DIEM,1,0,0,,4,8.0,0,1,0,,,,,2020-09-15 06:26:32
20101025,,,0,,,,,,SPICE,1,0,0,,4,1.0,0,1,0,,,,,2020-09-15 06:26:32
20101045,,,0,,,,,,ASIA'S DREAM,1,0,0,,4,9.0,0,1,0,,,,,2020-09-15 06:26:32
20101121,,,0,,,,,,PAID OUR DUES,1,0,0,,4,1.0,0,1,0,,,,,2020-09-15 06:26:32
20101161,,,0,,,,,,SALINO,1,0,0,,4,1.0,0,1,0,,,,,2020-09-15 06:26:32
20101207,,,0,,,,,,SILVER SANDS,1,0,0,,4,9.0,0,1,0,,,,,2020-09-15 06:26:32
20101227,,,0,,,,,,MYSTIC MAGIC,1,0,0,,4,1.0,0,1,0,,,,,2020-09-15 06:26:32
20101247,,,0,,,,,,COUNTRY TRAIN,1,0,0,,4,1.0,0,1,0,,,,,2020-09-15 06:26:32
20101267,,,0,,,,,,TYPE TWO,1,0,0,,4,1.0,0,1,0,,,,,2020-09-15 06:26:32
20101287,,,0,,,,,,CITRONELLA,1,0,0,,4,1.0,0,1,0,,,,,2020-09-15 06:26:32
20101383,,,0,,,,,,THE MARSHAL'S DIVA,1,0,0,,4,1.0,0,1,0,,,,,2020-09-15 06:26:32
20101429,,,0,,,,,,PARALEGAL,1,0,0,,4,8.0,0,1,0,,,,,2020-09-15 06:26:32
20101449,,,0,,,,,,WESTQUEENSTREET,1,0,0,,4,1.0,0,1,0,,,,,2020-09-15 06:26:32
20101469,,,0,,,,,,SWIFT GOLD,1,0,0,,4,1.0,0,1,0,,,,,2020-09-15 06:26:32
20101489,,,0,,,,,,MARISHA STAR,1,0,0,,4,8.0,0,1,0,,,,,2020-09-15 06:26:32
20101525,,,0,,,,,,DARLIN EMMA,1,0,0,,4,1.0,0,1,0,,,,,2020-09-15 06:26:32
20101545,,,0,,,,,,BAS CHOICE,1,0,0,,4,1.0,0,1,0,,,,,2020-09-15 06:26:32
20101565,,,0,,,,,,BLAME IT ON ME,1,0,0,,4,1.0,0,1,0,,,,,2020-09-15 06:26:32
20101585,,,0,,,,,,DIAMOND PRINCESS,1,0,0,,4,8.0,0,1,0,,,,,2020-09-15 06:26:32
20101601,,,0,,,,,,ZACAPA,1,0,0,,4,,0,1,0,,,,,2020-09-15 06:26:32
20101621,,,0,,,,,,SHAMROCK,1,0,0,,4,1.0,0,1,0,,,,,2020-09-15 06:26:32
20101641,,,0,,,,,,TOOTING KAT,1,0,0,,4,8.0,0,1,0,,,,,2020-09-15 06:26:32
20101661,,,0,,,,,,FIERCEANDFABULOUS,1,0,0,,4,1.0,0,1,0,,,,,2020-09-15 06:26:32
20101681,,,0,,,,,,MONEY MOVE,1,0,0,,4,1.0,0,1,0,,,,,2020-09-15 06:26:32
20101707,,,0,,,,,,MAMA BLOSSOM,1,0,0,,4,,0,1,0,,,,,2020-09-15 06:26:32
20101747,,,0,,,,,,SYSI,1,0,0,,4,,0,1,0,,,,,2020-09-15 06:26:32
20101787,,,0,,,,,,TENNESEE HUSTLER,1,0,0,,4,1.0,0,1,0,,,,,2020-09-15 06:26:32
20101803,,,0,,,,,,WARRIOR PRINCESS,1,0,0,,4,1.0,0,1,0,,,,,2020-09-15 06:26:32
20101823,,,0,,,,,,BRILLIANT ACE,1,0,0,,4,1.0,0,1,0,,,,,2020-09-15 06:26:32
20101843,,,0,,,,,,CEREBRA,1,0,0,,4,,0,1,0,,,,,2020-09-15 06:26:32
20101909,,,0,,,,,,SHE'S A CUTIE,1,0,0,,4,1.0,0,1,0,,,,,2020-09-15 06:26:32
20101929,,,0,,,,,,DECAPOLIS,1,0,0,,4,1.0,0,1,0,,,,,2020-09-15 06:26:32
20101949,,,0,,,,,,GIRL ON FIRE,1,0,0,,4,1.0,0,1,0,,,,,2020-09-15 06:26:32
20102022,,,0,,,,,,PHALAENOPSIS,1,0,0,,4,9.0,0,1,0,,,,,2020-09-15 06:26:32
20102062,,,0,,,,,,PRINCESS SASSY,1,0,0,,4,1.0,0,1,0,,,,,2020-09-15 06:26:32
20102082,,,0,,,,,,PRINCESS SALLEMA,1,0,0,,4,8.0,0,1,0,,,,,2020-09-15 06:26:32
20102120,,,0,,,,,,TWINKLING ROSE,1,0,0,,4,,0,1,0,,,,,2020-09-15 06:26:32
20102128,,,0,,,,,,TWINKLING ROSE,1,0,0,,4,,0,1,0,,,,,2020-09-15 06:26:32
20102148,,,0,,,,,,REIGN OF DEFTINY,1,0,0,,4,8.0,0,1,0,,,,,2020-09-15 06:26:32
20102224,,,0,,,,,,BOX A MONEY,1,0,0,,4,8.0,0,1,0,,,,,2020-09-15 06:26:32
20102320,,,0,,,,,,BELIEVE,1,0,0,,4,8.0,0,1,0,,,,,2020-09-15 06:26:32
20102340,,,0,,,,,,NOOKLIN BRIDGE,1,0,0,,4,1.0,0,1,0,,,,,2020-09-15 06:26:32
20102380,,,0,,,,,,ANARKALI,1,0,0,,4,1.0,0,1,0,,,,,2020-09-15 06:26:32
20102446,,,0,,,,,,LADY ABHIJITA,1,0,0,,4,1.0,0,1,0,,,,,2020-09-15 06:26:32
20102466,,,0,,,,,,JAVINE,1,0,0,,4,1.0,0,1,0,,,,,2020-09-15 06:26:32
20102502,,,0,,,,,,FANTABULOUS,1,0,0,,4,8.0,0,1,0,,,,,2020-09-15 06:26:32
20102522,,,0,,,,,,WAR CHIP,1,0,0,,4,8.0,0,1,0,,,,,2020-09-15 06:26:32
20102542,,,0,,,,,,MIRACLE RUN,1,0,0,,4,8.0,0,1,0,,,,,2020-09-15 06:26:32
20102562,,,0,,,,,,PRINCESS SHINE,1,0,0,,4,1.0,0,1,0,,,,,2020-09-15 06:26:32
20102582,,,0,,,,,,LADY NAJARIYA,1,0,0,,4,1.0,0,1,0,,,,,2020-09-15 06:26:32
20102628,,,0,,,,,,LADY SHARVANI,1,0,0,,4,8.0,0,1,0,,,,,2020-09-15 06:26:32
20102648,,,0,,,,,,LADY TEREEKA,1,0,0,,4,8.0,0,1,0,,,,,2020-09-15 06:26:32
20102668,,,0,,,,,,PLAY STATION,1,0,0,,4,1.0,0,1,0,,,,,2020-09-15 06:26:32
20102704,,,0,,,,,,ALWAYS READY,1,0,0,,4,1.0,0,1,0,,,,,2020-09-15 06:26:32
20102744,,,0,,,,,,LET DE CAT PURR,1,0,0,,4,1.0,0,1,0,,,,,2020-09-15 06:26:32
20102764,,,0,,,,,,OFFICIAL REPORT,1,0,0,,4,1.0,0,1,0,,,,,2020-09-15 06:26:32
20102784,,,0,,,,,,DOUBLE DE CAT,1,0,0,,4,8.0,0,1,0,,,,,2020-09-15 06:26:32
20102820,,,0,,,,,,ENHANCE PROSPERITY,1,0,0,,4,1.0,0,1,0,,,,,2020-09-15 06:26:32
20102840,,,0,,,,,,AWAY ON TIME,1,0,0,,4,1.0,0,1,0,,,,,2020-09-15 06:26:32
20102860,,,0,,,,,,LADY GAURI,1,0,0,,4,8.0,0,1,0,,,,,2020-09-15 06:26:32
20102880,,,0,,,,,,MOREBULLETSTOFIRE,1,0,0,,4,1.0,0,1,0,,,,,2020-09-15 06:26:32
20102906_dam,,,0,,,,,,TIMEFORACAT,1,0,0,,4,1.0,0,1,0,,,,,2020-09-15 06:26:32
20102926,,,0,,,,,,CATTALOGUE,1,0,0,,4,1.0,0,1,0,,,,,2020-09-15 06:26:32
20102966,,,0,,,,,,MIA BREYANNA,1,0,0,,4,1.0,0,1,0,,,,,2020-09-15 06:26:32
20102986,,,0,,,,,,WATER WAVE,1,0,0,,4,1.0,0,1,0,,,,,2020-09-15 06:26:32
20103049,,,0,,,,,,GENUINE FRIEND,1,0,0,,4,1.0,0,1,0,,,,,2020-09-15 06:26:32
20103069,,,0,,,,,,YES SHE WILL,1,0,0,,4,11.0,0,1,0,,,,,2020-09-15 06:26:32
20103089,,,0,,,,,,PERFECT GOLD,1,0,0,,4,1.0,0,1,0,,,,,2020-09-15 06:26:32
20103105,,,0,,,,,,ROCK 'A' WAY,1,0,0,,4,,0,1,0,,,,,2021-05-17 07:14:36
20103125,,,0,,,,,,ZOEY ON FIRE,1,0,0,,4,1.0,0,1,0,,,,,2020-09-15 06:26:32
20103145,,,0,,,,,,BLESSTINE,1,0,0,,4,8.0,0,1,0,,,,,2020-09-15 06:26:32
20103185,,,0,,,,,,GREATER GLORY,1,0,0,,4,1.0,0,1,0,,,,,2020-09-15 06:26:32
20103201,,,0,,,,,,LARUSA,1,0,0,,4,8.0,0,1,0,,,,,2020-09-15 06:26:32
20103261,,,0,,,,,,GRATITUDE,1,0,0,,4,1.0,0,1,0,,,,,2020-09-15 06:26:32
20103307,,,0,,,,,,BABY BRIANNA,1,0,0,,4,9.0,0,1,0,,,,,2020-09-15 06:26:32
20103327,,,0,,,,,,WHO'S ORCHID,1,0,0,,4,8.0,0,1,0,,,,,2020-09-15 06:26:32
20103347,,,0,,,,,,WHO GOES THERE,1,0,0,,4,1.0,0,1,0,,,,,2020-09-15 06:26:32
20103367,,,0,,,,,,FIGHTFORYOURRIGHT,1,0,0,,4,1.0,0,1,0,,,,,2020-09-15 06:26:32
20103387,,,0,,,,,,SHE'S A WIZ,1,0,0,,4,,0,1,0,,,,,2020-09-15 06:26:32
20103423,,,0,,,,,,STAR DREAMER,1,0,0,,4,1.0,0,1,0,,,,,2020-09-15 06:26:32
20103443,,,0,,,,,,MISS IVY,1,0,0,,4,1.0,0,1,0,,,,,2020-09-15 06:26:32
20103463,,,0,,,,,,JAHLENE AND KIKI,1,0,0,,4,8.0,0,1,0,,,,,2020-09-15 06:26:32
20103509,,,0,,,,,,MELODY SAINT,1,0,0,,4,8.0,0,1,0,,,,,2020-09-15 06:26:32
20103529,,,0,,,,,,FAIT ACCOMPLI,1,0,0,,4,,0,1,0,,,,,2020-09-15 06:26:32
20103549,,,0,,,,,,ONE A CHULLO,1,0,0,,4,1.0,0,1,0,,,,,2020-09-15 06:26:32
20103569,,,0,,,,,,JOYFUL RAKOTA,1,0,0,,4,1.0,0,1,0,,,,,2020-09-15 06:26:32
20103589,,,0,,,,,,FUR ELYSSE,1,0,0,,4,1.0,0,1,0,,,,,2020-09-15 06:26:32
20103625,,,0,,,,,,LITTLE MAMA MIA,1,0,0,,4,1.0,0,1,0,,,,,2020-09-15 06:26:32
20103665,,,0,,,,,,TASHARA,1,0,0,,4,,0,1,0,,,,,2020-09-15 06:26:32
20103741_dam,,,0,,,,,,CLEARLY OURS,1,0,0,,4,1.0,0,1,0,,,,,2020-09-15 06:26:32
20103761,,,0,,,,,,INFANTRY OFFICER,1,0,0,,4,1.0,0,1,0,,,,,2020-09-15 06:26:32
20103847_dam,,,0,,,,,,MINNIFFIA,1,0,0,,4,8.0,0,1,0,,,,,2020-09-15 06:26:32
20103867,,,0,,,,,,NASEEN,1,0,0,,4,8.0,0,1,0,,,,,2020-09-15 06:26:32
20103887,,,0,,,,,,SUMMER HAZE,1,0,0,,4,8.0,0,1,0,,,,,2020-09-15 06:26:32
20103903,,,0,,,,,,PUNTER'S CRY,1,0,0,,4,1.0,0,1,0,,,,,2020-09-15 06:26:32
20103923,,,0,,,,,,PRINCESS SHEMIKA,1,0,0,,4,8.0,0,1,0,,,,,2020-09-15 06:26:32
20104006,,,0,,,,,,BASIC INSTINCT,1,0,0,,4,8.0,0,1,0,,,,,2020-09-15 06:26:32
20104026,,,0,,,,,,NANNYTHEREALTHING,1,0,0,,4,1.0,0,1,0,,,,,2020-09-15 06:26:32
20104046,,,0,,,,,,HERECOMESTROUBLE,1,0,0,,4,1.0,0,1,0,,,,,2020-09-15 06:26:32
20104066,,,0,,,,,,ANNISA,1,0,0,,4,8.0,0,1,0,,,,,2020-09-15 06:26:32
20104086,,,0,,,,,,SISTER YVONNE,1,0,0,,4,1.0,0,1,0,,,,,2020-09-15 06:26:32
20104122,,,0,,,,,,WONDAMARQ,1,0,0,,4,8.0,0,1,0,,,,,2020-09-15 06:26:32
20104228,,,0,,,,,,LADY MARCIANNE,1,0,0,,4,8.0,0,1,0,,,,,2020-09-15 06:26:32
20104248,,,0,,,,,,MIDNIGHT IN PARIS,1,0,0,,4,8.0,0,1,0,,,,,2020-09-15 06:26:32
20104304,,,0,,,,,,CITY FLIGHT,1,0,0,,4,,0,1,0,,,,,2020-09-15 06:26:32
20104344,,,0,,,,,,PROUD SONG,1,0,0,,4,,0,1,0,,,,,2021-05-17 07:14:36
20104364,,,0,,,,,,PRECIOUS PUMPKIN,1,0,0,,4,1.0,0,1,0,,,,,2020-09-15 06:26:32
20104400,,,0,,,,,,PLEASANT ENDING,1,0,0,,4,1.0,0,1,0,,,,,2020-09-15 06:26:32
20104420,,,0,,,,,,IT'S NOT NICE,1,0,0,,4,8.0,0,1,0,,,,,2020-09-15 06:26:33
20104440,,,0,,,,,,GENTLE OFFICER,1,0,0,,4,,0,1,0,,,,,2020-09-15 06:26:33
20104460,,,0,,,,,,SMOKIN SPECIAL,1,0,0,,4,1.0,0,1,0,,,,,2020-09-15 06:26:33
20104506,,,0,,,,,,TRINKET BOX,1,0,0,,4,8.0,0,1,0,,,,,2020-09-15 06:26:33
20104526,,,0,,,,,,THE LADY SCORED,1,0,0,,4,,0,1,0,,,,,2021-05-17 07:14:36
20104546,,,0,,,,,,STARLIGHT EXCHANGE,1,0,0,,4,9.0,0,1,0,,,,,2020-09-15 06:26:33
20104586,,,0,,,,,,URGENT APPEAL,1,0,0,,4,,0,1,0,,,,,2021-05-17 07:14:36
20104622,,,0,,,,,,ALIENATE,1,0,0,,4,8.0,0,1,0,,,,,2020-09-15 06:26:33
20104662_dam,,,0,,,,,,THIS IS SHE,1,0,0,,4,,0,1,0,,,,,2021-05-17 07:14:36
20104682,,,0,,,,,,RIVER RHYTHM,1,0,0,,4,,0,1,0,,,,,2022-10-15 16:56:01
20104708,,,0,,,,,,MYNTZ CONNECTION,1,0,0,,4,,0,1,0,,,,,2020-09-15 06:26:33
20104748,,,0,,,,,,SKY LASSIE,1,0,0,,4,,0,1,0,,,,,2020-09-15 06:26:33
20104804,,,0,,,,,,LIL MISS RICHIE,1,0,0,,4,,0,1,0,,,,,2022-10-15 16:56:01
20104844,,,0,,,,,,VILLANO,1,0,0,,4,,0,1,0,,,,,2020-09-15 06:26:33
20104864,,,0,,,,,,FIP FLAP,1,0,0,,4,,0,1,0,,,,,2020-09-15 06:26:33
20104980,,,0,,,,,,COUNTESS CLARE,1,0,0,,4,,0,1,0,,,,,2022-10-15 16:56:01
20105003,,,0,,,,,,BLAST OFF,1,0,0,,4,1.0,0,1,0,,,,,2022-10-15 16:56:01
20110026,,,0,,,,,,SPARKLING MICHAELA,1,0,0,,4,,0,1,0,,,,,2022-10-15 16:56:01
20110046,,,0,,,,,,ASCENSEUR,1,0,0,,4,8.0,0,1,0,,,,,2020-09-15 06:26:33
20110066,,,0,,,,,,RAISE YOUR VOICE,1,0,0,,4,,0,1,0,,,,,2022-10-15 16:56:01
20110086,,,0,,,,,,LADY MANDI,1,0,0,,4,,0,1,0,,,,,2020-09-15 06:26:33
20110102,,,0,,,,,,GOLDSTARDANCER,1,0,0,,4,,0,1,0,,,,,2022-10-15 16:56:01
20110162,,,0,,,,,,GOLD PRICE,1,0,0,,4,,0,1,0,,,,,2020-09-15 06:26:33
20110248,,,0,,,,,,GOLD NUT,1,0,0,,4,,0,1,0,,,,,2020-09-15 06:26:33
20110344,,,0,,,,,,IRISH DIRECTOR,1,0,0,,4,,0,1,0,,,,,2020-09-15 06:26:33
20110400,,,0,,,,,,MISS EMILY,1,0,0,,4,,0,1,0,,,,,2020-09-15 06:26:33
20110460,,,0,,,,,,BREEZY,1,0,0,,4,,0,1,0,,,,,2022-10-15 16:56:01
20110526,,,0,,,,,,MOM RULES,1,0,0,,4,,0,1,0,,,,,2020-09-15 06:26:33
20110566,,,0,,,,,,SOUND OF MIRACLE,1,0,0,,4,,0,1,0,,,,,2022-10-15 16:56:01
20110586,,,0,,,,,,LADY SHANKARI,1,0,0,,4,,0,1,0,,,,,2021-05-17 07:14:36
20110642,,,0,,,,,,THISGIRLISONFIRE,1,0,0,,4,,0,1,0,,,,,2020-09-15 06:26:33
20110728,,,0,,,,,,AUNT HILDA,1,0,0,,4,,0,1,0,,,,,2022-10-15 16:56:01
20110920,,,0,,,,,,FULL THROTTLE,1,0,0,,4,,0,1,0,,,,,2020-09-15 06:26:33
20111083,,,0,,,,,,ALL THAT MATTERS,1,0,0,,4,,0,1,0,,,,,2020-09-15 06:26:33
20111129,,,0,,,,,,GEISHA'S GLORY,1,0,0,,4,,0,1,0,,,,,2021-05-17 07:14:36
20111189,,,0,,,,,,HERECOMESTHEBREEZE,1,0,0,,4,,0,1,0,,,,,2021-05-17 07:14:36
20111265,,,0,,,,,,LITTLE SISTER,1,0,0,,4,,0,1,0,,,,,2020-09-15 06:26:33
20111407,,,0,,,,,,DESTINY'S CHOICE,1,0,0,,4,,0,1,0,,,,,2020-09-15 06:26:33
20111629,,,0,,,,,,DELTA DAWN,1,0,0,,4,,0,1,0,,,,,2020-09-15 06:26:33
20111669,,,0,,,,,,DUNKIRK'S EVITA,1,0,0,,4,,0,1,0,,,,,2020-09-15 06:26:33
20111689,,,0,,,,,,AWAY AWAY,1,0,0,,4,,0,1,0,,,,,2020-09-15 06:26:33
20111725,,,0,,,,,,SEA OF GALILEE,1,0,0,,4,,0,1,0,,,,,2020-09-15 06:26:33
20111821,,,0,,,,,,BUBBLING ANGELINE,1,0,0,,4,,0,1,0,,,,,2020-09-15 06:26:33
20111881,,,0,,,,,,RUMBLE,1,0,0,,4,,0,1,0,,,,,2020-09-15 06:26:33
20111907,,,0,,,,,,MIRACLE DOCTOR,1,0,0,,4,1.0,0,1,0,,,,,2022-10-15 16:56:01
20112146,,,0,,,,,,WOMAN IS BOSS,1,0,0,,4,,0,1,0,,,,,2020-09-15 06:26:33
20112202,,,0,,,,,,HIJA DE REINA,1,0,0,,4,,0,1,0,,,,,2021-05-17 07:14:36
20112404,,,0,,,,,,IDON'TKNOW,1,0,0,,4,,0,1,0,,,,,2022-10-15 16:56:01
20112540,,,0,,,,,,GLORIOUS CAUSE,1,0,0,,4,,0,1,0,,,,,2021-09-23 06:20:54
20112666,,,0,,,,,,STORM GIRL,1,0,0,,4,,0,1,0,,,,,2020-09-15 06:26:33
20113007,,,0,,,,,,ANGKOR WAT,1,0,0,,4,,0,1,0,,,,,2020-09-15 06:26:33
20113027,,,0,,,,,,NO PAIN NO GAIN,1,0,0,,4,,0,1,0,,,,,2022-10-15 16:56:01
20113163,,,0,,,,,,SAVANNA RAE,1,0,0,,4,,0,1,0,,,,,2022-10-15 16:56:01
20113249,,,0,,,,,,JANIBOUTICE,1,0,0,,4,,0,1,0,,,,,2021-05-17 07:14:36
20113385,,,0,,,,,,LUCKYBEGOOD,1,0,0,,4,,0,1,0,,,,,2022-10-15 16:56:01
20113401,,,0,,,,,,FOR TRIXIE,1,0,0,,4,,0,1,0,,,,,2020-09-15 06:26:33
20113421,,,0,,,,,,FEASIBILITY STUDY,1,0,0,,4,8.0,0,1,0,,,,,2020-09-15 06:26:33
20113467,,,0,,,,,,HARBOR THE DREAM,1,0,0,,4,,0,1,0,,,,,2020-09-15 06:26:33
20113481,,,0,,,,,,OBADE,1,0,0,,4,,0,1,0,,,,,2020-09-15 06:26:33
20113507,,,0,,,,,,KANDI WITH A K,1,0,0,,4,,0,1,0,,,,,2022-10-15 16:56:01
20113547,,,0,,,,,,MOONLIGHT BREW,1,0,0,,4,,0,1,0,,,,,2020-09-15 06:26:33
20113587,,,0,,,,,,KENZIE'S CHARM,1,0,0,,4,8.0,0,1,0,,,,,2021-05-17 07:14:36
20113623,,,0,,,,,,DICOLAS SPRAT,1,0,0,,4,,0,1,0,,,,,2022-10-15 16:56:01
20113638,,,0,,,,,,TRACKING POLL,1,0,0,,4,,0,1,0,,,,,2022-10-15 16:56:01
20113643,,,0,,,,,,SHY GIRL,1,0,0,,4,,0,1,0,,,,,2020-09-15 06:26:33
20113663,,,0,,,,,,PUZ'LER,1,0,0,,4,,0,1,0,,,,,2020-09-15 06:26:33
20113683,,,0,,,,,,WIN CRAFTY,1,0,0,,4,,0,1,0,,,,,2020-09-15 06:26:33
20113709,,,0,,,,,,TRULY TRUDY,1,0,0,,4,,0,1,0,,,,,2021-05-17 07:14:36
20113749,,,0,,,,,,HOLY COWGIRL,1,0,0,,4,,0,1,0,,,,,2022-10-15 16:56:01
20113789,,,0,,,,,,VISIONARY WONDER,1,0,0,,4,,0,1,0,,,,,2022-10-15 16:56:01
20113845,,,0,,,,,,BOSSY GAL,1,0,0,,4,,0,1,0,,,,,2020-09-15 06:26:33
20113885,,,0,,,,,,ONE HOT ROMANCE,1,0,0,,4,,0,1,0,,,,,2022-10-15 16:56:01
20113921,,,0,,,,,,HOT SQUEEZE,1,0,0,,4,,0,1,0,,,,,2021-05-17 07:14:36
20113941,,,0,,,,,,CERTAIN QUALITY,1,0,0,,4,,0,1,0,,,,,2021-05-17 07:14:36
20113961,,,0,,,,,,INDIAN CONDUCT,1,0,0,,4,,0,1,0,,,,,2022-10-15 16:56:01
20120044,,,0,,,,,,GRANVILLE GRETA,1,0,0,,4,1.0,0,1,0,,,,,2020-09-15 06:26:33
20120064,,,0,,,,,,POLLY FLINDERS,1,0,0,,4,,0,1,0,,,,,2020-09-15 06:26:33
20120084,,,0,,,,,,PLUCKY LIEGE,1,0,0,,4,1.0,0,1,0,,,,,2020-09-15 06:26:33
20120120,,,0,,,,,,LIQUID LADY,1,0,0,,4,,0,1,0,,,,,2020-09-15 06:26:33
20120266,,,0,,,,,,SASSY SLEW,1,0,0,,4,,0,1,0,,,,,2020-09-15 06:26:33
20120584,,,0,,,,,,WINGS OF HOPE,1,0,0,,4,8.0,0,1,0,,,,,2021-05-17 07:14:36
20120600,,,0,,,,,,KIRI,1,0,0,,4,,0,1,0,,,,,2022-10-15 16:56:01
20120680_dam,,,0,,,,,,MICHELLE THE BOSS,1,0,0,,4,,0,1,0,,,,,2021-09-23 06:20:54
20121001,,,0,,,,,,CHINITAGOODAZ,1,0,0,,4,,0,1,0,,,,,2020-09-15 06:26:33
20121061,,,0,,,,,,GOLD CHARM,1,0,0,,4,,0,1,0,,,,,2022-10-15 16:56:01
20121147,,,0,,,,,,MOM'S STUDENT,1,0,0,,4,8.0,0,1,0,,,,,2021-05-17 07:14:36
20121445,,,0,,,,,,I HAVE A DREAM,1,0,0,,4,,0,1,0,,,,,2021-05-17 07:14:36
20121465,,,0,,,,,,IMPETUS,1,0,0,,4,,0,1,0,,,,,2021-09-23 06:20:54
20121485,,,0,,,,,,FANTASY,1,0,0,,4,8.0,0,1,0,,,,,2022-10-15 16:56:01
20121521,,,0,,,,,,MAMA BROWN,1,0,0,,4,,0,1,0,,,,,2020-09-15 06:26:33
20121627,,,0,,,,,,BLACK TREASURE,1,0,0,,4,,0,1,0,,,,,2021-05-17 07:14:36
20121743,,,0,,,,,,SININ FUN,1,0,0,,4,,0,1,0,,,,,2020-09-15 06:26:33
20121889,,,0,,,,,,A CUT ABOVE,1,0,0,,4,,0,1,0,,,,,2020-09-15 06:26:33
20121965,,,0,,,,,,KARLIE,1,0,0,,4,,0,1,0,,,,,2022-10-15 16:56:01
20122048,,,0,,,,,,IMAGE EMPRESS,1,0,0,,4,,0,1,0,,,,,2021-05-17 07:14:36
20122280,,,0,,,,,,MAMETA,1,0,0,,4,,0,1,0,,,,,2022-10-15 16:56:01
20122366,,,0,,,,,,PRIMETIME,1,0,0,,4,,0,1,0,,,,,2021-05-17 07:14:36
20122371,,,0,,,,,,LEGAL ADVISER,1,0,0,,4,,0,1,0,,,,,2020-09-15 06:26:33
20122442,,,0,,,,,,LADY ELAINE,1,0,0,,4,,0,1,0,,,,,2022-10-15 16:56:01
20122528,,,0,,,,,,MYANGEL,1,0,0,,4,,0,1,0,,,,,2021-09-23 06:20:54
20122588,,,0,,,,,,FIFTYSHADESOFRAY,1,0,0,,4,1.0,0,1,0,,,,,2022-10-15 16:56:01
20123085,,,0,,,,,,JESSE'S FAVORITE,1,0,0,,4,,0,1,0,,,,,2022-10-15 16:56:01
20123101,,,0,,,,,,BERRANCA,1,0,0,,4,,0,1,0,,,,,2021-05-17 07:14:36
20123287,,,0,,,,,,COME DANCE WITH ME,1,0,0,,4,,0,1,0,,,,,2021-09-23 06:20:54
20123303,,,0,,,,,,HAIL DE CAT,1,0,0,,4,,0,1,0,,,,,2021-09-23 06:20:54
20123505,,,0,,,,,,VALLEY OF QUEENS,1,0,0,,4,,0,1,0,,,,,2022-10-15 16:56:01
20123601,,,0,,,,,,IAMALLABOUTTHEBEST,1,0,0,,4,,0,1,0,,,,,2022-10-15 16:56:01
20123803,,,0,,,,,,ELLE'S PEGASUS,1,0,0,,4,,0,1,0,,,,,2020-09-15 06:26:33
20123823,,,0,,,,,,MI PASION,1,0,0,,4,,0,1,0,,,,,2021-09-23 06:20:54
20123843,,,0,,,,,,TACOBELLA,1,0,0,,4,8.0,0,1,0,,,,,2021-05-17 07:14:36
20123863,,,0,,,,,,CATFIGHT COWGIRL,1,0,0,,4,,0,1,0,,,,,2021-05-17 07:14:36
20123909,,,0,,,,,,SAVE MORE,1,0,0,,4,,0,1,0,,,,,2020-09-15 06:26:33
20123929,,,0,,,,,,KAIT'S GREAT,1,0,0,,4,,0,1,0,,,,,2020-09-15 06:26:33
20123949,,,0,,,,,,FLATTER ME THERESE,1,0,0,,4,,0,1,0,,,,,2021-05-17 07:14:36
20123989,,,0,,,,,,TINCA'S SKY,1,0,0,,4,,0,1,0,,,,,2020-09-15 06:26:33
20124002,,,0,,,,,,SALTY TALK,1,0,0,,4,,0,1,0,,,,,2020-09-15 06:26:33
20124022,,,0,,,,,,BELPIANA,1,0,0,,4,,0,1,0,,,,,2020-09-15 06:26:33
20124042,,,0,,,,,,CASSIDYS VALENTINE,1,0,0,,4,,0,1,0,,,,,2020-09-15 06:26:33
20124062,,,0,,,,,,FAST ACTION,1,0,0,,4,,0,1,0,,,,,2020-09-15 06:26:33
20124148,,,0,,,,,,JADAM,1,0,0,,4,,0,1,0,,,,,2020-09-15 06:26:33
20124204,,,0,,,,,,FINALLY RITTALI,1,0,0,,4,,0,1,0,,,,,2022-10-15 16:56:01
20124224,,,0,,,,,,FOROBVIOUSREASONS,1,0,0,,4,,0,1,0,,,,,2021-05-17 07:14:36
20124244,,,0,,,,,,LITTLE JENNY,1,0,0,,4,,0,1,0,,,,,2022-10-15 16:56:01
20124264,,,0,,,,,,REDHEADS RULE,1,0,0,,4,,0,1,0,,,,,2020-09-15 06:26:33
20124300,,,0,,,,,,ANNIE BELLE,1,0,0,,4,,0,1,0,,,,,2022-10-15 16:56:01
20124340,,,0,,,,,,STUNNING TASTE,1,0,0,,4,,0,1,0,,,,,2022-10-15 16:56:01
20124360,,,0,,,,,,MADELYN'S FINEST,1,0,0,,4,,0,1,0,,,,,2022-10-15 16:56:01
20124380,,,0,,,,,,PINATA CAT,1,0,0,,4,,0,1,0,,,,,2022-10-15 16:56:01
20130022,,,0,,,,,,MALACHITE,1,0,0,,4,,0,1,0,,,,,2020-09-15 06:26:33
20130042,,,0,,,,,,LADY COMFREY,1,0,0,,4,,0,1,0,,,,,2020-09-15 06:26:33
20130062,,,0,,,,,,SCAPA FLOW,1,0,0,,4,,0,1,0,,,,,2020-09-15 06:26:33
20130082,,,0,,,,,,SERENISSIMA,1,0,0,,4,1.0,0,1,0,,,,,2020-09-15 06:26:33
20130108,,,0,,,,,,THEGIRLNEXTDOOR,1,0,0,,4,,0,1,0,,,,,2022-10-15 16:56:01
20130128,,,0,,,,,,WONDER GIRL,1,0,0,,4,,0,1,0,,,,,2021-05-17 07:14:36
20130204,,,0,,,,,,AURA MAS,1,0,0,,4,,0,1,0,,,,,2022-10-15 16:56:01
20130224,,,0,,,,,,ASHLEY CALL,1,0,0,,4,,0,1,0,,,,,2022-10-15 16:56:01
20130340,,,0,,,,,,MAGGIE'S WAY,1,0,0,,4,,0,1,0,,,,,2021-09-23 06:20:54
20130466,,,0,,,,,,GLOBAL,1,0,0,,4,,0,1,0,,,,,2021-09-23 06:20:54
20130486,,,0,,,,,,SHEZA SPY,1,0,0,,4,,0,1,0,,,,,2022-10-15 16:56:01
20130608,,,0,,,,,,KEEP THE FAITH,1,0,0,,4,,0,1,0,,,,,2020-09-15 06:26:33
20130648,,,0,,,,,,RACKHAM MISTRESS,1,0,0,,4,,0,1,0,,,,,2022-10-15 16:56:01
20130764,,,0,,,,,,CATEGORY FIVE,1,0,0,,4,,0,1,0,,,,,2021-05-17 07:14:36
20130946,,,0,,,,,,ROYAL DUTCH,1,0,0,,4,,0,1,0,,,,,2020-09-15 06:26:33
20131009,,,0,,,,,,GOLDEN GLORY,1,0,0,,4,,0,1,0,,,,,2021-09-23 06:20:54
20131089,,,0,,,,,,CLASSY AVIATOR,1,0,0,,4,,0,1,0,,,,,2022-10-15 16:56:01
20131110,,,0,,,,,,BREWEDTOPERFECTION,1,0,0,,4,,0,1,0,,,,,2020-09-15 06:26:33
20131307,,,0,,,,,,RUNNING STAR,1,0,0,,4,,0,1,0,,,,,2022-10-15 16:56:01
20131665,,,0,,,,,,RUBY ROSE,1,0,0,,4,,0,1,0,,,,,2022-10-15 16:56:01
20131741,,,0,,,,,,HONEY DARLIN,1,0,0,,4,,0,1,0,,,,,2021-09-23 06:20:54
20131887,,,0,,,,,,AUNTIE RHONDA,1,0,0,,4,,0,1,0,,,,,2022-10-15 16:56:01
20131943,,,0,,,,,,FEDORA,1,0,0,,4,,0,1,0,,,,,2022-10-15 16:56:01
20132084,,,0,,,,,,DANCEHALL SWEET,1,0,0,,4,,0,1,0,,,,,2021-09-23 06:20:54
20132228,,,0,,,,,,BOOGYWOOGYPRINCESS,1,0,0,,4,,0,1,0,,,,,2022-10-15 16:56:01
20132384,,,0,,,,,,DANCEHALL SWEET,1,0,0,,4,,0,1,0,,,,,2021-09-23 06:20:54
20133129,,,0,,,,,,RUNAWAY GAL,1,0,0,,4,,0,1,0,,,,,2021-05-17 07:14:36
20133341,,,0,,,,,,NUCLEAR AFFAIR,1,0,0,,4,,0,1,0,,,,,2021-05-17 07:14:36
20133407_dam,,,0,,,,,,MY ANGEL BRIANNAH,1,0,0,,4,,0,1,0,,,,,2022-10-15 16:56:01
20133861,,,0,,,,,,AWESOME DESTINY,1,0,0,,4,,0,1,0,,,,,2022-10-15 16:56:01
20133907,,,0,,,,,,REJECTED SLEW,1,0,0,,4,,0,1,0,,,,,2022-10-15 16:56:01
20134020,,,0,,,,,,KALAMATA,1,0,0,,4,,0,1,0,,,,,2022-10-15 16:56:01
20134040,,,0,,,,,,BLUFIELD,1,0,0,,4,,0,1,0,,,,,2020-09-15 06:26:33
20134080,,,0,,,,,,MISUNIFY,1,0,0,,4,,0,1,0,,,,,2022-10-15 16:56:01
20134126,,,0,,,,,,ALWAYS IN THE MOOD,1,0,0,,4,,0,1,0,,,,,2021-05-17 07:14:36
20134166,,,0,,,,,,GAINING TRACTION,1,0,0,,4,,0,1,0,,,,,2022-10-15 16:56:01
20134202,,,0,,,,,,FITZROVIA,1,0,0,,4,,0,1,0,,,,,2021-05-17 07:14:36
20134222,,,0,,,,,,PONTIFICATIN,1,0,0,,4,,0,1,0,,,,,2021-05-17 07:14:36
20134262,,,0,,,,,,SWIFT FOX,1,0,0,,4,,0,1,0,,,,,2022-10-15 16:56:01
20134282,,,0,,,,,,CREME DE LA,1,0,0,,4,,0,1,0,,,,,2022-10-15 16:56:01
20134308,,,0,,,,,,LOVE THE BEACH,1,0,0,,4,,0,1,0,,,,,2021-05-17 07:14:36
20134328,,,0,,,,,,FORTY FIFTEEN,1,0,0,,4,,0,1,0,,,,,2022-10-15 16:56:01
20140020,,,0,,,,,,SWAN SONG,1,0,0,,4,,0,1,0,,,,,2020-09-15 06:26:33
20140040,,,0,,,,,,PROBLEM,1,0,0,,4,8.0,0,1,0,,,,,2020-09-15 06:26:33
20140060_dam,,,0,,,,,,MILL MAID,1,0,0,,4,8.0,0,1,0,,,,,2020-09-15 06:26:33
20140080_dam,,,0,,,,,,MISS MATTY,1,0,0,,4,1.0,0,1,0,,,,,2020-09-15 06:26:33
20140106_dam,,,0,,,,,,MOLLY DESMOND,1,0,0,,4,1.0,0,1,0,,,,,2020-09-15 06:26:33
20140666,,,0,,,,,,GREAT FAITH,1,0,0,,4,,0,1,0,,,,,2022-10-15 16:56:01
20140762,,,0,,,,,,BILINGUAL,1,0,0,,4,,0,1,0,,,,,2022-10-15 16:56:01
20140848,,,0,,,,,,SWEET SUGAR,1,0,0,,4,,0,1,0,,,,,2022-10-15 16:56:01
20140868,,,0,,,,,,SWEET SURRENDER,1,0,0,,4,8.0,0,1,0,,,,,2022-10-15 16:56:01
20140984,,,0,,,,,,SWEETYOUROCK,1,0,0,,4,,0,1,0,,,,,2021-05-17 07:14:36
20141347,,,0,,,,,,OOLONG,1,0,0,,4,,0,1,0,,,,,2022-10-15 16:56:01
20141421,,,0,,,,,,SEXY MOON,1,0,0,,4,,0,1,0,,,,,2022-10-15 16:56:01
20141643,,,0,,,,,,KHALEESI'S REVENGE,1,0,0,,4,,0,1,0,,,,,2021-09-23 06:20:54
20141789,,,0,,,,,,AWESOME SAUCE,1,0,0,,4,,0,1,0,,,,,2022-10-15 16:56:01
20142524,,,0,,,,,,ARETHA,1,0,0,,4,,0,1,0,,,,,2022-10-15 16:56:01
20142680,,,0,,,,,,CRAFTY LADY,1,0,0,,4,,0,1,0,,,,,2021-05-17 07:14:36
20143283,,,0,,,,,,THORNHILL MISS,1,0,0,,4,,0,1,0,,,,,2022-10-15 16:56:01
20144068,,,0,,,,,,SURFER'S PARADISE,1,0,0,,4,,0,1,0,,,,,2022-10-15 16:56:01
20144124,,,0,,,,,,SPRINGTIME RAIN,1,0,0,,4,,0,1,0,,,,,2022-10-15 16:56:01
20144164,,,0,,,,,,SAVANNA'S SMILE,1,0,0,,4,,0,1,0,,,,,2022-10-15 16:56:01
20144184,,,0,,,,,,TIZ A MASTERPIECE,1,0,0,,4,,0,1,0,,,,,2022-10-15 16:56:01
20144306,,,0,,,,,,KATIRA,1,0,0,,4,,0,1,0,,,,,2022-10-15 16:56:01
20144900,,,0,,,,,,FEVERED KISS,1,0,0,,4,,0,1,0,,,,,2021-05-17 07:14:36
20150028,,,0,,,,,,SEAMSTRESS,1,0,0,,4,,0,1,0,,,,,2020-09-15 06:26:33
20150048_dam,,,0,,,,,,ETOILE,1,0,0,,4,8.0,0,1,0,,,,,2020-09-15 06:26:33
20150624,,,0,,,,,,GREEK GODDESS,1,0,0,,4,,0,1,0,,,,,2022-10-15 16:56:01
20151521,,,0,,,,,,MAMA BROWN,1,0,0,,4,,0,1,0,,,,,2020-09-15 06:26:33
20153701,,,0,,,,,,AWESOME LUCY,1,0,0,,4,,0,1,0,,,,,2022-10-15 16:56:01
20153781,,,0,,,,,,SWEET OATS,1,0,0,,4,,0,1,0,,,,,2022-10-15 16:56:01
20160026,,,0,,,,,,HELENE DE TROIE,1,0,0,,4,1.0,0,1,0,,,,,2020-09-15 06:26:33
20160046_dam,,,0,,,,,,ROSE LEAVES,1,0,0,,4,,0,1,0,,,,,2020-09-15 06:26:33
20160506,,,0,,,,,,GIRL TACK,1,0,0,,4,,0,1,0,,,,,2022-10-15 16:56:01
20170024,,,0,,,,,,ROYAL LOOM,1,0,0,,4,1.0,0,1,0,,,,,2020-09-15 06:26:33
20170044_dam,,,0,,,,,,SWEET MUSIC (USA),1,0,0,,4,1.0,0,1,0,,,,,2020-09-15 06:26:33
20170064_dam,,,0,,,,,,FLYING WITCH,1,0,0,,4,1.0,0,1,0,,,,,2020-09-15 06:26:33
20170084_dam,,,0,,,,,,BLUE GLASS,1,0,0,,4,,0,1,0,,,,,2020-09-15 06:26:33
20170522,,,0,,,,,,CANDY STRIPES,1,0,0,,4,,0,1,0,,,,,2021-05-17 07:14:36
20180022,,,0,,,,,,PRUDERY,1,0,0,,4,,0,1,0,,,,,2020-09-15 06:26:33
20180042_dam,,,0,,,,,,DURBAN,1,0,0,,4,1.0,0,1,0,,,,,2020-09-15 06:26:33
20180062_dam,,,0,,,,,,QUICK THOUGHT,1,0,0,,4,8.0,0,1,0,,,,,2020-09-15 06:26:33
20180063,,,0,,,,,,FEVERED KISS,1,0,0,16.0,4,,0,1,0,,,,,2020-09-30 06:48:07
20180064,,,0,,,,,,PHALENOPSIS,1,0,0,11.0,4,9.0,0,1,0,,,,,2020-09-30 09:30:19
20180065,,,0,,,,,,CANDY STRIPES,1,0,0,,4,,0,1,0,,,,,2020-09-30 12:26:17
20180066,,,0,,,,,,TAPPEDOUTNEEDSHOEE,1,0,0,16.0,4,,0,1,0,,,,,2020-09-30 12:36:36
20180067,,,0,,,,,,FLATTER ME TERRY,1,0,0,,4,,0,1,0,,,,,2020-09-30 12:45:48
20180068,,,0,,,,,,MOM'S STUDENT,1,0,0,,4,,0,1,0,,,,,2020-09-30 12:52:38
20180069,,,0,,,,,,LOVE THE BEACH,1,0,0,,4,,0,1,0,,,,,2020-09-30 13:04:19
20180070,,,0,,,,,,TRULY TRUDY,1,0,0,,4,,0,1,0,,,,,2020-09-30 13:07:47
20180071,,,0,,,,,,PROUD SONG,1,0,0,,4,,0,1,0,,,,,2020-09-30 13:22:42
20180072,,,0,,,,,,PRIME TIME,1,0,0,,4,,0,1,0,,,,,2020-09-30 13:27:31
20180073,,,0,,,,,,HERECOMESTHEBREEZE,1,0,0,,4,,0,1,0,,,,,2020-09-30 13:50:36
20180074,,,0,,,,,,CATFIGHT COWGIRL,1,0,0,,4,,0,1,0,,,,,2020-09-30 13:59:11
20180075,,,0,,,,,,SUNSHINE FOR LIFE,1,0,0,,4,,0,1,0,,,,,2020-09-30 14:01:42
20180076,,,0,,,,,,LIL MISS RICHIE,1,0,0,,4,,0,1,0,,,,,2020-09-30 14:04:44
20180077_dam,,,0,,,,,,MCDUFFIE,1,0,0,,4,,0,1,0,,,,,2020-09-30 14:10:10
20180078_dam,,,0,,,,,,FITZROVIA,1,0,0,,4,,0,1,0,,,,,2020-09-30 14:15:07
20180079_dam,,,0,,,,,,SURFER'S PARADISE,1,0,0,,4,,0,1,0,,,,,2020-09-30 14:20:28
20180080_dam,,,0,,,,,,READY INTEREST,1,0,0,,4,,0,1,0,,,,,2020-09-30 14:23:25
20180081_dam,,,0,,,,,,CRAFTY LADY,1,0,0,,4,,0,1,0,,,,,2020-09-30 14:43:37
20180082_dam,,,0,,,,,,MISS JAY,1,0,0,,4,,0,1,0,,,,,2020-09-30 14:45:16
20180083_dam,,,0,,,,,,BERRANCA,1,0,0,,4,,0,1,0,,,,,2020-09-30 14:47:32
20180084_dam,,,0,,,,,,QUIET GRANDEUR,1,0,0,,4,,0,1,0,,,,,2020-09-30 14:51:57
20180085_dam,,,0,,,,,,DARLIN,1,0,0,,4,,0,1,0,,,,,2020-09-30 14:55:59
20180086_dam,,,0,,,,,,ANNIE BELLE,1,0,0,,4,,0,1,0,,,,,2020-09-30 14:58:59
20180087_dam,,,0,,,,,,CATEGORY FIVE,1,0,0,,4,,0,1,0,,,,,2020-09-30 15:05:27
20180088_dam,,,0,,,,,,ROCK'A'WAY,1,0,0,,4,,0,1,0,,,,,2020-09-30 15:11:45
20180089_dam,,,0,,,,,,PRINCIPAL,1,0,0,,4,,0,1,0,,,,,2020-10-01 16:08:39
20180090_dam,,,0,,,,,,SAVANNAH RAE,1,0,0,,4,,0,1,0,,,,,2020-10-01 16:13:50
20180091_dam,,,0,,,,,,MIRACLE DOCTOR,1,0,0,,4,,0,1,0,,,,,2020-10-01 16:52:18
20180092_dam,,,0,,,,,,KIRI,1,0,0,,4,,0,1,0,,,,,2020-10-01 16:54:20
20180093_dam,,,0,,,,,,CHAMIN BEAUTY,1,0,0,,4,,0,1,0,,,,,2020-10-01 16:55:29
20180094_dam,,,0,,,,,,NUCLEAR AFFAIR,1,0,0,,4,,0,1,0,,,,,2020-10-01 16:59:58
20180095_dam,,,0,,,,,,THE LADY SCORED,1,0,0,,4,,0,1,0,,,,,2020-10-02 12:01:58
20180096_dam,,,0,,,,,,PONTIFICATING,1,0,0,,4,,0,1,0,,,,,2020-10-02 12:05:07
20180097_dam,,,0,,,,,,WINGS OF HOPE,1,0,0,,4,,0,1,0,,,,,2020-10-02 12:10:41
20180098_dam,,,0,,,,,,BLUES IN THE GRASS,1,0,0,,4,,0,1,0,,,,,2020-10-02 12:11:04
20180099_dam,,,0,,,,,,LEVEL WITH ME,1,0,0,,4,,0,1,0,,,,,2020-10-02 12:17:31
20180100_dam,,,0,,,,,,SWEETYOUROCK,1,0,0,,4,,0,1,0,,,,,2020-10-02 12:19:40
20180101_dam,,,0,,,,,,RING OF FAITH,1,0,0,16.0,4,,0,1,0,,,,,2020-10-02 12:21:34
20180102_dam,,,0,,,,,,FORCE FACTOR,1,0,0,,4,,0,1,0,,,,,2020-10-02 12:28:16
20180103_dam,,,0,,,,,,WONDER GIRL,1,0,0,,4,,0,1,0,,,,,2020-10-02 12:28:29
20180104_dam,,,0,,,,,,MAUDE ONIONS,1,0,0,,4,,0,1,0,,,,,2020-10-02 12:34:31
20180105_dam,,,0,,,,,,HAPPY HAILEY,1,0,0,,4,,0,1,0,,,,,2020-10-02 12:39:01
20180106_dam,,,0,,,,,,DEARIE BE GOOD,1,0,0,,4,,0,1,0,,,,,2020-10-02 12:39:58
20180107_dam,,,0,,,,,,MAKING JOY,1,0,0,,4,,0,1,0,,,,,2020-10-02 12:46:57
20180108_dam,,,0,,,,,,GRANDVILLE GREETA,1,0,0,,4,,0,1,0,,,,,2020-10-02 13:18:55
20180109_dam,,,0,,,,,,MEDICAL CAT,1,0,0,,4,,0,1,0,,,,,2020-10-07 12:18:28
20180110_dam,,,0,,,,,,LADY SHANKARI,1,0,0,,4,,0,1,0,,,,,2020-10-07 12:23:51
20180111_dam,,,0,,,,,,HAIL DE CAT,1,0,0,,4,,0,1,0,,,,,2020-10-07 12:25:19
20180112_dam,,,0,,,,,,JANIBOUTICE,1,0,0,,4,,0,1,0,,,,,2020-10-09 06:43:30
20180113_dam,,,0,,,,,,SWEET SURRENDER,1,0,0,,4,,0,1,0,,,,,2020-10-09 06:43:50
20180114_dam,,,0,,,,,,MI PASSION,1,0,0,,4,,0,1,0,,,,,2020-11-24 06:27:54
20180115_dam,,,0,,,,,,CLASSY AVIATOR,1,0,0,,4,,0,1,0,,,,,2020-11-24 06:29:15
20180116_dam,,,0,,,,,,IAMALLABOUTTHEBEST,1,0,0,,4,,0,1,0,,,,,2020-11-24 06:42:33
20180117_dam,,,0,,,,,,RIVER RHYTHM,1,0,0,,4,,0,1,0,,,,,2020-11-24 06:44:36
20180118_dam,,,0,,,,,,BEDROOM CHATTER,1,0,0,,4,,0,1,0,,,,,2020-11-24 06:47:53
20180119_dam,,,0,,,,,,LITTLE PRISCILLA,1,0,0,,4,,0,1,0,,,,,2020-11-24 06:50:08
20180120_dam,,,0,,,,,,KHALEESI'S REVENGE,1,0,0,,4,,0,1,0,,,,,2020-11-24 06:56:11
20180121_dam,,,0,,,,,,SWIFT FOX,1,0,0,,4,,0,1,0,,,,,2020-11-24 07:01:19
20180122_dam,,,0,,,,,,I HAVE A DREAM,1,0,0,,4,,0,1,0,,,,,2020-11-24 07:07:31
20180123_dam,,,0,,,,,,ARETHA,1,0,0,,4,,0,1,0,,,,,2020-11-24 07:08:37
20180124_dam,,,0,,,,,,KANDI WITH A K,1,0,0,,4,,0,1,0,,,,,2020-11-24 07:10:19
20180125_dam,,,0,,,,,,FANTASY,1,0,0,,4,,0,1,0,,,,,2020-11-24 07:14:07
20180126_dam,,,0,,,,,,ALWAYS IN THE MOOD,1,0,0,,4,,0,1,0,,,,,2020-11-24 07:17:43
20180127_dam,,,0,,,,,,KALAMATA,1,0,0,,4,,0,1,0,,,,,2020-11-24 07:19:35
20180128_dam,,,0,,,,,,KENZIE'S CHARM,1,0,0,,4,,0,1,0,,,,,2020-11-24 07:21:15
20180129_dam,,,0,,,,,,AURA MAS,1,0,0,,4,,0,1,0,,,,,2020-11-24 07:23:31
20180130_dam,,,0,,,,,,LOOK AT ME NOW,1,0,0,,4,,0,1,0,,,,,2020-11-25 05:47:07
20180131_dam,,,0,,,,,,AUNTIE RHONDA,1,0,0,,4,,0,1,0,,,,,2020-11-25 06:00:55
20180132_dam,,,0,,,,,,FIRST IN THE SAND,1,0,0,,4,,0,1,0,,,,,2020-11-25 06:04:21
20180133_dam,,,0,,,,,,KARLIE,1,0,0,,4,,0,1,0,,,,,2020-11-25 06:07:40
20180134_dam,,,0,,,,,,TAP A BAY YANKEE,1,0,0,,4,,0,1,0,,,,,2020-11-25 06:11:00
20180135_dam,,,0,,,,,,GIRL NEXT DOOR,1,0,0,,4,,0,1,0,,,,,2020-11-25 06:13:22
20180136_dam,,,0,,,,,,LADY ELAINE,1,0,0,,4,,0,1,0,,,,,2020-11-25 06:17:04
20180137_dam,,,0,,,,,,JESSIE FAVOURITE,1,0,0,,4,,0,1,0,,,,,2020-11-25 06:24:59
20180138_dam,,,0,,,,,,LITTLE JENNIE,1,0,0,,4,,0,1,0,,,,,2020-11-25 06:32:21
20180139_dam,,,0,,,,,,SORRENTINO'S STAR,1,0,0,,4,,0,1,0,,,,,2020-11-25 06:41:19
20180140_dam,,,0,,,,,,MYANGEL,1,0,0,,4,,0,1,0,,,,,2020-11-25 06:42:51
20180141_dam,,,0,,,,,,BEWARETHEBOYS,1,0,0,,4,,0,1,0,,,,,2020-11-25 06:45:27
20180142_dam,,,0,,,,,,LA HAGUE,1,0,0,,4,,0,1,0,,,,,2020-11-25 06:52:11
20180143_dam,,,0,,,,,,BELIEVE IN MAGIC,1,0,0,,4,,0,1,0,,,,,2021-02-26 05:33:26
20180144_dam,,,0,,,,,,THORNHILL MISS,1,0,0,,4,,0,1,0,,,,,2021-02-26 05:35:18
20180145_dam,,,0,,,,,,IMPETUS,1,0,0,,4,,0,1,0,,,,,2021-02-26 05:37:03
20180146_dam,,,0,,,,,,MAJOR POINT,1,0,0,,4,,0,1,0,,,,,2021-02-26 05:38:11
20180147_dam,,,0,,,,,,FOREST FLAME,1,0,0,,4,,0,1,0,,,,,2021-02-26 05:41:14
20180148_dam,,,0,,,,,,GEISHA'S GLORY,1,0,0,,4,,0,1,0,,,,,2021-02-26 05:44:53
20180149_dam,,,0,,,,,,CAUSIN A STORM,1,0,0,,4,,0,1,0,,,,,2021-02-26 05:51:47
20180150_dam,,,0,,,,,,TO MY DELIGHT,1,0,0,,4,,0,1,0,,,,,2021-02-26 05:52:48
20180151_dam,,,0,,,,,,SHEZA SPY,1,0,0,,4,,0,1,0,,,,,2021-02-26 05:56:42
20180152_dam,,,0,,,,,,ANGEL DREAMS,1,0,0,,4,,0,1,0,,,,,2021-02-26 06:00:15
20180153_dam,,,0,,,,,,HISSE,1,0,0,,4,,0,1,0,,,,,2021-02-26 06:01:42
20180154_dam,,,0,,,,,,SPRING TIME RAIN,1,0,0,,4,,0,1,0,,,,,2021-02-26 06:02:34
20180155_dam,,,0,,,,,,AWAY,1,0,0,,4,,0,1,0,,,,,2021-02-26 06:08:07
20180156,,,0,,,,,,STORMY GLITTER,1,0,0,,4,,0,1,0,,,,,2021-02-26 06:11:07
20180157,,,0,,,,,,RAISE YOUR VOICE,1,0,0,,4,,0,1,0,,,,,2021-02-26 06:17:19
20180158,,,0,,,,,,ESCANDALOSA,1,0,0,,4,,0,1,0,,,,,2021-02-26 06:18:17
20180159,,,0,,,,,,FIFTYSHADESOFRAY,1,0,0,,4,,0,1,0,,,,,2021-02-26 06:19:15
20180160,,,0,,,,,,SAVANNA'S SMILE,1,0,0,,4,,0,1,0,,,,,2021-02-26 06:20:11
20180161,,,0,,,,,,ASHLEY CALL,1,0,0,,4,,0,1,0,,,,,2021-02-26 06:22:23
20180162,,,0,,,,,,DICOLAS BRAT,1,0,0,,4,,0,1,0,,,,,2021-02-26 06:26:23
20180163,,,0,,,,,,FLYING VISION,1,0,0,,4,,0,1,0,,,,,2021-02-26 06:28:40
20180164,,,0,,,,,,MISUNIFY,1,0,0,,4,,0,1,0,,,,,2021-02-26 06:30:14
20180165,,,0,,,,,,FEDORA,1,0,0,,4,,0,1,0,,,,,2021-02-26 06:31:40
20180166,,,0,,,,,,BOOGYWOOGYPRINCESS,1,0,0,,4,,0,1,0,,,,,2021-02-26 06:32:50
20180167,,,0,,,,,,SIMPLY CLASSIC,1,0,0,,4,,0,1,0,,,,,2021-02-26 06:35:07
20180168_dam,,,0,,,,,,BREEZY,1,0,0,,4,,0,1,0,,,,,2021-02-26 06:43:17
20180169,,,0,,,,,,SWEET SUGAR,1,0,0,,4,,0,1,0,,,,,2021-02-26 06:50:43
20180170,,,0,,,,,,TRACKING POLL,1,0,0,,4,,0,1,0,,,,,2021-02-26 06:52:10
20180171,,,0,,,,,,BLAST OFF,1,0,0,,4,,0,1,0,,,,,2021-02-26 06:53:39
20180172,,,0,,,,,,SOUTH,1,0,0,,4,,0,1,0,,,,,2021-02-26 08:07:44
20180173_dam,,,0,,,,,,OOLONG,1,0,0,,4,,0,1,0,,,,,2021-02-26 08:09:59
20180174,,,0,,,,,,BIG TOWNER,1,0,0,,4,,0,1,0,,,,,2021-02-26 08:11:37
20180175,,,0,,,,,,GOLDSTARDANCER,1,0,0,,4,,0,1,0,,,,,2021-02-26 08:14:29
20180176,,,0,,,,,,NO PAIN NO GAIN,1,0,0,,4,,0,1,0,,,,,2021-02-26 08:17:15
20180177,,,0,,,,,,MAMETA,1,0,0,,4,,0,1,0,,,,,2021-02-26 08:24:51
20180178,,,0,,,,,,DEAL US IN,1,0,0,,4,,0,1,0,,,,,2021-04-16 06:22:27
20180179,,,0,,,,,,SEXY MOON,1,0,0,,4,,0,1,0,,,,,2021-04-16 12:40:59
20180180,,,0,,,,,,HOT SQUEEZE,1,0,0,,4,,0,1,0,,,,,2021-04-16 12:44:50
20180181,,,0,,,,,,VALLEY OF QUEENS,1,0,0,,4,,0,1,0,,,,,2021-04-16 12:50:08
20180182,,,0,,,,,,CHARMING BEAUTY,1,0,0,,4,,0,1,0,,,,,2021-04-27 06:57:11
20180183,,,0,,,,,,AWESOME DESTINY,1,0,0,,4,,0,1,0,,,,,2021-05-03 08:00:32
20180184,,,0,,,,,,SHADOWS,1,0,0,,4,,0,1,0,,,,,2021-05-03 08:31:48
20180185,,,0,,,,,,FOROBVIOUSREASONS,1,0,0,,4,,0,1,0,,,,,2021-05-14 07:04:51
20180186,,,0,,,,,,LUCKYBEGOOD,1,0,0,,4,,0,1,0,,,,,2021-10-19 09:12:39
20180187,,,0,,,,,,CLASSIC PRINCESS,1,0,0,,4,,0,1,0,,,,,2021-10-19 10:21:18
20180188,,,0,,,,,,GAINING TRACTION,1,0,0,,4,,0,1,0,,,,,2021-10-19 10:24:02
20180189,,,0,,,,,,REJECTED SLEW,1,0,0,,4,,0,1,0,,,,,2021-10-19 10:54:22
20180190,,,0,,,,,,THEGIRLNEXTDOOR,1,0,0,,4,,0,1,0,,,,,2021-10-19 11:33:14
20180191,,,0,,,,,,CALL FOR A CAT,1,0,0,,4,,0,1,0,,,,,2021-10-27 07:13:52
20180192,,,0,,,,,,KISS ME KATE,1,0,0,,4,,0,1,0,,,,,2021-10-27 07:23:54
20180193_dam,,,0,,,,,,FORTY FIFTEEN,1,0,0,,4,,0,1,0,,,,,2021-10-27 07:24:21
20180194,,,0,,,,,,NABBED,1,0,0,,4,,0,1,0,,,,,2021-10-27 07:32:50
20180195,,,0,,,,,,CREME DE LA,1,0,0,,4,,0,1,0,,,,,2021-10-27 07:34:45
20180196,,,0,,,,,,GREAT FAITH,1,0,0,,4,,0,1,0,,,,,2021-10-27 07:41:48
20180197,,,0,,,,,,NOFASHIONSENSE,1,0,0,,4,,0,1,0,,,,,2021-10-27 07:44:42
20180198,,,0,,,,,,GOODBYE BEAUTIFUL,1,0,0,,4,,0,1,0,,,,,2021-11-12 06:51:55
20180199,,,0,,,,,,RUNNING STAR,1,0,0,,4,,0,1,0,,,,,2021-11-12 06:57:28
20180200,,,0,,,,,,TIZ A MASTERPIECE,1,0,0,,4,,0,1,0,,,,,2021-11-25 05:58:32
20180201,,,0,,,,,,MISS PORTMORE,1,0,0,,4,,0,1,0,,,,,2021-11-25 06:06:38
20180202,,,0,,,,,,IDON'TKNOW,1,0,0,,4,,0,1,0,,,,,2021-11-25 06:08:29
20180203,,,0,,,,,,KITTY HAWK,1,0,0,,4,,0,1,0,,,,,2021-11-25 06:24:55
20180204_dam,,,0,,,,,,NUCLEAR WARNING,1,0,0,,4,,0,1,0,,,,,2022-01-27 07:04:35
20180205,,,0,,,,,,FASHIONISTA,1,0,0,,4,,0,1,0,,,,,2022-01-27 07:07:43
20180206,,,0,,,,,,RUNALLDAY,1,0,0,,4,,0,1,0,,,,,2022-01-27 07:20:10
20180207,,,0,,,,,,SOUND OF MIRACLE,1,0,0,,4,,0,1,0,,,,,2022-01-27 07:21:18
20180208,,,0,,,,,,RACKAM MISTRESS,1,0,0,,4,,0,1,0,,,,,2022-01-27 07:24:35
20180209,,,0,,,,,,GOLD CHARM,1,0,0,,4,,0,1,0,,,,,2022-01-27 07:29:16
20180210,,,0,,,,,,SELENA,1,0,0,,4,,0,1,0,,,,,2022-01-27 07:31:53
20180211,,,0,,,,,,MY ANGEL BRIANNA,1,0,0,,4,,0,1,0,,,,,2022-01-27 07:33:14
20180212,,,0,,,,,,BILINGUAL,1,0,0,,4,,0,1,0,,,,,2022-01-28 06:27:53
20180213,,,0,,,,,,PRINCESS CAULA,1,0,0,,4,,0,1,0,,,,,2022-01-28 06:42:33
20180214,,,0,,,,,,SARENTINO STAR,1,0,0,,4,,0,1,0,,,,,2022-01-28 06:45:03
20180215,,,0,,,,,,LADY NAGIRYA,1,0,0,,4,,0,1,0,,,,,2022-01-28 06:46:25
20180216,,,0,,,,,,TOOT THE BLUE,1,0,0,,4,,0,1,0,,,,,2022-01-28 06:52:56
20180217,,,0,,,,,,SAND BATH,1,0,0,,4,,0,1,0,,,,,2022-01-28 06:55:04
20180218,,,0,,,,,,NATURALLY MYSTICAL,1,0,0,,4,,0,1,0,,,,,2022-01-28 06:56:54
20180219_dam,,,0,,,,,,CROWN PRINCESS,1,0,0,,4,,0,1,0,,,,,2022-02-03 05:53:01
20180220,,,0,,,,,,MARVELOUS MARVA,1,0,0,,4,,0,1,0,,,,,2022-02-03 05:54:53
20180221,,,0,,,,,,SIMPLY OUTRAGEOUS,1,0,0,,4,,0,1,0,,,,,2022-02-04 05:28:45
20180222,,,0,,,,,,ALONG,1,0,0,,4,,0,1,0,,,,,2022-02-04 05:37:51
20180223,,,0,,,,,,CERASINI,1,0,0,,4,,0,1,0,,,,,2022-02-04 05:42:19
20180224,,,0,,,,,,PATCHWORK,1,0,0,,4,,0,1,0,,,,,2022-02-08 05:18:05
20180225,,,0,,,,,,BABY P,1,0,0,,4,,0,1,0,,,,,2022-02-08 05:18:55
20180226,,,0,,,,,,DAISY DUKE,1,0,0,,4,,0,1,0,,,,,2022-02-08 05:19:43
20180227,,,0,,,,,,AWESOME SAUCE,1,0,0,,4,,0,1,0,,,,,2022-02-08 05:20:27
20180228,,,0,,,,,,JENNANDROSEGIRL,1,0,0,,4,,0,1,0,,,,,2022-02-08 05:22:19
20180229,,,0,,,,,,NEWTON FIRST LAW,1,0,0,,4,,0,1,0,,,,,2022-02-08 05:26:15
20180230,,,0,,,,,,EMPIRESTRIKESBACK,1,0,0,,4,,0,1,0,,,,,2022-02-08 05:29:52
20180231,,,0,,,,,,EMPRESS CHEYENNE,1,0,0,,4,,0,1,0,,,,,2022-02-08 05:50:00
20180232,,,0,,,,,,PAPER CHASER,1,0,0,,4,,0,1,0,,,,,2022-02-08 05:53:26
20180233,,,0,,,,,,EMPRESS NICHOLE,1,0,0,,4,,0,1,0,,,,,2022-02-08 05:57:43
20180234,,,0,,,,,,AGNES T,1,0,0,,4,,0,1,0,,,,,2022-02-08 06:02:17
20180235,,,0,,,,,,OUR DREAMS,1,0,0,,4,,0,1,0,,,,,2022-02-16 05:59:12
20180236,,,0,,,,,,ANOTHER AUDIBLE,1,0,0,,4,,0,1,0,,,,,2022-02-18 05:36:00
20180237,,,0,,,,,,AWESOME LUCY,1,0,0,,4,,0,1,0,,,,,2022-03-03 05:22:30
20180238,,,0,,,,,,SHEER MADNESS,1,0,0,,4,,0,1,0,,,,,2022-03-03 05:53:22
20202687_dam,,,0,,,,,,FASHIONISTA,1,0,0,,4,,0,1,0,,,,,2022-10-15 16:56:01
21133927,,,0,,,,,,BEDROOM CHATTER,1,0,0,,4,,0,1,0,,,,,2022-10-15 16:56:01
21133928,,,0,,,,,,LITTLEMISS SHAYLA,1,0,0,11.0,4,,0,1,0,,,,,2022-12-15 06:41:16
21133929,,,0,,,,,,SHIP SHAM,1,0,0,11.0,4,,0,1,0,,,,,2022-12-15 07:08:35
21133930,,,0,,,,,,WHERE DEM BOYS,1,0,0,,4,,0,1,0,,,,,2022-12-15 07:11:22
21133931,,,0,,,,,,ALICE AND TRIXIE,1,0,0,11.0,4,,0,1,0,,,,,2022-12-15 07:20:02
21133932,,,0,,,,,,SUPREME MAGIC,1,0,0,,4,,0,1,0,,,,,2022-12-16 05:54:28
21133933,,,0,,,,,,PLAN A SURPRISE,1,0,0,16.0,4,,0,1,0,,,,,2022-12-16 06:00:02
21133934,,,0,,,,,,BLACK THORN,1,0,0,,4,,0,1,0,,,,,2022-12-16 06:10:16
21133935,,,0,,,,,,CHOO CHOO BLUE,1,0,0,16.0,4,,0,1,0,,,,,2023-02-16 04:54:53
21133936,,,0,,,,,,NUCLEAR GIRL,1,0,0,,4,,0,1,0,,,,,2023-02-16 04:58:28
21133937,,,0,,,,,,EXOTIC DESIGN,1,0,0,16.0,4,,0,1,0,,,,,2023-02-16 05:02:35
21133938,,,0,,,,,,KETCHMEWHEREYOUCAN,1,0,0,16.0,4,,0,1,0,,,,,2023-02-16 05:04:46
21133939,,,0,,,,,,SO SMOOTH,1,0,0,,4,,0,1,0,,,,,2023-02-16 05:08:52
21133940,,,0,,,,,,BLUE SAPHIRA,1,0,0,,4,,0,1,0,,,,,2023-03-03 03:09:28
21133941,,,0,,,,,,UNCLE TOMMY,1,0,0,,4,,0,1,0,,,,,2023-03-03 03:12:41
21133942,,,0,,,,,,PROFILE,1,0,0,,4,,0,1,0,,,,,2023-03-08 06:04:13
21133943,,,0,,,,,,RICHIE'S TRICK,1,0,0,,4,,0,1,0,,,,,2023-03-17 06:58:25
21133944,,,0,,,,,,RICHIE'S TRIX,1,0,0,,4,,0,1,0,,,,,2023-03-17 07:00:05
21133945,,,0,,,,,,EXECUTIVE CHARM,1,0,0,,4,,0,1,0,,,,,2023-04-04 02:54:04
21133946,,,0,,,,,,PROLIFIC PRINCESS,1,0,0,,4,,0,1,0,,,,,2023-04-04 03:04:25
21133947,,,0,,,,,,NUCLEAR PRINCESS,1,0,0,,4,,0,1,0,,,,,2023-04-04 03:07:20
21133948,,,0,,,,,,GOLD MINER,1,0,0,,4,,0,1,0,,,,,2023-04-04 03:08:45
21133949,,,0,,,,,,LOVELY DAY,1,0,0,,4,,0,1,0,,,,,2023-04-04 03:10:05
21133950,,,0,,,,,,MISS FORMALITY,1,0,0,,4,,0,1,0,,,,,2023-04-04 03:12:39
21133951,,,0,,,,,,CLOUDY GREYT,1,0,0,,4,,0,1,0,,,,,2023-04-04 03:14:29
21133952,,,0,,,,,,OUTRAGEOUS,1,0,0,,4,,0,1,0,,,,,2023-04-04 03:16:30
21133953,,,0,,,,,,MY SISTER,1,0,0,,4,,0,1,0,,,,,2023-04-04 03:21:25
21133954,,,0,,,,,,CASUAL DRINK,1,0,0,,4,,0,1,0,,,,,2023-04-04 03:24:18
21133955,,,0,,,,,,PUDDY POOH,1,0,0,,4,,0,1,0,,,,,2023-04-04 03:25:08
21133956,,,0,,,,,,DISABILITY CHARM,1,0,0,,4,,0,1,0,,,,,2023-04-04 03:26:20
21133957,,,0,,,,,,PAYTON'S DELIGHT,1,0,0,,4,,0,1,0,,,,,2023-04-04 03:30:21
21133958,,,0,,,,,,RAKSHA,1,0,0,,4,,0,1,0,,,,,2023-04-04 03:31:10
21133959,,,0,,,,,,FULL MOON'S ENOUGH,1,0,0,,4,,0,1,0,,,,,2023-04-04 03:32:02
21133960,,,0,,,,,,DYNA'S PRIDE,1,0,0,,4,,0,1,0,,,,,2023-04-04 03:32:53
21133961,,,0,,,,,,ESPERANZA,1,0,0,,4,,0,1,0,,,,,2023-04-04 03:34:12
21133962,,,0,,,,,,ANOTHER FURY,1,0,0,,4,,0,1,0,,,,,2023-04-04 03:37:05
21133963,,,0,,,,,,CLASSICAL PRINCESS,1,0,0,,4,,0,1,0,,,,,2023-04-04 03:38:50
21133964,,,0,,,,,,REVOLVING BEAUTY,1,0,0,,4,,0,1,0,,,,,2023-04-04 03:41:55
21133965,,,0,,,,,,CLASSIC TREATY,1,0,0,,4,,0,1,0,,,,,2023-04-04 03:50:08
21133966,,,0,,,,,,RICQUALIA,1,0,0,,4,,0,1,0,,,,,2023-04-04 04:00:56
21133967,,,0,,,,,,TRACK ROSE,1,0,0,,4,,0,1,0,,,,,2023-04-04 04:02:19
21133968,,,0,,,,,,JDA,1,0,0,,4,,0,1,0,,,,,2023-04-04 04:04:45
21133969,,,0,,,,,,JAMAICAN PHAROAH,1,0,0,,4,,0,1,0,,,,,2023-04-04 04:06:02
21133970,,,0,,,,,,ASHTRID,1,0,0,,4,,0,1,0,,,,,2023-04-06 06:44:56
21133971,,,0,,,,,,GREY EMPRESS,1,0,0,,4,,0,1,0,,,,,2023-04-20 07:13:11
21133972,,,0,,,,,,I AM DI ONE,1,0,0,,4,,0,1,0,,,,,2023-04-21 04:47:53
21133973,,,0,,,,,,TEXAS MISSY,1,0,0,,4,,0,1,0,,,,,2023-04-21 04:48:55
21133974,,,0,,,,,,POLLY FLYER,1,0,0,,4,,0,1,0,,,,,2023-04-21 04:56:16
21133975,,,0,,,,,,DREAMCOMETRUE,1,0,0,,4,,0,1,0,,,,,2023-04-21 04:59:55
21133976,,,0,,,,,,LITLEBOPEEP,1,0,0,,4,,0,1,0,,,,,2023-04-27 06:14:43
21133977,,,0,,,,,,MIRACLE RIVER,1,0,0,,4,,0,1,0,,,,,2023-04-27 06:28:27
21133978,,,0,,,,,,ARIA,1,0,0,,4,,0,1,0,,,,,2023-04-27 06:29:35
21133979,,,0,,,,,,DIAMOND STILETTOS,1,0,0,,4,,0,1,0,,,,,2023-04-27 06:37:46
21133980,,,0,,,,,,SENT TO ME,1,0,0,,4,,0,1,0,,,,,2023-04-27 06:41:11
21133981,,,0,,,,,,STREET DANCER,1,0,0,,4,,0,1,0,,,,,2023-04-27 06:43:38
21133982,,,0,,,,,,TECH QUEEN,1,0,0,,4,,0,1,0,,,,,2023-04-27 06:44:58
21133983,,,0,,,,,,KISS ME QUICK,1,0,0,,4,,0,1,0,,,,,2023-04-27 06:46:19
21133984,,,0,,,,,,MY ELLE BELLE,1,0,0,,4,,0,1,0,,,,,2023-04-27 06:51:25
21133985,,,0,,,,,,MY QUEEN,1,0,0,,4,,0,1,0,,,,,2023-04-27 06:54:25
21133986,,,0,,,,,,DEVASTATING DIVA,1,0,0,,4,,0,1,0,,,,,2023-04-27 06:56:11
21133987,,,0,,,,,,THE LINCOLN LAWYER,1,0,0,,4,,0,1,0,,,,,2023-04-27 06:57:42
21133988,,,0,,,,,,SHE IS CALLING U,1,0,0,,4,,0,1,0,,,,,2023-04-27 07:14:17
21133989,,,0,,,,,,LIGHTNING LILY,1,0,0,,4,,0,1,0,,,,,2023-04-27 07:17:02
21133990,,,0,,,,,,LATE N DRAFTY,1,0,0,,4,,0,1,0,,,,,2023-04-27 07:18:35
21133991,,,0,,,,,,SWABYBABY,1,0,0,,4,,0,1,0,,,,,2023-04-27 07:19:50
21133992,,,0,,,,,,ANGEL SONG,1,0,0,,4,,0,1,0,,,,,2023-04-27 07:20:44
21133993,,,0,,,,,,HONEY RYDA,1,0,0,,4,,0,1,0,,,,,2023-04-27 07:26:48
21133994,,,0,,,,,,RIOT WORTHLEY,1,0,0,,4,,0,1,0,,,,,2023-04-27 07:35:56
21133995,,,0,,,,,,SWEET DIMENSION,1,0,0,,4,,0,1,0,,,,,2023-06-01 07:36:01
21133996,,,0,,,,,,EMPRESS HALL,1,0,0,,4,,0,1,0,,,,,2023-06-07 06:01:36
21133997,,,0,,,,,,QUEEN OF BAGDAD,1,0,0,,4,,0,1,0,,,,,2023-06-07 06:03:43
21133998,,,0,,,,,,MOON OVER MALLORCA,1,0,0,,4,,0,1,0,,,,,2023-06-07 06:06:34
21133999,,,0,,,,,,CHEROKEE WAY,1,0,0,,4,,0,1,0,,,,,2023-06-07 06:11:22
21134000,,,0,,,,,,CUP O TEA,1,0,0,,4,,0,1,0,,,,,2023-06-07 06:12:26
21134001,,,0,,,,,,MISS ADDI,1,0,0,,4,,0,1,0,,,,,2023-06-07 06:15:00
21134002,,,0,,,,,,SWEET LIKE SUGAR,1,0,0,,4,,0,1,0,,,,,2023-06-07 06:20:27
21134003,,,0,,,,,,RANSOMEWARE,1,0,0,,4,,0,1,0,,,,,2023-06-07 06:21:20
21134004,,,0,,,,,,DELIGHTFUL BRENDA,1,0,0,,4,,0,1,0,,,,,2023-06-12 06:21:19
21134005,,,0,,,,,,LYNNIE B,1,0,0,,4,,0,1,0,,,,,2023-06-12 06:22:48
21134006,,,0,,,,,,RAMONA,1,0,0,,4,,0,1,0,,,,,2023-06-12 06:29:12
21134007,,,0,,,,,,MAVOUREEN,1,0,0,,4,,0,1,0,,,,,2023-06-12 06:30:04
21134008,,,0,,,,,,STORM AWAY,1,0,0,,4,,0,1,0,,,,,2023-06-12 06:30:58
21134009,,,0,,,,,,FREE MARIE,1,0,0,,4,,0,1,0,,,,,2023-06-12 06:33:57
21134010,,,0,,,,,,SECRETARY,1,0,0,,4,,0,1,0,,,,,2023-06-12 06:37:27
21134011,,,0,,,,,,GREAT HOT,1,0,0,,4,,0,1,0,,,,,2023-06-12 06:38:44
21134012,,,0,,,,,,NUESTRA UNION,1,0,0,,4,,0,1,0,,,,,2023-06-12 06:39:53
21134013,,,0,,,,,,MO ZIN,1,0,0,,4,,0,1,0,,,,,2023-06-12 06:44:24
21134014,,,0,,,,,,RUN THE WORLD,1,0,0,,4,,0,1,0,,,,,2023-06-12 06:47:15
21134015,,,0,,,,,,LADYOPPORTUNE,1,0,0,,4,,0,1,0,,,,,2023-06-12 06:49:39
21134016,,,0,,,,,,TWILIGHT ERUPTION,1,0,0,,4,,0,1,0,,,,,2023-06-12 06:50:43
21134017,,,0,,,,,,DIFFUSE NEBULA,1,0,0,,4,,0,1,0,,,,,2023-06-12 06:52:19
21134018,,,0,,,,,,BELLE CHLOE,1,0,0,5.0,4,,0,1,0,,,,,2023-09-04 06:07:31
21134019,,,0,,,,,,QUALITY WAY,1,0,0,,4,,0,1,0,,,,,2023-09-04 06:16:35
21134020,,,0,,,,,,AMERICAN CASTLE,1,0,0,,4,,0,1,0,,,,,2023-10-14 13:09:45
21134021,,,0,,,,,,STORMING FLYER,1,0,0,,4,,0,1,0,,,,,2023-11-27 04:29:36
21134022,,,0,,,,,,JAGRETEE,1,0,0,,4,,0,1,0,,,,,2023-11-29 03:28:41
21134023,,,0,,,,,,SEBI HALO,1,0,0,2.0,4,,0,1,0,,,,,2024-03-05 06:24:43
21134024,,,0,,,,,,SHE'S A MANEATER,1,0,0,,4,,0,1,0,,,,,2024-03-07 03:05:22
21134025,,,0,,,,,,ENGLAND'S ROSE,1,0,0,,4,,0,1,0,,,,,2024-03-07 03:07:22
21134026,,,0,,,,,,GIRL TALK,1,0,0,,4,,0,1,0,,,,,2024-03-07 03:10:20
21134027,,,0,,,,,,PRIMO EXTREMO,1,0,0,,4,,0,1,0,,,,,2024-03-07 03:15:33
21134028,,,0,,,,,,FANTASTIC FEELING,1,0,0,,4,,0,1,0,,,,,2024-03-07 03:16:59
21134029,,,0,,,,,,COWGIRL SPIRIT,1,0,0,,4,,0,1,0,,,,,2024-03-07 03:19:26
21134030,,,0,,,,,,LIKE A LADY,1,0,0,,4,,0,1,0,,,,,2024-03-07 03:26:59
21134031,,,0,,,,,,AMERICAN INVADER,1,0,0,,4,,0,1,0,,,,,2024-03-07 03:28:09
21134032,,,0,,,,,,PRINCESS ASTRID,1,0,0,,4,,0,1,0,,,,,2024-03-07 03:29:59
21134033,,,0,,,,,,A VESSEL OF LOVE,1,0,0,,4,,0,1,0,,,,,2024-03-11 07:05:28
21134034,,,0,,,,,,DANCING DONUT,1,0,0,,4,,0,1,0,,,,,2024-03-11 07:13:45
21134035,,,0,,,,,,HELMETTA,1,0,0,,4,,0,1,0,,,,,2024-03-11 07:16:39
21134036,,,0,,,,,,OUR FIRST LADY,1,0,0,,4,,0,1,0,,,,,2024-03-11 07:18:42
21134037,,,0,,,,,,OUR FIRST CANDY,1,0,0,,4,,0,1,0,,,,,2024-03-11 07:19:18
21134038,,,0,,,,,,GAGA LADY,1,0,0,,4,,0,1,0,,,,,2024-03-12 06:38:01
21134039,,,0,,,,,,PRINCESS AVA,1,0,0,,4,,0,1,0,,,,,2024-03-12 06:43:35
21134040,,,0,,,,,,CURLIN'S BARRACUDA,1,0,0,,4,,0,1,0,,,,,2024-03-12 06:52:44
21134041,,,0,,,,,,FAYROUZ,1,0,0,,4,,0,1,0,,,,,2024-03-12 06:57:51
21134042,,,0,,,,,,CURLIN'S MACBETH,1,0,0,,4,,0,1,0,,,,,2024-03-12 06:59:02
21134043,,,0,,,,,,SHE'S A BANKER,1,0,0,,4,,0,1,0,,,,,2024-03-28 05:54:03
21134044,,,0,,,,,,UNPREDICTABLE,1,0,0,,4,,0,1,0,,,,,2024-03-28 05:55:30
21134045,,,0,,,,,,PASSING ME,1,0,0,,4,,0,1,0,,,,,2024-03-28 06:00:53
21134046,,,0,,,,,,EYE CANDY,1,0,0,,4,,0,1,0,,,,,2024-03-28 06:03:41
21134047,,,0,,,,,,TRUTH IS TRUTH,1,0,0,,4,,0,1,0,,,,,2024-03-28 06:08:14
21134048,,,0,,,,,,RACHEL'S GRACE,1,0,0,,4,,0,1,0,,,,,2024-03-28 06:10:42
21134049,,,0,,,,,,CORAZON,1,0,0,,4,,0,1,0,,,,,2024-03-28 06:12:32
21134050,,,0,,,,,,GYPSY JAM,1,0,0,,4,,0,1,0,,,,,2024-03-28 06:14:37
21134051,,,0,,,,,,CASUAL FLIGHT,1,0,0,,4,,0,1,0,,,,,2024-03-28 06:17:51
21134052,,,0,,,,,,QUEEN OFTHEHARBOUR,1,0,0,,4,,0,1,0,,,,,2024-03-28 06:23:00
21134053,,,0,,,,,,NUCLEAR FLIGHT,1,0,0,,4,,0,1,0,,,,,2024-03-28 06:25:19
21134054,,,0,,,,,,RUNDAZZLE,1,0,0,,4,,0,1,0,,,,,2024-05-02 05:29:28
21134055,,,0,,,,,,QUORA,1,0,0,,4,,0,1,0,,,,,2024-05-02 05:35:46
21134056,,,0,,,,,,LONG RUNNING TRAIN,1,0,0,,4,,0,1,0,,,,,2024-05-02 05:39:37
21134057,,,0,,,,,,NATIVE GOLD,1,0,0,,4,,0,1,0,,,,,2024-05-02 05:41:54
21134058,,,0,,,,,,NUCLEAR FORCE,1,0,0,,4,,0,1,0,,,,,2024-05-02 05:45:53
21134059,,,0,,,,,,LADY EXOTIC,1,0,0,,4,,0,1,0,,,,,2024-05-02 05:53:45
21134060,,,0,,,,,,MONEY MAGNET,1,0,0,,4,,0,1,0,,,,,2024-05-02 05:56:49
21134061,,,0,,,,,,KAKA MY LOVE,1,0,0,,4,,0,1,0,,,,,2024-05-02 05:58:03
21134062,,,0,,,,,,ABOVE AND BEYOND,1,0,0,,4,,0,1,0,,,,,2024-05-02 05:59:07
21134063,,,0,,,,,,PEN PEN,1,0,0,,4,,0,1,0,,,,,2024-05-02 06:00:43
21134064,,,0,,,,,,SEA SWAN,1,0,0,,4,,0,1,0,,,,,2024-05-02 06:04:33
21134065,,,0,,,,,,SWEETIE GIRL,1,0,0,,4,,0,1,0,,,,,2024-05-02 06:07:43
21134066,,,0,,,,,,BENEDICTION,1,0,0,,4,,0,1,0,,,,,2024-05-02 06:08:55
21134067,,,0,,,,,,BLACK BOMBSHELL,1,0,0,,4,,0,1,0,,,,,2024-05-02 06:10:01
21134068,,,0,,,,,,CAPE,1,0,0,,4,,0,1,0,,,,,2024-05-02 06:13:04
21134069,,,0,,,,,,SURVIVAL SUNDAY,1,0,0,,4,,0,1,0,,,,,2024-06-10 05:26:56
21134070,,,0,,,,,,COLLEEN,1,0,0,,4,,0,1,0,,,,,2024-06-10 05:28:56
21134071,,,0,,,,,,ANNAKAREINA,1,0,0,,4,,0,1,0,,,,,2024-06-10 05:31:27
21134072,,,0,,,,,,BIRDIE MY LOVE,1,0,0,,4,,0,1,0,,,,,2024-06-10 05:32:57
21134073,,,0,,,,,,DEE Q,1,0,0,,4,,0,1,0,,,,,2024-06-10 05:35:04
21134074,,,0,,,,,,CHIEF DIPLOMAT,1,0,0,,4,,0,1,0,,,,,2024-06-10 05:36:24
21134075,,,0,,,,,,PRINCESS LAUREN,1,0,0,,4,,0,1,0,,,,,2024-06-10 05:41:03
