HorseEquipmentId,WorkoutDetailId
5,334
5,329
5,335
2,340
2,351
2,355
3,357
2,359
5,359
5,361
5,364
2,370
5,385
2,414
5,416
5,417
5,419
2,430
5,435
2,435
2,439
5,441
5,450
5,451
5,452
3,453
9,456
2,462
5,464
2,467
5,471
2,473
5,488
5,492
2,493
2,494
2,499
2,501
8,506
2,506
9,507
2,521
5,521
5,527
2,528
2,530
5,536
2,537
2,543
5,543
5,545
5,548
2,555
5,559
3,561
5,571
2,577
3,584
5,603
2,612
2,621
5,625
3,627
9,630
2,634
2,636
5,638
2,647
2,651
2,654
2,665
2,666
5,670
3,678
5,678
5,682
2,682
2,686
3,695
2,696
3,702
2,708
2,718
5,718
5,722
5,723
2,723
5,724
5,727
9,737
2,740
2,741
3,750
5,752
3,771
5,777
5,780
2,787
5,793
2,803
3,808
5,808
5,817
3,828
5,849
2,851
5,851
5,852
2,852
2,853
9,869
2,877
5,893
5,897
5,902
9,911
5,914
5,915
5,918
5,923
2,924
3,925
5,927
2,939
5,956
5,963
5,968
5,984
2,989
3,992
5,992
2,997
2,1205
2,1209
5,1215
2,1225
5,1226
9,1229
5,1236
9,1243
5,1245
8,1253
5,1253
2,1262
2,1267
9,1278
2,1285
2,1318
5,1320
9,1321
2,1323
2,1324
9,1325
2,1329
5,1329
2,1334
5,1335
5,1359
2,1364
2,1366
5,1368
9,1372
8,1372
5,1372
2,1376
5,1397
2,1400
5,1404
5,1405
2,1408
3,1422
2,1427
5,1437
5,1442
3,1453
5,1453
8,1459
5,1463
2,1465
5,1470
5,1474
9,1477
2,1494
8,1500
2,1503
2,1508
3,1519
9,1521
3,1529
5,1529
3,1531
5,1536
5,1537
2,1540
5,1541
5,1590
2,1593
9,1596
2,1598
5,1612
5,1615
5,1624
5,1637
5,1640
2,1641
2,1650
2,1657
8,1659
9,1668
5,1668
2,1675
5,1688
2,1690
5,1692
2,1693
9,1699
5,1699
3,1703
2,1711
5,1714
3,1721
5,1726
5,1730
5,1736
9,1737
2,1743
5,1744
2,1746
9,1747
2,1749
5,1764
5,1765
2,1775
2,1780
2,1781
2,1782
8,1789
5,1789
5,1791
2,1819
5,1820
2,1834
2,1841
2,1846
2,1856
3,1860
2,1863
2,1868
5,1868
5,1870
3,1872
5,1875
2,1881
5,1881
9,1888
2,1891
5,1900
2,1901
5,1902
2,1911
2,1925
2,1927
2,1928
2,1934
2,1944
5,1944
2,1947
3,1958
5,1958
9,1959
2,1963
3,1973
2,1997
2,2011
5,2011
5,2013
2,2015
9,2017
2,2019
5,2022
2,2036
5,2036
2,2040
2,2054
5,2054
5,2055
2,2061
3,2079
2,2089
5,2089
5,2090
5,2097
3,2098
5,2098
2,2107
2,2115
2,2116
2,2118
2,2126
5,2127
5,2132
9,2139
2,2141
2,2151
5,2157
2,2159
2,2180
3,2187
5,2195
3,2197
5,2197
2,2205
2,2206
5,2206
2,2230
2,2235
8,2235
2,2246
2,2247
5,2249
2,2256
2,2263
9,2264
2,2278
2,2298
5,2304
9,2315
5,2315
5,2316
2,2331
5,2331
5,2335
5,2337
2,2340
8,2343
3,2350
2,2352
9,2370
2,2397
8,2403
5,2403
2,2419
2,2421
9,2425
2,2427
3,2451
2,2459
5,2459
3,2465
5,2470
3,2471
5,2471
2,2475
5,2478
5,2407
2,2485
2,2493
2,2519
3,2523
2,2537
5,2540
2,2547
2,2559
8,2559
5,2560
9,2568
3,2569
5,2569
2,2572
2,2574
5,2574
2,2578
2,2585
3,2589
9,2592
2,2637
9,2684
5,2684
2,2688
2,2689
2,2691
3,2692
2,2697
2,2703
2,2709
8,2709
5,2719
9,2724
9,2728
5,2728
2,2733
9,2736
5,2739
9,2744
5,2744
9,2750
5,2752
2,2762
2,2763
3,2770
3,2772
8,2775
2,2777
5,2788
9,2789
5,2789
2,2793
5,2795
2,2805
9,2809
2,2816
2,2830
3,2825
5,2833
2,2888
5,2888
2,2889
9,2911
9,2918
2,2924
2,2926
3,2929
9,2930
5,2935
2,2880
2,2992
2,3013
5,3019
9,3029
2,3043
2,3052
2,3057
2,3059
9,3069
2,3070
5,3072
3,3074
5,3074
2,3077
5,3080
2,3086
2,3094
2,3110
5,3062
5,3092
5,3135
2,3160
3,3163
5,3163
2,3166
2,3177
2,3179
3,3186
9,3196
2,3222
5,3222
2,3226
2,3235
2,3244
3,3249
5,3249
2,3257
9,3262
2,3270
8,3270
3,3284
2,3285
2,3286
3,3291
8,3291
5,3300
2,3305
8,3306
9,3311
8,3311
2,3315
9,3324
5,3324
5,3332
2,3333
9,3334
9,3336
8,3336
2,3342
9,3351
2,3369
3,3374
2,3379
2,3388
8,3388
2,3389
8,3389
9,3394
2,3401
8,3402
3,3409
2,3413
2,3416
9,3419
5,3419
5,3427
2,3431
2,3433
2,3438
5,3438
2,3441
3,3443
3,3448
5,3448
2,3449
2,3466
2,3480
2,3484
2,3494
5,3501
5,3504
5,3511
2,3521
2,3528
2,3532
2,3538
2,3539
8,3548
5,3552
9,3552
8,3554
9,3554
9,3567
2,3586
9,3595
2,3599
3,3608
2,3616
5,3620
2,3631
3,3654
2,3666
5,3666
2,3669
5,3669
2,3670
5,3686
9,3690
2,3712
3,3721
2,3725
9,3731
5,3737
5,3741
2,3746
2,3749
2,3758
2,3760
5,3764
2,3771
2,3772
2,3784
5,3787
3,3789
2,3801
3,3821
2,3834
5,3834
2,3836
5,3836
3,3840
2,3844
2,3846
5,3846
2,3848
2,3852
2,3879
2,3887
5,3887
2,3900
2,3909
2,3911
5,3921
5,3923
9,3934
3,3937
5,3937
3,3943
2,3951
9,3963
2,3966
3,3978
2,3979
2,3982
5,3982
2,3986
9,3990
5,3990
5,3991
9,4004
5,4009
5,4012
2,4013
9,4018
9,4023
3,4027
2,4034
3,4056
9,4057
5,4057
2,4059
5,4061
5,4062
2,4063
9,4065
2,4067
2,4070
2,4076
5,4109
5,4118
2,4119
2,4139
3,4143
2,4149
2,4155
2,4170
5,4170
2,4172
8,4172
9,4174
3,4184
8,4184
2,4188
5,4189
5,4191
2,4193
2,4196
2,4197
5,4201
2,4202
2,4206
5,4213
3,4213
3,4219
2,4233
5,4252
9,4258
2,4259
2,4271
2,4272
5,4272
2,4275
9,4276
8,4276
2,4281
9,4282
5,4282
3,4299
2,4300
2,4301
9,4323
2,4328
5,4328
9,4395
2,4401
2,4403
5,4420
9,4421
8,4421
2,4422
2,4424
5,4428
3,4432
5,4432
2,4435
2,4442
2,4443
5,4456
5,4457
5,4470
2,4487
3,4488
3,4493
2,4497
5,4507
2,4508
8,4443
2,4532
5,4546
2,4569
9,4577
2,4580
5,4580
2,4585
2,4588
9,4595
5,4595
5,4597
2,4601
2,4624
9,4631
3,4633
2,4636
5,4637
2,4648
3,4649
5,4656
3,4662
2,4669
5,4671
3,4687
5,4687
3,4689
5,4689
9,4703
5,4703
2,4705
2,4717
2,4737
5,4739
2,4741
5,4741
2,4743
2,4744
8,4744
2,4751
2,4754
5,4756
3,4770
2,4771
5,4771
2,4772
5,4772
2,4774
2,4782
2,4783
2,4787
9,4791
9,4813
3,4817
3,4825
2,4827
2,4847
9,4880
2,4884
9,4886
5,4886
9,4898
2,4906
5,4906
2,4907
2,4908
2,4913
5,4915
2,4930
5,4943
2,4944
9,4945
5,4948
3,4963
2,4974
5,4977
5,4987
2,4988
2,4990
3,4999
2,5008
5,5029
3,5045
8,5045
2,5046
9,5053
5,5053
2,5056
2,5064
9,5071
3,5082
2,5093
2,5094
2,5096
3,5102
2,5104
2,5118
3,5125
5,5125
9,5131
2,5137
9,5140
3,5147
2,5148
9,5190
2,5192
5,5194
2,5206
2,5208
9,5211
9,5212
8,5212
9,5230
8,5230
9,5232
8,5242
3,5245
9,5271
9,5275
2,5283
9,5304
2,5322
5,5346
2,5346
9,5358
5,5390
2,5391
2,5414
2,5447
5,5451
5,5478
2,5479
9,5480
2,5484
2,5487
5,5493
9,5494
2,5501
3,5503
9,5506
5,5506
2,5517
2,5527
5,5530
2,5533
9,5540
2,5546
9,5552
8,5565
8,5573
2,5607
2,5609
5,5609
2,5626
5,5626
9,5641
3,5657
9,5673
2,5675
2,5678
9,5681
2,5751
5,5760
8,5767
2,5773
2,5778
5,5780
8,5786
2,5821
2,5823
9,5827
9,5843
5,5843
5,5851
9,5852
9,5853
5,5859
2,5860
2,5864
2,5870
9,5872
3,5877
5,5906
5,5924
2,5932
9,5935
5,5935
2,5951
9,5953
8,5953
2,5954
9,5957
5,5963
9,5964
3,5966
9,5967
5,5971
2,5962
5,5993
9,5994
9,6007
2,6017
3,6019
5,6019
2,6023
5,6026
9,6027
5,6044
9,6050
9,6051
9,6056
5,6056
9,6066
9,6068
5,6069
2,6073
5,6078
5,6083
2,6091
2,6092
2,6102
5,6115
2,6135
5,6135
5,6118
5,6167
9,6169
8,6169
9,6170
8,6170
3,6179
5,6179
3,6184
2,6197
9,6207
9,6215
2,6263
5,6268
9,6268
5,6273
8,6286
9,6286
2,6300
5,6303
2,6305
3,6329
2,6339
5,6354
2,6362
2,6365
2,6372
8,6273
2,6281
9,6334
9,6405
9,6422
5,6422
3,6426
2,6429
2,6436
3,6449
5,6449
2,6452
8,6453
5,6457
9,6465
9,6467
5,6469
3,6482
5,6493
3,6498
2,6510
9,6524
3,6548
9,6554
8,6568
2,6569
2,6572
5,6572
2,6573
5,6579
3,6587
9,6591
2,6604
3,6607
5,6624
2,6625
9,6636
9,6644
3,6647
9,6648
5,6681
2,6701
8,6701
2,6710
2,6714
2,6728
2,6733
2,6739
2,6749
2,6755
5,6755
2,6759
5,6761
2,6764
2,6765
5,6765
9,6768
2,6770
2,6773
9,6779
2,6794
2,6822
2,6824
5,6824
2,6826
9,6827
5,6835
5,6836
2,6840
2,6843
9,6852
2,6853
9,6855
2,6879
3,6880
2,6884
9,6897
2,6923
5,6923
2,6932
5,6932
2,6948
9,6950
2,6954
2,6955
2,6960
3,6968
5,6968
2,6981
5,6981
2,6983
5,6983
2,6984
5,6984
2,6989
5,6989
2,6990
9,7013
3,7024
2,7037
3,7039
2,7040
9,7069
2,7116
5,7120
9,7122
8,7122
2,7127
2,7152
2,7170
5,7190
9,7211
3,7220
8,7237
2,7238
2,7268
2,7273
9,7274
2,7278
5,7278
2,7286
2,7300
9,7301
9,7305
5,7315
2,7318
3,7323
2,7325
9,7336
2,7339
2,7341
2,7354
2,7357
2,7364
3,7387
2,7400
5,7410
2,7417
5,7417
8,7424
2,7431
2,7446
5,7446
8,7450
9,7473
3,7474
2,7485
9,7486
5,7504
2,7516
5,7516
5,7522
9,7525
2,7586
2,7593
2,7595
9,7600
9,7607
9,7616
5,7627
2,7638
9,7640
2,7652
2,7661
3,7673
2,7703
2,7719
5,7719
9,7721
5,7721
2,7726
2,7731
5,7731
9,7739
2,7743
9,7752
2,7763
8,7763
9,7770
3,7773
9,7774
8,7774
2,7782
2,7783
5,7809
2,7812
8,7812
5,7819
8,7820
2,7826
5,7830
5,7848
9,7861
2,7863
9,7867
5,7867
3,7868
9,7872
8,7872
9,7914
2,7916
5,7916
9,7917
8,7917
2,7921
5,7921
9,7924
2,7926
8,7932
9,7933
5,7940
5,7991
2,8042
2,8044
2,8053
5,8053
3,8083
2,8089
9,8091
5,8098
3,8124
2,8131
2,8140
8,8140
8,8167
2,8173
9,8187
2,8194
5,8201
3,8206
9,8211
2,8212
5,8212
9,8223
9,8243
9,8245
3,8253
3,8257
5,8257
5,8265
2,8266
2,8279
5,8280
2,8283
9,8286
2,8289
2,8292
9,8293
2,8347
2,8351
2,8353
5,8353
9,8370
9,8373
3,8384
2,8391
9,8403
3,8408
3,8415
5,8415
2,8434
2,8485
3,8490
2,8494
5,8494
9,8501
2,8502
2,8521
5,8526
2,8530
2,8531
3,8534
5,8539
2,8555
3,8564
9,8568
3,8586
3,8593
8,8621
9,8651
9,8654
5,8654
2,8657
8,8657
5,8660
9,8661
2,8665
2,8667
2,8673
5,8673
8,8686
2,8688
8,8696
5,8696
8,8704
5,8706
9,8712
5,8714
2,8695
9,8742
5,8745
2,8751
5,8751
9,8757
5,8767
8,8770
9,8779
2,8783
5,8783
2,8806
8,8806
2,8829
9,8835
2,8836
2,8840
2,8845
5,8845
3,8855
5,8857
5,8859
3,8861
3,8868
3,8873
2,8906
9,8952
5,8962
5,8964
3,8964
5,8966
3,8983
2,8994
9,8996
9,9005
9,9057
2,9103
2,9105
2,9115
2,9120
2,9149
8,9149
5,9158
2,9160
2,9162
3,9165
5,9178
2,9180
3,9188
9,9209
2,9215
9,9247
2,9252
2,9264
2,9270
2,9285
2,9294
2,9297
5,9297
3,9295
5,9295
2,9302
5,9302
5,9307
9,9322
5,9322
3,9329
9,9346
3,9371
2,9382
2,9398
8,9398
9,9404
2,9406
2,9407
8,9415
5,9416
3,9438
2,9455
5,9455
3,9478
2,9480
9,9481
3,9482
2,9488
5,9488
3,9497
6,9497
5,9502
9,9528
2,9554
9,9464
5,9565
5,9567
2,9578
3,9611
8,9612
9,9618
2,9621
5,9621
2,9625
5,9625
3,9642
3,9649
9,9660
9,9669
2,9676
2,9686
2,9700
8,9700
2,9710
5,9712
2,9717
2,9721
8,9731
9,9747
2,9749
5,9759
2,9765
3,9766
2,9769
9,9779
2,9780
9,9784
2,9798
9,9804
8,9824
5,9836
9,9839
2,9857
2,9866
2,9891
3,9914
8,9940
2,9947
8,9960
2,9960
9,9964
9,9969
2,9970
2,9986
2,10008
8,10008
3,10022
2,10029
2,10045
2,10052
2,10060
2,10079
9,10080
3,10108
2,10118
5,10135
2,10136
5,10156
2,10162
2,10165
2,10171
9,10176
3,10177
5,10177
2,10191
3,10196
2,10209
8,10209
3,10210
2,10221
2,10223
3,10227
9,10243
9,10245
2,10256
9,10273
5,10280
2,10470
5,10479
2,10480
9,10484
2,10490
9,10494
9,10497
2,10498
2,10504
2,10511
2,10534
2,10535
5,10538
3,10540
8,10540
2,10542
3,10543
2,10544
9,10547
5,10549
2,10565
5,10574
9,10578
3,10583
5,10583
2,10608
8,10608
2,10615
8,10623
9,10635
5,10638
2,10656
2,10657
9,10680
9,10681
8,10681
9,10684
3,10696
2,10704
5,10704
2,10705
5,10705
2,10711
2,10717
5,10717
3,10729
5,10729
2,10769
5,10800
8,10802
2,10803
5,10806
2,10806
2,10808
9,10809
8,10809
2,10816
5,10827
9,10828
9,10829
5,10829
2,10839
9,10842
2,10846
2,10850
5,10850
3,10852
2,10864
3,10867
2,10899
2,10913
3,10927
5,10935
2,10936
9,10937
3,10938
8,10942
5,10942
3,10944
5,10944
5,10951
2,10961
2,10965
5,10965
3,10969
3,10906
5,10974
9,10976
2,10987
2,10994
2,10997
5,10997
9,10999
2,11005
2,11020
2,11055
2,11063
2,11098
2,11099
3,11127
2,11138
5,11139
3,11140
5,11140
9,11144
2,11145
3,11149
2,11150
5,11150
2,11157
2,11166
2,11194
2,11222
9,11223
5,11225
5,11227
2,11238
2,11241
2,11243
3,11245
2,11247
9,11261
2,11277
2,11281
5,11281
2,11290
3,11309
2,11312
2,11315
5,11322
5,11324
2,11334
2,11361
2,11387
2,11394
5,11410
3,11413
2,11439
2,11440
9,11448
2,11471
2,11473
5,11473
2,11476
5,11477
9,11483
3,11486
9,11501
5,11517
2,11524
5,11524
9,11526
8,11526
2,11533
8,11544
8,11545
2,11546
2,11547
2,11550
2,11557
5,11557
2,11558
3,11563
5,11563
9,11570
2,11573
5,11573
3,11574
2,11576
2,11582
5,11582
2,11585
5,11585
2,11607
2,11608
2,11610
2,11611
5,11611
2,11612
9,11615
8,11615
8,11616
8,11633
3,11636
3,11642
9,11660
3,11630
2,11722
2,11726
5,11726
3,11739
2,11752
3,11764
5,11764
3,11770
3,11773
2,11774
9,11776
5,11781
2,11787
2,11807
3,11865
5,11865
2,11870
9,11877
2,11884
5,11885
3,11913
5,11914
2,11918
2,11919
2,11925
3,11929
2,11937
5,11938
5,11939
5,11940
9,11944
2,11949
9,11954
2,12024
3,12026
2,12045
2,12046
2,12048
2,12049
5,12049
9,12058
2,12073
2,12079
2,12080
2,12081
2,12091
2,12115
2,12116
5,12116
8,12118
2,12131
2,12132
2,12147
5,12147
9,12151
9,12156
9,12162
2,12171
5,12198
2,12199
3,12212
3,12213
5,12214
2,12217
2,12234
9,12236
5,12240
5,12249
5,12250
9,12252
8,12252
2,12256
2,12283
2,12287
5,12295
5,12296
2,12302
2,12307
2,12320
2,12321
2,12324
2,12361
2,12363
2,12369
5,12369
2,12370
2,12386
2,12390
2,12401
2,12405
9,12406
2,12407
8,12407
2,12412
2,12434
2,12454
2,12480
5,12480
2,12482
9,12483
9,12493
2,12506
2,12514
2,12518
2,12528
2,12536
2,12557
2,12569
3,12583
5,12587
2,12604
2,12609
2,12618
2,12621
2,12630
9,12633
2,12635
5,12635
3,12643
2,12650
2,12655
2,12660
2,12661
2,12663
9,12664
5,12671
9,12672
2,12674
5,12677
5,12681
4,12692
2,12697
2,12762
2,12774
2,12784
2,12788
8,12788
2,12789
8,12789
3,12798
2,12816
2,12827
2,12828
2,12832
5,12832
2,12839
5,12839
3,12843
5,12843
2,12883
3,12895
5,12895
2,12905
5,12905
2,12914
2,12915
8,12919
2,12921
2,12944
2,12946
5,12948
5,12951
2,12957
2,12968
5,12968
2,13010
2,13017
9,13020
2,13025
5,13025
3,13031
5,13031
2,13036
8,13036
8,13041
2,13057
2,13060
3,13062
2,13063
2,13070
5,13072
2,13073
2,13098
3,13104
8,13123
2,13125
2,13126
9,13128
2,13138
2,13141
2,13161
9,13186
2,13187
3,13189
2,13198
2,13199
5,13199
2,13202
2,13214
5,13214
2,13219
2,13222
5,13228
9,13310
2,13317
3,13319
9,13330
2,13333
9,13336
5,13340
8,13344
2,13349
5,13351
5,13357
2,13358
5,13362
2,13365
2,13369
2,13370
2,13371
2,13374
5,13375
2,13377
5,13392
2,13392
2,13400
3,13405
2,13416
5,13417
5,13423
2,13426
2,13430
5,13464
2,13486
2,13498
9,13500
9,13501
2,13523
5,13523
2,13526
3,13534
5,13534
2,13539
2,13548
5,13548
2,13549
5,13549
2,13550
8,13553
2,13558
2,13568
2,13570
5,13591
2,13597
2,13605
9,13611
3,13613
2,13616
5,13621
3,13623
5,13626
2,13628
2,13657
2,13677
5,13658
3,13681
5,13685
2,13689
9,13691
2,13697
3,13705
2,13717
2,13720
2,13724
5,13730
3,13745
5,13745
5,13751
2,13764
9,13772
2,13784
2,13830
2,13833
2,13840
9,13841
2,13844
5,13844
2,13851
8,13851
2,13863
2,13867
5,13870
2,13872
5,13872
5,13876
2,13877
9,13879
5,13881
2,13882
2,13888
2,13902
5,13910
2,13933
3,13939
5,13956
2,13960
2,13975
8,13975
2,14004
2,14013
5,14013
2,14019
2,14021
2,14025
9,14027
5,14030
5,14032
2,14037
9,14045
2,14047
2,14048
5,14071
5,14072
5,14077
2,14085
8,14085
2,14087
2,14095
2,14099
8,14111
2,14113
5,14113
2,14117
8,14117
3,14119
2,14124
8,14134
2,14136
8,14136
2,14137
8,14137
2,14138
2,14140
5,14153
2,14156
2,14157
2,14188
2,14189
9,14191
5,14194
2,14210
2,14212
8,14215
9,14217
2,14218
2,14220
5,14220
8,14221
2,14230
5,14243
2,14247
3,14250
5,14250
2,14252
2,14253
5,14255
2,14283
2,14304
2,14312
2,14328
9,14329
2,14334
3,14345
5,14345
2,14358
2,14367
2,14370
5,14370
2,14379
2,14382
8,14390
2,14392
9,14404
3,14407
2,14409
5,14412
2,14421
5,14451
5,14483
2,14494
2,14503
8,14507
2,14515
2,14527
2,14528
5,14537
5,14548
5,14549
2,14567
2,14568
5,14570
2,14571
8,14572
2,14590
2,14607
2,14635
2,14667
9,14675
9,14676
2,14680
9,14684
2,14698
2,14704
5,14720
9,14722
2,14730
2,14732
9,14733
2,14744
2,14745
2,14750
2,14751
5,14758
5,14762
2,14807
2,14814
2,14822
2,14825
2,14840
5,14840
9,14851
9,14854
9,14857
5,14863
2,14877
3,14889
5,14891
2,14904
5,14910
2,14922
5,14955
2,14979
2,14983
2,14994
2,14995
8,14999
5,14999
9,15009
3,15010
2,15010
2,15024
2,15027
2,15032
2,15039
2,15040
5,15048
2,15058
8,15104
2,15107
2,15108
5,15110
8,15111
2,15113
2,15114
2,15115
5,15115
2,15118
9,15121
3,15129
2,15132
2,15133
9,15142
2,15152
5,15154
3,15168
3,15186
2,15198
2,15199
2,15214
5,15214
2,15220
2,15221
5,15225
5,15228
5,15234
5,15243
8,15251
3,15251
9,15261
2,15268
5,15315
2,15361
2,15362
5,15364
2,15365
5,15365
2,15368
3,15381
5,15385
5,15397
2,15400
5,15400
2,15403
2,15414
2,15431
2,15470
8,15470
2,15489
5,15490
2,15496
2,15503
5,15503
2,15505
5,15505
9,15513
5,15514
2,15520
2,15548
2,15549
5,15553
2,15560
9,15572
3,15583
3,15592
5,15592
3,15594
2,15649
2,15692
2,15717
5,15717
5,15725
9,15726
2,15732
3,15733
2,15736
9,15744
2,15812
2,15819
2,15820
9,15852
2,15869
5,15869
2,15877
9,15899
3,15909
8,15914
5,15924
5,15936
9,15945
9,15967
9,15970
2,15974
9,15975
2,15980
9,15984
2,15985
2,15988
5,15988
2,15995
2,16004
8,16020
5,16020
3,16040
2,16046
8,16046
2,16051
2,16053
3,16064
3,16066
2,16085
2,16088
9,16090
9,16123
2,16127
8,16130
9,16131
2,16132
2,16150
5,16151
9,16182
2,16191
9,16203
5,16205
2,16226
2,16264
5,16264
9,16269
5,16301
2,16301
5,16311
2,16323
9,16331
5,16337
9,16344
8,16344
2,16351
3,16353
5,16353
2,16372
2,16417
3,16433
2,16436
3,16513
2,16526
8,16553
9,16556
5,16558
2,16570
2,16574
2,16575
5,16575
5,16582
3,16591
5,16599
5,16615
3,16618
9,16626
2,16646
3,16648
3,16651
2,16673
5,16673
2,16712
2,16713
2,16714
9,16716
2,16719
2,16725
5,16725
2,16726
2,16730
2,16739
8,16740
2,16743
2,16753
2,16765
5,16767
3,16767
5,16774
9,16787
3,16789
9,16798
5,16826
9,16836
3,16808
2,16857
2,16868
2,16871
2,16872
2,16885
9,16886
2,16894
5,16894
9,16895
5,16904
2,16911
2,16916
2,16917
5,16925
2,16929
5,16935
3,16940
3,16946
2,16947
3,16980
2,17007
2,17016
5,17020
8,17023
2,17063
5,17074
2,17080
2,17082
2,17083
2,17087
2,17078
9,17095
3,17107
9,17109
2,17112
9,17116
2,17123
3,17124
2,17127
5,17127
2,17129
2,17134
8,17143
8,17144
2,17147
5,17147
8,17150
8,17156
3,17158
8,17158
8,17159
5,17164
8,17178
3,17185
2,17187
2,17189
9,17195
8,17198
9,17210
8,17213
3,17219
3,17224
2,17226
5,17226
2,17228
2,17259
8,17259
9,17271
9,17278
8,17278
2,17282
2,17285
2,17290
2,17293
2,17306
5,17306
3,17309
5,17310
3,17314
3,17327
5,17355
8,17391
5,17398
9,17410
2,17414
3,17417
2,17428
5,17428
2,17429
5,17435
5,17436
3,17438
2,17441
2,17442
2,17445
2,17454
3,17462
3,17526
2,17542
9,17551
2,17552
2,17553
8,17556
2,17559
2,17564
9,17572
2,17578
5,17578
3,17588
9,17595
2,17597
5,17598
3,17600
2,17603
2,17604
2,17610
3,17618
2,17623
5,17626
3,17671
2,17673
2,17692
2,17697
5,17719
2,17721
2,17726
2,17737
9,17744
9,17750
2,17751
2,17758
2,17770
2,17776
2,17779
5,17779
2,17784
5,17809
2,17854
2,17855
2,17862
2,17863
2,17864
2,17881
3,17889
5,17891
9,17894
2,17899
2,17916
5,17918
5,17938
3,17963
3,17998
5,17998
2,18005
2,18025
5,18025
2,18029
9,18034
8,18034
8,18041
2,18046
5,18046
9,18047
2,18050
8,18050
3,18054
5,18066
9,18071
5,18074
2,18078
2,18079
8,18079
2,18082
2,18088
2,18095
8,18095
2,18104
5,18108
9,18111
2,18112
2,18124
3,18134
2,18147
2,18148
2,18156
5,18167
2,18168
8,18171
8,18172
9,18176
8,18183
3,18185
8,18185
5,18193
2,18197
9,18218
2,18223
9,18251
2,18259
5,18259
8,18261
2,18264
3,18265
3,18275
5,18276
2,18277
2,18310
3,18352
2,18354
8,18363
9,18366
9,18368
2,18411
5,18412
8,18416
2,18416
9,18419
2,18420
2,18421
2,18456
3,18477
9,18486
9,18517
9,18522
8,18525
2,18528
2,18543
2,18547
2,18551
2,18555
2,18559
3,18561
9,18570
5,18600
2,18602
9,18607
5,18608
2,18613
5,18616
3,18619
2,18622
5,18640
2,18666
9,18680
3,18695
2,18723
2,18730
9,18740
2,18741
5,18743
2,18744
5,18744
3,18750
2,18754
9,18755
3,18764
2,18768
2,18788
2,18791
5,18794
2,18817
2,18819
8,18819
2,18827
9,18837
2,18783
2,18868
2,18890
9,18896
9,18900
2,18901
9,18904
2,18905
2,18912
3,18913
9,18921
5,18934
2,18961
8,18961
3,18979
2,18981
2,18987
5,18987
2,18989
5,18992
2,18994
2,19000
5,19000
3,19009
5,19009
5,19010
5,19014
5,19026
5,19027
2,19039
3,19041
9,19054
2,19056
3,19060
9,19073
3,19075
2,19076
5,19091
2,19108
8,19108
5,19109
9,19116
8,19116
5,19134
5,19141
2,19147
3,19148
2,19155
2,19157
5,19169
5,19179
3,19194
2,19199
2,19209
2,19217
2,19224
8,19228
2,19236
2,19244
3,19258
2,19266
2,19287
5,19287
2,19289
2,19345
2,19349
5,19362
5,19369
2,19379
9,19382
9,19394
2,19399
2,19400
5,19407
3,19415
3,19425
2,19430
2,19435
2,19436
2,19441
2,19445
2,19449
8,19449
3,19457
9,19463
9,19464
9,19465
8,19465
8,19484
2,19490
2,19494
8,19494
2,19500
3,19502
9,19504
8,19504
9,19507
3,19508
5,19514
9,19523
8,19536
3,19565
2,19570
5,19570
2,19576
2,19583
2,19633
5,19638
2,19641
5,19647
2,19647
5,19652
9,19659
2,19661
5,19663
2,19665
8,19665
5,19669
3,19678
2,19690
5,19692
8,19698
2,19700
9,19712
3,19851
2,19885
8,19886
3,19887
3,19897
8,19900
9,19902
9,19907
3,19915
2,19917
5,19923
2,19926
9,19935
2,19936
9,19945
5,19945
2,19951
9,19953
2,19955
2,19960
2,20066
2,20070
2,20080
8,20084
5,20093
2,20095
2,20103
9,20106
3,20121
2,20123
5,20126
2,20133
3,20136
2,20163
5,20171
2,20183
8,20183
2,20192
9,20194
2,20205
3,20208
3,20212
3,20217
9,20218
2,20239
2,20248
2,20251
5,20251
8,20252
5,20258
2,20259
2,20260
8,20271
9,20286
5,20287
9,20288
8,20288
2,20292
5,20292
2,20296
2,20297
2,20301
2,20311
9,20315
3,20318
3,20319
5,20338
2,20348
2,20368
8,20393
9,20394
2,20401
2,20402
3,20408
2,20415
9,20465
3,20467
9,20469
2,20471
3,20475
5,20475
3,20487
2,20488
2,20550
2,20571
8,20583
2,20583
2,20587
2,20590
2,20606
2,20607
2,20610
2,20611
9,20617
3,20649
5,20651
3,20665
5,20665
2,20675
3,20688
3,20689
2,20692
5,20692
2,20724
8,20732
8,20733
2,20737
8,20739
2,20746
8,20746
2,20752
2,20753
9,20756
2,20761
2,20777
5,20777
9,20842
2,20849
2,20852
9,20862
2,20875
3,20880
2,20888
2,20889
3,20891
9,20892
9,20896
5,20896
5,20903
3,20904
5,20904
5,20907
2,20910
8,20910
2,20913
8,20913
3,20919
2,20924
3,20925
3,20928
3,21078
2,21088
2,21089
8,21089
2,21098
2,21109
3,21113
2,21114
2,21121
3,21123
5,21143
9,21145
2,21152
3,21171
9,21173
2,21181
3,21188
3,21233
2,21251
2,21263
2,21272
9,21292
9,21311
2,21312
2,21313
2,21315
9,21316
3,21321
5,21328
3,21332
9,21337
3,21338
2,21346
2,21347
2,21348
2,21350
9,21356
3,21359
5,21362
2,21425
2,21426
2,21446
9,21450
8,21451
2,21456
2,21464
8,21467
9,21469
2,21477
3,21478
3,21479
9,21482
3,21485
2,21489
2,21490
3,21492
2,21517
5,21517
9,21544
2,21552
5,21553
5,21561
2,21639
8,21639
8,21646
2,21647
9,21655
8,21660
2,21664
2,21670
3,21680
8,21680
2,21681
3,21684
2,21685
5,21685
2,21689
2,21723
2,21725
9,21757
2,21761
9,21763
2,21768
3,21770
2,21771
2,21774
2,21822
2,21827
3,21848
2,21857
2,21860
8,21860
3,21861
3,21862
2,21875
8,21876
2,21906
2,21908
2,21913
2,21918
2,22122
2,22124
8,22124
9,22156
3,22160
2,22163
5,22163
2,22184
3,22199
2,22209
2,22214
5,22218
3,22225
3,22227
2,22238
2,22241
3,22292
2,22300
2,22324
5,22324
3,22328
9,22335
5,22351
5,22352
9,22365
3,22369
2,22374
9,22385
2,22398
3,22449
2,22459
9,22470
2,22478
9,22479
3,22480
9,22485
2,22492
3,22516
9,22540
3,22543
2,22553
5,22556
2,22559
2,22569
2,22574
2,22597
3,22598
5,22608
2,22619
3,22626
8,22629
2,22638
2,22644
9,22666
2,22675
3,22677
2,22684
3,22702
3,22710
9,22716
8,22723
9,22737
8,22737
8,22738
2,22741
2,22744
2,22747
8,22748
2,22754
8,22772
2,22777
2,22782
8,22782
2,22786
2,22788
8,22790
2,22792
5,22792
2,22793
2,22794
5,22794
5,22795
2,22805
2,22806
2,22809
9,22811
8,22824
3,22845
9,22869
8,22870
3,22880
2,22887
8,22887
8,22888
2,22893
8,22900
9,22901
8,22901
2,22910
5,22912
2,22916
2,22928
2,22972
2,22979
2,22982
2,23003
2,23016
3,23030
9,23036
2,23038
3,23049
2,23055
9,23068
2,23069
2,23082
3,23112
2,23130
2,23131
3,23145
3,23163
9,23165
2,23171
5,23171
2,23173
2,23176
8,23176
2,23179
2,23190
2,23399
2,23414
9,23419
5,23423
2,23436
3,23555
2,23562
2,23563
3,23572
9,23578
9,23581
9,23595
2,23624
3,23626
3,23640
2,23641
2,23653
8,23653
9,23655
3,23732
2,23739
8,23750
3,23761
2,23762
2,23769
2,23793
2,23796
2,23801
2,23819
9,23823
8,23823
2,23829
8,23829
2,23844
9,23850
2,23851
5,23858
9,23859
2,23872
9,23873
3,23881
2,23921
2,23946
3,23956
5,23956
2,23970
2,23976
5,23976
5,23979
8,23981
5,23990
5,23998
8,24001
2,24003
2,24004
5,24017
2,24028
2,24035
2,24039
2,24040
9,24050
2,24059
8,24061
2,24076
9,24077
8,24077
2,24086
2,24092
8,24096
2,24117
8,24117
9,24119
5,24122
5,24262
2,24272
9,24277
9,24285
8,24288
8,24304
2,24310
3,24334
2,24344
2,24349
2,24351
2,24357
3,24359
5,24361
8,24379
3,24396
2,24398
9,24404
2,24419
3,24428
8,24437
3,24443
5,24449
2,24456
2,24476
3,24479
2,24521
3,24522
9,24525
2,24532
2,24533
2,24549
3,24551
2,24552
2,24571
2,24695
2,24697
9,24701
2,24703
5,24706
2,24714
2,24720
8,24720
9,24730
9,24732
2,24748
3,24754
2,24756
3,24765
9,24777
2,24782
2,24784
3,24790
2,24791
5,24796
5,24798
2,24810
8,24810
5,24812
8,24822
8,24825
3,24827
5,24835
2,24835
8,24838
3,24843
8,24850
2,24851
2,24852
2,24854
2,24859
2,24869
3,24874
5,24874
2,24886
2,24889
2,24895
2,24897
2,24905
2,24975
5,24981
3,24999
2,25007
2,25031
2,25046
2,25053
2,25056
2,25059
2,25063
2,25065
3,25071
3,25090
2,25099
9,25104
2,25115
3,25131
2,25135
2,25144
2,25145
3,25148
2,25155
5,25155
5,25166
2,25183
9,25187
5,25201
8,25206
9,25207
2,25210
8,25220
3,25224
3,25225
9,25231
3,25233
5,25239
2,25240
3,25243
3,25254
2,25257
2,25267
3,25277
5,25282
3,25286
2,25287
8,25292
3,25300
3,25306
3,25309
8,25310
2,25316
2,25325
2,25328
9,25331
2,25343
2,25347
3,25357
2,25358
2,25372
8,25372
9,25374
3,25384
5,25395
3,25416
2,25435
8,25449
2,25460
5,25460
2,25466
3,25469
2,25480
9,25481
2,25488
2,25489
8,25494
2,25516
5,25519
3,25525
2,25556
3,25564
3,25580
2,25582
5,25584
8,25603
5,25608
2,25612
2,25614
9,25616
3,25619
3,25621
2,25623
2,25642
2,25644
3,25647
5,25650
9,25663
9,25671
2,25681
2,25686
3,25688
8,25757
3,25761
8,25774
5,25774
2,25785
5,25785
3,25787
3,25788
3,25794
8,25810
2,25813
2,25814
3,25824
2,25828
2,25841
8,25841
2,25845
2,25846
2,25853
2,25861
5,25867
9,25880
3,25881
9,25898
3,26059
3,26063
3,26073
3,26079
5,26081
2,26088
8,26112
2,26116
2,26128
2,26141
9,26166
3,26173
2,26174
2,26180
2,26191
9,26194
5,26210
2,26213
3,26222
2,26246
3,26247
2,26250
2,26282
2,26283
2,26284
3,26288
2,26240
5,26240
2,26292
9,26305
2,26306
2,26315
2,26322
5,26336
8,26342
5,26352
2,26353
9,26356
2,26370
2,26371
2,26372
3,26373
2,26379
8,26385
9,26390
5,26399
5,26403
2,26406
2,26409
9,26417
8,26424
8,26425
2,26436
9,26439
9,26443
2,26464
3,26467
3,26477
2,26487
9,26491
2,26495
3,26501
2,26503
5,26505
8,26507
3,26513
3,26514
2,26541
2,26550
5,26550
8,26553
5,26553
3,26555
9,26583
2,26589
2,26590
5,26590
3,26601
3,26627
8,26635
9,26661
2,26665
2,26667
9,26675
2,26680
3,26694
2,26700
2,26729
2,26740
5,26746
2,26748
9,26755
5,26756
8,26758
5,26764
2,26765
3,26774
2,26779
8,26779
2,26781
5,26781
2,26785
3,26800
8,26803
2,26814
9,26820
5,26824
2,26832
5,26847
5,26849
9,26851
3,26861
5,26865
2,26866
2,26871
8,26871
5,26872
3,26873
2,26882
2,26884
5,26886
9,26897
2,26904
2,26912
5,26912
2,26914
2,26916
2,26918
5,26918
3,26922
2,26923
9,26940
2,26953
3,26958
5,26978
3,26982
2,26985
8,26994
9,26995
8,26995
3,27268
2,27273
2,27288
2,27311
2,27315
2,27333
5,27338
2,27341
8,27312
8,27313
9,27374
3,27378
5,27384
2,27397
3,27400
2,27403
2,27421
3,27428
2,27429
8,27434
5,27434
8,27435
5,27435
2,27437
3,27440
2,27447
3,27450
5,27450
9,27451
8,27460
5,27460
2,27472
9,27475
2,27478
3,27480
2,27486
3,27492
3,27505
9,27526
5,27526
3,27529
8,27532
2,27534
5,27536
8,27550
3,27555
2,27556
9,27583
3,27598
2,27600
3,27606
5,27606
5,27620
3,27624
5,27629
2,27632
3,27643
3,27648
5,27659
2,27666
3,27667
9,27671
3,27695
5,27697
9,27697
2,27701
9,27715
8,27715
3,27717
8,27718
3,27725
3,27731
2,27732
2,27739
8,27744
9,27759
5,27759
3,27762
2,27793
5,27793
3,27802
3,27803
2,27811
3,27814
2,27833
2,27839
8,27842
5,27867
9,27873
3,27901
3,27911
2,27914
9,27916
9,27917
2,27932
2,27937
3,27952
3,27971
5,27971
2,27972
2,28004
3,28015
2,28034
3,28038
2,28045
3,28047
2,28056
5,28056
3,28336
5,28354
3,28375
5,28377
3,28382
3,28408
5,28411
2,28416
8,28416
2,28443
2,28448
5,28462
9,28470
3,28476
5,28479
5,28484
3,28495
3,28506
3,28511
2,28522
2,28528
3,28531
8,28532
5,28542
5,28543
3,28551
2,28554
3,28556
2,28561
5,28572
9,28577
3,28586
2,28625
8,28625
5,28628
9,28633
5,28639
5,28649
2,28661
9,28672
2,28688
3,28691
8,28693
2,28713
2,28721
3,28722
5,28730
3,28731
3,28737
8,28738
8,28744
9,28749
8,28749
2,28751
8,28753
5,28765
5,28779
3,28780
8,28804
9,28816
2,28821
9,28825
8,28825
2,28828
2,28832
9,28839
5,28841
8,28842
5,28842
5,28843
2,28849
9,28850
2,28861
3,28876
2,28882
3,28891
3,28913
2,28914
8,28915
2,28917
8,28922
2,28923
2,28929
8,28938
8,28939
2,28943
8,28951
8,28952
2,28955
5,28955
8,28925
3,28965
8,28970
8,28971
8,28972
9,28976
3,28979
3,28996
3,29015
2,29030
9,29045
9,29054
9,29082
2,29086
9,29088
3,29094
3,29097
5,29098
5,29101
3,29102
2,29115
2,29123
3,29132
2,29168
3,29174
8,29177
3,29182
2,29191
3,29216
9,29241
2,29258
5,29283
5,29284
3,29287
2,29307
3,29313
2,29338
8,29342
8,29344
8,29354
8,29365
8,29366
8,29368
3,29372
2,29378
3,29387
8,29389
8,29390
8,29395
9,29395
5,29398
5,29401
5,29412
5,29420
9,29420
8,29422
9,29428
9,29447
2,29465
2,29468
5,29475
5,29536
2,29537
2,29555
8,29555
3,29772
8,29780
8,29781
9,29784
8,29784
8,29785
9,29798
3,29813
2,29817
2,29821
5,29822
5,29826
9,29847
2,29852
2,29863
8,29863
3,29994
3,30014
9,30033
5,30041
9,30051
9,30054
5,30061
2,30064
2,30082
3,30086
2,30092
5,30100
3,30103
2,30125
5,30125
5,30126
2,30134
5,30359
3,30360
2,30362
3,30364
5,30364
2,30368
2,30371
2,30380
2,30384
5,30386
5,30387
5,30392
3,30408
2,30409
5,30409
2,30410
5,30429
3,30446
5,30463
2,30469
9,30480
3,30484
2,30494
5,30494
2,30539
3,30560
2,30562
5,30566
5,30577
9,30587
3,30590
3,30591
2,30606
5,30608
9,30611
2,30616
2,30645
3,30657
2,30660
3,30670
5,30673
9,30680
2,30683
2,30693
5,30693
5,30694
9,30696
8,30696
2,30697
9,30699
2,30706
2,30711
8,30711
8,30712
2,30716
8,30720
9,30727
8,30737
2,30740
3,30745
2,30744
5,30746
5,30749
2,30756
2,30758
9,30763
5,30763
9,30764
9,30767
3,30771
3,30772
9,30777
9,30781
8,30781
8,30784
8,30785
3,30805
2,30815
9,30816
2,30824
2,30825
8,30826
5,30827
5,30829
9,30834
8,30834
8,30835
3,30837
2,30838
2,30852
5,30852
2,30862
2,30864
2,30881
2,30888
5,30855
2,30901
2,30919
3,30922
5,30931
5,30934
2,30943
3,30963
2,30982
5,30984
2,31009
2,31012
2,31034
5,31034
5,31038
2,31056
2,31075
9,31111
3,31117
9,31118
5,31118
5,31123
2,31124
3,31126
5,31131
2,31132
2,31174
3,31177
8,31190
5,31190
2,31192
2,31213
2,31215
2,31225
9,31226
2,31234
3,31245
9,31252
3,31268
9,31271
5,31271
3,31276
2,31278
9,31285
5,31287
2,31293
5,31317
9,31324
5,31340
2,31343
2,31357
5,31368
2,31371
2,31379
3,31402
2,31408
2,31414
3,31423
9,31431
5,31431
2,31435
2,31442
9,31464
3,31491
3,31496
2,31500
9,31501
2,31513
2,31518
2,31528
2,31530
2,31648
8,31650
5,31650
8,31658
2,31664
5,31664
2,31668
3,31935
2,31937
3,31942
2,31943
2,31950
8,31950
2,31952
8,31959
2,31963
3,31965
2,31979
5,31980
8,31983
2,31987
5,31999
2,32013
8,32013
3,32016
2,32026
2,32050
8,32050
2,32052
3,32056
2,32060
3,32062
9,32071
8,32082
2,32085
3,32108
2,32115
5,32128
8,32147
8,32148
2,32155
2,32156
2,32158
3,32161
9,32169
8,32169
2,32190
2,32203
2,32209
2,32240
2,32292
5,32296
3,32308
3,32318
5,32325
2,32334
8,32334
2,32337
2,32341
3,32347
5,32348
5,32349
3,32372
5,32372
2,32393
8,32419
3,32420
3,32427
9,32445
5,32447
5,32450
2,32467
2,32477
2,32479
5,32479
3,32680
2,32699
2,32704
2,32706
5,32715
3,32716
5,32734
5,32737
2,32747
3,32750
2,32752
5,32761
5,32762
2,32764
2,32770
3,32771
3,32774
3,32800
3,32802
3,32846
8,32854
2,32862
2,32866
2,32869
3,32872
9,32875
2,32890
2,32939
3,32947
3,32948
3,32950
2,32954
2,32961
2,32962
9,32964
3,32965
3,32966
2,32967
2,32969
2,32982
3,33000
3,33026
8,33026
2,33030
5,33030
2,33031
3,33042
2,33044
3,33050
5,33059
3,33060
2,33062
5,33062
2,33065
2,33071
3,33079
2,33081
8,33091
5,33104
2,33109
2,33112
2,33118
8,33121
5,33125
9,33143
8,33143
9,33151
3,33155
2,33160
2,33165
2,33166
2,33176
9,33178
2,33181
8,33186
5,33186
8,33187
5,33187
3,33195
2,33196
5,33196
2,33197
3,33200
8,33200
2,33211
8,33212
3,33214
5,33219
8,33220
3,33225
2,33236
8,33236
3,33237
2,33240
3,33243
5,33244
5,33248
2,33251
8,33251
9,33254
5,33254
3,33260
5,33262
3,33272
8,33272
5,33272
2,33291
2,33292
5,33299
8,33300
3,33302
2,33308
3,33313
8,33315
2,33316
8,33316
9,33322
8,33322
8,33358
3,33364
2,33363
2,33366
3,33374
2,33384
5,33390
2,33403
2,33414
2,33421
9,33428
2,33438
2,33447
2,33451
5,33451
3,33455
3,33475
8,33481
5,33481
3,33483
5,33495
2,33514
2,33535
2,33547
3,33564
2,33579
5,33579
5,33585
2,33591
5,33601
2,33609
3,33617
2,33623
2,33625
3,33627
2,33630
2,33620
9,33639
5,33641
3,33649
2,33663
2,33665
2,33667
2,33668
3,33684
2,33685
3,33709
2,33712
5,33712
5,33715
3,33797
2,33809
2,33815
5,33815
3,33818
2,33820
3,33846
9,33849
9,33857
3,33868
3,33873
5,33903
5,33913
2,33916
2,33917
2,33930
2,33944
2,33964
3,33971
7,33980
2,33982
2,33983
5,33983
2,33986
9,33991
5,33991
3,33996
9,33998
5,34007
8,34010
5,34016
3,34038
5,34041
5,34061
2,34062
2,34070
2,34074
2,34080
2,34097
2,34106
9,34109
5,34115
3,34120
3,34130
3,34147
9,34162
5,34162
2,34163
2,34164
8,34170
2,34173
2,34175
2,34180
5,34181
2,34184
5,34195
3,34200
5,34200
9,34207
2,34211
3,34219
3,34220
3,34225
8,34226
3,34246
3,34257
2,34260
2,34268
3,34269
3,34275
2,34284
9,34287
2,34290
3,34294
2,34302
2,34311
8,34311
3,34332
2,34339
2,34347
2,34348
2,34349
3,34350
2,34357
5,34360
2,34362
3,34366
9,34378
2,34396
2,34405
3,34420
3,34430
3,34439
2,34446
2,34451
5,34451
9,34457
8,34457
9,34460
2,34466
8,34471
8,34472
3,34474
3,34495
8,34495
2,34512
5,34512
2,34518
2,34530
2,34531
2,34535
3,34537
3,34544
2,34555
2,34562
3,34565
3,34583
2,34585
2,34589
5,34589
2,34593
3,34595
8,34604
3,34612
2,34618
2,34625
2,34633
3,34650
5,34653
2,34673
8,34673
5,34673
2,34694
2,34698
2,34707
3,35111
2,35116
5,35116
3,35120
3,35122
2,35127
5,35149
2,35156
2,35166
2,35167
2,35172
3,35193
9,35206
5,35206
3,35207
2,35216
9,35222
9,35223
3,35102
3,35273
3,35282
3,35289
2,35300
3,35304
2,35307
3,35308
2,35316
2,35318
5,35319
2,35323
5,35349
2,35356
3,35360
3,35362
2,35376
2,35401
3,35421
5,35423
2,35428
5,35442
2,35478
9,35486
2,35487
3,35498
2,35500
5,35505
8,35518
3,35527
8,35553
2,35560
2,35584
3,35588
2,35594
2,35611
5,35611
2,35615
2,35617
5,35622
5,35624
3,35626
5,35627
9,35634
8,35674
3,35677
2,35682
2,35686
3,35688
2,35694
8,35694
5,35694
2,35698
8,35710
5,35718
2,35722
2,35729
5,35729
8,35729
5,35735
8,35741
3,35749
5,35749
2,35766
2,35776
9,35780
3,35790
9,35795
5,35795
8,35817
9,35839
3,35845
2,35874
9,35888
2,35889
3,35891
9,35896
5,35910
2,35920
3,35921
3,35925
5,35929
2,35932
3,35951
3,35958
9,35960
8,35975
9,35979
5,35986
8,35990
5,36013
5,36037
3,36038
5,36041
2,36054
5,36067
5,36068
5,36082
5,36083
3,36091
3,36096
2,36097
2,36104
3,36266
3,36267
3,36274
3,36279
2,36286
2,36290
2,36295
8,36295
5,36300
5,36302
5,36327
3,36329
3,36334
5,36339
5,36340
3,36354
5,36354
2,36356
3,36357
2,36362
5,36368
2,36370
5,36371
2,36373
3,36383
3,36399
3,36401
2,36403
2,36428
5,36428
2,36449
2,36455
5,36458
3,36486
2,36494
5,36503
3,36507
5,36511
9,36517
5,36517
5,36526
2,36536
5,36547
3,36472
3,36562
3,36566
3,36576
5,36577
3,36579
2,36580
2,36603
2,36630
9,36643
9,36650
5,36650
5,36662
5,36666
2,36669
3,36682
3,36688
2,36711
2,36712
9,36718
3,36725
5,36729
3,36730
2,36744
3,36746
3,36752
3,36756
5,36757
8,36761
8,36762
8,36764
9,36769
8,36769
9,36771
5,36773
2,36775
5,36775
8,36776
5,36776
8,36780
5,36780
5,36783
2,36785
2,36793
8,36793
5,36801
8,36803
5,36803
3,36806
5,36808
9,36814
2,36819
2,36823
2,36824
5,36847
2,36853
2,36870
8,36870
8,36872
5,36872
2,36879
8,36882
5,36882
3,36884
3,36886
8,36886
5,36893
9,36902
5,36902
2,36912
2,36916
8,36916
5,36923
5,36936
2,36938
2,36949
2,36970
2,36985
2,36994
3,36996
2,37015
3,37017
5,37019
9,37044
2,37060
5,37064
5,37065
5,37072
2,37081
5,37090
2,37092
5,37094
5,37098
9,37098
9,37104
5,37104
5,37117
3,37136
5,37143
3,37145
3,37146
2,37154
2,37161
3,37163
3,37175
9,37186
2,37187
2,37189
5,37192
3,37195
5,37205
2,37209
2,37211
2,37215
5,37236
5,37244
3,37248
3,37250
2,37264
5,37264
9,37268
5,37281
9,37287
2,37288
2,37292
3,37306
3,37310
3,37318
5,37318
2,37321
5,37326
5,37327
5,37331
2,37348
3,37362
2,37364
2,37369
3,37402
5,37417
5,37419
3,37422
3,37432
2,37442
5,37443
3,37452
2,37453
3,37457
2,37474
3,37481
8,37494
2,37508
2,37512
8,37518
3,37524
3,37525
2,37527
5,37537
5,37547
5,37557
9,37557
2,37573
9,37579
3,37594
3,37616
5,37619
2,37632
2,37639
3,37640
3,37645
3,37662
2,37665
8,37665
5,37668
9,37688
5,37688
2,37702
2,37703
3,37721
9,37729
8,37729
2,37730
3,38153
2,38157
2,38160
2,38166
8,38166
3,38168
3,38180
8,38181
3,38198
3,38202
3,38206
2,38210
8,38210
3,38225
3,38231
2,38232
2,38245
3,38255
2,38259
5,38264
2,38265
5,38265
5,38272
2,38275
3,38280
3,38284
5,38301
2,38305
8,38305
3,38309
5,38310
2,38330
5,38330
3,38331
2,38341
3,38345
2,38346
3,38353
2,38368
2,38376
5,38386
5,38389
2,38407
2,38422
2,38423
2,38429
9,38433
5,38437
5,38440
2,38441
5,38448
5,38449
2,38456
3,38457
5,38469
3,38471
5,38478
2,38487
3,38508
2,38515
2,38524
5,38527
5,38544
3,38552
2,38572
3,38584
5,38591
3,38600
2,38603
2,38604
3,38620
2,38626
2,38627
2,38634
2,38637
2,38645
3,38646
5,38651
2,38668
5,38671
5,38677
2,38688
5,38688
3,38710
2,38730
3,38739
3,38742
5,38757
3,38762
2,38764
5,38780
3,38786
3,38792
2,38804
2,38805
2,38811
3,38814
5,38814
8,38834
9,38846
5,38850
9,38861
3,38896
8,38897
5,38903
8,38906
5,38915
5,38916
3,38919
3,38921
2,38931
2,38932
3,38933
3,38949
2,38950
2,38952
3,38956
5,38956
5,38957
2,38967
3,38975
5,38976
3,38980
5,38997
8,39008
5,39008
2,39009
5,39012
5,39027
5,39037
2,39042
8,39042
5,39043
2,39045
2,39048
2,39052
5,39052
3,39056
8,39056
5,39056
3,39057
2,39058
8,39058
9,39062
9,39064
3,39075
3,39082
5,39089
3,39091
2,39094
3,39118
5,39122
2,39123
5,39141
2,39143
9,39147
5,39147
5,39171
2,39176
9,39181
3,39190
5,39190
5,39193
2,39199
2,39204
8,39204
2,39212
2,39217
2,39218
9,39225
5,39225
5,39242
3,39263
5,39263
2,39270
5,39280
8,39311
3,39317
5,39322
3,39342
3,39348
3,39355
2,39358
5,39359
3,39374
2,39387
5,39387
2,39393
5,39393
3,39412
5,39412
5,39421
5,39434
5,39446
3,39465
2,39469
3,39470
3,39471
2,39476
5,39492
2,39497
2,39517
5,39517
5,39523
2,39835
3,39848
3,39853
2,39858
5,39870
3,39872
5,39875
5,39887
5,39906
5,39920
2,39925
2,39951
9,39961
2,39982
2,39983
3,39993
2,39997
3,40003
2,40010
3,40014
2,40017
2,40028
3,40030
2,40043
2,40063
3,40065
2,40075
5,40075
2,40101
2,40111
5,40113
5,40132
9,40133
2,40134
2,40138
9,40142
2,40150
3,40178
9,40180
8,40180
3,40184
8,40190
8,40195
8,40196
9,40200
8,40202
5,40209
2,40212
9,40218
2,40222
5,40225
8,40247
3,40254
5,40262
2,40265
5,40272
5,40291
2,40299
2,40302
2,40312
3,40314
2,40319
2,40323
2,40326
8,40330
3,40333
2,40339
9,40345
5,40346
9,40353
2,40355
3,40360
3,40364
5,40374
8,40375
5,40375
8,40377
2,40378
2,40379
2,40383
5,40392
2,40394
8,40394
5,40396
2,40401
8,40401
8,40424
5,40424
5,40431
3,40436
2,40439
8,40439
2,40440
2,40442
2,40460
2,40462
2,40466
2,40474
3,40477
2,40500
2,40501
8,40501
3,40517
2,40525
2,40535
2,40539
2,40542
3,40549
3,40577
5,40584
3,40589
2,40600
5,40600
2,40602
5,40618
3,40619
2,40625
3,40631
2,40633
3,40637
2,40639
5,40667
2,40668
2,40681
2,40682
5,40682
2,40694
2,40702
8,40702
2,40705
3,40719
3,40722
2,40730
5,40730
5,40747
2,40752
5,40755
5,40758
5,40782
5,40798
5,40806
3,40819
2,40821
2,40823
5,40834
2,40837
3,40841
2,40842
9,40899
3,41189
2,41209
3,41213
2,41239
9,41240
5,41240
2,41243
5,41243
2,41245
2,41246
2,41247
8,41247
2,41250
3,41257
5,41263
3,41279
2,41294
2,41301
5,41328
2,41339
5,41341
3,41342
5,41343
5,41351
2,41362
2,41373
2,41379
8,41384
9,41380
8,41387
9,41389
8,41390
8,41393
3,41399
3,41413
5,41416
2,41421
5,41429
5,41430
3,41432
2,41451
8,41451
8,41456
9,41458
2,41466
3,41467
8,41467
2,41472
2,41473
2,41475
3,41479
2,41490
5,41493
5,41494
5,41503
5,41510
2,41522
3,41528
2,41529
5,41544
8,41545
5,41545
2,41547
5,41556
9,41672
5,41684
5,41686
3,41712
8,41738
2,41762
2,41764
5,41765
2,41781
2,41793
5,41802
2,41804
3,41808
2,41831
5,41848
2,41849
5,41849
2,41863
8,41863
5,41868
2,41871
5,41879
5,41887
3,41897
2,41916
3,41921
5,41923
3,41933
3,41941
8,41953
5,41957
2,41968
2,41982
5,41990
5,41997
2,42011
3,42013
5,42014
5,42026
5,42028
2,42031
2,42036
9,42037
2,42053
5,42060
3,42069
3,42076
3,42084
2,42088
2,42089
2,42090
5,42093
5,42095
2,42101
3,42102
5,42109
2,42122
5,42140
5,42142
5,42143
5,42144
2,42154
3,42157
5,42170
3,42179
3,42182
2,42184
5,42184
2,42189
3,42193
2,42198
3,42204
3,42212
5,42223
3,42228
2,42235
2,42238
2,42245
9,42246
2,42253
5,42254
5,42258
3,42260
5,42270
5,42286
5,42313
3,42314
3,42330
5,42330
5,42331
3,42336
3,42337
2,42349
8,42349
5,42351
8,42353
2,42357
5,42357
3,42358
8,42365
2,42377
8,42378
8,42379
2,42380
5,42380
3,42385
5,42389
2,42399
2,42401
3,42403
3,42405
2,42407
2,42444
2,42453
2,42454
9,42463
2,42466
2,42471
3,42474
2,42476
2,42477
2,42495
2,42507
5,42516
5,42517
2,42526
2,42528
2,42529
3,42537
2,42559
2,42560
8,42565
2,42571
3,42573
2,42578
2,42580
2,42590
2,42592
9,42602
2,42610
3,42627
5,42648
5,42659
5,42664
2,42701
5,42701
5,42709
2,42720
5,42723
2,42729
5,42740
2,42748
2,42756
5,42757
9,42769
2,42770
2,42776
3,42779
2,42785
3,42786
2,42812
2,42817
8,42817
3,42826
3,42828
2,42843
5,42846
2,42848
5,42855
2,42857
5,42857
3,42862
2,42893
5,42894
2,42904
2,42923
2,42930
5,42933
5,42939
3,42978
5,42981
2,42983
2,42996
5,42998
3,43015
5,43015
5,43016
9,43042
2,43062
5,43067
5,43069
2,43076
5,43076
2,43107
2,43109
5,43112
3,43113
3,43119
3,43127
2,43141
2,43149
3,43155
3,43157
2,43158
5,43160
3,43187
2,43196
2,43203
2,43222
3,43234
2,43236
5,43236
2,43238
5,43258
8,43264
3,43267
8,43269
8,43270
2,43281
3,43286
5,43301
2,43314
2,43316
5,43324
2,43326
5,43328
2,43330
5,43331
5,43332
5,43334
8,43341
2,43351
2,43353
2,43354
5,43366
5,43372
2,43542
5,43543
2,43550
2,43553
8,43567
5,43577
2,43578
3,43585
3,43597
7,43605
5,43605
9,43612
5,43612
3,43639
2,43677
5,43680
5,43690
5,43696
8,43707
5,43707
3,43717
5,43738
3,43746
2,43781
5,43781
2,43782
5,43792
2,43814
2,43816
5,43834
9,43857
8,43857
2,43860
5,43868
2,43871
3,43879
5,43887
8,43888
9,43890
2,43891
5,43895
2,43902
5,43902
9,43914
5,43926
5,43927
9,43936
5,43946
2,43960
2,43978
5,43984
5,43988
2,44000
3,44007
5,44033
5,44053
2,44055
5,44077
2,44133
3,44135
5,44154
3,44157
2,44161
8,44161
8,44162
3,44176
2,44184
5,44191
2,44192
3,44196
2,44205
5,44212
3,44214
3,44226
5,44228
3,44248
5,44276
2,44288
3,44294
3,44300
8,44305
3,44311
2,44313
3,44318
3,44326
3,44328
8,44329
8,44330
5,44331
9,44339
9,44341
5,44343
5,44345
8,44366
5,44369
2,44378
2,44383
2,44386
5,44388
3,44390
3,44392
2,44404
2,44406
5,44412
2,44416
8,44416
2,44425
2,44426
2,44443
5,44443
2,44445
8,44447
3,44452
8,44454
5,44457
8,44472
5,44472
2,44479
2,44480
2,44482
8,44482
2,44489
5,44495
2,44497
5,44502
5,44507
2,44509
5,44513
5,44517
8,44518
9,44530
5,44530
3,44531
2,44532
8,44532
3,44533
5,44541
3,44542
2,44552
2,44554
9,44562
3,44565
3,44575
5,44584
3,44651
3,44656
5,44666
3,44679
3,44701
3,44703
2,44712
5,44727
3,44734
5,44740
2,44751
2,44753
5,44754
5,44759
5,44767
2,44795
2,44806
5,44812
5,44820
3,44823
5,44824
2,44825
3,44835
5,44856
3,44862
2,44884
5,44884
2,44886
5,44888
3,44896
2,44903
2,44915
5,44915
5,44928
5,44931
3,44933
5,44936
3,44949
8,44951
5,44951
3,45128
5,45140
5,45144
5,45145
3,45151
2,45165
3,45168
3,45170
5,45175
2,45176
3,45182
2,45205
2,45212
5,45218
5,45225
3,45237
2,45240
2,45245
3,45265
3,45269
3,45282
5,45285
2,45298
5,45298
5,45299
3,45306
5,45308
2,45309
2,45311
5,45313
5,45340
2,45357
2,45373
5,45373
2,45395
2,45399
9,45402
8,45402
8,45404
9,45411
5,45425
2,45437
3,45444
3,45454
9,45455
5,45456
8,45457
9,45458
8,45459
2,45467
8,45470
2,45476
3,45490
3,45492
5,45503
9,45510
2,45512
5,45517
2,45531
2,45539
5,45539
2,45541
3,45547
5,45550
3,45557
9,45558
2,45561
5,45561
2,45562
3,45563
5,45570
8,45572
5,45579
2,45582
5,45587
2,45588
8,45591
5,45591
9,45593
3,45594
5,45597
3,45613
9,45624
2,45631
5,45637
2,45640
8,45640
2,45644
2,45645
9,45646
3,45653
5,45658
9,45660
8,45660
8,45661
3,45663
9,45665
9,45676
5,45676
5,45687
9,45688
5,45688
3,45694
5,45711
2,45717
5,45722
5,45726
5,45745
3,45752
2,45753
3,45754
3,45777
2,45795
3,45797
3,46057
5,46105
5,46108
2,46111
5,46111
3,46120
2,46132
5,46132
5,46133
2,46136
5,46136
2,46143
5,46143
2,46144
5,46192
2,46200
3,46413
2,46432
3,46439
2,46456
9,46424
3,46502
5,46514
2,46529
3,46535
5,46540
5,46552
3,46553
2,46556
5,46592
2,46612
3,46633
3,46642
3,46655
5,46662
5,46671
2,46680
5,46680
2,46686
2,46869
5,46883
3,46891
5,46901
2,46905
2,46931
5,46953
2,46973
2,46975
3,46976
9,46996
9,46997
5,46998
3,47008
2,47017
3,47018
2,47033
5,47033
3,47034
8,47034
8,47039
2,47042
9,47043
5,47045
3,47048
5,47050
5,47057
5,47069
8,47071
8,47072
8,47073
5,47075
2,47081
2,47083
5,47083
9,47084
5,47093
8,47094
2,47096
9,47105
8,47105
3,47116
3,47124
2,47125
2,47126
5,47137
8,47137
5,47138
2,47144
5,47145
2,47147
2,47150
3,47159
5,47159
5,47162
3,47166
5,47174
3,47175
5,47176
2,47187
2,47195
5,47197
5,47202
2,47205
5,47215
8,47216
9,47217
8,47221
2,47226
5,47229
5,47233
3,47249
5,47249
9,47252
9,47260
5,47260
5,47262
3,47315
3,47328
5,47367
3,47369
5,47371
2,47387
2,47394
3,47429
2,47430
5,47441
5,47442
5,47462
5,47467
2,47474
2,47478
2,47479
5,47481
3,47485
2,47489
3,47492
8,47503
2,47506
5,47520
8,47521
2,47525
5,47525
5,47530
3,47542
3,47548
2,47554
5,47555
5,47562
2,47569
9,47579
3,47588
5,47592
2,47603
5,47607
2,47609
5,47615
3,47618
5,47618
3,47627
5,47634
5,47646
2,47648
2,47649
3,47652
2,47655
2,47667
2,47674
8,47675
5,47680
5,47681
3,47691
2,47692
3,47847
5,47861
3,47862
5,47864
2,47867
5,47867
3,47873
2,47882
2,47902
2,47908
2,47927
2,47946
2,47951
2,47977
5,47995
5,48007
5,48010
3,48021
5,48024
5,48039
7,48043
2,48054
2,48057
2,48072
5,48073
2,48096
2,48099
3,48102
2,48108
2,48127
2,48159
2,48163
2,48170
2,48174
2,48176
2,48183
2,48184
2,48185
8,48203
2,48205
2,48206
8,48210
2,48211
8,48223
2,48228
9,48230
9,48237
5,48245
3,48252
5,48257
2,48258
2,48276
2,48283
5,48291
2,48299
2,48304
2,48307
2,48327
2,48330
5,48336
5,48337
2,48350
5,48370
5,48414
2,48417
5,48418
2,48423
2,48425
5,48425
2,48434
2,48435
2,48443
3,48444
3,48447
2,48449
8,48462
2,48473
3,48599
2,48634
2,48639
5,48666
5,48690
5,48693
2,48697
3,48699
5,48699
3,48705
8,48712
2,48714
5,48721
5,48736
5,48737
5,48745
2,48746
5,48751
5,48763
2,48766
5,48766
2,48768
2,48770
2,48776
3,48777
5,48778
2,48787
2,48800
5,48804
5,48814
2,48823
5,48824
2,48844
2,48849
3,48850
2,48889
5,48897
3,48904
3,48905
2,48926
5,48938
2,48940
5,48945
5,48951
2,48955
8,48964
2,48968
5,48969
2,48971
2,49000
2,49002
2,49016
2,49019
5,49031
2,49032
8,49032
2,49033
3,49037
8,49047
5,49054
2,49065
2,49068
2,49071
5,49074
2,49076
2,49077
5,49080
5,49090
2,49105
2,49109
8,49123
2,49135
2,49144
8,49152
5,49153
2,49155
3,49163
5,49164
3,49172
5,49179
2,49181
5,49181
2,49202
2,49204
5,49209
5,49211
7,49222
2,49223
2,49258
2,49269
5,49280
2,49281
2,49300
2,49301
2,49302
5,49306
2,49316
3,49318
2,49319
2,49348
2,49352
3,49354
3,49360
5,49364
3,49375
2,49377
2,49381
5,49381
2,49384
5,49388
5,49400
8,49411
5,49414
5,49418
5,49419
2,49420
2,49423
5,49426
5,49429
2,49436
3,49450
2,49453
2,49481
2,49482
2,49725
2,49730
9,49742
2,49747
5,49753
3,49755
5,49758
5,49766
5,49772
2,49781
3,49785
2,49803
2,49804
2,49829
2,49830
5,49838
5,49845
2,49851
3,49863
3,49865
3,49867
3,49875
2,49876
5,49894
2,49913
2,49937
3,49939
2,49941
5,49941
9,49944
5,49947
2,49951
2,49953
9,49973
2,49985
2,50000
2,50015
3,50019
2,50025
8,50031
5,50031
5,50036
5,50037
5,50041
5,50043
5,50047
8,50062
2,50063
2,50064
2,50066
3,50071
2,50073
2,50088
2,50091
2,50115
3,50117
3,50118
2,50120
2,50124
2,50150
2,50155
3,50162
2,50171
2,50172
3,50174
5,50180
5,50200
5,50202
2,50212
3,50218
8,50218
2,50224
8,50224
2,50226
8,50226
5,50229
3,50233
2,50243
5,50246
7,50247
2,50248
2,50249
2,50251
5,50251
5,50255
2,50258
2,50260
9,50262
5,50280
5,50287
2,50314
5,50313
5,50317
8,50326
2,50327
5,50327
8,50330
5,50333
2,50335
2,50336
3,50341
9,50363
5,50363
2,50404
2,50408
8,50408
8,50409
5,50409
3,50412
3,50420
5,50422
5,50425
5,50437
2,50441
2,50442
3,50454
3,50456
2,50463
2,50469
9,50472
2,50473
5,50484
3,50487
9,50500
2,50508
2,50521
2,50542
2,50599
5,50606
2,50627
2,50631
5,50664
5,50668
2,50672
5,50683
5,50686
2,50687
3,50691
5,50698
2,50700
3,50707
2,50717
2,50719
2,50730
5,50734
2,50751
2,50755
3,50759
2,50760
2,50765
8,50765
2,50775
2,50777
2,50803
3,50818
2,50890
2,50895
2,50907
5,50907
3,50910
5,50915
2,50923
5,50926
3,50927
8,50934
2,50942
2,50945
8,50956
2,50957
5,50957
3,50964
5,50969
5,50976
2,50990
2,50992
2,50994
5,50994
3,51002
9,51015
2,51017
2,51022
8,51024
9,51030
8,51030
9,51035
8,51037
3,51046
2,51048
5,51048
2,51049
3,51050
3,51052
9,51060
5,51064
9,51080
5,51080
2,51098
3,51114
2,51123
2,51132
3,51151
2,51165
2,51182
3,51186
5,51193
2,51202
2,51204
3,51209
2,51214
2,51233
2,51234
2,51235
3,51258
5,51261
8,51267
5,51274
5,51295
2,51297
5,51297
3,51298
5,51309
5,51318
2,51323
3,51333
2,51337
3,51338
2,51339
5,51359
2,51367
2,51374
2,51386
5,51410
5,51411
5,51414
2,51454
2,51459
2,51472
5,51491
2,51542
2,51545
3,51550
3,51587
5,51591
2,51610
3,51617
2,51620
2,51626
2,51645
3,51646
2,51648
3,51654
2,51678
2,51689
2,51724
2,51741
2,51742
5,51749
9,51763
2,51768
2,51773
3,51778
3,51796
2,51803
5,51813
2,51834
2,51842
3,51859
2,51868
2,51879
2,51895
3,51901
5,51904
8,51913
2,51914
9,51923
8,51923
3,51924
5,51925
3,51928
6,51935
8,51937
5,51938
5,51948
2,51950
2,51958
8,51958
2,51972
2,51974
2,51975
5,51982
5,51983
3,51989
3,51998
2,52011
2,52020
8,52020
5,52024
5,52234
2,52237
8,52246
3,52248
2,52252
8,52252
8,52255
5,52260
2,52284
3,52285
2,52324
2,52356
3,52362
5,52382
2,52383
2,52385
2,52395
3,52401
2,52403
2,52405
8,52406
8,52420
2,52439
3,52446
5,52460
5,52484
3,52492
2,52498
5,52516
3,52527
3,52529
5,52529
5,52540
5,52554
5,52560
5,52561
5,52562
2,52580
2,52635
2,52645
2,52655
5,52662
2,52673
2,52675
3,52687
2,52689
3,52696
5,52708
5,52720
5,52734
3,52743
3,52753
5,52771
3,52772
8,52776
2,52783
2,52788
2,52791
2,52796
2,52797
2,52798
3,52801
5,52802
3,52814
2,52825
2,52831
5,52850
2,52850
3,52890
3,52897
2,52918
3,52923
2,52937
2,52952
2,52964
2,52973
2,52976
5,52989
2,53016
9,53018
2,53020
2,53023
5,53026
9,53031
5,53035
2,53036
8,53036
2,53039
2,53063
3,53077
5,53082
3,53089
3,53094
5,53095
5,53099
2,53110
5,53110
5,53112
2,53116
3,53121
2,53125
8,53125
3,53130
2,53133
2,53138
3,53140
2,53142
8,53144
3,53146
2,53155
2,53179
5,53179
2,53180
3,53196
8,53196
2,53197
3,53198
8,53201
5,53203
8,53212
5,53212
5,53218
3,53219
2,53226
2,53236
2,53237
3,53244
3,53251
5,53254
5,53264
5,53285
2,53305
2,53321
8,53321
3,53330
3,53360
3,53505
5,53513
2,53518
8,53528
3,53531
2,53549
2,53577
2,53595
2,53604
3,53614
5,53628
2,53644
2,53654
3,53655
2,53660
5,53660
2,53670
2,53674
3,53675
5,53680
3,53683
9,53693
8,53693
5,53711
2,53719
2,53720
2,53729
2,53732
2,53743
3,53904
2,53943
3,53948
3,53950
2,53958
5,53958
3,53964
2,53965
2,53967
3,53968
2,53985
3,54000
5,54003
2,54011
5,54011
2,54013
5,54023
2,54033
3,54043
2,54048
2,54052
3,54056
2,54065
2,54069
5,54069
2,54081
3,54090
2,54108
3,54126
3,54134
2,54147
2,54169
2,54171
5,54178
2,54186
2,54187
2,54210
8,54210
2,54228
5,54228
2,54235
2,54238
2,54241
2,54256
5,54256
5,54262
8,54263
3,54263
2,54292
2,54301
5,54321
8,54333
2,54353
2,54354
5,54354
2,54361
2,54364
5,54364
2,54374
5,54377
5,54379
3,54380
5,54386
2,54390
5,54391
2,54395
3,54409
2,54414
2,54421
5,54421
2,54428
5,54446
5,54473
2,54483
2,54491
3,54492
2,54494
5,54497
5,54498
2,54508
2,54512
3,54527
2,54542
2,54546
3,54548
2,54558
2,54561
5,54573
2,54616
3,54620
5,54621
2,54623
2,54628
5,54632
3,54635
2,54642
2,54656
2,54661
2,54679
2,54708
3,54714
3,54746
2,54755
2,54757
2,54764
2,54771
2,54783
2,54784
3,54795
3,54804
3,54816
2,54819
2,54846
3,54851
3,54853
5,54860
2,54870
5,54886
5,54923
2,54948
2,54966
8,54966
3,54967
2,54977
2,54994
5,55003
3,55030
3,55034
2,55041
3,55071
2,55079
2,55104
2,55116
2,55117
5,55117
2,55118
5,55118
2,55121
5,55121
5,55125
2,55133
2,55143
3,55152
2,55161
2,55175
2,55183
2,55211
2,55212
3,55216
2,55232
2,55237
2,55245
2,55247
2,55248
2,55252
3,55259
2,55263
5,55264
3,55288
2,55294
2,55492
2,55495
5,55507
2,55508
2,55513
2,55551
3,55573
2,55576
2,55585
2,55590
2,55591
2,55611
3,55619
2,55626
2,55634
5,55634
2,55659
3,55660
2,55671
2,55679
2,55683
2,55688
2,55696
2,55701
3,55705
2,55715
3,55728
2,55740
5,55740
9,55763
5,55785
3,55790
5,55794
5,55795
5,55799
3,55803
2,55804
2,55818
2,55825
3,55829
2,55833
2,55851
5,55885
2,55891
3,55900
8,55900
2,55913
5,55917
2,55925
5,55941
2,55950
3,55994
2,55999
5,55999
5,56009
2,56012
5,56012
3,56013
9,56017
8,56017
5,56032
5,56049
2,56053
2,56066
3,56073
2,56130
9,56134
8,56134
2,56141
8,56151
2,56159
3,56165
2,56187
2,56196
2,56207
2,56241
2,56250
5,56257
2,56267
2,56268
5,56270
3,56289
3,56320
2,56337
5,56337
2,56339
5,56339
2,56346
5,56383
5,56385
2,56392
5,56392
8,56403
2,56404
8,56419
5,56419
5,56420
2,56435
5,56439
2,56452
2,56476
2,56484
2,56487
3,56489
3,56492
2,56499
5,56499
3,56524
2,56525
2,56534
3,56555
2,56558
2,56559
8,56559
2,56584
5,56589
9,56591
5,56597
2,56603
2,56609
2,56624
3,56626
3,56634
5,56654
2,56657
2,56660
3,56661
3,56675
2,56687
5,56687
5,56708
2,56712
5,56742
2,56755
5,56758
5,56763
2,56773
2,56793
5,56809
2,56812
2,56818
5,56819
2,56820
5,56821
3,56831
2,56835
2,56848
2,56852
5,56852
3,56853
5,56856
2,56862
2,56863
2,56865
2,56871
3,56891
3,56892
3,56900
5,56904
2,56910
2,56916
8,56921
5,56921
2,56922
2,56931
2,56932
2,56940
9,56946
5,56953
3,56956
8,56956
8,56970
2,56971
5,56971
5,56975
9,56984
8,56988
9,56989
8,56989
3,57004
2,57006
5,57006
5,57018
3,57024
2,57027
8,57027
8,57050
2,57061
5,57061
8,57063
2,57064
2,57065
2,57094
2,57101
8,57105
5,57107
2,57116
2,57120
3,57125
3,57131
2,57133
5,57141
2,57155
2,57172
5,57174
2,57179
2,57192
3,57199
5,57213
2,57216
2,57217
8,57230
2,57240
2,57254
2,57264
2,57271
8,57271
5,57298
5,57299
2,57300
2,57301
5,57310
2,57313
8,57313
2,57320
5,57320
3,57322
2,57331
5,57331
8,57334
5,57335
2,57357
2,57360
5,57360
3,57361
5,57363
8,57397
5,57405
2,57408
2,57421
3,57431
2,57438
3,57442
2,57444
2,57452
2,57483
2,57515
2,57519
2,57528
2,57532
5,57537
2,57544
2,57546
2,57551
3,57553
3,57555
3,57585
5,57603
2,57608
2,57612
9,57624
2,57630
5,57630
2,57632
3,57633
5,57644
5,57651
5,57665
2,57673
2,57692
5,57693
2,57698
2,57702
2,57709
5,57725
3,57737
2,57770
5,57770
8,57775
2,57786
5,57790
8,57801
9,57801
8,57817
5,57823
2,57827
2,57831
2,57839
2,57846
2,57848
2,57850
2,57855
2,57857
5,57861
3,57863
2,57864
2,57879
2,57882
2,57893
3,57901
2,57902
8,57909
2,57915
2,57927
2,57930
5,57948
2,58004
5,58016
3,58017
2,58022
5,58022
2,58028
5,58028
8,58035
2,58052
2,58060
5,58065
2,58067
2,58068
5,58112
2,58116
3,58124
2,58142
5,58142
3,58148
2,58156
3,58157
2,58168
2,58170
2,58171
8,58171
2,58174
2,58195
5,58274
3,58280
2,58298
3,58307
2,58312
2,58313
2,58319
3,58349
2,58350
5,58355
3,58360
2,58361
2,58363
2,58368
2,58372
5,58385
5,58391
3,58398
2,58399
8,58399
2,58402
5,58402
3,58403
5,58405
2,58441
5,58441
2,58445
3,58466
3,58472
5,58477
2,58493
5,58497
2,58500
2,58502
3,58507
3,58516
2,58522
2,58532
9,58557
3,58569
2,58570
5,58570
3,58606
2,58618
2,58629
5,58630
2,58632
5,58639
2,58602
3,58665
3,58674
3,58678
2,58679
5,58710
2,58715
5,58715
3,58722
2,58723
5,58723
2,58725
5,58725
5,58728
2,58736
3,58758
5,58760
2,58761
2,58771
2,58772
2,58773
2,58788
2,58795
8,58805
2,58823
8,58823
9,58834
5,58838
2,58839
8,58846
8,58848
8,58851
5,58851
2,58857
5,58857
8,58860
8,58861
3,58865
8,58869
2,58873
9,58877
9,58892
8,58892
8,58899
5,58901
2,58910
2,58915
5,58931
3,58943
2,58953
3,58956
2,58959
3,58965
3,58972
2,58976
2,58980
2,58993
5,59014
2,59040
9,59058
8,59058
2,59061
2,59062
2,59067
3,59069
2,59074
5,59076
2,59077
3,59082
3,59083
2,59093
2,59118
2,59120
3,59154
2,59161
2,59166
2,59174
5,59176
3,59189
8,59192
5,59205
2,59222
3,59239
3,59240
5,59254
3,59270
5,59273
9,59283
5,59286
2,59291
5,59291
9,59294
2,59301
2,59324
2,59328
3,59342
2,59379
5,59380
9,59404
2,59405
2,59408
5,59408
2,59412
3,59421
3,59435
2,59450
3,59480
3,59485
2,59493
2,59499
2,59502
5,59516
2,59541
2,59543
2,59547
2,59559
5,59561
2,59584
2,59586
9,59587
2,59591
2,59594
5,59594
8,59598
3,59609
2,59610
5,59610
2,59616
2,59619
2,59620
9,59625
5,59649
5,59651
2,59670
2,59675
8,59676
3,59678
2,59679
2,59708
5,59720
3,59768
2,59769
9,59775
8,59775
2,59787
5,59787
3,59789
9,59792
2,59796
9,59797
9,59813
2,59820
2,59821
2,59825
2,59861
3,59862
3,59873
2,59874
9,59877
9,59882
2,59883
2,59884
2,59885
3,59888
5,59897
3,59907
2,59915
2,59927
5,59934
2,59949
2,59955
2,59957
5,59957
9,59967
2,59975
3,59983
5,59985
2,59986
5,59991
2,59994
9,60009
2,60014
5,60014
2,60022
3,60028
3,60034
2,60036
9,60055
2,60059
2,60064
3,60081
3,60083
3,60084
9,60097
2,60098
2,60102
9,60107
2,60113
2,60115
3,60133
9,60151
2,60158
5,60158
3,60161
2,60167
2,60168
9,60169
3,60182
3,60183
2,60192
5,60196
2,60199
2,60218
2,60220
2,60334
2,60471
5,60483
2,60500
2,60503
2,60513
2,60533
2,60534
3,60536
2,60541
3,60560
2,60572
2,60581
2,60589
2,60601
5,60608
2,60619
2,60622
2,60625
2,60643
3,60647
3,60659
8,60660
9,60670
5,60674
8,60682
2,60687
2,60691
5,60691
2,60700
2,60702
8,60702
8,60703
5,60706
3,60708
3,60715
2,60716
2,60724
8,60725
9,60735
9,60742
5,60742
2,60744
2,60751
3,60757
5,60760
5,60765
2,60766
2,60768
5,60768
2,60771
2,60786
8,60787
5,60788
8,60789
5,60789
2,60796
5,60796
9,60804
8,60805
8,60811
2,60812
8,60814
9,60819
8,60819
9,60824
5,60825
2,60845
3,60846
2,60847
2,60850
5,60853
9,60882
5,60882
9,60896
5,60902
2,60911
9,60944
9,60945
3,60946
2,60954
2,60957
8,60961
5,60961
2,60969
8,60969
2,60971
2,60977
5,60993
2,60998
5,61019
2,61025
3,61027
9,61030
5,61035
2,61038
5,61038
2,61047
9,61061
2,61276
2,61327
5,61327
2,61329
2,61340
3,61349
2,61358
3,61364
5,61374
2,61390
3,61394
3,61395
2,61406
2,61414
3,61433
8,61457
5,61457
8,61458
9,61464
2,61471
5,61471
3,61477
2,61481
2,61551
5,61551
2,61552
2,61573
2,61579
2,61586
5,61587
3,61595
2,61599
5,61599
2,61600
2,61605
9,61608
5,61614
2,61641
2,61650
2,61653
2,61669
2,61675
2,61710
9,61718
2,61724
8,61737
2,61752
2,61757
5,61757
3,61763
8,61783
5,61783
9,61793
2,61803
9,61818
8,61825
3,61828
9,61830
2,61840
8,61852
2,61856
2,61857
2,61870
2,61882
5,61889
3,61896
8,61897
2,61904
2,61905
2,61915
2,61921
2,61922
2,61935
9,61948
8,61951
9,61955
8,61958
2,61960
3,61994
2,61999
3,62001
3,62002
2,62005
2,62014
2,62016
2,62021
8,62022
8,62023
8,62032
9,62042
5,62046
2,62063
9,62067
3,62073
2,62079
5,62079
2,62097
3,62104
3,62106
2,62114
2,62125
9,62135
2,62153
5,62167
2,62168
2,62172
2,62176
5,62186
3,62205
2,62216
9,62217
2,62253
2,62258
2,62267
2,62272
2,62294
2,62295
5,62304
3,62321
2,62331
2,62333
3,62369
5,62369
3,62373
5,62383
9,62384
2,62385
5,62409
2,62423
5,62423
2,62430
2,62438
2,62440
2,62450
2,62454
2,62467
2,62468
5,62486
3,62508
9,62513
2,62516
3,62521
5,62539
2,62549
5,62549
3,62568
2,62575
2,62580
2,62593
2,62594
3,62601
2,62618
2,62626
3,62646
3,62653
2,62661
2,62667
2,62672
8,62687
3,62735
2,62749
3,62764
2,62771
5,62779
9,62787
8,62788
3,62792
8,62792
2,62803
2,62805
2,62824
9,62849
3,62853
3,62855
2,62856
5,62856
9,62860
5,62870
2,62873
3,62878
2,62888
9,62894
5,62906
2,62908
3,62922
9,62938
2,62940
2,62972
9,62974
3,62978
2,62982
2,62989
2,63008
2,63026
2,63037
2,63066
2,63081
2,63089
3,63090
9,63113
3,63122
9,63124
3,63130
2,63151
2,63156
2,63175
3,63176
8,63176
9,63199
2,63214
2,63237
2,63271
9,63284
5,63284
3,63289
2,63292
3,63301
2,63312
2,63318
5,63332
2,63357
2,63360
2,63361
2,63362
3,63383
2,63384
2,63399
2,63428
2,63441
2,63479
3,63485
5,63503
5,63510
2,63521
2,63551
3,63553
3,63602
5,63609
2,63609
2,63620
3,63621
3,63627
2,63632
9,63639
8,63639
3,63641
2,63643
8,63643
2,63649
2,63653
5,63654
2,63659
2,63665
2,63673
2,63677
2,63688
8,63698
5,63699
5,63711
5,63744
5,63748
2,63759
3,63796
2,63828
3,63847
2,63881
2,63884
5,63895
2,63907
5,63916
2,63918
5,63918
2,63943
2,63983
3,64004
2,64239
5,64243
3,64281
2,64305
2,64307
5,64307
5,64308
3,64309
2,64323
2,64328
8,64329
2,64331
3,64342
2,64359
2,64365
9,64366
2,64403
2,64407
2,64414
5,64434
5,64445
5,64480
2,64494
3,64508
2,64510
2,64523
3,64531
2,64564
2,64576
3,64579
5,64586
2,64606
5,64640
2,64659
2,64663
2,64680
2,64681
2,64682
2,64696
2,64700
5,64715
2,64731
2,64737
5,64739
2,64753
2,64757
3,64765
2,64775
3,64791
2,64802
8,64807
5,64807
8,64810
5,64810
2,64811
8,64816
5,64820
2,64821
5,64824
2,64831
3,64839
2,64841
2,64845
3,64856
5,64856
2,64863
5,64863
8,64870
5,64873
8,64876
9,64877
3,64879
5,64892
2,64970
2,64974
2,64981
2,64995
2,64998
5,65001
8,65004
3,65016
2,65028
2,65036
2,65037
5,65053
9,65061
5,65070
2,65100
2,65102
2,65112
2,65135
8,65135
8,65139
8,65151
2,65185
5,65187
2,65202
2,65206
5,65210
2,65214
8,65214
2,65215
2,65218
3,65420
2,65424
2,65475
5,65480
2,65489
5,65493
2,65494
5,65510
5,65513
2,65526
2,65531
2,65536
2,65541
2,65545
5,65545
2,65567
2,65572
2,65576
3,65601
5,65604
2,65620
3,65627
5,65635
2,65640
5,65643
9,65644
9,65652
5,65658
2,65670
2,65682
2,65687
2,65696
5,65697
2,65720
2,65742
2,65767
2,65797
5,65811
2,65840
2,65859
3,65861
2,65866
2,65870
5,66034
2,66038
2,66040
2,66052
2,66054
2,66058
5,66059
8,66061
5,66062
2,66070
3,66073
3,66084
2,66087
5,66088
2,66089
2,66094
5,66102
3,66108
2,66109
5,66122
8,66133
5,66133
3,66138
2,66139
2,66143
5,66145
7,66153
3,66154
2,66162
2,66171
2,66176
3,66181
5,66181
1,66185
8,66185
2,66188
2,66189
5,66192
2,66193
8,66195
9,66204
9,66207
8,66207
9,66208
8,66208
2,66219
2,66220
5,66240
3,66244
8,66245
2,66248
3,66256
3,66257
5,66265
5,66271
3,66292
2,66300
8,66303
2,66304
5,66310
1,66316
2,66328
2,66337
2,66340
2,66353
2,66370
3,66371
2,66378
9,66380
2,66384
2,66398
2,66406
3,66410
8,66410
2,66415
2,66417
5,66424
3,66436
5,66453
2,66469
2,66505
2,66508
5,66508
9,66509
2,66514
2,66520
5,66522
5,66530
1,66533
2,66539
2,66554
3,66556
3,66570
3,66574
5,66584
2,66588
2,66595
2,66602
8,66604
5,66604
2,66607
2,66632
2,66659
3,66661
2,66669
5,66669
5,66741
5,66747
5,66759
2,66800
2,66801
2,66843
2,66850
3,66850
2,66863
2,66882
2,66887
2,66897
3,66899
2,66934
2,66943
5,66958
2,66967
3,66969
3,66972
2,66983
2,66990
2,66995
2,67001
2,67002
5,67015
3,67039
2,67059
3,67073
9,67092
8,67092
5,67095
2,67097
2,67098
3,67101
9,67102
2,67106
8,67109
3,67112
8,67118
5,67118
9,67119
1,67121
3,67124
5,67125
2,67128
5,67134
8,67137
8,67138
8,67140
5,67140
2,67145
5,67148
9,67149
2,67159
5,67162
7,67170
2,67182
2,67205
2,67208
2,67214
5,67226
5,67227
3,67240
2,67248
2,67253
2,67305
2,67315
5,67323
2,67325
2,67363
2,67374
3,67377
2,67411
2,67412
3,67427
2,67431
2,67460
2,67476
2,67505
2,67536
2,67583
3,67603
2,67623
5,67625
8,67626
2,67627
2,67655
3,67660
2,67690
2,67698
2,67724
2,67730
9,67753
2,67780
2,67787
3,67789
3,67828
2,67834
8,67834
2,67852
2,67853
3,67860
2,67862
2,67873
2,67881
3,67887
2,67890
9,67895
8,67895
2,67915
2,67939
2,67949
8,67998
2,68004
8,68014
8,68015
2,68039
3,68093
3,68128
3,68147
2,68161
2,68192
5,68204
5,68214
3,68227
2,68258
2,68270
2,68289
3,68300
3,68302
3,68303
2,68354
2,68361
2,68375
9,68407
3,68423
3,68432
2,68461
2,68464
2,68474
5,68480
2,68485
5,68491
9,68494
3,68501
3,68510
2,68517
2,68518
3,68544
5,68555
2,68557
2,68559
2,68685
2,68687
2,68689
5,68691
2,68693
5,68695
2,68696
8,68698
2,68715
2,68725
2,68744
3,68755
3,68759
3,68761
2,68820
8,68831
2,68860
9,68862
4,68863
2,68863
2,68864
3,68883
9,68897
9,68898
8,68897
8,68898
2,68899
3,68905
2,68910
3,68931
3,68932
2,68939
2,68940
2,68951
5,68954
9,68969
2,68976
2,68983
2,68990
9,69033
3,69041
3,69076
2,69085
2,69093
5,69093
2,69107
2,69114
3,69120
9,69121
2,69130
5,69137
2,69148
8,69152
9,69152
2,69158
2,69169
5,69216
9,69221
9,69224
3,69238
2,69239
2,69240
3,69275
5,69277
5,69284
2,69298
2,69306
2,69327
2,69330
3,69332
3,69358
2,69365
3,69372
2,69408
2,69432
2,69437
2,69467
9,69474
5,69482
5,69483
2,69510
2,69523
2,69524
2,69525
3,69528
2,69530
2,69553
2,69560
2,69568
8,69591
9,69597
2,69601
3,69611
2,69616
5,69641
8,69642
2,69643
5,69644
2,69660
2,69663
8,69663
2,69673
2,69679
3,69683
2,69698
8,69698
2,69744
2,69752
2,69755
2,69787
2,69851
2,69862
5,69864
2,69883
2,69903
2,69919
2,69931
2,69944
2,69957
2,69975
2,69976
2,69978
2,70011
2,70018
5,70020
2,70056
2,70058
2,70070
5,70071
3,70072
2,70081
2,70085
3,70097
5,70101
3,70113
3,70119
2,70130
2,70151
2,70156
5,70164
2,70204
2,70209
3,70228
2,70244
2,70270
2,70291
3,70294
2,70297
2,70313
5,70329
2,70344
2,70364
2,70372
2,70374
3,70385
3,70388
3,70452
2,70466
5,70470
3,70479
5,70492
9,70496
8,70496
2,70497
5,70516
9,70529
3,70530
3,70535
2,70538
2,70549
5,70554
2,70556
5,70561
8,70575
2,70577
8,70577
9,70578
5,70595
2,70601
3,70605
2,70634
5,70636
9,70642
8,70642
3,70650
8,70650
5,70683
2,70701
2,70710
5,70714
2,70746
3,70747
2,70753
2,70776
2,70796
5,70799
2,70817
2,70818
5,70836
2,70837
2,70839
5,70839
3,70869
5,70871
9,70878
2,70894
5,70903
2,70917
2,70927
3,70949
3,70954
5,70957
2,70960
2,70964
5,70975
2,70982
3,70990
2,71002
5,71018
2,71022
2,71027
2,71028
9,71031
3,71032
5,71049
3,71056
2,71057
2,71066
5,71068
5,71073
5,71078
2,71111
2,71117
2,71131
3,71150
5,71169
3,71180
2,71205
3,71253
3,71254
2,71277
2,71281
2,71282
2,71302
8,71304
9,71308
8,71308
2,71323
5,71324
2,71331
2,71350
2,71356
3,71358
5,71362
5,71372
3,71385
3,71388
2,71390
2,71404
2,71418
2,71431
3,71433
3,71435
9,71438
2,71455
2,71456
5,71468
2,71487
2,71489
2,71500
3,71505
5,71508
2,71509
3,71516
5,71520
2,71539
5,71539
8,71539
5,71553
2,71555
2,71556
2,71560
3,71567
2,71574
2,71584
5,71590
2,71603
3,71605
2,71613
8,71613
2,71614
8,71614
2,71615
5,71617
8,71618
8,71632
3,71634
8,71635
5,71635
2,71639
5,71643
2,71660
9,71662
8,71662
8,71663
2,71669
2,71672
5,71673
4,71678
8,71678
5,71679
3,71710
2,71717
2,71733
3,71745
3,71748
3,71756
2,71761
5,71763
2,71764
5,71770
5,71783
5,71790
2,72125
3,72136
5,72137
5,72138
2,72139
5,72152
2,72154
2,72175
2,72192
2,72201
9,72256
3,72261
2,72262
2,72265
2,72392
2,72432
5,72441
2,72462
2,72472
2,72503
5,72514
2,72525
3,72534
3,72544
5,72546
5,72547
5,72557
2,72560
2,72561
5,72565
6,72566
3,72577
5,72667
3,72674
3,72682
2,72715
2,72731
3,72733
2,72747
2,72755
2,72756
2,72779
9,72781
5,72784
2,72789
2,72790
2,72793
5,72795
2,72798
3,72807
5,72818
2,72819
5,72821
5,72829
3,72842
2,72876
2,72878
5,72881
2,72901
3,72904
2,72910
2,72915
2,72926
5,72956
5,72960
5,72989
2,72997
3,72998
3,72999
5,73003
2,73006
2,73008
2,73012
2,73014
2,73019
2,73027
8,73027
2,73030
3,73063
8,73065
5,73066
2,73073
8,73076
9,73089
2,73091
5,73096
2,73098
5,73098
5,73103
2,73121
2,73125
2,73129
2,73150
8,73156
2,73161
9,73180
5,73180
2,73193
3,73220
3,73240
2,73248
2,73256
2,73266
5,73270
5,73273
5,73277
2,73285
2,73286
2,73312
2,73331
2,73373
5,73376
2,73396
3,73412
5,73416
9,73426
5,73427
3,73435
2,73438
2,73444
2,73445
2,73446
2,73467
2,73470
2,73476
5,73482
2,73498
3,73501
9,73506
9,73510
2,73513
2,73540
5,73541
2,73543
2,73559
3,73565
9,73577
5,73587
5,73588
2,73595
9,73604
9,73610
2,73611
2,73613
2,73623
3,73628
2,73633
3,73661
3,73664
2,73690
2,73697
2,73700
2,73727
5,73730
2,73756
3,73762
3,73775
5,73778
2,73780
9,73783
2,73801
2,73821
3,73825
2,73836
5,73852
2,73857
2,73866
2,73874
2,73882
5,73888
3,73889
5,73891
5,73905
2,73910
3,73916
3,73917
2,73924
2,73929
2,73932
3,73936
5,73941
2,73948
5,73961
5,73962
8,73966
2,73980
2,73984
2,73990
3,73992
8,73993
9,73994
8,73994
8,74006
5,74006
2,74040
9,74043
8,74043
2,74049
2,74054
5,74060
2,74067
2,74068
2,74079
3,74087
2,74094
2,74153
2,74154
2,74157
2,74158
5,74158
2,74169
2,74201
2,74217
2,74223
8,74233
3,74243
8,74252
2,74259
5,74259
2,74310
2,74317
5,74318
2,74319
5,74320
2,74326
2,74337
5,74343
3,74355
3,74361
2,74363
2,74366
5,74367
3,74374
2,74376
2,74382
5,74382
2,74400
2,74411
5,74412
5,74419
2,74424
2,74437
2,74450
2,74458
2,74467
5,74474
9,74484
2,74488
2,74500
5,74510
9,74512
9,74521
2,74523
5,74524
3,74531
3,74534
5,74536
3,74574
3,74576
2,74588
5,74603
2,74612
9,74627
9,74640
5,74652
2,74654
2,74656
3,74660
2,74680
3,74681
3,74682
2,74688
5,74696
2,74725
2,74727
2,74728
3,74732
2,74737
2,74761
9,74766
5,74776
2,74780
5,74782
2,74801
2,74802
8,74812
5,74812
5,74813
2,74827
2,74828
3,74829
2,74874
8,74873
3,74878
5,74891
2,74901
2,74918
2,74920
5,74920
8,74924
2,74930
2,74933
3,74934
2,74949
2,74954
3,74956
3,74977
2,74981
8,74981
8,74982
8,74995
2,74996
8,74996
8,75002
5,75002
9,75006
3,75019
3,75020
2,75035
3,75052
5,75058
2,75065
2,75071
5,75088
9,75090
2,75132
5,75132
3,75134
2,75141
2,75168
2,75169
2,75171
5,75176
2,75179
2,75187
9,75198
9,75218
5,75220
2,75222
2,75236
3,75246
2,75254
9,75255
3,75256
2,75263
3,75269
5,75326
5,75334
9,75345
9,75347
5,75352
2,75360
2,75371
2,75377
3,75384
2,75385
2,75395
3,75402
2,75435
9,75439
5,75443
5,75457
2,75467
2,75468
3,75469
9,75473
9,75485
2,75486
2,75495
2,75507
5,75509
2,75516
2,75518
5,75522
3,75531
3,75537
3,75542
9,75548
9,75555
9,75563
5,75563
2,75569
5,75573
5,75575
3,75576
2,75577
2,75587
5,75588
9,75589
5,75590
9,75611
3,75615
2,75619
2,75626
2,75628
3,75629
3,75630
3,75641
9,75662
5,75672
3,75673
2,75681
2,75732
3,75739
9,75754
9,75756
5,75756
2,75757
2,75759
3,75765
2,75775
2,75781
2,75798
3,75800
5,75812
2,75835
9,75845
8,75845
3,75847
8,75858
2,75859
5,75861
5,75862
5,75863
8,75864
4,75865
8,75865
2,75869
8,75869
8,75870
9,75872
2,75875
8,75880
3,75884
2,75888
9,75891
5,75892
5,75894
5,75903
9,75934
9,75942
5,75943
2,75948
5,75950
2,75955
3,75959
5,75959
2,75964
3,75986
3,76005
5,76012
2,76015
2,76018
8,76018
2,76019
2,76028
2,76046
2,76052
2,76063
2,76102
2,76112
5,76117
5,76123
5,76124
3,76125
9,76135
5,76142
3,76162
3,76166
2,76178
2,76179
2,76180
3,76183
3,76187
2,76196
2,76202
2,76213
9,76224
9,76225
5,76228
2,76229
3,76230
5,76232
2,76237
5,76237
2,76242
2,76257
2,76260
8,76260
3,76263
9,76270
3,76277
5,76278
2,76283
3,76289
3,76309
9,76314
9,76320
5,76320
2,76324
2,76328
9,76345
2,76350
3,76361
2,76362
9,76367
9,76369
3,76371
3,76374
3,76396
3,76402
3,76413
5,76414
2,76414
3,76420
3,76456
9,76461
5,76464
2,76479
2,76492
5,76493
5,76507
9,76514
9,76515
2,76518
5,76522
3,76527
3,76531
2,76536
3,76540
2,76541
5,76545
3,76561
3,76563
9,76569
2,76573
5,76623
2,76638
2,76643
2,76665
3,76668
3,76681
8,76682
2,76685
5,76689
2,76693
2,76694
3,76696
5,76707
8,76715
5,76715
5,76718
3,76746
2,76759
5,76765
2,76786
5,76787
8,76789
2,76790
8,76790
3,76801
9,76804
9,76817
5,76817
5,76818
5,76834
5,76835
2,76848
2,76872
2,76874
2,76884
3,76895
3,76938
2,76954
5,76954
2,76957
9,76968
3,76973
5,76995
3,77011
2,77016
2,77071
2,77079
2,77131
2,77137
9,77159
2,77161
2,77181
2,77186
2,77193
9,77198
5,77201
9,77213
3,77218
9,77219
2,77240
5,77241
2,77250
2,77251
3,77255
8,77260
2,77306
2,77310
2,77345
2,77386
3,77396
9,77402
2,77403
5,77418
2,77429
5,77438
9,77441
2,77456
2,77458
3,77459
9,77465
2,77472
8,77478
2,77549
2,77556
2,77563
2,77570
2,77584
2,77604
9,77605
5,77607
9,77608
8,77613
2,77621
2,77624
8,77624
9,77625
3,77631
8,77644
2,77648
2,77656
2,77668
8,77691
8,77692
5,77692
2,77710
2,77714
5,77718
8,77721
5,77721
9,77730
2,77733
8,77733
8,77737
2,77743
5,77746
2,77748
8,77752
5,77753
2,77757
8,77758
3,77760
8,77760
5,77760
2,77764
9,77776
2,77781
2,77788
2,77815
9,77820
9,77821
5,77838
2,77842
2,77844
3,77845
9,77851
8,77858
9,77873
2,77887
2,77892
5,77901
8,77940
5,77943
2,77946
2,77948
2,78014
2,78042
2,78059
2,78080
2,78091
2,78102
2,78104
2,78128
2,78131
2,78141
3,78143
2,78151
3,78265
9,78269
9,78271
8,78275
3,78276
3,78279
2,78286
3,78306
3,78308
5,78314
3,78316
2,78330
2,78336
5,78339
2,78367
2,78380
2,78385
3,78386
8,78400
2,78410
3,78422
9,78426
2,78428
2,78433
5,78465
2,78469
2,78479
2,78489
3,78491
3,78515
5,78518
9,78551
5,78558
2,78586
9,78599
3,78600
8,78618
2,78631
5,78637
2,78645
3,78656
2,78673
2,78677
2,78678
2,78682
8,78702
3,78706
9,78710
8,78710
8,78715
2,78734
5,78734
2,78741
3,78748
9,78752
2,78771
2,78784
3,78798
2,78803
2,78816
3,78826
2,78827
2,78831
2,78858
2,78866
2,78919
2,78927
2,78928
2,78991
3,79002
3,79007
5,79012
5,79018
2,79026
2,79032
2,79059
2,79062
2,79066
2,79067
9,79071
2,79099
9,79140
8,79140
5,79150
5,79160
2,79162
2,79166
5,79167
5,79170
8,79406
2,79409
2,79422
2,79431
8,79438
5,79441
8,79447
5,79452
3,79457
8,79457
3,79512
2,79520
5,79551
9,79553
5,79574
2,79582
2,79583
2,79585
3,79599
2,79600
2,79620
5,79620
3,79627
5,79646
5,79647
9,79653
3,79668
3,79680
5,79687
2,79689
2,79692
2,79693
5,79698
9,79703
5,79709
2,79733
3,79750
5,79771
2,79806
5,79806
2,79807
5,79807
2,79824
5,79831
3,79833
5,79837
9,79843
5,79852
5,79853
2,79867
8,79867
8,79871
9,79871
5,79873
2,79874
2,79875
2,79882
5,79882
2,79883
3,79888
5,79888
9,79908
8,79911
8,79912
2,79919
5,79925
2,79926
5,79927
2,79935
3,79942
3,79948
2,79949
3,79953
5,79979
2,79987
5,79997
2,79999
8,80004
2,80008
2,80010
3,80027
9,80029
8,80034
5,80051
2,80083
3,80107
5,80110
8,80119
2,80127
2,80133
2,80136
9,80148
2,80152
2,80157
9,80166
3,80216
5,80235
2,80236
2,80248
2,80255
8,80259
2,80263
5,80284
3,80285
2,80289
2,80298
9,80318
2,80326
2,80335
5,80371
2,80410
3,80414
2,80541
9,80546
5,80555
9,80557
2,80570
9,80579
2,80581
3,80594
3,80595
2,80606
2,80816
2,80817
9,80834
2,80844
3,80880
2,80885
2,80890
2,80908
2,80939
3,80943
5,80952
2,80959
2,80967
2,80972
2,80980
3,80993
5,81009
2,81011
2,81026
3,81056
2,81082
3,81086
2,81101
5,81105
2,81107
2,81110
2,81117
8,81117
3,81125
5,81134
2,81137
2,81140
5,81142
8,81143
8,81144
5,81149
2,81165
9,81185
3,81186
9,81211
3,81213
2,81216
5,81224
3,81226
5,81229
5,81231
2,81241
8,81242
5,81242
3,81252
5,81252
3,81256
2,81260
5,81260
9,81263
3,81276
2,81331
2,81334
5,81334
2,81336
8,81336
8,81337
2,81351
5,81356
2,81357
9,81358
8,81361
5,81365
3,81395
2,81397
2,81405
5,81406
3,81429
2,81439
5,81446
9,81451
2,81471
2,81474
3,81475
5,81488
3,81497
2,81513
5,81521
2,81530
5,81534
9,81537
8,81537
3,81562
5,81563
3,81568
9,81569
8,81571
2,81572
2,81573
2,81587
5,81591
2,81593
3,81599
2,81628
5,81633
5,81638
9,81641
5,81479
2,81675
3,81680
2,81714
2,81728
5,81731
3,81737
2,81740
2,81741
3,81748
2,81755
3,81759
3,81763
2,81766
3,81794
9,81796
2,81823
2,81859
3,81863
5,81899
2,81902
2,81924
2,81938
2,81946
9,81964
3,81973
5,81975
5,81977
3,81982
2,81989
2,81992
2,81994
2,81996
5,81996
5,82000
5,82006
5,82015
2,82021
9,82029
8,82037
3,82051
8,82052
2,82063
2,82064
3,82080
2,82084
2,82086
2,82099
2,82100
3,82102
2,82114
2,82115
5,82117
9,82131
3,82132
2,82137
2,82138
2,82140
2,82143
5,82143
8,82146
5,82149
2,82150
5,82151
2,82157
2,82162
2,82165
2,82172
8,82172
8,82173
2,82174
8,82174
2,82181
8,82194
2,82195
8,82195
2,82226
2,82232
2,82234
3,82235
2,82262
8,82263
2,82276
2,82277
9,82278
3,82281
2,82283
5,82286
3,82294
5,82297
5,82312
2,82321
2,82324
2,82331
9,82339
5,82341
9,82353
8,82353
9,82357
8,82357
5,82359
3,82364
8,82367
9,82369
8,82371
3,82374
5,82375
5,82380
2,82384
5,82387
2,82391
2,82395
5,82407
5,82410
3,82412
9,82415
2,82417
3,82418
3,82420
5,82443
3,82449
2,82462
5,82462
2,82464
2,82475
9,82481
3,82486
9,82488
9,82489
5,82507
8,82517
3,82517
8,82526
8,82529
3,82537
2,82540
9,82543
2,82544
2,82546
3,82551
3,82557
2,82562
5,82565
2,82566
5,82568
2,82576
2,82578
2,82595
5,82599
5,82603
3,82607
3,82609
9,82616
9,82619
9,82631
2,82636
3,82639
3,82647
3,82689
9,82692
5,82693
5,82694
2,82706
3,82711
2,82718
9,82730
3,82739
2,82743
2,82751
5,82751
2,82752
2,82755
5,82756
2,82768
2,82792
9,82795
5,82798
2,82799
3,82825
2,82826
9,82827
9,82840
3,82843
5,82847
5,82858
2,82860
9,82869
2,82881
5,82881
2,82882
3,82885
2,82895
3,82900
9,82905
2,82910
2,82912
2,82913
5,82913
3,82920
5,82925
5,82931
2,82943
9,82954
2,82955
5,82957
5,82958
3,82959
8,82961
3,82964
2,82966
3,82974
2,82981
9,82990
2,82991
5,82991
2,82992
9,83005
2,83008
9,83023
2,83039
5,83062
3,83090
2,83092
2,83099
5,83099
5,83102
2,83103
5,83111
5,83124
5,83125
9,83128
5,83129
9,83132
8,83132
8,83133
3,83142
2,83144
2,83145
5,83145
2,83146
2,83153
3,83158
2,83166
9,83181
3,83182
2,83191
2,83197
5,83199
2,83207
2,83211
5,83215
2,83250
8,83250
3,83251
3,83253
5,83262
2,83267
2,83268
8,83274
5,83284
2,83293
5,83296
3,83300
2,83302
5,83303
8,83303
9,83312
9,83319
3,83325
2,83326
8,83329
2,83331
2,83350
2,83351
2,83361
5,83361
5,83366
9,83367
9,83368
2,83370
2,83374
2,83377
5,83377
2,83378
5,83378
2,83433
9,83442
8,83443
9,83445
9,83447
2,83461
3,83481
2,83490
5,83499
9,83504
5,83510
5,83512
2,83517
5,83544
2,83545
3,83546
5,83549
9,83551
2,83555
5,83558
5,83560
2,83574
3,83576
2,83586
5,83588
2,83605
5,83605
2,83606
2,83607
2,83614
2,83622
5,83622
3,83633
2,83634
2,83641
2,83646
5,83648
9,83661
9,83672
9,83674
5,83676
2,83677
2,83722
2,83723
9,83741
9,83751
9,83757
2,83760
9,83761
2,83769
2,83786
2,83788
2,83796
5,83796
2,83813
3,83822
5,83833
5,83839
2,83852
2,83864
2,83879
2,83895
2,83899
9,83906
9,83910
2,83926
3,83931
2,83933
2,83935
2,83938
2,83940
2,83943
2,83946
2,83952
3,83972
2,83996
5,83996
8,84024
5,84027
2,84031
3,84033
5,84033
2,84035
2,84036
9,84037
2,84040
8,84042
2,84052
3,84053
2,84057
9,84064
3,84068
2,84071
8,84071
9,84074
9,84083
3,84085
3,84101
2,84106
5,84106
3,84109
2,84117
2,84118
2,84125
9,84131
2,84132
2,84135
5,84148
2,84149
5,84153
2,84175
3,84177
8,84178
9,84179
8,84179
8,84181
9,84186
5,84187
9,84190
9,84191
5,84193
2,84199
2,84207
2,84208
2,84209
2,84210
2,84214
2,84241
2,84244
2,84245
3,84253
9,84254
3,84255
2,84292
5,84292
2,84297
5,84297
9,84305
2,84307
2,84327
2,84342
2,84348
2,84382
2,84389
3,84399
3,84407
2,84415
2,84420
2,84453
2,84454
2,84473
3,84479
5,84487
2,84488
2,84497
5,84500
2,84512
2,84518
2,84522
5,84523
2,84525
2,84558
5,84561
2,84563
2,84573
5,84594
3,84601
2,84611
2,84625
2,84630
3,84632
2,84636
3,84646
2,84657
9,84681
2,84698
2,84701
2,84704
2,84726
3,84728
9,84733
2,84761
2,84771
2,84773
2,84776
2,84781
9,84783
2,84788
3,84809
2,84810
2,84812
2,84820
8,84840
9,84844
2,84857
8,84863
3,84870
5,84870
5,84876
2,84900
5,84909
2,84915
3,84916
5,84917
2,84919
8,84919
8,84922
2,84923
2,84927
5,84939
2,84947
8,84952
9,84969
2,84979
2,84987
3,84988
8,84988
2,84994
2,84995
2,84998
2,85009
3,85010
2,85025
5,85025
5,85026
2,85034
3,85035
2,85040
3,85041
5,85043
9,85048
2,85050
2,85062
2,85068
2,85073
3,85077
8,85077
2,85082
2,85085
2,85095
2,85113
5,85113
2,85117
2,85122
9,85130
2,85137
5,85146
3,85148
5,85150
2,85166
9,85170
8,85170
2,85172
8,85172
2,85174
5,85174
2,85175
2,85176
5,85177
3,85193
3,85194
2,85208
2,85217
2,85225
2,85247
2,85269
9,85288
2,85290
5,85299
2,85305
2,85313
5,85319
5,85330
3,85332
2,85345
2,85462
2,85467
2,85474
2,85494
2,85502
2,85507
5,85507
5,85509
3,85515
3,85519
3,85538
2,85541
3,85549
9,85557
9,85568
3,85574
5,85574
3,85576
5,85580
2,85583
9,85588
2,85593
5,85597
2,85627
2,85628
2,85649
2,85653
2,85667
2,85697
2,85715
2,85719
3,85728
3,85744
2,85749
2,85751
2,85763
2,85801
3,85804
5,85804
2,85887
9,85890
3,85900
8,85900
3,85903
5,85911
2,85912
9,85915
9,85929
5,85938
3,85955
2,85958
5,85958
5,85980
9,85982
2,85983
2,85987
2,85988
2,86016
2,86017
5,86018
9,86051
3,86055
5,86055
5,86061
9,86062
3,86063
2,86064
3,86070
9,86080
2,86082
5,86095
2,86096
2,86099
2,86100
2,86106
9,86108
2,86115
5,86125
2,86130
5,86134
2,86143
2,86157
2,86187
5,86187
9,86204
9,86205
8,86205
2,86208
5,86208
2,86214
2,86215
2,86216
5,86217
2,86219
8,86219
9,86230
8,86230
5,86230
8,86234
2,86237
2,86249
8,86249
2,86253
5,86275
2,86276
9,86286
2,86290
2,86310
2,86346
8,86359
5,86381
2,86397
5,86398
2,86399
9,86409
2,86413
2,86416
3,86434
5,86440
3,86442
2,86447
5,86426
2,86473
2,86481
5,86508
5,86824
5,86841
2,86843
2,86869
2,86873
5,86873
2,86875
5,86875
3,86888
2,86896
3,86905
9,86906
9,86909
9,86931
2,86933
5,86938
2,86947
2,86949
5,86949
2,86955
2,86958
2,86968
3,86970
9,86973
2,86975
9,86989
2,86990
2,86997
2,87036
3,87055
2,87063
5,87063
9,87064
5,87066
2,87083
2,87094
2,87109
2,87120
9,87125
2,87127
2,87136
2,87296
2,87304
9,87326
2,87335
2,87341
5,87341
2,87352
2,87361
5,87366
9,87381
2,87382
9,87388
9,87389
2,87393
9,87394
5,87397
2,87407
3,87408
9,87410
3,87417
2,87448
2,87454
2,87459
5,87468
2,87484
8,87484
8,87490
8,87495
5,87495
9,87497
2,87498
5,87498
5,87501
2,87502
9,87505
3,87526
3,87530
5,87530
2,87536
2,87538
9,87542
2,87543
2,87544
9,87551
5,87563
2,87567
5,87573
5,87574
2,87579
8,87585
8,87592
8,87596
8,87604
8,87605
2,87608
2,87625
5,87625
3,87629
2,87663
2,87669
3,87670
3,87677
3,87678
9,87685
2,87695
5,87695
9,87706
2,87730
2,87744
2,87747
2,87758
3,87762
5,87762
2,87764
2,87771
2,87772
8,87775
3,87777
9,87786
2,87790
5,87791
9,87799
3,87827
2,87987
2,88018
2,88020
2,88026
2,88037
3,88046
3,88051
2,88053
2,88054
3,88057
2,88058
2,88064
2,88065
9,88089
3,88092
5,88101
2,88105
2,88119
2,88126
5,88126
5,88131
9,88138
2,88158
2,88169
3,88177
2,88188
2,88192
5,88194
9,88200
9,88204
5,88207
3,88208
2,88216
5,88216
3,88229
2,88264
2,88265
2,88267
2,88269
3,88271
2,88298
2,88319
2,88326
2,88327
2,88347
2,88359
5,88359
2,88368
5,88372
9,88381
2,88395
2,88409
2,88434
2,88457
2,88459
2,88470
2,88471
9,88475
2,88486
5,88491
2,88499
5,88499
2,88506
5,88510
3,88517
2,88523
5,88531
2,88535
2,88543
8,88544
5,88551
9,88557
2,88565
9,88566
2,88579
9,88582
2,88586
5,88609
2,88610
2,88628
5,88629
5,88635
2,88637
2,88657
8,88659
8,88660
2,88665
2,88670
2,88671
5,88672
2,88683
5,88683
9,88688
2,88690
3,88693
5,88693
2,88697
5,88697
5,88711
2,88727
2,88728
2,88734
5,88734
2,88737
9,88739
5,88739
2,88753
5,88753
8,88754
9,88756
3,88758
2,88760
2,88771
2,88777
3,88778
5,88778
9,88780
5,88781
9,88792
2,88822
5,88822
2,88825
2,88826
2,88845
2,88846
2,88855
9,88869
9,88872
2,88886
3,88889
2,88896
2,88898
5,88898
9,88913
3,88924
5,88924
2,88942
2,88950
2,88953
2,88955
2,88959
3,88964
5,88964
2,88968
5,88968
2,88972
3,88991
2,88999
3,89009
2,89014
2,89016
2,89056
2,89060
2,89062
2,89064
5,89067
2,89081
2,89084
2,89096
9,89103
5,89107
9,89108
2,89114
5,89114
2,89116
5,89124
2,89125
5,89137
2,89148
3,89152
2,89155
2,89160
3,89164
9,89165
2,89170
5,89174
9,89180
3,89184
2,89201
2,89205
2,89208
2,89215
2,89219
2,89226
5,89260
2,89264
2,89275
2,89276
2,89278
2,89279
9,89285
9,89292
5,89292
2,89293
2,89298
2,89307
9,89309
3,89312
2,89313
9,89316
2,89320
9,89327
3,89343
2,89353
3,89375
2,89376
2,89377
2,89400
3,89402
2,89413
2,89423
2,89438
3,89449
2,89452
2,89455
2,89456
5,89456
5,89457
5,89458
2,89468
9,89476
2,89480
9,89493
9,89495
5,89498
5,89504
2,89507
2,89508
2,89509
2,89515
5,89524
2,89537
3,89539
2,89543
5,89543
2,89546
2,89549
5,89557
2,89559
9,89561
8,89561
2,89566
2,89572
2,89579
2,89582
3,89589
2,89597
5,89597
2,89605
2,89609
8,89613
2,89616
2,89617
2,89622
2,89624
9,89625
9,89630
5,89630
8,89633
9,89635
5,89638
5,89640
2,89648
2,89655
2,89662
2,89663
8,89671
2,89674
2,89687
9,89697
2,89704
9,89712
5,89713
5,89717
2,89719
5,89720
9,89726
8,89726
8,89733
9,89738
3,89739
5,89752
3,89757
3,89759
2,89765
2,89767
5,89767
9,89770
3,89781
3,89806
3,89807
9,89821
2,89823
3,89832
2,89834
5,89834
2,89848
9,89868
2,89882
3,89884
2,89885
8,89888
2,89895
3,89896
3,89910
5,89912
2,89923
2,89934
2,89951
2,89955
5,89955
3,89935
9,89961
2,89989
2,89990
5,90000
5,90007
9,90008
9,90014
9,90021
9,90023
5,90054
2,90058
2,90059
3,90070
2,90081
2,90082
3,90083
3,90090
2,90091
2,90093
3,90097
2,90101
2,90103
2,90146
2,90152
5,90154
2,90158
2,90159
5,90162
2,90167
3,90182
3,90183
2,90209
5,90209
2,90212
2,90216
2,90226
2,90229
2,90230
2,90267
3,90279
9,90280
5,90288
5,90290
2,90294
8,90298
2,90306
2,90307
3,90310
5,90310
9,90316
5,90316
5,90321
3,90323
2,90331
3,90339
3,90340
5,90340
2,90342
5,90342
2,90364
2,90373
2,90377
2,90379
8,90392
8,90400
5,90400
2,90403
5,90406
3,90408
2,90410
2,90418
2,90424
9,90432
9,90436
9,90437
2,90441
9,90448
5,90449
2,90462
5,90462
5,90466
9,90472
3,90479
5,90479
2,90481
2,90487
9,90490
3,90491
5,90497
8,90500
2,90514
2,90519
2,90525
9,90538
2,90543
3,90555
2,90558
8,90577
2,90597
9,90598
2,90600
9,90602
2,90614
2,90622
5,90622
2,90625
8,90631
2,90645
5,90650
9,90652
3,90655
5,90655
2,90659
2,90661
3,90669
9,90674
2,90680
5,90680
5,90694
2,90716
2,90721
2,90747
9,90765
9,90775
9,90783
2,90792
5,90793
9,90799
9,90800
9,90810
9,90813
9,90820
2,90831
2,90834
3,90867
5,90879
2,90881
2,90888
2,90901
9,90911
9,90917
3,90919
3,90964
3,90973
3,90979
2,90980
9,90984
2,90987
5,90987
2,90988
5,90988
2,91013
8,91017
3,91023
5,91024
3,91036
9,91041
9,91048
2,91063
5,91089
5,91090
8,91090
5,91106
5,91116
3,91126
2,91127
2,91143
9,91156
2,91158
5,91158
2,91168
8,91174
2,91178
2,91179
3,91187
2,91189
9,91193
9,91199
2,91221
2,91248
2,91249
2,91252
2,91261
5,91280
3,91281
2,91294
5,91304
3,91313
2,91323
5,91323
2,91332
2,91343
5,91348
9,91354
9,91363
2,91366
2,91396
5,91415
2,91416
2,91417
2,91430
2,91453
2,91456
9,91470
2,91481
2,91491
5,91491
3,91493
5,91497
3,91501
2,91502
2,91509
9,91518
8,91521
5,91521
3,91533
2,91535
3,91541
5,91541
2,91550
5,91553
5,91558
2,91569
3,91570
2,91571
2,91573
8,91573
8,91574
9,91574
8,91577
2,91586
2,91598
2,91600
2,91609
2,91615
5,91638
2,91646
9,91647
5,91665
2,91669
2,91681
2,91700
2,91712
9,91732
2,91750
2,91757
3,91776
8,91779
5,91781
2,91805
5,91812
2,91845
9,91856
5,91878
2,91888
2,91889
2,91891
5,91891
2,91898
3,91900
9,91901
5,91908
5,91917
3,91920
2,91925
2,91931
2,91933
2,91937
2,91955
2,91985
5,91986
5,92009
5,92023
2,92045
5,92045
3,92064
2,92073
5,92075
5,92084
2,92097
2,92098
2,92111
5,92114
2,92115
5,92133
5,92149
2,92158
3,92160
2,92176
2,92181
5,92186
2,92204
5,92205
5,92207
2,92209
5,92209
3,92213
2,92241
2,92250
2,92260
5,92268
2,92278
2,92291
9,92305
5,92319
5,92322
2,92327
5,92362
5,92366
2,92371
8,92371
2,92384
5,92384
5,92387
2,92389
2,92390
2,92393
2,92396
2,92397
2,92399
8,92399
2,92400
2,92407
2,92412
3,92421
5,92421
9,92420
8,92420
2,92427
2,92428
3,92429
9,92430
8,92430
8,92431
3,92432
5,92452
8,92466
5,92467
2,92475
5,92475
9,92480
5,92497
5,92502
8,92510
2,92515
9,92517
8,92517
8,92522
8,92524
2,92531
2,92537
5,92542
5,92546
5,92556
3,92576
2,92584
2,92603
5,92609
8,92610
9,92617
9,92640
2,92662
5,92675
2,92679
8,92679
2,92689
2,92699
8,92703
3,92713
5,92714
2,92718
2,92732
2,92770
5,92770
3,92771
5,92776
5,92778
8,92781
5,92782
5,92783
2,92784
2,92787
3,92788
5,92788
2,92798
2,92802
5,92811
2,92814
2,92830
2,92854
5,92856
2,92893
5,92897
5,92908
2,92914
2,92917
2,92918
5,92927
3,92932
2,92935
2,92936
5,92936
2,92938
3,92944
8,92950
5,92952
2,92955
9,92962
2,92969
9,92975
2,92980
2,92988
2,92991
2,92994
3,92999
2,93008
2,93027
2,93037
2,93076
2,93077
3,93084
2,93089
9,93091
2,93093
2,93098
5,93108
9,93113
2,93123
9,93126
2,93136
2,93137
5,93158
2,93171
2,93182
2,93184
2,93213
3,93214
2,93221
5,93231
2,93236
5,93236
2,93238
2,93243
5,93244
3,93253
2,93262
2,93270
5,93273
5,93275
9,93276
2,93324
5,93329
2,93336
2,93338
5,93339
9,93359
5,93365
5,93366
2,93374
9,93375
2,93376
9,93377
9,93390
8,93390
2,93393
2,93404
3,93413
3,93414
5,93414
8,93415
5,93420
8,93431
8,93432
5,93432
2,93435
2,93437
2,93453
2,93469
3,93474
5,93475
5,93481
2,93495
8,93507
5,93510
8,93515
5,93515
2,93521
5,93521
2,93530
9,93531
8,93531
8,93538
2,93550
3,93554
2,93557
5,93570
2,93575
3,93583
5,93599
2,93615
9,93625
5,93631
5,93642
5,93643
2,93655
2,93656
2,93674
2,93697
5,93697
2,93704
2,93710
5,93724
2,93793
2,93805
2,93823
2,93825
9,93830
5,93845
2,93848
3,93849
9,93871
9,93872
2,93880
5,93880
9,93904
5,93906
2,93907
2,93926
5,93927
2,93969
2,93971
2,93976
2,93984
3,94016
2,94025
5,94025
2,94038
2,94040
9,94041
9,94063
2,94064
5,94067
2,94079
2,94084
5,94108
3,94114
2,94115
2,94116
2,94120
2,94124
2,94140
2,94161
2,94203
5,94203
9,94206
2,94217
2,94219
9,94220
5,94227
3,94234
2,94243
2,94246
5,94254
5,94272
3,94291
2,94296
3,94297
2,94325
9,94326
2,94334
5,94337
5,94339
2,94346
2,94355
2,94372
2,94388
9,94418
2,94419
5,94425
2,94428
9,94432
8,94435
5,94435
8,94436
8,94437
3,94456
2,94457
9,94459
3,94462
2,94488
9,94496
2,94499
2,94501
2,94514
2,94516
2,94517
2,94520
2,94521
2,94526
3,94530
2,94533
9,94541
9,94550
2,94551
2,94585
2,94592
3,94603
2,94620
2,94637
5,94644
5,94650
2,94655
9,94659
5,94659
2,94679
8,94685
3,94685
5,94695
2,94702
2,94704
5,94704
5,94710
2,94718
2,94724
2,94730
5,94730
2,94732
3,94733
5,94747
2,94749
5,94765
2,94914
3,94923
2,94926
5,94927
5,94937
2,94953
2,94974
9,94979
2,95032
3,95041
3,95044
2,95048
3,95038
2,95055
2,95064
3,95071
2,95088
3,95137
2,95148
2,95157
3,95172
5,95194
2,95216
2,95220
5,95233
3,95235
8,95242
9,95241
8,95241
9,95256
9,95262
2,95268
5,95269
3,95271
9,95281
3,95283
2,95286
5,95286
2,95289
2,95290
3,95291
5,95304
2,95311
3,95335
2,95340
5,95340
2,95364
8,95369
8,95370
2,95372
3,95378
2,95379
8,95380
5,95386
2,95387
5,95392
9,95393
9,95397
3,95405
5,95406
9,95410
5,95410
2,95418
2,95422
5,95422
5,95429
2,95435
2,95443
2,95451
9,95461
2,95464
5,95465
2,95478
9,95484
8,95493
2,95503
2,95508
3,95540
8,95541
9,95544
2,95545
2,95546
2,95550
8,95559
5,95559
5,95560
8,95560
3,95562
2,95563
9,95565
3,95568
2,95578
9,95580
2,95584
2,95593
5,95595
3,95596
5,95681
3,95718
9,95727
2,95748
5,95765
9,95778
2,95781
2,95783
2,95792
5,95793
3,95795
5,95796
3,95796
5,95799
2,95800
2,95804
5,95804
3,95806
2,95812
3,95844
9,95846
3,95873
2,95891
9,95900
3,95906
2,95907
2,95914
9,95924
5,95926
2,95928
9,95938
2,95946
3,95947
2,95948
9,95949
5,96065
2,96067
5,96081
2,96087
2,96088
5,96088
9,96091
2,96101
2,96107
3,96110
3,96113
3,96116
8,96123
3,96130
2,96142
2,96158
2,96168
2,96197
2,96200
3,96205
5,96205
2,96207
2,96211
3,96212
5,96213
2,96216
3,96231
5,96232
2,96233
2,96236
5,96236
3,96244
2,96255
8,96256
3,96261
2,96269
2,96285
5,96295
2,96309
3,96314
8,96316
2,96319
8,96319
3,96322
2,96323
5,96323
9,96332
2,96337
5,96337
3,96338
2,96339
2,96345
9,96350
2,96354
2,96369
3,96371
8,96382
3,96383
8,96383
8,96384
8,96385
5,96387
2,96388
2,96401
2,96404
2,96405
8,96414
5,96414
5,96418
9,96419
8,96419
2,96421
2,96443
8,96450
5,96453
2,96475
2,96493
2,96497
2,96499
2,96501
3,96511
9,96512
9,96513
2,96515
3,96518
2,96520
3,96521
5,96524
9,96527
3,96531
2,96534
2,96537
2,96541
2,96546
2,96599
2,96603
2,96622
2,96631
2,96634
2,96635
2,96643
3,96645
3,96648
2,96663
2,96664
2,96673
2,96701
5,96705
2,96715
2,96745
9,96747
3,96750
2,96801
2,96802
2,96804
2,96805
3,96811
2,96817
2,96824
2,96826
2,96827
2,96831
2,96836
2,96837
2,96845
3,96869
9,96878
3,96879
2,96886
2,96910
3,96913
3,96914
3,96927
5,96929
9,96931
2,96937
2,96941
5,96941
9,96943
2,96951
2,96953
2,96957
2,96996
3,97005
2,97007
5,97010
5,97011
9,97017
5,97032
2,97038
2,97079
3,97083
9,97107
5,97111
2,97113
2,97123
5,97128
9,97058
2,97138
3,97149
9,97150
2,97158
3,97167
5,97168
5,97170
2,97171
2,97176
5,97176
2,97184
2,97186
2,97194
3,97200
2,97202
2,97206
2,97207
3,97209
3,97217
8,97218
2,97236
5,97236
8,97245
3,97246
8,97246
9,97254
8,97254
2,97258
2,97262
2,97264
3,97266
5,97270
2,97272
9,97276
2,97278
2,97280
2,97292
2,97293
2,97295
2,97312
9,97314
2,97315
9,97319
8,97319
2,97324
2,97330
2,97339
2,97348
5,97357
2,97358
5,97374
3,97375
3,97379
5,97395
2,97413
8,97413
2,97424
2,97428
3,97441
2,97450
9,97452
2,97454
2,97477
5,97480
5,97484
3,97511
2,97531
2,97533
2,97555
2,97559
2,97562
2,97583
9,97586
2,97592
2,97607
5,97607
3,97612
3,97633
3,97639
9,97647
2,97664
5,97618
2,97683
5,97700
5,97710
2,97711
2,97715
2,97718
5,97719
2,97738
3,97739
3,97760
2,97803
2,97804
2,97818
2,97820
2,97823
5,97829
2,97837
5,97860
5,97861
5,97871
9,97874
2,97875
9,97885
3,97890
9,97891
2,97893
2,97896
2,97913
5,97913
3,97916
2,97932
2,97933
2,97940
5,97944
2,97951
3,97966
2,97978
2,98019
2,98032
3,98034
3,98035
2,98036
2,98039
8,98049
3,98050
8,98050
2,98051
5,98051
5,98054
2,98059
9,98061
8,98061
3,98069
9,98072
2,98093
2,98094
2,98095
3,98101
5,98105
8,98111
9,98116
2,98125
5,98130
2,98133
3,98137
2,98150
3,98151
2,98160
2,98161
5,98161
2,98168
9,98169
2,98173
2,98174
2,98178
2,98182
5,98182
2,98189
5,98192
2,98193
2,98201
5,98202
9,98211
8,98211
2,98212
2,98215
2,98221
2,98223
2,98243
8,98244
3,98249
2,98254
9,98273
2,98274
5,98282
9,98286
2,98293
2,98299
3,98304
2,98306
2,98314
5,98314
2,98343
2,98344
3,98346
2,98348
2,98349
2,98362
5,98367
2,98380
9,98396
2,98406
2,98418
5,98418
2,98421
5,98437
3,98451
2,98460
5,98461
2,98471
5,98471
2,98472
2,98479
2,98488
2,98506
2,98507
2,98513
2,98524
3,98537
9,98541
2,98544
2,98548
2,98566
3,98568
2,98575
2,98578
9,98580
3,98593
2,98594
3,98598
9,98610
3,98614
3,98620
3,98642
2,98646
5,98656
2,98657
2,98706
3,98708
5,98712
5,98724
3,98727
2,98729
2,98731
2,98732
2,98738
2,98764
3,98770
8,98770
2,98775
3,98777
2,98788
2,98797
2,98818
2,98821
2,98834
2,98841
9,98855
2,98859
5,98859
9,98872
2,98874
3,98889
2,98896
2,98904
9,98905
2,98915
2,98923
5,98924
9,98928
5,98928
2,98953
2,98963
3,98990
2,98996
9,98998
3,99000
2,99001
3,99001
8,99005
3,99015
3,99026
2,99028
5,99034
2,99045
2,99051
2,99071
2,99084
3,99085
3,99091
5,99096
8,99105
2,99112
3,99117
9,99121
2,99131
2,99133
2,99140
2,99141
9,99142
9,99146
8,99152
2,99158
2,99164
8,99167
5,99168
5,99177
5,99194
2,99195
2,99196
5,99202
3,99204
2,99213
2,99215
9,99216
8,99216
3,99227
3,99229
2,99230
2,99232
2,99244
2,99247
2,99248
5,99259
2,99268
5,99268
3,99276
3,99282
2,99283
2,99311
2,99313
5,99317
9,99327
2,99328
9,99344
2,99365
2,99397
2,99411
2,99420
2,99522
2,99525
2,99528
2,99532
2,99547
9,99575
2,99585
5,99587
2,99592
2,99602
3,99604
9,99605
2,99607
2,99617
5,99622
2,99625
2,99628
2,99630
3,99638
9,99666
2,99669
2,99690
2,99709
2,99716
2,99719
2,99730
2,99735
2,99738
3,99750
2,99766
3,99787
2,99809
2,99810
2,99826
9,99834
2,99842
2,99857
2,99858
5,99858
2,99868
2,99875
2,99876
3,99878
9,99895
3,99902
3,99905
5,99908
2,99914
9,99916
2,99918
5,99944
2,99953
2,99959
9,99962
5,99969
8,99976
8,99990
2,99991
3,99996
2,99997
2,100003
8,100004
9,100014
8,100014
8,100018
2,100022
2,100025
3,100026
5,100026
2,100027
8,100027
3,100028
8,100032
9,100044
2,100049
2,100051
9,100054
5,100069
5,100074
3,100079
9,100086
8,100089
5,100120
2,100134
3,100151
5,100156
9,100167
3,100171
2,100180
2,100204
5,100214
3,100216
9,100219
9,100224
8,100224
3,100241
3,100266
2,100274
5,100285
5,100286
3,100291
2,100293
5,100293
2,100295
2,100318
5,100322
2,100324
5,100325
5,100347
5,100349
2,100398
3,100403
3,100407
2,100413
2,100421
5,100421
2,100423
3,100436
3,100437
3,100439
9,100453
5,100458
2,100470
5,100476
2,100477
5,100482
2,100484
5,100490
2,100505
2,100506
2,100507
2,100509
5,100514
2,100578
3,100582
2,100599
2,100601
2,100611
2,100620
2,100622
2,100641
2,100649
2,100650
5,100662
2,100687
2,100706
3,100708
9,100709
5,100712
2,100720
2,100736
2,100741
2,100742
5,100742
9,100750
9,100754
2,100762
5,100762
5,100769
3,100772
3,100776
5,100781
5,100783
2,100793
9,100801
2,100808
2,100810
2,100851
5,100878
9,100879
5,100882
2,100892
8,100899
8,100907
9,100908
8,100908
9,100910
3,100913
3,100922
5,100922
2,100928
5,100928
2,100941
5,100944
2,100945
2,100949
3,100955
2,100956
9,100957
9,100959
5,100960
5,100961
2,100962
2,100964
3,100967
2,100970
2,100993
9,100997
3,100998
2,100999
8,101002
9,101002
8,101003
5,101177
2,101179
5,101193
5,101197
3,101206
9,101207
3,101208
5,101212
2,101214
2,101216
3,101218
8,101220
8,101223
8,101224
2,101227
2,101236
8,101242
3,101252
2,101254
2,101257
2,101259
9,101260
2,101263
2,101272
2,101292
2,101293
2,101294
5,101294
2,101302
3,101303
3,101289
2,101307
2,101308
2,101314
2,101317
2,101326
5,101331
2,101334
2,101340
5,101346
2,101354
2,101363
2,101372
5,101396
2,101406
2,101408
2,101435
2,101444
2,101466
2,101468
2,101484
5,101484
2,101487
3,101495
2,101503
5,101504
2,101507
9,101524
2,101527
8,101527
2,101548
2,101549
2,101560
2,101563
2,101576
2,101580
2,101587
2,101590
2,101595
9,101600
3,101606
2,101609
5,101625
2,101632
9,101633
5,101641
2,101642
3,101644
2,101648
5,101654
5,101656
2,101659
5,101665
2,101669
2,101670
2,101674
2,101675
3,101711
2,101728
2,101730
2,101739
2,101743
2,101757
2,101758
2,101761
2,101768
2,101786
2,101787
2,101788
3,101790
2,101793
5,101793
2,101795
3,101808
2,101821
9,101847
2,101860
2,101865
2,101896
8,101900
9,101900
2,101907
9,101908
2,101913
2,101917
2,101919
3,101924
2,101931
5,101931
3,101937
2,101941
2,101967
2,101972
5,101990
2,101995
2,101996
2,102000
2,102008
5,102014
2,102038
8,102038
2,102044
2,102057
8,102057
3,102058
2,102059
2,102061
2,102067
9,102082
5,102082
3,102084
2,102109
2,102113
3,102118
3,102128
5,102132
8,102132
8,102154
9,102155
8,102155
2,102159
2,102167
5,102184
2,102187
5,102187
2,102192
3,102195
8,102202
5,102202
8,102210
2,102211
2,102213
9,102244
2,102246
2,102260
2,102275
2,102277
2,102278
5,102283
5,102291
2,102323
3,102332
2,102352
2,102358
2,102360
9,102377
2,102382
3,102389
2,102399
2,102408
2,102409
2,102413
2,102415
5,102423
3,102439
5,102440
5,102441
2,102451
2,102457
2,102494
2,102501
2,102503
2,102504
2,102507
2,102527
2,102554
2,102555
9,102559
2,102561
2,102564
5,102564
5,102566
9,102569
2,102571
3,102583
3,102586
2,102587
8,102587
2,102588
5,102605
9,102617
2,102657
2,102662
3,102663
2,102665
2,102668
2,102672
5,102687
2,102691
2,102693
2,102701
2,102709
5,102713
2,102714
2,102718
2,102726
3,102740
3,102759
2,102761
5,102770
2,102779
3,102800
2,102802
2,102817
2,102820
2,102835
2,102843
3,102844
2,102868
9,102870
3,102874
5,102878
5,102882
3,102887
3,102888
5,102896
9,102901
9,102909
2,102914
5,102920
3,102923
5,102932
2,102949
2,102952
2,102983
3,102984
8,102988
8,102989
8,102994
3,102995
5,102997
9,102999
8,103002
2,103003
9,103012
8,103012
9,103013
8,103013
2,103015
9,103016
5,103020
3,103022
9,103024
5,103029
9,103040
2,103054
2,103057
5,103065
9,103066
5,103077
5,103081
8,103087
2,103088
3,103105
9,103108
2,103110
9,103115
2,103116
2,103129
2,103137
2,103150
3,103151
9,103191
5,103195
3,103196
9,103201
9,103208
2,103244
2,103278
2,103286
9,103293
5,103326
2,103327
3,103329
2,103340
5,103343
5,103360
9,103368
3,103370
2,103375
2,103380
5,103380
2,103384
2,103386
5,103394
3,103398
8,103403
2,103407
9,103414
2,103433
3,103450
3,103469
2,103476
2,103490
2,103509
8,103510
2,103526
2,103542
2,103544
2,103715
9,103717
5,103718
3,103719
5,103762
3,103764
9,103772
9,103785
2,103786
2,103788
2,103790
2,103791
9,103798
5,103804
2,103820
5,103820
9,103823
9,103825
2,103829
2,103830
3,103840
5,103847
2,103883
5,103897
2,103911
3,103914
2,103920
2,103926
9,103946
8,103946
3,103952
3,103953
9,103955
8,103974
5,103982
3,103984
9,103988
8,103991
5,104002
2,104003
2,104014
2,104020
5,104020
2,104024
2,104027
9,104029
5,104033
8,104034
9,104035
8,104035
9,104036
8,104392
5,104394
9,104401
5,104401
2,104402
8,104402
8,104406
8,104409
2,104410
2,104414
2,104417
8,104420
8,104427
8,104428
2,104433
5,104433
9,104434
9,104435
9,104437
9,104463
9,104465
9,104476
2,104482
2,104486
3,104498
8,104517
5,104517
8,104521
9,104526
2,104528
2,104543
2,104544
3,104545
5,104546
9,104552
2,104563
9,104571
5,104574
2,104601
2,104614
2,104621
2,104624
5,104646
3,104652
2,104660
2,104681
9,104697
3,104698
8,104700
5,104700
8,104701
2,104711
2,104714
2,104717
3,104718
9,104726
2,104731
9,104736
2,104739
2,104740
2,104755
9,104756
9,104758
9,104761
2,104762
3,104795
9,104799
5,104809
2,104812
2,104814
2,104815
5,104815
5,104818
9,104819
3,104826
2,104837
8,104838
8,104839
9,104839
9,104861
9,104875
9,104878
2,104888
2,104890
2,104895
3,104901
9,104913
2,104924
3,104935
2,104947
2,104953
2,104971
2,104976
3,104979
3,104983
2,104987
2,104994
2,104999
2,105000
3,105015
2,105016
2,105022
2,105028
5,105047
2,105050
3,105072
9,105079
5,105081
2,105089
2,105091
9,105098
2,105103
5,105103
9,105106
2,105128
3,105133
9,105141
2,105143
9,105146
9,105149
5,105150
2,105162
5,105168
3,105170
2,105187
2,105195
9,105200
3,105227
2,105247
2,105248
3,105250
2,105252
9,105260
8,105260
2,105261
5,105261
5,105264
2,105269
9,105273
2,105288
8,105288
2,105289
2,105293
2,105302
9,105304
8,105304
3,105306
9,105307
2,105335
9,105375
2,105380
2,105387
8,105391
2,105392
2,105399
2,105401
2,105410
3,105416
2,105422
2,105431
2,105445
2,105456
3,105466
2,105483
9,105491
2,105495
2,105501
2,105523
2,105529
2,105531
2,105543
2,105558
5,105565
9,105579
2,105593
3,105594
2,105597
5,105597
2,105598
2,105611
2,105612
2,105639
2,105649
3,105666
3,105676
9,105714
9,105719
2,105721
9,105730
2,105733
9,105736
2,105741
2,105745
2,105755
2,105764
2,105769
3,105770
9,105773
2,105797
2,105799
2,105800
2,105801
2,105823
2,105825
2,105827
3,105845
2,105859
2,105864
5,105866
2,105866
2,105882
5,105882
3,105887
3,105897
2,105900
2,105903
2,105926
2,106058
2,106060
2,106066
2,106084
2,106092
5,106092
5,106093
2,106112
9,106132
2,106135
9,106136
3,106146
3,106152
9,106154
2,106156
2,106160
2,106161
3,106163
2,106167
5,106167
2,106174
9,106179
5,106188
9,106193
2,106210
2,106220
2,106221
2,106233
2,106239
2,106251
2,106256
5,106256
2,106260
3,106271
3,106289
3,106292
2,106298
5,106302
2,106304
9,106320
9,106329
2,106332
9,106340
2,106350
5,106350
9,106358
2,106367
5,106367
2,106375
9,106380
3,106382
2,106384
9,106385
2,106387
3,106391
3,106404
9,106411
2,106413
5,106415
2,106418
9,106423
2,106444
9,106453
5,106453
9,106468
2,106469
8,106470
9,106471
8,106471
2,106477
5,106477
5,106478
2,106478
2,106486
5,106486
3,106493
2,106502
3,106506
9,106508
2,106509
9,106510
3,106512
5,106514
3,106520
2,106529
2,106543
9,106551
8,106551
2,106566
2,106586
9,106603
3,106604
5,106611
9,106621
9,106623
9,106625
2,106629
9,106640
9,106645
2,106650
5,106650
8,106657
2,106664
2,106671
2,106691
2,106694
2,106709
2,106736
9,106744
3,106745
9,106760
3,106764
2,106765
3,106782
9,106795
2,106800
2,106801
2,106826
2,106827
2,106870
5,106880
5,106881
2,106888
2,106897
2,106941
9,106952
2,106955
3,106965
9,106969
3,106982
9,106985
3,106986
9,106987
2,106994
3,107023
9,107027
9,107032
2,107082
2,107092
9,107102
5,107112
8,107115
8,107122
2,107125
5,107125
3,107137
3,107143
9,107160
2,107162
9,107169
3,107190
8,107194
9,107198
2,107201
2,107203
5,107205
5,107208
2,107211
3,107212
3,107213
3,107256
2,107274
2,107279
2,107292
5,107298
2,107322
3,107337
2,107341
9,107353
9,107365
3,107369
2,107379
3,107391
2,107421
2,107427
2,107428
5,107429
5,107433
3,107439
3,107464
9,107466
2,107491
3,107495
9,107499
9,107503
9,107506
5,107510
2,107542
9,107548
2,107552
2,107554
2,107561
5,107561
2,107562
3,107563
5,107563
2,107577
5,107577
3,107580
3,107583
2,107613
2,107614
2,107624
2,107631
3,107668
3,107677
2,107695
2,107706
2,107743
2,107750
2,107759
3,107779
2,107782
3,107787
9,107795
9,107801
3,107804
2,107814
2,107824
2,107833
5,107846
9,107861
2,107880
2,107893
2,107904
3,107930
3,107943
2,107946
5,107946
5,107953
3,107964
3,107965
9,107969
2,107974
9,107980
2,107982
2,107985
3,107989
9,108000
5,108000
2,108006
8,108006
5,108008
9,108018
9,108022
2,108027
2,108033
3,108037
9,108041
9,108042
3,108046
8,108057
8,108058
9,108059
2,108063
2,108074
5,108074
3,108076
2,108105
9,108115
3,108117
2,108119
9,108128
3,108140
9,108160
3,108162
3,108167
9,108168
2,108176
2,108189
5,108189
8,108194
9,108194
2,108196
9,108424
3,108429
5,108430
8,108438
2,108438
2,108439
9,108446
5,108446
5,108453
3,108455
2,108463
8,108465
9,108466
5,108473
2,108479
2,108517
3,108541
9,108549
2,108555
2,108556
9,108566
9,108636
3,108637
5,108651
3,108612
2,108653
8,108653
3,108656
2,108657
5,108657
3,108670
9,108673
9,108676
5,108697
2,108707
2,108756
5,108757
2,108769
3,108771
2,108772
5,108773
3,108779
2,108786
2,108796
2,108800
2,108802
2,108808
8,108812
2,108818
2,108820
2,108830
3,108844
2,108876
2,108896
3,108910
5,108919
2,108947
9,108957
9,108958
2,108966
3,108976
2,108980
2,108991
2,108993
2,108995
2,109018
3,109021
2,109038
3,109039
3,109042
9,109054
3,109055
3,109072
2,109076
9,109104
2,109117
2,109121
8,109121
2,109125
2,109138
2,109142
9,109147
8,109147
2,109352
2,109355
2,109358
9,109365
9,109374
8,109374
8,109375
2,109381
9,109385
8,109388
5,109397
8,109397
9,109399
2,109400
2,109405
9,109408
5,109409
3,109410
2,109413
8,109413
2,109414
2,109437
5,109453
2,109454
2,109471
8,109471
2,109481
8,109481
9,109483
9,109486
2,109497
8,109497
2,109539
3,109540
3,109545
9,109552
2,109567
9,109572
9,109579
3,109587
9,109599
9,109608
5,109612
2,109626
2,109642
3,109659
2,109676
2,109683
2,109693
2,109709
2,109714
3,109726
5,109728
9,109736
3,109739
2,109740
9,109743
5,109757
2,109759
5,109760
2,109765
9,109766
8,109766
2,109775
2,109842
2,109855
2,109873
2,109891
3,109952
2,109960
5,109982
9,109985
3,109989
2,109995
3,109999
2,110038
2,110042
9,110045
5,110063
3,110066
3,110079
2,110092
5,110098
2,110120
2,110121
3,110126
2,110127
2,110145
2,110159
9,110162
2,110169
9,110175
2,110177
5,110177
8,110178
3,110184
3,110206
2,110220
5,110220
2,110223
2,110224
5,110226
3,110238
5,110248
8,110248
5,110253
2,110254
3,110266
5,110270
5,110273
3,110275
3,110283
2,110285
3,110287
9,110308
9,110312
3,110322
9,110333
8,110335
2,110338
9,110339
2,110352
2,110373
5,110373
5,110374
3,110379
3,110381
2,110382
9,110390
5,110391
3,110408
3,110414
3,110430
3,110447
2,110449
2,110452
2,110457
5,110458
3,110463
2,110472
5,110472
2,110481
2,110482
3,110484
2,110499
9,110500
9,110501
5,110504
5,110512
9,110537
8,110537
9,110541
8,110541
2,110547
2,110630
2,110634
3,110635
2,110638
2,110663
2,110665
2,110684
2,110698
3,110708
3,110746
2,110761
3,110765
2,110771
3,110772
3,110781
2,110796
9,110822
5,110822
9,110829
5,110839
2,110842
3,110849
5,110853
2,110853
2,110886
2,110909
2,110911
2,110914
2,110916
2,110918
2,110923
2,110926
3,110945
2,110949
8,110965
2,110970
9,110981
9,110984
8,111000
8,111001
5,111001
9,111005
2,111012
2,111013
2,111023
2,111032
5,111041
2,111042
2,111048
3,111049
8,111059
2,111062
2,111075
8,111076
2,111089
9,111095
3,111106
9,111118
8,111118
2,111122
2,111123
2,111130
3,111134
3,111150
9,111153
2,111157
9,111165
9,111166
9,111172
9,111188
9,111211
2,111221
8,111221
2,111222
8,111222
2,111231
5,111245
2,111279
2,111303
8,111315
5,111315
2,111335
2,111336
9,111339
9,111340
2,111341
2,111371
2,111377
3,111383
2,111386
2,111400
3,111411
2,111417
9,111421
2,111431
9,111436
9,111439
2,111464
9,111467
2,111474
2,111479
8,111479
5,111479
2,111486
5,111510
3,111532
3,111534
2,111545
2,111547
2,111550
3,111559
3,111573
9,111584
2,111593
9,111599
2,111602
5,111627
9,111629
3,111657
3,111691
3,111692
2,111702
2,111709
2,111715
2,111726
2,111743
2,111756
2,111757
9,111768
5,111770
2,111809
2,111811
3,111812
3,111821
2,111838
2,111841
9,111845
3,111848
9,111855
5,111858
3,111861
2,111865
2,111869
9,111870
3,111874
5,111874
2,111887
9,111889
9,111902
2,111929
2,111934
9,111937
2,111941
3,111942
2,111953
5,111953
2,111963
9,111967
3,111969
3,111980
8,111989
8,111990
9,111991
5,112007
3,112016
2,112021
2,112023
2,112025
2,112026
2,112029
3,112030
3,112031
2,112037
9,112046
8,112046
3,112050
9,112051
9,112057
2,112065
9,112069
2,112076
9,112094
2,112103
2,112129
2,112130
2,112131
3,112145
3,112155
2,112156
3,112161
3,112170
9,112173
2,112174
2,112179
9,112186
2,112196
2,112199
3,112222
2,112230
2,112231
2,112235
3,112242
2,112243
2,112246
2,112250
2,112252
2,112261
3,112269
9,112270
3,112284
3,112285
3,112291
2,112294
9,112464
2,112483
2,112489
2,112498
2,112518
2,112520
2,112528
2,112531
2,112568
2,112576
2,112581
2,112585
3,112586
2,112588
2,112604
3,112646
3,112669
5,112681
9,112684
2,112697
2,112698
2,112731
3,112732
2,112738
2,112747
2,112765
3,112788
5,112788
9,112816
5,112816
2,112819
2,112822
2,112836
9,112838
9,112846
2,112853
3,112871
2,112874
2,112883
2,112884
2,112885
2,112887
2,112896
3,112898
2,112902
8,112925
3,112938
2,112942
3,112956
9,112970
2,112981
9,112992
9,113026
9,113029
2,113034
9,113045
9,113046
8,113051
2,113053
2,113056
2,113069
2,113073
9,113088
3,113096
2,113100
9,113101
9,113103
3,113111
2,113123
3,113127
9,113131
8,113131
2,113140
9,113146
5,113146
3,113147
5,113147
2,113148
2,113152
9,113160
2,113164
9,113166
8,113166
3,113192
2,113211
2,113218
3,113236
2,113247
2,113250
2,113254
2,113268
3,113271
2,113275
2,113280
2,113284
2,113310
2,113362
2,113364
2,113391
2,113393
2,113397
3,113399
2,113406
3,113423
2,113455
2,113495
9,113509
2,113510
2,113512
3,113522
3,113523
9,113531
9,113540
9,113547
2,113554
2,113570
3,113571
2,113572
2,113575
3,113584
2,113590
9,113591
2,113592
2,113599
2,113610
3,113635
2,113630
2,113650
2,113651
3,113656
2,113699
8,113699
2,113722
2,113729
2,113731
8,113731
9,113757
2,113763
2,113767
2,113791
2,113792
3,113809
9,113819
9,113820
3,113822
3,113824
9,113832
5,113832
2,113833
2,113836
2,113857
2,113865
2,113867
2,113880
8,113892
5,113892
2,113916
2,113917
2,113920
8,113921
2,113934
2,113937
2,113940
2,113947
3,113951
2,113953
2,113973
2,113980
2,113997
2,114020
2,114023
2,114026
3,114027
2,114032
2,114037
2,114041
2,114046
2,114050
9,114059
9,114066
9,114068
8,114068
5,114068
9,114070
5,114070
9,114081
8,114081
3,114118
2,114120
2,114124
2,114126
2,114128
2,114133
3,114134
2,114138
2,114140
3,114145
2,114154
3,114158
2,114163
2,114164
3,114172
2,114174
2,114176
9,114177
9,114178
9,114182
2,114216
2,114218
2,114219
2,114280
2,114284
2,114286
3,114289
2,114303
2,114305
2,114313
2,114315
3,114321
9,114326
5,114326
5,114327
2,114330
9,114339
2,114341
2,114355
9,114359
2,114362
9,114367
9,114380
2,114394
2,114415
2,114427
2,114428
3,114431
2,114435
2,114436
2,114441
3,114447
3,114462
3,114463
2,114470
9,114476
2,114483
3,114487
2,114488
9,114503
2,114522
2,114524
2,114565
2,114569
2,114570
3,114573
3,114577
2,114592
2,114599
5,114605
9,114608
2,114639
2,114641
9,114643
2,114656
2,114660
2,114678
2,114686
2,114699
2,114705
3,114714
2,114724
9,114734
3,114737
2,114740
8,114753
5,114753
2,114756
3,114758
2,114800
2,114811
9,114816
9,114828
2,114846
8,114866
2,114872
3,114876
2,114877
9,114881
5,114881
2,114888
3,114912
2,114917
2,114926
2,114931
3,114933
2,114942
2,114965
9,114970
2,114980
5,114985
2,114993
2,114994
2,114997
2,115023
2,115026
2,115031
2,115035
3,115038
9,115043
2,115046
2,115050
2,115055
2,115058
2,115060
2,115064
2,115065
2,115079
9,115084
2,115089
2,115095
9,115114
2,115118
2,115124
3,115147
2,115153
2,115168
9,115175
5,115175
9,115176
5,115176
2,115179
3,115180
2,115185
3,115197
2,115204
2,115206
3,115207
2,115208
3,115228
2,115233
2,115236
2,115249
2,115253
9,115270
2,115271
2,115273
2,115280
3,115298
2,115304
2,115307
3,115311
2,115324
2,115328
9,115340
5,115340
2,115341
3,115343
2,115344
2,115345
3,115346
2,115351
3,115356
5,115356
2,115368
2,115370
9,115371
3,115379
2,115381
2,115384
2,115399
2,115437
9,115438
2,115463
2,115472
2,115475
3,115481
9,115486
5,115486
9,115492
3,115495
3,115497
2,115499
2,115506
9,115508
2,115526
9,115530
2,115531
2,115538
2,115545
2,115547
2,115554
2,115556
9,115563
2,115575
2,115585
3,115591
9,115592
2,115604
3,115609
2,115619
2,115629
9,115635
3,115643
9,115649
5,115649
9,115659
8,115659
8,115660
2,115661
3,115667
9,115679
5,115679
3,115694
2,115701
2,115704
2,115709
2,115712
2,115716
2,115723
3,115729
2,115735
9,115746
9,115750
2,115754
2,115776
2,115785
9,115809
5,115809
8,115829
9,115832
2,115837
2,115839
2,115841
2,115858
5,115880
9,115882
9,115889
5,115889
9,115892
8,115892
8,115893
9,115893
2,115895
5,115895
2,115909
2,115913
2,115919
2,115921
9,115922
5,115924
3,115927
8,115949
9,115949
2,115955
2,115966
9,115980
5,115980
2,115983
5,115990
2,115991
2,115997
9,116006
3,116056
3,116060
5,116065
9,116065
2,116076
2,116077
2,116095
9,116107
3,116136
2,116154
2,116160
2,116173
3,116175
2,116180
2,116184
2,116201
2,116211
9,116225
2,116237
2,116247
2,116252
2,116254
2,116266
2,116273
2,116275
2,116285
3,116297
2,116302
3,116315
2,116321
2,116333
2,116336
2,116337
2,116359
2,116360
2,116388
2,116410
5,116431
3,116437
2,116456
2,116467
9,116472
3,116473
2,116480
3,116486
3,116489
2,116492
2,116495
2,116499
2,116511
2,116517
9,116524
8,116526
2,116540
2,116542
2,116555
2,116558
2,116560
9,116566
2,116570
3,116576
2,116578
2,116579
9,116585
9,116599
2,116618
5,116618
8,116628
2,116629
2,116636
2,116641
2,116645
2,116662
2,116685
2,116694
2,116696
2,116704
8,116705
2,116707
2,116720
2,116724
2,116732
2,116740
2,116753
5,116791
2,116795
2,116799
2,116803
2,116804
8,116818
2,116821
2,116829
2,116830
2,116834
2,116835
2,116859
9,116864
8,116864
2,116874
3,116897
3,116904
2,116916
3,116924
2,116927
9,116928
8,116928
3,116931
2,116932
2,116944
2,116946
2,116954
9,116965
2,116969
2,116973
2,116993
2,116996
2,116999
8,116999
2,117009
5,117018
2,117031
2,117038
2,117045
2,117054
2,117065
3,117073
2,117082
2,117087
2,117093
2,117097
3,117100
3,117105
3,117112
2,117129
2,117153
2,117154
5,117165
2,117169
2,117173
2,117181
2,117182
2,117211
2,117227
2,117233
3,117234
2,117235
2,117252
2,117258
2,117270
2,117275
2,117290
2,117298
2,117311
2,117337
2,117341
2,117344
2,117354
2,117383
2,117384
2,117389
3,117393
9,117397
2,117400
2,117425
2,117433
2,117441
2,117442
2,117448
2,117451
2,117466
9,117467
8,117467
2,117474
2,117495
2,117497
2,117501
2,117516
8,117520
2,117521
3,117565
3,117568
2,117575
2,117580
2,117596
3,117600
3,117601
3,117618
3,117619
2,117627
2,117634
2,117654
2,117656
2,117657
3,117702
2,117704
2,117707
2,117716
2,117728
8,117734
2,117737
3,117740
2,117743
9,117747
2,117748
2,117750
2,117753
2,117757
2,117761
5,117772
5,117777
9,117787
2,117788
2,117790
9,117798
5,117807
3,117838
2,117854
5,117865
3,117866
2,117878
3,117880
2,117883
2,117885
3,117897
2,117903
2,117906
2,117921
9,117922
9,117930
2,117932
2,117941
2,117959
2,117987
3,117998
2,118000
2,118004
3,118013
2,118024
2,118041
2,118045
2,118047
2,118055
9,118061
2,118072
2,118079
2,118089
2,118122
3,118127
2,118137
2,118138
2,118139
2,118156
2,118180
2,118188
9,118192
2,118201
3,118202
5,118210
2,118214
9,118217
2,118223
2,118235
2,118245
2,118255
2,118267
2,118268
9,118278
3,118280
2,118281
3,118282
9,118288
2,118294
3,118301
9,118306
8,118307
9,118310
9,118315
5,118317
2,118329
2,118344
8,118347
2,118351
3,118365
9,118376
2,118380
3,118382
2,118383
2,118385
5,118388
2,118395
2,118418
2,118428
2,118438
3,118457
3,118456
3,118459
2,118462
2,118466
2,118471
2,118496
2,118500
2,118509
2,118514
2,118518
2,118521
3,118546
2,118564
3,118569
2,118573
3,118576
2,118579
2,118580
2,118586
2,118601
2,118606
2,118608
9,118611
9,118582
2,118623
2,118631
3,118632
5,118636
2,118646
3,118667
2,118681
3,118684
3,118693
2,118698
2,118712
2,118720
5,118720
2,118726
5,118734
2,118735
2,118741
2,118753
2,118759
2,118773
2,118774
2,118786
2,118790
2,118818
3,118827
5,118848
3,118863
2,118870
3,118872
2,118877
2,118903
2,118905
5,118922
2,118927
8,118927
2,118932
2,118934
2,118961
2,118980
2,118985
2,118987
2,119001
3,119005
3,119008
2,119015
2,119018
9,119019
3,119042
3,119043
3,119047
2,119066
2,119067
2,119085
2,119093
2,119109
5,119113
2,119138
5,119147
2,119149
5,119152
3,119169
2,119172
2,119189
2,119200
9,119202
5,119204
2,119220
2,119246
2,119249
2,119256
8,119256
2,119263
2,119265
8,119265
8,119270
2,119280
8,119280
5,119280
3,119285
2,119304
2,119307
8,119311
5,119342
2,119352
2,119366
2,119367
5,119373
2,119383
2,119391
2,119396
2,119400
8,119429
2,119430
2,119432
2,119434
2,119437
2,119441
2,119444
2,119450
2,119469
3,119480
2,119495
5,119504
3,119515
2,119521
2,119534
2,119542
2,119557
2,119572
2,119581
2,119582
5,119582
5,119584
2,119606
2,119612
2,119627
2,119636
2,119639
2,119640
2,119644
5,119648
2,119665
5,119665
2,119666
2,119682
2,119683
2,119689
2,119691
2,119697
3,119709
2,119719
3,119730
2,119738
2,119742
2,119747
2,119756
2,119760
2,119780
2,119798
3,119812
2,119848
2,119854
2,119866
2,119871
2,119878
2,119905
2,119911
8,119920
2,119922
5,119930
3,119943
3,119956
2,119980
2,119981
2,119983
2,119984
5,119984
2,119994
2,120002
2,120011
2,120018
2,120024
8,120024
2,120031
5,120035
3,120041
5,120048
2,120050
8,120050
2,120057
2,120064
3,120075
2,120081
3,120099
2,120102
3,120123
5,120125
2,120132
2,120153
2,120156
2,120183
3,120185
2,120211
2,120215
2,120229
3,120246
3,120259
5,120262
2,120283
2,120291
2,120308
2,120314
3,120336
5,120336
2,120353
3,120368
2,120375
2,120378
3,120396
2,120401
2,120416
3,120420
3,120422
2,120427
2,120436
3,120443
2,120458
3,120463
2,120468
2,120482
2,120496
2,120515
3,120545
2,120548
2,120557
2,120572
3,120575
5,120587
8,120587
2,120591
2,120605
3,120625
8,120631
3,120634
2,120640
5,120641
5,120647
2,120655
2,120674
8,120674
5,120680
8,120680
2,120695
5,120697
2,120698
2,120731
2,120737
3,120743
2,120754
2,120757
2,120771
3,120784
5,120800
2,120805
2,120810
5,120810
5,120811
2,120814
8,120814
3,120819
2,120820
2,120824
3,120832
2,120838
2,120846
2,120850
2,120854
8,120861
2,120862
2,120867
2,120870
2,120900
3,120901
3,120903
2,120909
3,120912
5,120912
2,120928
2,120938
8,120956
2,120986
2,121013
8,121013
2,121015
3,121017
2,121020
2,121037
3,121045
3,121056
2,121076
2,121086
2,121092
5,121101
5,121102
2,121103
2,121107
2,121121
2,121122
2,121131
5,121173
5,121179
3,121198
5,121206
3,121208
5,121218
2,121234
3,121237
5,121237
2,121248
2,121252
2,121256
2,121275
2,121288
2,121291
2,121306
2,121324
2,121340
2,121358
3,121360
2,121361
2,121372
2,121381
3,121393
2,121410
5,121416
2,121418
8,121418
2,121444
2,121449
2,121454
3,121485
5,121490
2,121514
5,121532
3,121543
5,121543
3,121544
8,121544
2,121553
3,121554
2,121571
2,121589
2,121614
5,121615
2,121616
3,121632
5,121651
5,121664
2,121667
2,121675
3,121676
5,121677
2,121691
3,121699
2,121705
2,121707
8,121707
2,121708
2,121713
2,121715
2,121727
5,121738
2,121759
8,121764
3,121773
5,121781
2,121781
2,121788
5,121803
3,121824
5,121824
2,121825
8,121826
2,121828
3,121830
3,121836
2,121837
2,121838
3,121851
2,121875
2,121881
3,121882
2,121896
2,121909
2,121920
2,121925
2,121928
2,121939
2,121963
2,121996
5,121996
2,122000
3,122005
2,122032
2,122036
2,122048
2,122052
8,122058
2,122059
5,122059
2,122062
2,122063
2,122093
2,122112
3,122142
2,122160
8,122171
2,122175
2,122187
2,122188
2,122189
2,122192
2,122194
2,122198
2,122205
2,122231
8,122244
2,122250
2,122255
3,122259
2,122325
2,122332
2,122337
2,122342
2,122343
5,122345
3,122346
5,122346
2,122361
2,122365
2,122381
3,122382
2,122383
2,122385
5,122457
3,122461
2,122464
2,122487
2,122506
2,122527
2,122533
2,122551
2,122552
2,122559
2,122577
5,122577
8,122586
5,122593
2,122594
2,122601
3,122603
5,122604
2,122605
2,122644
2,122646
2,122648
5,122657
2,122671
5,122684
2,122694
8,122698
2,122706
2,122707
2,122709
2,122710
5,122710
2,122715
2,122719
3,122721
3,122751
2,122757
2,122758
5,122763
5,122767
3,122794
3,122801
2,122808
2,122810
2,122819
2,122825
3,122826
3,122831
3,122839
3,122867
2,122868
3,122871
2,122880
2,122909
2,122918
2,122920
2,122928
2,122933
5,122937
5,122938
5,122967
2,122980
5,122980
2,122992
2,123045
3,123051
2,123059
2,123061
8,123061
2,123065
2,123098
2,123100
3,123105
2,123106
2,123107
5,123108
2,123116
3,123141
2,123143
2,123155
2,123170
2,123197
3,123207
2,123216
2,123217
2,123240
2,123255
3,123258
2,123269
2,123276
2,123278
2,123302
5,123302
3,123303
3,123325
2,123327
2,123333
3,123337
2,123351
8,123357
2,123379
5,123379
3,123380
2,123386
5,123394
2,123410
2,123423
5,123426
2,123515
3,123519
2,123523
2,123525
2,123538
2,123539
2,123541
2,123549
3,123584
2,123593
3,123633
2,123637
2,123638
8,123638
2,123639
2,123671
2,123686
5,123689
3,123695
3,123710
2,123711
2,123716
5,123741
5,123774
2,123787
3,123824
3,123829
2,123838
2,123840
2,123849
2,123879
2,123884
2,123858
5,123891
2,123930
3,123938
3,123942
3,123945
2,123956
2,123961
5,123982
2,124002
2,124012
2,124015
5,124025
2,124035
3,124049
2,124081
2,124082
2,124083
3,124085
3,124087
3,124094
3,124097
2,124100
2,124102
2,124145
2,124159
2,124195
3,124220
2,124236
8,124237
2,124244
2,124247
3,124251
3,124255
2,124264
2,124271
2,124276
2,124277
2,124285
2,124290
2,124291
2,124340
3,124343
2,124360
2,124371
3,124377
2,124378
5,124392
5,124394
2,124404
3,124413
2,124419
5,124419
5,124426
5,124427
2,124456
2,124478
2,124487
2,124488
2,124492
2,124497
2,124505
5,124505
2,124511
3,124514
2,124520
2,124533
2,124534
2,124550
3,124554
2,124558
5,124590
8,124591
5,124606
2,124620
5,124620
2,124623
8,124623
8,124628
2,124633
3,124649
2,124653
2,124661
2,124665
2,124669
8,124670
2,124680
2,124691
2,124724
3,124729
2,124739
2,124743
2,124747
2,124750
2,124751
3,124753
2,124760
2,124763
2,124759
8,124767
5,124774
2,124791
5,124802
8,124824
5,124824
2,124828
2,124836
2,124837
2,124845
2,124848
2,124866
2,124870
2,124871
2,124873
8,124890
2,124894
2,124938
2,124949
3,124963
2,124980
2,124992
3,125003
2,125007
2,125008
2,125016
2,125031
3,125042
2,125048
2,125055
3,125058
2,125083
3,125115
2,125126
5,125140
2,125141
2,125152
2,125168
3,125174
5,125178
2,125219
2,125280
5,125300
2,125311
5,125321
2,125325
2,125338
2,125339
2,125349
2,125360
2,125372
2,125374
2,125375
2,125382
2,125394
3,125407
2,125427
2,125431
2,125447
2,125460
3,125473
3,125480
2,125481
2,125482
2,125502
2,125522
2,125524
8,125524
2,125525
2,125530
2,125533
2,125536
3,125545
5,125558
8,125567
3,125575
3,125579
5,125590
2,125591
3,125600
5,125603
2,125609
3,125626
2,125630
3,125653
2,125683
3,125685
2,125696
2,125707
2,125712
5,125712
2,125727
2,125739
2,125741
2,125742
5,125753
2,125768
2,125808
2,125814
2,125815
2,125821
2,125830
2,125840
2,125846
3,125877
2,125879
2,125890
2,125895
8,125897
3,125899
5,125913
2,125921
2,125933
2,125948
2,125966
3,125969
2,125971
2,125972
2,125977
2,125987
2,125988
3,125992
2,125997
2,126001
2,126004
2,126021
3,126031
2,126040
3,126054
3,126065
2,126082
2,126084
2,126087
2,126094
3,126105
2,126106
3,126111
2,126112
2,126122
3,126136
8,126138
2,126140
2,126141
2,126151
5,126167
2,126178
2,126190
2,126194
2,126209
3,126210
2,126212
2,126214
2,126227
3,126238
2,126254
3,126257
3,126258
2,126267
2,126280
2,126281
3,126286
2,126306
2,126315
2,126327
2,126338
2,126339
3,126363
2,126375
2,126377
2,126400
2,126430
2,126439
5,126439
8,126444
5,126481
2,126482
2,126486
2,126492
2,126508
3,126511
8,126519
2,126522
2,126526
2,126536
2,126540
2,126541
2,126544
2,126545
2,126553
2,126558
2,126562
3,126580
5,126581
3,126588
2,126597
2,126598
2,126602
2,126616
3,126619
3,126625
2,126630
2,126638
2,126644
3,126655
2,126667
2,126670
2,126671
5,126671
3,126677
5,126678
2,126687
3,126690
2,126692
3,126693
5,126694
5,126696
2,126697
5,126698
2,126698
8,126700
5,126700
2,126701
8,126702
5,126703
3,126704
3,126711
8,126719
2,126722
2,126723
8,126726
2,126729
2,126733
5,126736
5,126741
5,126747
3,126754
3,126761
2,126771
5,126771
5,126772
2,126773
8,126773
3,126791
2,126829
2,126831
2,126847
3,126850
2,126881
3,126891
2,126907
2,126912
3,126941
2,126949
2,126969
5,126981
2,126997
2,127007
2,127014
2,127017
2,127019
3,127027
2,127035
2,127043
2,127061
2,127070
3,127073
2,127111
2,127117
3,127123
3,127124
2,127129
2,127147
2,127149
2,127152
3,127162
3,127163
2,127180
2,127258
2,127260
2,127278
5,127278
2,127282
3,127284
2,127285
2,127287
3,127295
2,127300
2,127318
2,127333
3,127339
2,127340
3,127351
2,127391
5,127391
2,127398
5,127421
8,127432
2,127453
2,127488
5,127488
3,127495
2,127500
2,127513
2,127517
8,127517
3,127540
2,127552
2,127558
2,127559
3,127569
3,127574
2,127624
2,127636
2,127650
2,127653
2,127717
2,127733
2,127735
3,127745
3,127754
2,127756
2,127760
2,127761
2,127762
3,127777
2,127779
2,127784
5,127806
2,127808
2,127863
2,127876
2,127878
2,127879
2,127882
2,127898
2,127911
3,127913
2,127919
2,127921
5,127936
2,128030
3,128051
2,128057
2,128059
2,128062
2,128067
2,128069
2,128070
3,128072
2,128081
3,128087
5,128092
3,128155
2,128160
2,128169
2,128172
2,128184
3,128196
2,128197
2,128205
2,128213
2,128222
2,128231
3,128237
8,128246
2,128248
5,128261
3,128282
8,128287
3,128315
2,128318
2,128323
2,128324
2,128331
2,128335
2,128338
3,128340
3,128365
2,128376
2,128382
5,128383
2,128385
8,128417
2,128426
2,128436
2,128437
2,128442
2,128449
3,128451
8,128456
2,128462
2,128468
8,128468
2,128471
8,128471
5,128471
5,128485
3,128504
3,128532
2,128534
2,128535
2,128539
2,128552
2,128571
2,128572
2,128573
3,128574
5,128587
2,128607
2,128619
2,128620
3,128633
2,128640
2,128647
5,128648
3,128649
2,128695
2,128706
2,128712
8,128726
2,128730
3,128738
2,128742
2,128748
2,128750
2,128761
2,128763
2,128766
2,128774
2,128791
3,128794
5,128818
2,128831
2,128879
2,128882
2,128922
5,128922
2,128956
3,128968
2,128973
2,128986
2,128989
3,128990
2,128993
2,129016
2,129020
3,129021
3,129030
5,129031
2,129053
2,129070
2,129109
2,129096
2,129117
2,129118
3,129119
2,129122
2,129145
3,129205
3,129206
2,129210
3,129211
5,129212
2,129214
2,129235
3,129236
2,129239
8,129245
2,129261
5,129261
2,129264
2,129294
2,129333
2,129334
2,129344
5,129349
2,129383
3,129385
2,129386
2,129403
3,129409
2,129422
2,129423
5,129435
8,129445
8,129450
5,129450
3,129460
5,129460
5,129479
2,129480
3,129495
2,129496
2,129497
2,129524
3,129528
2,129557
2,129558
3,129571
5,129574
8,129587
2,129589
2,129598
2,129604
2,129624
3,129630
5,129630
2,129638
5,129657
3,129660
2,129664
2,129689
3,129693
2,129694
2,129755
2,129761
2,129766
2,129800
2,129822
2,129867
5,129869
2,129903
2,129904
3,129910
2,129914
3,129928
2,129967
3,129972
2,129985
5,129985
2,129991
2,130004
2,130005
2,130011
2,130017
3,130037
2,130061
3,130074
2,130081
2,130086
2,130088
5,130105
2,130129
2,130134
2,130158
2,130166
2,130172
2,130174
2,130175
2,130199
2,130238
2,130246
2,130249
2,130277
5,130293
2,130332
2,130377
3,130394
2,130395
2,130404
2,130422
2,130428
2,130429
2,130442
2,130443
5,130473
2,130487
2,130504
2,130516
3,130533
2,130546
2,130547
2,130566
2,130571
2,130597
3,130602
2,130606
8,130611
2,130617
8,130627
3,130633
5,130634
2,130638
5,130664
2,130675
2,130723
2,130737
3,130744
2,130757
2,130793
2,130803
2,130809
2,130815
8,130830
5,130830
2,130836
2,130840
2,130845
2,130847
3,130872
5,130887
8,130918
2,130946
3,130953
2,130955
3,130973
2,130979
3,130992
3,130993
2,131025
8,131028
2,131054
2,131067
2,131073
2,131077
3,131115
3,131136
2,131151
2,131171
2,131194
2,131195
3,131213
2,131224
2,131244
2,131245
3,131258
2,131291
2,131292
2,131319
2,131359
2,131439
3,131454
3,131474
2,131475
2,131478
2,131480
5,131484
3,131525
2,131588
2,131612
2,131652
2,131654
5,131654
8,131657
3,131686
2,131692
2,131694
2,131695
2,131708
3,131709
3,131710
2,131715
5,131715
5,131716
2,131771
2,131818
2,131819
2,131844
2,131859
2,131881
2,131891
2,131899
2,131910
8,131911
2,131918
3,131919
3,131930
2,131932
2,131945
2,131956
2,131964
2,131987
3,131998
2,132012
5,132022
2,132064
2,132101
5,132125
2,132147
3,132157
2,132161
2,132174
2,132242
2,132250
2,132251
3,132257
2,132262
2,132266
3,132272
2,132306
2,132318
5,132342
3,132398
2,132412
3,132422
2,132431
2,132433
2,132434
2,132452
3,132459
2,132464
2,132465
2,132467
2,132474
5,132531
2,132565
2,132566
2,132592
2,132594
2,132611
2,132616
3,132628
3,132632
2,132652
2,132653
2,132666
2,132667
2,132670
5,132675
2,132705
2,132712
2,132725
5,132728
3,132762
2,132768
3,132794
2,132797
5,132807
2,132812
2,132821
8,132847
8,132852
5,132852
2,132859
3,132860
2,132862
4,132863
8,132865
2,132867
2,132875
2,132883
2,132896
2,132925
2,132929
2,132936
2,132977
2,132989
2,133005
2,133011
3,133015
2,133027
2,133032
3,133037
5,133045
2,133046
2,133070
8,133070
2,133077
5,133100
2,133125
2,133133
2,133172
3,133173
2,133186
2,133191
2,133194
2,133204
3,133211
2,133222
2,133240
2,133259
2,133264
3,133277
2,133313
2,133332
2,133375
2,133382
3,133390
3,133391
2,133394
2,133395
2,133397
2,133405
2,133408
2,133412
2,133448
5,133464
2,133478
2,133493
2,133509
3,133533
3,133535
2,133555
2,133563
2,133566
2,133576
5,133596
3,133627
3,133631
2,133689
2,133715
3,133717
2,133721
2,133725
3,133731
3,133741
2,133745
2,133764
2,133799
3,133809
2,133812
2,133829
5,133832
2,133844
2,133858
2,133859
2,133862
2,133870
2,133887
2,133894
2,133910
2,133924
3,133925
3,133928
2,133929
2,133932
2,133963
2,133969
5,133974
5,133986
2,133990
5,134004
2,134012
2,134019
5,134022
5,134034
3,134045
3,134048
3,134057
3,134058
2,134066
2,134074
5,134074
8,134074
9,134075
8,134075
5,134075
5,134099
2,134106
2,134118
2,134133
2,134134
2,134142
3,134152
2,134166
2,134180
8,134180
3,134195
2,134215
2,134240
2,134243
2,134256
2,134257
2,134291
3,134299
2,134300
2,134301
5,134301
5,134310
2,134316
2,134321
5,134322
3,134352
5,134358
5,134393
5,134403
5,134406
2,134434
3,134472
2,134476
2,134480
2,134486
2,134487
2,134494
2,134502
2,134509
2,134520
2,134523
2,134546
2,134557
2,134571
2,134581
2,134612
8,134619
5,134622
2,134624
8,134624
5,134627
2,134632
5,134633
2,134633
5,134637
8,134646
2,134664
2,134665
5,134674
2,134675
2,134680
8,134680
5,134681
5,134683
2,134687
2,134693
8,134693
5,134727
5,134728
2,134744
5,134746
2,134746
5,134758
8,134759
8,134760
2,134761
2,134763
2,134765
5,134765
8,134771
3,134775
2,134781
5,134793
5,134819
2,134824
8,134824
2,134841
2,134855
5,134856
2,134861
2,134863
2,134881
2,134885
2,134888
3,134894
5,134908
2,134926
5,134940
2,134950
2,134952
8,134952
2,134964
8,134965
2,134965
2,134966
3,134981
2,134995
5,134995
3,135000
2,135010
5,135011
2,135015
3,135016
2,135027
2,135034
2,135054
5,135054
2,135058
2,135078
2,135097
2,135099
2,135100
5,135105
5,135109
3,135111
5,135111
5,135115
5,135130
5,135141
5,135143
2,135145
2,135148
2,135152
3,135154
5,135202
2,135223
3,135260
2,135265
5,135265
2,135274
2,135277
2,135285
2,135296
5,135299
3,135308
3,135309
2,135325
8,135325
2,135341
2,135359
2,135360
3,135363
2,135368
2,135369
2,135384
2,135385
2,135399
2,135409
2,135412
2,135420
2,135425
8,135425
2,135437
2,135444
2,135446
2,135453
5,135463
2,135466
3,135470
2,135504
2,135506
2,135512
2,135522
2,135535
2,135548
2,135566
5,135572
2,135579
8,135580
5,135581
5,135583
2,135589
5,135600
2,135606
2,135626
5,135630
5,135631
2,135634
2,135635
2,135640
5,135654
5,135657
2,135658
5,135658
3,135663
5,135669
2,135670
5,135673
9,135681
5,135681
2,135701
5,135719
5,135720
2,135729
2,135736
2,135744
2,135746
3,135747
2,135755
2,135777
2,135804
2,135829
2,135831
2,135841
3,135857
2,135872
2,135877
2,135880
2,135881
2,135904
3,135909
5,135918
2,135956
2,135973
2,135974
2,135975
2,136004
2,136005
2,136032
2,136036
2,136038
2,136045
8,136045
2,136060
3,136064
2,136072
2,136090
3,136096
2,136101
2,136104
5,136154
2,136174
3,136182
2,136188
2,136191
2,136192
2,136195
2,136197
2,136203
2,136217
5,136217
5,136220
2,136229
2,136237
2,136242
2,136244
2,136266
2,136267
5,136273
2,136296
2,136305
2,136333
2,136343
2,136366
3,136372
2,136410
2,136411
2,136423
2,136433
2,136434
2,136436
2,136445
2,136451
2,136455
2,136471
2,136475
2,136508
2,136520
5,136520
2,136536
2,136537
2,136545
2,136558
2,136564
3,136574
3,136584
2,136591
2,136598
2,136605
2,136608
2,136626
2,136627
5,136630
2,136632
2,136638
2,136653
2,136662
2,136699
2,136713
2,136717
2,136722
2,136724
2,136735
2,136736
2,136737
9,136746
3,136751
2,136768
2,136773
8,136806
2,136808
2,136809
2,136812
5,136812
2,136828
2,136835
5,136841
3,136846
3,136856
5,136873
2,136884
5,136884
2,136891
2,136903
2,136914
2,136928
2,136936
2,136958
2,136961
2,136971
5,136972
3,137007
2,137030
2,137034
3,137055
2,137056
2,137066
2,137070
2,137071
2,137075
3,137077
2,137080
2,137083
2,137084
2,137088
2,137095
2,137100
2,137114
5,137116
2,137119
2,137140
2,137150
2,137171
2,137172
2,137182
2,137185
2,137186
3,137195
3,137197
2,137199
2,137204
2,137215
2,137217
2,137227
2,137232
2,137236
2,137238
2,137269
2,137270
2,137281
2,137282
5,137335
3,137350
2,137356
2,137357
2,137363
2,137365
2,137380
2,137381
2,137387
2,137400
2,137408
5,137408
2,137432
2,137456
2,137461
2,137464
2,137470
2,137513
2,137514
2,137531
2,137536
2,137543
2,137544
3,137546
3,137547
2,137549
2,137562
2,137573
2,137582
2,137602
3,137627
2,137638
2,137662
2,137711
3,137719
3,137722
2,137726
2,137731
2,137736
2,137739
2,137746
2,137755
3,137764
2,137768
2,137782
5,137782
2,137826
2,137839
2,137855
2,137882
2,137888
2,137889
2,137891
2,137894
2,137896
2,137899
3,137904
2,137911
3,137915
2,137918
2,137950
2,137953
2,137958
2,137960
2,137966
5,138014
2,138016
2,138020
2,138037
2,138040
2,138046
2,138053
5,138053
2,138056
2,138068
8,138082
5,138082
3,138088
2,138103
8,138104
2,138109
2,138128
2,138129
2,138147
2,138186
5,138188
2,138190
5,138190
2,138196
2,138207
5,138208
2,138211
2,138213
2,138214
2,138216
2,138229
2,138234
2,138265
2,138266
8,138266
2,138269
2,138289
8,138293
2,138297
2,138312
3,138315
2,138336
5,138338
2,138354
2,138358
2,138386
5,138386
8,138395
2,138425
3,138438
2,138459
2,138461
2,138467
2,138470
2,138476
2,138479
8,138479
2,138492
5,138492
2,138528
2,138539
2,138553
2,138569
2,138575
2,138585
2,138593
2,138594
2,138601
2,138603
2,138614
2,138629
2,138638
2,138640
2,138730
3,138737
5,138739
2,138741
5,138741
2,138747
2,138761
2,138768
2,138789
2,138812
2,138815
5,138815
2,138817
2,138821
2,138843
2,138848
5,138850
2,138860
5,138865
5,138872
2,138877
5,138880
2,138883
5,138890
2,138892
5,138892
5,138893
2,138897
5,138900
2,138920
2,138927
2,138948
2,138971
2,138973
2,138985
2,138994
3,139025
2,139038
5,139050
2,139053
2,139054
8,139117
2,139117
2,139138
5,139139
2,139151
5,139160
2,139161
5,139162
2,139167
2,139178
2,139188
2,139195
8,139201
2,139204
2,139206
2,139207
2,139213
2,139226
2,139230
2,139233
2,139237
2,139258
2,139267
2,139277
2,139278
3,139296
2,139312
2,139321
2,139342
2,139353
2,139362
2,139364
2,139371
2,139372
2,139377
8,139377
2,139380
2,139389
3,139405
2,139409
2,139415
2,139429
2,139440
2,139443
2,139452
2,139453
3,139470
2,139471
2,139472
3,139475
2,139477
8,139478
2,139483
2,139490
5,139490
2,139509
2,139510
3,139531
2,139536
2,139537
2,139541
2,139552
2,139559
2,139618
2,139621
2,139629
2,139631
2,139639
5,139640
2,139653
2,139659
3,139677
5,139678
2,139683
2,139685
3,139702
2,139704
2,139714
2,139718
2,139719
2,139726
2,139728
2,139773
2,139776
2,139809
2,139819
3,139837
2,139846
2,139849
2,139869
3,139875
2,139883
8,139908
2,139909
3,139914
2,139915
5,139922
2,139924
2,139936
2,139947
2,139951
2,139963
2,139965
5,139988
2,139996
2,140001
2,140005
2,140012
3,140028
2,140034
8,140034
3,140038
2,140043
5,140051
2,140055
5,140061
2,140079
2,140086
3,140088
2,140089
2,140106
2,140130
2,140166
5,140177
2,140182
3,140195
2,140196
2,140201
2,140205
5,140206
2,140209
2,140210
2,140218
2,140224
3,140232
3,140233
2,140242
2,140245
2,140263
3,140282
3,140300
2,140316
2,140323
2,140340
5,140349
2,140375
3,140377
2,140381
2,140382
5,140401
2,140414
5,140415
2,140418
2,140448
3,140460
2,140465
2,140477
2,140483
2,140486
3,140496
2,140498
2,140503
2,140505
2,140515
3,140525
2,140532
8,140535
2,140537
2,140540
8,140541
8,140542
2,140547
2,140555
8,140557
5,140557
2,140563
2,140568
2,140569
2,140575
5,140577
5,140582
8,140598
3,140611
3,140631
2,140640
8,140640
3,140685
2,140686
2,140702
2,140735
3,140739
5,140744
2,140746
8,140758
5,140766
3,140823
2,140825
2,140836
2,140842
3,140847
2,140861
5,140861
5,140866
2,140869
2,140870
5,140893
2,140944
3,140949
2,140974
2,140981
2,140992
5,141023
8,141036
2,141062
2,141064
2,141066
2,141071
2,141075
3,141081
2,141084
2,141091
2,141094
3,141096
2,141119
2,141135
2,141153
2,141154
5,141185
2,141209
2,141217
3,141223
2,141224
2,141236
2,141238
3,141242
2,141248
2,141260
2,141263
8,141267
3,141277
3,141298
2,141305
2,141307
5,141307
2,141309
3,141315
5,141318
5,141332
2,141335
2,141336
2,141348
8,141353
5,141353
2,141360
5,141360
2,141370
2,141381
2,141383
2,141391
2,141392
3,141402
2,141407
2,141411
2,141417
8,141420
2,141420
2,141427
2,141432
5,141435
2,141440
2,141445
2,141454
2,141455
2,141473
2,141474
5,141477
8,141484
2,141496
8,141500
5,141503
5,141513
2,141523
2,141524
2,141526
2,141528
2,141530
2,141533
2,141534
8,141539
2,141541
2,141544
3,141572
2,141577
2,141583
5,141583
2,141584
2,141601
2,141602
2,141604
2,141605
2,141606
3,141611
2,141626
8,141632
8,141634
2,141634
5,141637
2,141645
2,141646
3,141650
2,141662
2,141669
2,141671
5,141671
3,141672
2,141678
5,141680
2,141681
5,141681
2,141695
2,141702
8,141703
2,141711
5,141758
9,141767
2,141775
2,141802
2,141811
2,141813
2,141814
2,141825
2,141828
3,141836
2,141838
3,141839
2,141853
2,141854
2,141858
5,141860
2,141875
2,141877
2,141915
2,141917
2,141924
2,141925
2,141926
2,141931
3,141934
3,141949
2,141951
2,141954
3,141960
2,141969
2,141972
2,141975
5,142020
2,142024
2,142028
2,142031
2,142038
2,142053
2,142065
2,142080
2,142082
3,142083
3,142084
2,142095
2,142104
2,142118
2,142121
5,142138
5,142144
2,142154
2,142165
2,142171
5,142059
2,142179
2,142180
2,142187
2,142192
2,142201
2,142205
2,142209
2,142222
2,142273
2,142278
2,142283
2,142290
2,142292
2,142294
2,142338
5,142369
5,142373
2,142377
2,142396
3,142415
3,142421
2,142443
5,142452
8,142457
2,142479
8,142479
3,142490
5,142499
2,142502
2,142503
5,142515
2,142524
5,142528
2,142535
2,142542
2,142546
2,142549
5,142550
3,142553
2,142554
3,142559
2,142564
2,142576
2,142577
5,142594
8,142595
5,142623
2,142631
3,142634
2,142643
3,142646
3,142647
2,142657
2,142676
2,142684
5,142684
2,142709
2,142717
5,142720
2,142724
5,142738
2,142753
3,142764
2,142772
8,142772
2,142773
3,142775
3,142786
2,142798
2,142801
5,142814
2,142824
5,142833
2,142835
5,142853
2,142867
2,142868
5,142872
5,142873
2,142899
3,142911
3,142912
3,142913
2,142914
2,142931
2,142932
2,142935
2,142941
3,142942
2,142944
2,142950
2,142952
2,142960
2,142982
2,142986
5,142988
2,142993
2,143019
5,143019
2,143053
5,143053
2,143055
2,143084
2,143085
2,143091
5,143099
3,143103
2,143106
3,143114
2,143117
2,143118
2,143120
2,143121
3,143128
2,143137
2,143149
2,143154
5,143188
2,143204
2,143214
5,143214
3,143215
2,143227
2,143240
8,143242
5,143242
5,143246
2,143260
2,143264
2,143267
2,143270
2,143278
5,143278
3,143287
3,143299
5,143299
2,143304
5,143304
5,143308
2,143312
2,143340
5,143340
2,143348
5,143357
2,143361
2,143363
2,143364
2,143367
3,143396
5,143396
2,143398
5,143398
5,143402
8,143417
5,143422
5,143426
5,143431
2,143436
2,143437
2,143446
2,143457
2,143466
3,143467
3,143477
2,143478
2,143482
5,143487
2,143488
2,143492
8,143495
2,143499
2,143509
2,143519
8,143519
8,143533
5,143533
2,143534
2,143550
2,143559
2,143560
2,143562
2,143582
5,143588
8,143599
2,143605
2,143606
5,143606
2,143607
5,143607
8,143611
5,143612
8,143625
8,143631
2,143638
2,143650
2,143651
5,143698
2,143699
2,143703
2,143712
8,143712
2,143713
5,143713
2,143733
5,143733
3,143743
2,143748
2,143751
2,143757
8,143759
5,143760
2,143761
5,143761
2,143763
2,143776
5,143776
5,143777
8,143783
2,143799
2,143802
2,143809
5,143809
2,143810
5,143810
2,143833
2,143834
5,143844
5,143849
2,143853
2,143857
2,143867
2,143873
2,143875
5,143876
2,143879
5,143879
5,143880
2,143884
8,143891
5,143904
8,143904
2,143907
5,143907
2,143918
2,143925
3,143927
3,143938
5,143939
2,143955
2,143958
5,143962
3,143965
2,143972
5,144002
5,144013
2,144017
2,144029
2,144032
5,144036
2,144038
2,144039
2,144041
5,144041
2,144046
5,144060
2,144070
2,144078
2,144088
2,144089
2,144092
5,144092
2,144099
5,144103
3,144107
2,144109
5,144122
2,144133
8,144160
2,144163
3,144171
2,144172
2,144177
2,144195
2,144203
2,144211
5,144214
5,144219
5,144231
5,144232
2,144237
2,144243
2,144252
5,144252
5,144260
5,144267
2,144267
2,144270
3,144273
5,144275
2,144275
2,144276
2,144287
5,144312
2,144313
5,144315
2,144321
2,144325
2,144338
3,144346
2,144350
3,144356
5,144356
5,144358
2,144390
2,144391
2,144398
5,144398
5,144400
5,144404
5,144405
2,144410
2,144423
5,144423
3,144429
3,144431
2,144432
2,144454
2,144460
2,144476
2,144484
5,144484
5,144487
2,144489
5,144491
2,144497
2,144514
2,144519
2,144521
2,144555
5,144555
2,144556
5,144556
2,144557
5,144557
5,144576
2,144594
2,144606
2,144607
5,144624
2,144631
2,144647
2,144653
2,144654
8,144654
5,144655
2,144657
8,144657
2,144659
2,144660
2,144664
5,144664
2,144684
5,144685
2,144690
8,144690
5,144695
2,144695
2,144699
2,144701
2,144710
2,144734
2,144738
5,144781
8,144781
2,144785
2,144788
2,144794
3,144799
8,144802
2,144805
5,144805
2,144811
5,144811
5,144817
5,144822
5,144824
2,144827
5,144837
5,144843
2,144847
8,144847
5,144848
5,144849
3,144849
2,144851
2,144854
5,144854
3,144856
2,144859
8,144864
2,144865
2,144877
2,144879
8,144884
5,144884
2,144902
8,144902
2,144904
2,144905
2,144914
5,144914
2,144915
5,144915
2,144917
5,144936
8,144938
5,144941
2,144952
5,144952
2,144964
5,144970
2,144986
2,145017
5,145026
5,145027
5,145028
2,145042
2,145052
5,145063
2,145072
2,145073
5,145073
2,145081
2,145086
5,145094
2,145094
5,145126
5,145148
2,145168
2,145171
3,145185
2,145186
2,145198
2,145228
2,145263
3,145269
2,145303
2,145306
5,145306
5,145316
2,145360
2,145368
2,145370
2,145371
2,145376
2,145380
2,145392
2,145408
2,145417
3,145418
2,145422
2,145436
2,145447
2,145449
5,145455
2,145456
2,145458
2,145474
5,145486
2,145495
5,145495
2,145510
2,145520
2,145533
3,145545
5,145555
2,145563
2,145615
2,145627
2,145631
2,145634
2,145645
2,145651
5,145651
5,145653
2,145653
2,145657
2,145671
2,145676
2,145686
2,145694
2,145695
5,145705
8,145705
2,145712
5,145714
5,145715
5,145726
2,145728
2,145739
5,145748
5,145751
5,145759
5,145760
2,145765
2,145767
5,145767
3,145770
5,145776
8,145788
2,145805
5,145816
5,145822
2,145826
5,145826
2,145851
5,145851
2,145854
2,145857
2,145858
2,145864
8,145869
5,145872
8,145874
5,145877
2,145877
5,145895
2,145896
8,145896
2,145898
8,145898
2,145906
8,145910
5,145910
5,145948
5,145955
2,145962
5,145968
5,145987
2,145995
5,145996
2,145996
3,146006
2,146018
2,146019
5,146019
2,146033
2,146048
2,146060
5,146063
2,146085
5,146089
5,146100
2,146107
5,146111
2,146112
5,146115
2,146121
2,146122
2,146142
8,146161
5,146161
2,146166
5,146166
2,146172
2,146175
2,146188
2,146205
2,146225
5,146243
5,146276
2,146294
2,146296
5,146296
2,146297
2,146299
5,146299
2,146302
5,146305
2,146319
3,146321
2,146326
2,146340
5,146343
2,146354
5,146397
2,146406
2,146407
2,146433
2,146439
3,146455
2,146460
2,146462
5,146463
5,146470
2,146474
2,146485
2,146487
2,146507
5,146534
2,146538
5,146557
5,146558
2,146574
2,146575
5,146581
2,146584
2,146588
2,146593
5,146593
2,146617
5,146617
2,146620
5,146620
2,146627
2,146635
5,146635
8,146635
2,146651
2,146652
2,146661
5,146661
2,146675
3,146681
3,146684
2,146686
2,146702
3,146715
5,146722
2,146722
5,146729
2,146563
2,146737
5,146741
2,146741
2,146753
5,146761
8,146767
2,146797
2,146814
2,146822
2,146843
2,146848
2,146855
3,146856
2,146863
3,146865
2,146875
2,146877
2,146890
2,146891
3,146895
3,146900
2,146903
5,146924
2,146954
5,146960
2,146973
2,146976
2,146977
8,146977
2,146979
5,146979
2,146989
8,146989
5,146992
2,146997
2,146999
2,147001
5,147002
8,147003
8,147004
2,147011
2,147012
2,147013
2,147025
5,147025
5,147028
2,147029
2,147057
8,147057
8,147074
2,147079
2,147081
2,147087
2,147088
3,147090
2,147098
2,147115
5,147115
2,147121
2,147123
2,147142
2,147157
8,147166
2,147184
2,147199
3,147208
2,147209
2,147216
2,147240
2,147241
2,147247
2,147264
2,147267
2,147283
2,147288
2,147320
2,147323
2,147340
2,147341
2,147343
2,147348
5,147352
2,147353
2,147358
2,147360
2,147368
2,147374
5,147390
2,147396
3,147399
2,147414
2,147420
5,147427
8,147427
2,147439
2,147452
8,147456
2,147480
2,147481
2,147485
2,147486
2,147488
5,147488
8,147488
2,147507
2,147509
5,147509
2,147518
3,147520
2,147527
2,147557
2,147578
2,147593
2,147635
2,147637
2,147655
2,147657
2,147658
2,147662
3,147673
3,147675
2,147678
2,147679
2,147685
2,147701
2,147704
2,147716
2,147743
5,147773
2,147815
5,147830
3,147830
2,147841
2,147847
5,147863
2,147864
3,147886
5,147888
2,147893
2,147913
2,147914
2,147917
2,147919
2,147921
2,147934
5,147938
2,147974
2,147975
5,147982
2,147984
2,147999
5,148000
2,148003
2,148012
8,148020
2,148021
2,148032
2,148050
5,148079
2,148081
2,148102
2,148106
2,148125
5,148134
2,148139
3,148141
2,148151
8,148153
2,148170
5,148170
2,148172
3,148173
2,148176
3,148178
5,148187
2,148190
8,148190
5,148204
5,148205
2,148209
5,148209
5,148223
5,148239
5,148241
2,148246
5,148248
8,148258
5,148258
2,148260
2,148261
5,148261
3,148291
5,148308
2,148311
2,148314
2,148318
2,148319
5,148319
8,148325
5,148342
2,148343
5,148344
5,148351
2,148360
2,148374
2,148376
5,148398
2,148400
5,148401
5,148411
2,148412
2,148423
2,148437
5,148439
5,148464
2,148467
5,148467
2,148470
5,148470
2,148479
2,148495
2,148496
5,148502
2,148523
2,148535
3,148555
2,148565
2,148569
2,148574
5,148576
2,148587
3,148592
2,148631
8,148645
5,148645
2,148650
5,148651
5,148662
5,148663
5,148664
5,148665
2,148668
2,148715
2,148723
5,148723
5,148734
2,148742
5,148745
2,148745
5,148749
5,148753
5,148757
2,148761
5,148761
5,148768
2,148769
5,148770
2,148771
5,148773
5,148774
5,148780
2,148788
5,148795
2,148799
5,148813
2,148821
2,148828
5,148828
5,148848
2,148858
2,148873
2,148875
2,148884
2,148887
5,148890
5,148897
5,148898
2,148905
5,148905
5,148907
2,148919
8,148919
5,148919
2,148922
3,148931
8,148939
5,148956
2,148960
2,148964
5,148964
5,148971
2,148981
2,148984
2,148986
5,148992
2,148994
2,148995
5,148995
5,148997
2,149001
2,149012
3,149014
5,149014
2,149018
2,149019
5,149028
2,149032
2,149051
2,149066
2,149067
2,149071
2,149082
2,149087
8,149091
8,149107
2,149113
2,149120
5,149120
2,149122
8,149132
5,149133
2,149133
5,149135
2,149140
8,149140
3,149141
3,149142
2,149146
5,149159
5,149161
5,149167
5,149169
2,149174
5,149176
5,149195
8,149208
2,149214
8,149223
2,149224
5,149225
5,149226
2,149228
8,149228
2,149233
5,149233
5,149242
2,149256
2,149270
5,149289
5,149290
5,149293
2,149303
8,149303
2,149304
2,149307
2,149317
5,149321
2,149335
5,149335
5,149337
5,149345
5,149354
8,149354
2,149364
8,149364
5,149365
8,149365
5,149371
2,149391
5,149418
5,149420
5,149436
5,149440
2,149444
2,149451
8,149453
2,149466
2,149472
5,149484
2,149484
5,149502
2,149510
8,149516
2,149518
5,149518
2,149519
5,149527
5,149528
5,149530
2,149547
2,149562
5,149569
2,149576
5,149581
5,149586
2,149597
5,149601
2,149606
5,149615
2,149632
5,149632
5,149635
2,149636
2,149647
5,149656
2,149660
2,149668
2,149673
2,149675
2,149717
8,149717
2,149731
3,149740
2,149746
2,149759
2,149764
2,149782
2,149801
2,149806
2,149807
3,149810
2,149823
2,149828
2,149833
3,149837
2,149861
3,149863
2,149868
2,149871
2,149881
2,149886
2,149887
2,149893
2,149902
5,149917
2,149923
2,149928
5,149950
5,149951
2,149969
2,149976
3,149977
2,149983
2,149984
5,149993
2,150011
5,150011
5,150028
5,150035
2,150050
2,150051
5,150051
2,150052
5,150060
2,150063
2,150066
5,150066
2,150078
2,150081
2,150086
5,150086
5,150095
2,150104
5,150105
5,150140
2,150143
5,150153
5,150158
2,150163
5,150177
2,150182
5,150182
8,150182
5,150184
2,150185
8,150205
2,150215
2,150218
8,150218
2,150223
2,150243
5,150243
2,150249
2,150251
5,150251
2,150252
2,150253
2,150257
2,150275
2,150299
2,150360
2,150365
8,150365
8,150367
5,150367
2,150391
8,150391
5,150392
5,150399
2,150400
5,150408
2,150420
5,150428
2,150449
2,150451
5,150451
5,150453
2,150455
5,150458
5,150471
5,150478
5,150482
8,150482
8,150484
8,150487
5,150499
2,150503
2,150508
2,150524
2,150526
2,150527
3,150528
2,150540
5,150555
5,150561
2,150568
2,150585
5,150585
2,150597
5,150616
2,150617
5,150619
5,150622
2,150645
5,150645
5,150647
2,150647
5,150654
2,150670
5,150670
2,150675
2,150676
5,150676
2,150688
8,150688
2,150703
5,150703
2,150720
5,150723
2,150745
8,150745
5,150748
5,150752
2,150760
2,150779
2,150787
5,150787
3,150788
5,150788
2,150791
2,150799
2,150826
5,150828
2,150833
2,150870
5,150870
5,150878
2,150882
5,150882
2,150888
5,150888
2,150916
5,150916
5,150925
2,150928
8,150928
2,150942
5,150942
2,150954
5,150963
2,150990
5,150991
2,151000
2,151007
2,151008
2,151014
2,151067
5,151069
2,151073
5,151080
3,151095
2,151104
2,151105
2,151110
2,151113
2,151117
2,151167
2,151172
2,151175
2,151190
2,151191
8,151201
5,151204
2,151219
2,151227
5,151238
2,151246
5,151251
2,151266
5,151266
2,151277
5,151277
5,151284
2,151294
5,151298
2,151299
2,151300
2,151304
2,151305
2,151320
5,151326
5,151339
2,151358
5,151358
2,151362
5,151362
5,151366
5,151394
2,151403
2,151413
2,151430
8,151431
8,151440
8,151443
2,151446
2,151465
2,151469
5,151469
2,151476
8,151476
5,151483
2,151487
2,151515
2,151549
2,151550
2,151552
2,151557
2,151567
5,151567
8,151597
8,151596
8,151605
2,151606
2,151609
2,151623
8,151623
5,151631
2,151646
2,151665
3,151667
5,151668
8,151668
2,151670
2,151683
2,151684
2,151691
5,151694
2,151700
5,151700
2,151723
8,151723
2,151732
8,151732
5,151732
2,151735
8,151736
5,151760
2,151763
5,151763
2,151768
5,151768
2,151771
2,151789
2,151802
5,151807
5,151808
2,151829
8,151830
2,151835
5,151835
2,151837
8,151837
2,151840
2,151845
8,151845
2,151859
5,151859
5,151896
2,151926
2,151938
2,151939
8,151939
2,151944
2,151948
5,151954
2,151955
2,151965
2,151967
2,151969
2,151975
2,151981
5,151981
2,151982
2,151985
5,151987
2,152000
2,152007
5,152028
5,152029
2,152046
8,152046
2,152052
2,152058
2,152062
5,152068
2,152075
2,152082
2,152086
2,152091
3,152092
2,152100
2,152112
5,152114
2,152131
5,152131
2,152160
5,152160
2,152169
2,152171
2,152190
3,152192
2,152203
2,152215
2,152248
8,152248
2,152255
2,152274
2,152276
2,152281
3,152287
2,152293
2,152302
2,152308
2,152320
5,152320
5,152332
2,152334
2,152363
2,152366
5,152366
2,152375
2,152392
5,152398
3,152413
2,152425
5,152425
3,152430
2,152433
2,152486
2,152494
2,152520
2,152539
8,152539
2,152568
2,152578
3,152579
3,152584
3,152588
8,152593
5,152596
2,152614
5,152620
2,152626
3,152628
2,152643
2,152667
5,152679
5,152683
5,152684
5,152686
3,152703
3,152704
2,152711
2,152739
8,152743
5,152755
5,152757
2,152772
5,152772
5,152819
5,152824
2,152828
8,152828
5,152829
5,152831
5,152846
5,152859
2,152879
3,152899
2,152902
2,152904
5,152909
3,152925
2,152985
2,152994
5,152998
2,153003
8,153003
5,153009
5,153014
5,153021
5,153022
2,153037
5,153037
5,153067
3,153071
2,153083
2,153091
2,153123
2,153159
2,153169
2,153174
2,153183
3,153187
2,153217
2,153226
2,153234
2,153248
5,153282
5,153296
2,153303
2,153305
5,153314
2,153323
3,153336
2,153338
5,153338
5,153345
2,153346
8,153346
2,153349
2,153356
5,153356
2,153357
5,153380
5,153390
8,153393
5,153393
2,153398
5,153398
5,153399
2,153417
2,153442
2,153460
2,153496
2,153498
8,153498
8,153499
3,153503
2,153506
2,153507
2,153535
5,153535
2,153544
5,153544
2,153555
3,153556
5,153556
2,153558
2,153560
8,153560
8,153583
5,153583
2,153584
2,153592
3,153593
5,153612
2,153616
5,153632
3,153640
5,153655
2,153681
3,153682
8,153682
2,153683
2,153693
5,153710
8,153710
5,153718
2,153734
2,153740
2,153748
2,153780
8,153780
5,153798
2,153799
2,153805
2,153812
3,153813
2,153824
5,153824
2,153829
2,153830
5,153833
5,153834
2,153835
2,153839
8,153839
5,153842
2,153893
2,153902
2,153926
2,153943
2,153955
2,153966
5,153967
5,153968
2,153976
2,153979
5,153979
5,153985
2,154019
2,154030
2,154042
2,154043
8,154045
3,154048
2,154050
5,154051
2,154051
8,154055
5,154057
2,154060
5,154075
5,154079
5,154108
2,154114
2,154117
5,154135
2,154169
2,154171
5,154171
2,154173
2,154179
3,154190
2,154201
5,154201
2,154205
2,154208
5,154217
2,154220
2,154223
2,154227
5,154233
3,154233
2,154241
2,154272
2,154300
2,154314
2,154328
2,154346
2,154348
2,154349
5,154349
3,154353
2,154360
2,154371
2,154389
2,154409
3,154425
5,154439
2,154469
5,154484
8,154486
2,154490
5,154490
5,154509
5,154515
2,154519
2,154528
2,154536
2,154544
2,154546
2,154579
2,154584
2,154586
2,154599
2,154603
2,154624
2,154670
5,154670
2,154675
5,154679
2,154681
2,154689
5,154691
8,154703
2,154719
5,154771
2,154774
2,154790
5,154813
2,154815
5,154822
2,154827
5,154833
5,154845
2,154846
2,154870
3,154883
5,154889
2,154900
5,154900
5,154901
3,154914
2,154919
8,154919
2,154937
5,154939
2,154953
5,154953
2,154954
2,154968
2,154999
5,154999
2,155013
5,155018
5,155035
2,155037
8,155038
8,155039
2,155040
2,155047
5,155050
2,155053
2,155056
5,155056
2,155079
2,155080
2,155106
2,155149
2,155160
2,155167
2,155181
2,155187
2,155189
2,155198
3,155207
3,155232
2,155239
2,155241
2,155243
2,155254
2,155265
2,155287
2,155320
2,155330
2,155334
2,155335
2,155345
2,155358
2,155364
2,155374
2,155380
3,155384
2,155413
3,155415
2,155435
3,155457
8,155457
2,155471
2,155504
2,155530
2,155543
2,155550
3,155560
2,155561
2,155566
2,155569
2,155599
2,155623
2,155632
8,155632
3,155634
2,155636
8,155636
2,155654
8,155655
8,155657
2,155664
2,155667
5,155674
2,155681
5,155694
8,155703
2,155712
2,155716
5,155716
3,155723
8,155723
2,155726
5,155726
2,155741
2,155763
3,155782
5,155782
2,155783
5,155788
2,155803
2,155806
5,155806
2,155807
5,155812
5,155813
8,155817
2,155824
5,155831
2,155832
2,155842
2,155845
5,155857
8,155862
8,155863
5,155870
2,155872
8,155874
2,155876
5,155879
8,155879
2,155881
8,155896
5,155896
2,155913
2,155915
5,155915
8,155917
5,155933
5,155934
2,155935
2,155945
5,155949
2,155954
5,155954
3,155992
8,155993
5,155994
5,155998
8,156005
2,156006
5,156011
3,156014
3,156015
3,156020
2,156024
2,156030
5,156035
2,156040
2,156044
2,156062
2,156068
8,156068
2,156072
2,156073
5,156073
2,156117
2,156118
5,156118
5,156128
2,156129
8,156151
2,156156
3,156160
2,156169
2,156176
8,156190
2,156210
2,156218
2,156221
2,156234
2,156272
2,156274
2,156280
5,156282
2,156300
2,156307
8,156307
2,156319
2,156374
2,156376
2,156377
8,156386
2,156398
2,156416
3,156420
8,156420
2,156440
2,156443
2,156446
2,156486
5,156497
5,156507
5,156508
8,156509
2,156514
2,156520
2,156530
2,156545
3,156553
2,156556
2,156568
5,156568
5,156570
2,156571
5,156571
2,156588
5,156589
5,156605
3,156605
3,156628
5,156631
2,156647
8,156657
2,156668
5,156674
8,156690
2,156692
3,156692
2,156701
2,156713
2,156718
2,156724
8,156724
2,156735
5,156736
5,156751
5,156754
2,156756
5,156763
2,156764
2,156765
5,156775
5,156784
2,156801
5,156801
2,156817
5,156817
5,156822
2,156841
2,156855
2,156868
2,156874
8,156874
8,156892
2,156897
2,156898
5,156898
5,156899
8,156901
3,156904
5,156906
2,156907
2,156910
5,156912
3,156913
5,156913
2,156915
2,156916
3,156923
8,156924
2,156929
5,156929
3,156932
2,156933
5,156937
3,156939
5,156940
2,156942
5,156942
5,156955
2,156959
5,156989
2,156991
2,157005
3,157008
2,157009
5,157013
5,157016
3,157016
5,157029
5,157030
2,157036
5,157041
5,157061
2,157062
5,157063
2,157070
2,157080
2,157097
2,157102
2,157112
2,157119
8,157119
2,157126
2,157129
2,157134
2,157140
2,157152
2,157154
5,157160
2,157166
2,157168
2,157180
2,157185
2,157200
2,157201
8,157207
2,157214
2,157224
2,157251
2,157252
2,157259
2,157261
5,157271
5,157275
2,157278
2,157284
5,157296
5,157305
5,157306
5,157308
5,157327
2,157334
8,157337
5,157340
2,157346
2,157347
5,157352
3,157352
2,157357
2,157370
5,157377
2,157385
5,157388
2,157389
3,157407
2,157419
5,157419
2,157444
5,157444
8,157465
2,157470
3,157503
2,157520
2,157521
2,157523
2,157524
2,157534
3,157538
5,157545
9,157549
8,157549
2,157554
2,157568
2,157575
2,157585
3,157601
2,157605
5,157617
8,157623
3,157623
5,157624
5,157644
2,157666
2,157725
3,157730
5,157743
2,157751
5,157769
2,157782
2,157785
2,157786
3,157823
8,157823
2,157827
2,157829
5,157829
2,157837
2,157844
8,157844
8,157849
2,157852
8,157852
5,157858
8,157859
2,157866
2,157868
8,157878
8,157879
2,157891
8,157896
3,157900
2,157901
8,157901
5,157902
3,157908
5,157910
5,157911
2,157926
2,157930
2,157931
2,157935
2,157944
2,157950
3,157956
2,157964
3,157977
2,157978
3,157988
8,157988
2,157990
5,157996
8,157996
2,158003
3,158016
8,158016
2,158017
5,158019
5,158024
2,158030
5,158030
5,158033
2,158036
5,158039
5,158040
5,158055
8,158064
2,158065
2,158066
5,158070
8,158072
5,158074
5,158078
8,158078
2,158120
2,158149
2,158167
8,158174
5,158174
5,158175
5,158177
5,158179
5,158181
8,158193
5,158207
2,158208
8,158208
5,158217
3,158229
2,158240
5,158245
2,158271
2,158275
5,158281
2,158284
5,158286
2,158297
2,158299
5,158319
5,158321
2,158330
2,158341
5,158341
5,158342
3,158352
2,158376
5,158378
2,158393
5,158403
2,158430
2,158439
5,158450
5,158457
2,158460
2,158515
8,158525
2,158550
2,158560
2,158562
2,158572
2,158573
2,158589
2,158595
5,158607
3,158608
3,158611
5,158645
5,158706
2,158717
2,158719
2,158724
5,158724
2,158727
2,158737
2,158758
2,158770
2,158774
2,158801
3,158816
2,158889
2,158892
2,158898
5,158898
3,158922
2,158944
8,158944
8,158946
5,158965
2,158976
2,158991
5,158992
8,158992
8,158993
5,158993
2,158994
8,158994
5,158998
5,159000
5,159017
2,159017
8,159020
2,159027
3,159032
2,158995
2,159060
8,159067
3,159070
8,159075
2,159082
5,159092
2,159093
3,159096
5,159096
5,159109
2,159112
5,159112
8,159135
3,159142
3,159146
5,159147
5,159177
5,159197
5,159210
5,159211
2,159217
5,159225
8,159225
2,159235
5,159249
5,159266
8,159266
5,159286
2,159288
8,159291
2,159311
2,159313
2,159314
2,159320
2,159326
3,159334
2,159336
5,159336
2,159341
2,159346
2,159348
5,159353
3,159405
5,159417
2,159429
2,159430
5,159447
5,159448
2,159449
2,159458
2,159470
5,159471
2,159481
5,159481
2,159482
5,159513
8,159514
2,159523
2,159525
5,159528
5,159530
3,159536
5,159536
2,159552
2,159562
8,159590
5,159590
8,159597
5,159597
2,159599
5,159600
2,159610
2,159611
5,159616
2,159645
2,159646
2,159648
2,159665
2,159674
8,159681
5,159719
5,159731
5,159752
5,159764
2,159765
2,159775
3,159785
5,159786
5,159797
5,159799
2,159799
2,159804
2,159822
2,159829
3,159841
2,159845
5,159903
2,159906
2,159917
2,159926
5,159929
5,159932
2,159946
5,159946
2,159968
8,159972
2,159976
5,159991
5,160003
2,160004
3,160008
2,160011
2,160015
2,160020
2,160026
2,160037
2,160042
2,160054
8,160057
2,160066
2,160068
2,160070
5,160073
5,160076
3,160080
5,160082
8,160092
5,160096
5,160101
2,160104
5,160105
5,160119
5,160120
8,160123
2,160125
5,160132
2,160139
2,160141
2,160166
5,160166
2,160168
2,160172
2,160188
8,160188
2,160189
2,160203
2,160206
5,160206
2,160211
5,160211
5,160233
5,160252
2,160267
2,160297
3,160323
2,160331
8,160332
2,160338
2,160347
5,160347
5,160382
2,160396
2,160403
8,160404
2,160450
2,160458
2,160464
8,160464
3,160470
5,160486
2,160487
3,160491
5,160491
5,160492
2,160573
2,160586
2,160593
3,160599
2,160618
2,160645
2,160671
5,160671
2,160682
2,160694
2,160698
5,160715
2,160721
2,160785
5,160805
5,160813
2,160824
2,160868
5,160868
5,160873
2,160883
2,160889
5,160889
5,160908
2,160912
3,160920
2,160921
8,160924
2,160936
2,160945
2,160950
8,160950
2,160965
8,160978
2,160983
5,160983
2,160991
2,160992
8,160999
5,160999
5,161024
5,161025
2,161031
2,161036
2,161040
5,161040
5,161044
2,161067
5,161070
5,161073
2,161081
2,161085
8,161110
5,161126
2,161131
5,161131
2,161137
2,161148
5,161151
5,161167
3,161167
2,161186
2,161187
2,161225
5,161242
2,161244
5,161244
2,161246
3,161250
5,161252
2,161252
2,161264
5,161277
3,161286
5,161303
2,161369
5,161369
2,161395
2,161401
2,161415
5,161424
2,161429
2,161430
5,161433
2,161446
2,161450
5,161458
2,161463
2,161516
3,161520
5,161548
2,161551
2,161552
8,161556
2,161557
2,161559
8,161559
3,161569
2,161572
2,161573
2,161586
2,161622
5,161622
2,161639
5,161679
5,161680
3,161681
2,161692
2,161699
2,161714
2,161721
5,161721
2,161739
2,161752
3,161753
5,161763
2,161779
5,161779
5,161785
2,161796
2,161824
2,161829
3,161841
5,161855
2,161860
5,161862
2,161870
2,161886
2,161896
2,161918
2,161953
2,161975
5,161983
5,161997
2,162005
5,162005
2,162015
2,162017
2,162019
5,162019
5,162039
5,162057
5,162058
2,162088
2,162093
2,162099
8,162107
2,162111
2,162113
2,162124
2,162122
3,162131
5,162141
2,162153
2,162156
5,162156
2,162159
3,162170
2,162175
5,162175
5,162199
2,162220
3,162225
2,162235
2,162246
2,162255
2,162282
2,162305
2,162332
5,162335
5,162342
2,162350
2,162374
2,162378
3,162390
5,162394
5,162420
2,162424
5,162429
2,162449
2,162452
2,162457
2,162473
5,162473
2,162476
5,162476
2,162480
2,162508
2,162519
5,162519
2,162545
2,162547
2,162549
2,162552
2,162559
5,162570
2,162572
2,162575
5,162577
2,162595
2,162617
2,162633
2,162636
2,162655
2,162667
2,162668
2,162673
2,162676
2,162684
2,162725
8,162725
2,162734
2,162763
2,162778
2,162811
2,162838
2,162860
2,162861
5,162861
2,162868
2,162920
2,162921
2,162929
2,162934
2,162966
2,162970
2,162977
5,162978
5,162985
2,162987
2,163000
3,163011
2,163020
5,163042
8,163043
2,163047
5,163096
5,163097
5,163107
8,163107
2,163110
5,163128
5,163137
3,163141
2,163147
5,163147
2,163172
3,163191
5,163202
2,163204
2,163206
2,163212
2,163225
5,163225
8,163232
5,163247
2,163252
5,163252
2,163265
2,163285
5,163287
2,163287
2,163296
2,163348
2,163387
2,163395
3,163411
2,163419
2,163426
5,163480
5,163481
2,163482
5,163491
2,163493
2,163507
2,163523
2,163530
2,163555
2,163590
5,163591
2,163595
5,163595
2,163616
2,163653
2,163684
2,163685
8,163690
2,163692
2,163706
2,163709
8,163752
2,163767
5,163767
5,163803
2,163804
2,163806
2,163820
2,163831
8,163831
5,163844
8,163844
8,163850
8,163857
5,163860
5,163864
2,163865
2,163870
8,163870
2,163874
2,163876
3,163889
2,163890
2,163891
2,163905
2,163907
2,163913
2,163928
2,163932
2,163946
2,163947
2,163952
2,163957
2,163981
2,163982
8,163991
2,163992
2,164017
2,163991
2,164042
5,164043
2,164046
2,164052
2,164066
2,164076
2,164126
2,164137
2,164139
2,164145
5,164146
2,164161
2,164163
2,164169
2,164196
2,164218
2,164232
2,164255
5,164269
2,164279
2,164285
8,164309
2,164312
2,164320
3,164321
2,164323
2,164340
3,164356
2,164432
2,164439
2,164450
2,164459
5,164462
2,164473
2,164484
2,164486
2,164533
2,164537
2,164548
2,164549
5,164561
2,164578
2,164591
8,164592
5,164593
5,164595
2,164604
3,164607
5,164614
2,164622
8,164622
5,164625
2,164630
2,164637
5,164637
7,164639
8,164644
2,164650
5,164650
2,164651
2,164688
2,164712
2,164714
2,164720
8,164736
2,164740
2,164741
5,164742
2,164748
2,164760
2,164766
2,164778
2,164782
5,164792
2,164796
2,164800
5,164801
5,164802
8,164805
8,164806
2,164830
2,164838
5,164867
2,164876
2,164877
8,164877
2,164878
2,164879
5,164880
3,164888
2,164891
5,164891
2,164894
5,164926
2,164938
8,164955
5,164958
5,164965
3,164967
3,164969
2,164983
5,164983
3,164986
3,164997
2,165004
2,165016
8,165075
2,165086
2,165092
2,165093
5,165102
5,165122
2,165138
2,165156
3,165169
5,165169
2,165178
2,165192
5,165197
5,165227
2,165229
2,165232
2,165246
2,165249
2,165255
2,165259
2,165262
3,165289
2,165297
2,165326
2,165330
5,165356
2,165363
5,165368
5,165369
5,165372
2,165399
3,165400
2,165413
2,165417
5,165418
8,165418
5,165423
8,165423
2,165447
2,165455
2,165456
2,165463
3,165471
5,165480
2,165481
2,165484
3,165506
2,165520
2,165523
8,165571
5,165573
5,165587
2,165597
2,165625
5,165625
3,165632
3,165644
2,165651
2,165664
2,165666
3,165670
2,165677
5,165677
2,165681
2,165682
5,165682
2,165690
2,165697
5,165706
5,165709
5,165717
2,165718
5,165726
7,165727
5,165727
8,165729
2,165730
2,165731
5,165731
8,165737
5,165738
8,165750
2,165754
2,165779
2,165780
3,165783
2,165814
2,165815
5,165815
2,165823
2,165831
2,165837
2,165838
2,165839
5,165851
2,165856
2,165863
5,165867
3,165892
5,165922
2,165955
8,165956
5,165972
2,165978
5,165978
2,165979
2,165980
5,165983
2,165987
2,165993
5,166009
2,166012
5,166014
2,166019
2,166025
5,166043
2,166066
5,166104
5,166105
2,166106
5,166112
5,166117
2,166125
2,166155
2,166163
2,166166
2,166229
2,166232
2,166239
2,166240
3,166261
3,166267
2,166270
2,166319
2,166320
2,166337
2,166342
2,166344
2,166347
2,166366
2,166378
3,166405
2,166436
2,166451
5,166472
2,166479
5,166488
2,166496
2,166516
2,166517
2,166520
2,166526
5,166526
5,166531
2,166542
2,166543
2,166547
2,166559
5,166562
5,166566
3,166568
3,166571
2,166584
3,166589
5,166602
8,166602
2,166653
2,166669
2,166670
2,166676
2,166677
2,166691
2,166693
2,166704
3,166705
3,166709
2,166721
2,166722
2,166729
3,166740
2,166763
2,166774
5,166809
2,166813
3,166814
2,166815
2,166816
8,166827
2,166831
2,166833
5,166838
2,166838
8,166838
5,166864
5,166866
8,166876
2,166886
2,166887
2,166888
2,166890
2,166901
5,166907
2,166918
5,166918
2,166929
2,166931
5,166936
2,166962
5,166962
2,166978
2,167005
2,167014
2,167015
2,167022
2,167023
3,167027
2,167030
2,167034
2,167059
2,167060
2,167071
3,167078
3,167085
2,167090
2,167121
2,167125
2,167138
5,167138
5,167140
2,167141
2,167146
5,167168
2,167169
2,167179
2,167183
2,167187
2,167190
8,167190
5,167193
5,167196
5,167200
3,167203
3,167204
3,167205
2,167215
5,167227
2,167229
2,167234
5,167239
2,167242
2,167246
5,167246
3,167260
3,167282
2,167291
2,167297
2,167399
2,167410
2,167417
2,167425
2,167428
2,167432
2,167434
2,167438
2,167458
2,167495
2,167505
5,167505
2,167518
8,167518
3,167521
2,167525
2,167533
9,167535
2,167536
2,167540
2,167544
5,167549
3,167566
2,167614
5,167620
5,167624
5,167625
5,167626
2,167628
2,167629
2,167634
2,167641
5,167647
2,167669
5,167669
5,167709
2,167711
2,167733
2,167734
5,167741
2,167763
2,167764
2,167766
2,167767
5,167813
2,167814
2,167826
2,167830
5,167838
2,167839
2,167844
8,167844
2,167850
8,167850
2,167868
2,167888
3,167901
3,167904
2,167946
2,167948
2,167974
2,167975
3,167989
3,167990
2,167992
5,167992
2,167993
2,168003
2,168027
2,168036
2,168058
2,168068
2,168078
5,168086
2,168098
2,168110
2,168114
3,168116
5,168118
2,168120
3,168122
5,168130
2,168146
2,168178
2,168186
5,168228
2,168241
5,168241
2,168257
2,168262
2,168264
3,168265
2,168282
2,168289
2,168258
2,168299
2,168317
5,168327
2,168364
2,168367
5,168368
2,168379
5,168384
2,168399
2,168417
5,168417
3,168427
2,168429
2,168431
5,168434
5,168442
5,168449
2,168464
2,168530
3,168550
2,168551
5,168555
5,168569
2,168580
2,168586
5,168586
2,168600
2,168605
5,168621
2,168651
5,168681
2,168691
5,168717
2,168726
2,168729
2,168731
2,168733
2,168734
2,168743
2,168751
2,168758
2,168806
3,168832
2,168845
5,168845
2,168847
2,168848
8,168863
2,168880
2,168887
8,168887
2,168888
8,168888
8,168890
2,168901
2,168906
3,168941
2,168952
2,168955
3,168964
2,168966
5,168970
2,168974
2,168985
5,168994
2,169001
2,169014
2,169015
2,169042
2,169057
8,169057
2,169060
2,169099
9,169125
2,169126
2,169127
2,169128
5,169151
5,169152
3,169156
2,169172
5,169176
2,169180
5,169181
2,169208
2,169222
2,169223
5,169225
3,169259
2,169315
2,169319
2,169322
2,169324
2,169336
2,169342
2,169383
2,169420
5,169471
2,169472
2,169473
2,169474
2,169475
2,169497
5,169497
2,169513
2,169514
3,169601
2,169616
2,169631
2,169633
2,169644
5,169657
2,169686
2,169692
2,169693
2,169740
5,169747
2,169760
2,169763
2,169771
2,169773
8,169773
2,169797
5,169808
2,169810
2,169825
5,169825
3,169860
5,169865
5,169891
2,169911
2,169914
5,169926
2,169939
2,169943
2,169958
3,169965
2,169988
2,169993
5,169993
2,170009
3,170022
2,170028
2,170047
5,170047
5,170051
2,170057
8,170057
3,170060
5,170085
5,170093
2,170110
2,170114
5,170120
2,170141
2,170145
8,170145
2,170158
5,170158
2,170174
5,170226
2,170238
2,170240
2,170253
3,170257
2,170274
2,170293
2,170298
2,170300
2,170308
2,170337
2,170347
5,170376
2,170383
5,170384
2,170385
2,170388
2,170426
5,170432
2,170432
2,170433
5,170433
3,170434
5,170440
2,170464
2,170515
2,170533
2,170546
2,170550
2,170559
2,170560
5,170563
9,170590
5,170590
2,170593
2,170600
5,170620
5,170621
2,170629
5,170638
2,170646
5,170648
2,170665
2,170682
2,170684
2,170695
2,170706
2,170719
3,170728
5,170732
5,170746
5,170749
5,170753
2,170778
2,170786
5,170786
2,170788
2,170808
2,170809
2,170814
2,170815
5,170819
3,170819
2,170824
2,170825
2,170830
2,170835
5,170850
2,170862
5,170899
2,170918
2,170936
2,170949
2,170952
2,170956
8,170968
2,170973
2,170976
2,170997
5,170997
5,171000
5,171045
3,171058
2,171060
2,171063
2,171100
2,171102
2,171103
2,171109
2,171125
2,171139
2,171141
5,171141
3,171147
2,171157
2,171164
2,171191
5,171200
2,171234
2,171236
2,171257
2,171292
2,171298
9,171299
2,171302
2,171311
2,171313
2,171333
2,171362
2,171364
2,171370
5,171407
5,171411
2,171434
5,171441
2,171442
2,171453
2,171455
5,171462
2,171500
2,171572
2,171579
2,171601
5,171617
2,171665
2,171675
2,171677
2,171684
2,171686
3,171689
2,171706
2,171710
5,171720
2,171721
2,171726
8,171743
2,171744
3,171750
5,171756
2,171764
5,171764
2,171775
2,171799
2,171802
2,171813
2,171818
2,171842
2,171871
8,171871
2,171875
5,171880
2,171912
2,171922
5,171932
2,171949
2,171951
2,171953
2,171962
2,171986
5,172013
2,172014
5,172014
2,172029
2,172034
8,172034
2,172043
2,172046
2,172066
5,172068
2,172070
5,172082
5,172087
2,172091
8,172093
2,172101
8,172135
2,172138
2,172141
5,172159
2,172164
2,172172
2,172177
2,172182
2,172193
8,172193
2,172194
8,172194
2,172247
2,172249
2,172267
2,172282
2,172283
2,172286
2,172301
2,172310
2,172313
2,172331
2,172350
2,172391
2,172403
2,172414
2,172433
2,172437
2,172439
5,172439
8,172440
5,172451
2,172475
2,172482
5,172511
2,172567
2,172578
2,172579
2,172606
2,172616
2,172623
2,172633
2,172637
2,172638
2,172644
2,172645
2,172668
2,172714
2,172747
2,172752
2,172758
2,172766
5,172766
2,172773
2,172793
2,172807
2,172826
8,172826
2,172829
2,172839
2,172842
2,172849
3,172868
2,172882
2,172959
5,172961
2,172963
5,172964
2,172980
2,172982
3,172984
2,172991
2,172999
2,173037
2,173078
2,173081
2,173088
2,173110
2,173113
5,173115
2,173117
2,173140
2,173193
2,173223
2,173225
2,173228
2,173237
2,173241
2,173250
5,173340
5,173348
2,173361
2,173364
2,173376
2,173379
2,173386
2,173415
2,173416
5,173416
2,173441
2,173444
2,173491
2,173531
2,173553
2,173615
2,173634
2,173637
2,173672
5,173703
2,173717
5,173717
8,173717
2,173720
2,173737
3,173738
5,173746
5,173763
5,173766
2,173805
2,173816
5,173825
2,173826
2,173837
2,173839
2,173843
2,173859
2,173874
5,173874
2,173875
7,173940
2,173957
2,173966
5,173966
2,173974
2,173983
2,173990
3,173993
2,174029
5,174029
2,174032
5,174033
5,174037
2,174087
5,174089
2,174098
2,174128
2,174209
2,174212
5,174214
5,174225
2,174244
2,174248
2,174252
2,174255
2,174258
2,174262
2,174268
3,174315
2,174339
2,174382
2,174391
2,174395
2,174411
2,174417
2,174420
2,174427
2,174428
5,174435
8,174436
2,174448
5,174450
2,174459
2,174475
2,174486
2,174514
2,174534
2,174540
2,174543
2,174544
5,174544
2,174553
5,174564
2,174568
2,174584
2,174585
2,174604
2,174618
2,174631
2,174652
2,174657
2,174669
2,174670
5,174680
2,174738
2,174763
2,174769
2,174796
2,174801
2,174807
2,174810
2,174815
2,174817
2,174827
2,174868
2,174883
8,174883
2,174906
2,174954
5,174954
2,174957
2,174976
2,174984
2,175005
2,175011
2,175048
2,175113
2,175136
2,175138
2,175145
2,175170
2,175223
5,175228
2,175239
2,175256
5,175257
2,175270
2,175276
2,175279
2,175280
2,175283
2,175284
2,175299
2,175306
2,175320
5,175328
2,175378
2,175391
5,175423
2,175432
2,175437
2,175458
5,175458
2,175463
2,175477
2,175481
2,175496
5,175511
2,175524
2,175531
2,175533
2,175535
2,175539
2,175541
8,175544
2,175568
5,175570
2,175575
2,175576
8,175576
8,175578
2,175584
2,175591
2,175594
5,175594
2,175596
2,175603
2,175618
2,175639
2,175644
2,175660
2,175661
2,175668
2,175669
2,175670
2,175674
2,175678
2,175694
5,175694
2,175696
2,175699
2,175716
5,175747
2,175760
5,175771
5,175780
2,175806
8,175812
2,175819
2,175821
2,175824
2,175828
2,175829
2,175833
2,175836
2,175838
2,175842
2,175867
2,175927
5,175928
2,175942
2,175978
2,175980
2,175981
2,175984
2,175986
5,175986
2,175993
2,175995
2,176010
2,176012
2,176013
2,176021
2,176061
2,176142
2,176147
2,176154
2,176157
2,176163
2,176164
2,176166
2,176175
2,176182
2,176209
2,176278
2,176293
8,176322
2,176323
2,176338
2,176343
2,176356
2,176365
5,176424
2,176454
2,176461
2,176475
2,176481
8,176481
5,176495
2,176500
5,176511
5,176537
5,176561
2,176572
2,176577
5,176602
2,176609
5,176648
2,176651
2,176670
2,176683
5,176683
5,176686
2,176688
8,176690
2,176691
8,176691
2,176712
8,176712
5,176712
2,176713
5,176812
3,176822
2,176839
2,176849
5,176913
5,176931
2,176954
2,176971
2,176986
2,176994
2,177028
2,177059
2,177123
2,177137
2,177138
5,177151
2,177154
2,177166
2,177180
5,177199
5,177242
5,177250
2,177254
8,177273
2,177275
2,177285
5,177287
5,177288
5,177289
2,177299
2,177301
2,177304
2,177308
2,177310
5,177310
2,177328
2,177403
2,177436
2,177441
2,177446
5,177446
2,177450
2,177454
3,177462
2,177467
8,177467
2,177485
3,177495
2,177496
5,177496
2,177498
2,177523
2,177527
5,177541
2,177560
2,177568
2,177570
3,177574
2,177575
5,177578
2,177580
5,177580
8,177580
5,177622
5,177640
2,177673
2,177677
5,177691
2,177691
8,177691
2,177692
5,177692
2,177712
5,177712
2,177726
8,177726
2,177727
5,177729
5,177733
2,177734
5,177768
5,177778
2,177784
2,177787
3,177791
2,177815
2,177820
2,177821
5,177821
8,177821
5,177823
5,177905
2,177937
2,177938
5,177938
2,177977
2,177997
2,177999
5,177999
5,178003
2,178006
8,178006
2,178024
3,178035
3,178056
2,178061
2,178106
2,178142
2,178155
2,178164
2,178185
3,178209
2,178222
2,178284
5,178284
5,178290
2,178294
2,178307
2,178328
3,178342
2,178344
2,178367
2,178385
5,178385
2,178436
2,178445
5,178449
2,178449
5,178455
2,178500
8,178500
2,178501
2,178509
2,178521
2,178544
2,178563
5,178594
8,178594
2,178612
8,178612
2,178616
5,178628
2,178629
2,178630
5,178631
8,178633
2,178636
8,178637
2,178646
3,178649
2,178664
5,178664
2,178674
2,178676
5,178708
2,178719
2,178745
2,178752
5,178756
2,178759
5,178759
2,178767
2,178789
2,178806
5,178806
2,178856
2,178859
8,178861
5,178880
2,178886
5,178891
2,178905
2,178906
3,178920
5,178921
2,178923
5,178926
2,178949
2,178950
5,178950
8,178950
5,178961
3,178983
2,179009
2,179016
5,179017
2,179051
2,179054
5,179058
5,179061
2,179080
2,179086
5,179091
5,179110
2,179129
2,179153
8,179153
5,179153
2,179164
2,179165
2,179169
2,179172
3,179191
3,179197
2,179208
2,179239
2,179258
8,179274
5,179274
2,179283
5,179314
2,179320
2,179331
2,179345
2,179353
5,179383
2,179396
2,179421
5,179457
2,179461
2,179465
2,179466
2,179488
2,179490
2,179495
5,179495
5,179499
2,179506
5,179516
2,179526
5,179526
8,179526
2,179538
2,179543
2,179613
2,179619
5,179619
5,179628
2,179644
5,179644
2,179645
5,179645
2,179650
3,179651
2,179654
2,179658
2,179665
2,179666
2,179668
2,179690
2,179712
2,179721
8,179724
2,179731
5,179731
2,179739
2,179753
2,179771
2,179788
2,179789
2,179799
2,179800
2,179801
5,179801
8,179801
2,179823
3,179824
2,179825
2,179828
8,179828
2,179829
5,179829
2,179830
5,179830
5,179836
2,179845
2,179856
2,179858
2,179860
2,179883
2,179885
2,179893
2,179898
8,179898
2,179915
5,179915
2,179924
5,179924
8,179924
2,179940
2,179941
2,179947
5,179962
2,179974
8,179979
5,179979
5,179987
5,179989
2,179994
2,179995
2,179999
2,180003
8,180003
2,180041
2,180044
2,180045
2,180046
2,180048
2,180054
2,180061
5,180061
8,180061
5,180067
2,180081
2,180106
2,180108
2,180117
2,180145
2,180167
5,180167
2,180174
5,180191
5,180256
2,180273
2,180282
5,180283
5,180288
2,180299
2,180301
5,180312
2,180318
2,180335
5,180358
5,180359
2,180368
5,180387
5,180406
5,180407
2,180418
2,180426
2,180433
5,180433
3,180449
2,180460
2,180481
2,180482
2,180507
2,180523
2,180538
5,180546
2,180564
5,180564
5,180565
2,180567
2,180569
2,180589
2,180592
2,180605
2,180649
2,180663
2,180674
5,180699
2,180710
5,180710
8,180710
2,180714
5,180718
2,180745
5,180745
2,180754
2,180755
2,180760
3,180779
2,180805
5,180815
2,180816
8,180816
8,180817
2,180825
5,180825
8,180825
2,180826
5,180826
5,180830
8,180835
5,180839
2,180843
2,180844
2,180849
2,180852
2,180853
8,180853
2,180874
2,180875
8,180888
2,180889
5,180889
8,180889
2,180908
2,180909
3,180917
5,180920
2,180927
8,180927
5,180934
5,180939
8,180939
2,180946
2,180968
2,180973
2,180976
2,180982
5,180982
2,180986
5,180998
3,181017
2,181034
2,181037
2,181046
2,181052
8,181060
2,181061
5,181078
5,181082
5,181088
2,181122
2,181133
2,181135
5,181139
8,181139
2,181154
5,181154
2,181167
2,181176
5,181232
5,181235
2,181238
2,181254
2,181258
2,181260
2,181265
5,181280
2,181289
5,181289
2,181301
5,181301
2,181302
2,181333
2,181344
3,181380
3,181387
2,181414
5,181433
2,181440
2,181441
5,181442
2,181463
2,181467
2,181475
2,181486
2,181490
2,181496
5,181497
2,181502
2,181504
9,181512
5,181525
3,181527
5,181533
2,181538
3,181594
2,181597
2,181598
8,181607
5,181607
2,181613
5,181637
2,181662
2,181673
8,181673
5,181673
2,181684
2,181687
2,181713
2,181725
2,181727
5,181729
3,181737
5,181747
2,181749
2,181759
5,181769
5,181798
8,181800
2,181806
5,181806
2,181825
2,181830
2,181845
2,181849
2,181887
2,181888
2,181899
2,181914
2,181918
2,181922
2,181924
2,181927
2,181929
5,181929
8,181929
5,181941
2,181954
5,181955
2,181972
5,181975
2,181987
2,181991
2,182031
2,182046
5,182046
2,182087
2,182096
2,182097
5,182097
3,182111
2,182125
2,182169
2,182175
2,182189
2,182197
5,182199
5,182203
2,182212
2,182230
2,182238
5,182238
2,182240
2,182241
5,182262
2,182265
5,182276
2,182278
5,182278
2,182279
2,182304
5,182307
2,182315
2,182317
2,182331
2,182333
2,182344
2,182348
5,182360
2,182364
5,182364
2,182369
5,182374
2,182375
2,182391
5,182399
3,182413
5,182421
2,182427
5,182430
2,182441
2,182450
5,182450
2,182455
8,182461
5,182461
5,182468
2,182490
2,182497
2,182501
2,182506
2,182515
2,182519
2,182527
2,182539
5,182539
2,182543
2,182545
5,182553
5,182554
2,182566
5,182568
3,182571
2,182574
5,182579
8,182579
2,182606
2,182608
2,182611
5,182611
2,182617
2,182628
5,182628
2,182629
5,182637
5,182638
5,182641
2,182656
2,182661
2,182680
2,182681
5,182696
2,182733
3,182744
2,182767
3,182803
5,182820
2,182821
5,182836
2,182837
8,182837
5,182850
5,182856
2,182873
2,182878
2,182880
2,182882
5,182888
2,182901
2,182904
2,182921
2,182925
2,182933
2,182941
5,182950
1,182964
2,183000
5,183000
2,183001
5,183001
2,183011
2,183012
2,183014
2,183017
5,183017
2,183030
2,183032
2,183033
2,183035
5,183035
2,183037
2,183045
2,183055
2,183064
2,183067
5,183102
2,183103
2,183105
5,183105
2,183113
2,183118
2,183120
2,183123
2,183134
2,183154
2,183170
2,183193
2,183194
5,183203
2,183210
2,183219
5,183246
2,183259
2,183261
2,183291
3,183301
5,183302
2,183310
5,183312
2,183314
5,183314
2,183328
2,183332
2,183344
5,183348
2,183349
5,183349
5,183350
2,183363
2,183408
2,183411
8,183411
5,183411
2,183421
5,183424
2,183425
2,183426
5,183428
2,183472
8,183472
5,183472
2,183479
5,183480
5,183488
2,183496
2,183500
2,183504
2,183510
5,183516
2,183520
2,183523
5,183544
5,183560
2,183561
5,183588
2,183588
2,183589
2,183616
2,183621
3,183623
2,183632
2,183659
2,183666
5,183667
2,183678
2,183680
2,183685
5,183686
5,183692
2,183694
2,183707
2,183719
5,183724
2,183745
2,183758
3,183760
3,183780
2,183787
2,183798
2,183858
2,183862
5,183873
2,183878
2,183880
2,183891
2,183931
5,183931
2,183938
2,183939
2,183942
2,183946
2,183956
5,183970
2,184010
2,184025
5,184025
3,184037
5,184041
2,184042
3,184045
2,184059
2,184082
2,184085
5,184085
2,184101
2,184111
5,184111
5,184127
2,184130
2,184145
2,184146
2,184147
2,184151
2,184159
2,184171
2,184188
2,184206
3,184221
3,184222
2,184223
8,184237
5,184243
2,184264
2,184267
5,184267
5,184274
2,184284
5,184284
2,184288
2,184289
2,184290
5,184294
2,184297
2,184298
5,184298
2,184343
2,184346
5,184356
8,184356
2,184357
8,184357
5,184358
2,184374
2,184390
2,184391
5,184391
2,184392
5,184394
5,184397
8,184397
2,184414
3,184432
5,184445
2,184447
5,184447
2,184454
2,184480
3,184509
2,184519
2,184530
5,184551
2,184558
5,184559
2,184574
2,184578
5,184578
2,184580
2,184583
2,184599
5,184619
9,184622
5,184627
5,184634
2,184670
2,184696
2,184733
2,184737
2,184742
3,184744
5,184745
2,184748
5,184777
2,184787
2,184788
2,184792
2,184798
5,184824
2,184844
2,184855
2,184857
5,184876
2,184906
5,184908
2,184912
3,184913
5,184933
2,184936
5,184937
2,184943
8,184943
5,184943
5,184944
2,184955
2,184960
5,184960
2,184965
2,185012
2,185021
2,185022
2,185027
3,185070
5,185071
2,185076
5,185076
5,185079
2,185083
2,185084
5,185084
5,185093
2,185094
2,185098
5,185098
2,185134
2,185137
5,185139
2,185147
2,185189
2,185192
5,185193
2,185194
5,185194
2,185210
2,185215
2,185237
2,185250
5,185256
2,185256
8,185256
2,185259
5,185277
2,185279
2,185288
2,185303
2,185308
5,185311
5,185314
5,185317
5,185319
2,185324
3,185334
2,185339
2,185346
2,185358
2,185382
2,185386
5,185386
2,185390
8,185390
5,185390
2,185409
2,185414
2,185423
8,185423
2,185425
2,185426
8,185426
2,185435
2,185445
5,185445
5,185448
2,185459
2,185466
5,185466
5,185469
2,185475
2,185486
2,185522
5,185526
3,185534
5,185535
5,185538
2,185541
5,185547
5,185550
8,185554
5,185555
2,185556
5,185556
5,185560
2,185569
5,185570
2,185574
5,185586
2,185591
2,185592
5,185592
2,185600
5,185600
2,185628
2,185631
5,185631
2,185639
5,185643
2,185653
2,185658
3,185699
2,185701
2,185721
8,185721
5,185721
3,185724
2,185730
3,185781
2,185782
5,185782
2,185801
3,185822
8,185822
5,185825
2,185831
2,185835
2,185871
5,185874
2,185877
2,185879
5,185879
2,185884
2,185901
2,185919
3,185920
2,185921
2,185925
2,185937
2,185948
2,185961
5,185972
2,185976
5,185981
5,185983
5,185984
5,186002
5,186004
2,186007
2,186012
2,186029
2,186034
5,186034
8,186034
2,186036
2,186037
2,186043
2,186069
8,186069
2,186070
2,186075
5,186079
2,186091
2,186094
2,186111
2,186115
2,186123
2,186127
5,186127
5,186139
5,186146
2,186166
2,186170
2,186173
8,186191
2,186214
2,186217
5,186218
5,186223
2,186232
2,186233
2,186235
2,186242
2,186243
2,186250
2,186253
5,186259
2,186269
2,186272
2,186280
5,186280
2,186304
2,186316
3,186321
3,186327
5,186333
2,186338
2,186354
2,186372
2,186383
5,186383
2,186397
5,186397
5,186402
5,186405
2,186412
2,186429
2,186462
5,186476
8,186477
2,186484
5,186484
2,186492
2,186493
2,186494
2,186496
2,186503
2,186508
2,186510
5,186510
2,186512
2,186517
2,186526
5,186526
2,186528
2,186544
2,186549
2,186563
2,186585
8,186585
5,186594
2,186597
2,186605
5,186609
2,186632
8,186632
2,186636
8,186636
2,186645
2,186652
2,186653
5,186653
5,186657
2,186658
5,186661
2,186663
2,186670
2,186677
5,186677
2,186684
2,186691
8,186691
2,186696
2,186701
2,186741
2,186755
2,186756
2,186758
5,186758
2,186763
2,186765
5,186765
2,186768
2,186802
2,186806
8,186806
2,186817
2,186827
5,186837
2,186838
2,186844
5,186844
2,186849
2,186854
5,186863
5,186865
2,186872
2,186880
2,186882
2,186891
3,186899
3,186910
2,186998
2,187002
2,187004
2,187016
5,187017
5,187026
2,187032
2,187033
2,187034
5,187034
2,187042
2,187065
2,187066
2,187067
2,187068
2,187069
2,187087
2,187112
2,187113
5,187133
2,187133
2,187152
2,187155
2,187160
2,187164
2,187169
2,187192
2,187198
2,187203
5,187207
2,187218
2,187221
2,187233
2,187246
2,187264
8,187264
2,187282
2,187285
2,187292
2,187293
2,187296
2,187314
2,187330
5,187367
5,187368
2,187369
5,187369
5,187386
2,187394
2,187396
5,187396
2,187410
2,187412
2,187416
8,187416
5,187420
3,187424
2,187432
2,187439
3,187441
5,187442
2,187451
2,187454
2,187457
2,187522
5,187525
2,187529
5,187529
2,187537
2,187539
2,187546
2,187547
5,187548
2,187555
5,187555
5,187557
2,187592
8,187592
3,187593
2,187601
2,187604
2,187606
2,187621
2,187629
2,187659
2,187667
2,187673
5,187689
2,187690
2,187693
5,187702
2,187722
5,187724
5,187738
2,187752
2,187753
2,187765
5,187765
3,187768
5,187777
2,187779
2,187780
2,187793
2,187797
3,187819
2,187847
2,187849
2,187879
2,187884
5,187884
5,187886
5,187893
2,187907
2,187909
5,187909
2,187910
2,187911
2,187953
2,187963
2,187974
2,188020
5,188044
3,188052
5,188068
2,188076
5,188076
5,188077
5,188079
2,188085
2,188093
2,188096
2,188099
2,188102
2,188107
2,188123
3,188129
2,188135
5,188154
2,188162
5,188162
2,188184
2,188208
2,188235
2,188246
2,188259
2,188261
2,188263
2,188272
2,188278
2,188280
2,188286
2,188289
2,188296
2,188299
2,188309
5,188322
2,188324
5,188331
2,188378
2,188401
2,188402
5,188402
5,188435
2,188437
2,188457
2,188471
2,188477
2,188478
2,188516
2,188517
2,188536
2,188545
2,188553
2,188589
2,188611
5,188611
2,188624
5,188624
8,188624
2,188626
5,188628
2,188632
5,188643
5,188649
2,188650
2,188661
5,188673
2,188675
2,188681
2,188683
2,188686
2,188703
2,188714
8,188730
2,188731
2,188737
2,188742
2,188745
2,188751
2,188758
2,188763
3,188772
2,188775
5,188790
2,188811
2,188814
2,188823
5,188830
2,188832
5,188835
2,188837
5,188837
5,188839
5,188845
2,188850
2,188865
5,188865
5,188866
2,188874
2,188875
2,188876
2,188877
3,188881
2,188890
2,188891
2,188895
2,188896
8,188907
2,188922
5,188922
2,188936
2,188957
2,188964
2,188977
2,188978
5,188979
5,188984
8,188984
2,189010
5,189010
2,189028
5,189055
2,189062
2,189065
2,189069
5,189086
2,189105
5,189105
2,189116
2,189120
8,189120
5,189129
2,189133
5,189133
3,189138
3,189140
2,189142
2,189162
2,189167
2,189208
2,189212
2,189217
5,189239
2,189267
5,189267
5,189286
2,189288
5,189288
2,189297
2,189300
2,189310
2,189331
5,189331
3,189339
3,189341
3,189343
2,189348
3,189366
2,189368
2,189371
2,189374
2,189375
2,189378
2,189404
3,189410
2,189420
2,189428
5,189435
5,189445
2,189448
5,189448
2,189453
2,189464
3,189483
2,189501
2,189506
5,189517
3,189522
3,189524
2,189528
2,189532
2,189535
2,189538
2,189541
5,189541
2,189542
2,189547
5,189547
3,189549
5,189563
5,189569
2,189573
2,189580
2,189590
2,189624
5,189626
8,189654
5,189667
2,189668
2,189670
2,189675
8,189675
2,189676
2,189687
8,189687
2,189704
5,189705
5,189710
5,189729
2,189730
2,189731
2,189736
2,189737
2,189743
2,189745
2,189780
5,189806
2,189810
2,189821
5,189824
8,189824
2,189850
2,189829
2,189867
2,189901
5,189909
3,189910
2,189914
2,189915
2,189930
2,189932
5,189933
8,189975
5,189975
8,189977
8,189971
8,189972
2,189989
2,190001
8,190008
5,190020
2,190036
2,190037
2,190047
2,190123
2,190129
2,190138
2,190142
2,190210
2,190212
2,190213
2,190222
2,190223
2,190230
2,190258
2,190261
8,190261
2,190268
5,190278
2,190278
2,190285
2,190286
2,190297
2,190327
5,190327
5,190336
5,190358
5,190360
2,190404
3,190408
2,190411
2,190419
2,190426
2,190433
2,190443
5,190446
2,190449
2,190452
2,190462
2,190463
2,190464
2,190473
2,190493
2,190494
2,190510
2,190529
5,190539
2,190543
2,190547
5,190547
2,190556
5,190563
2,190566
2,190576
2,190581
5,190581
5,190594
3,190611
5,190611
3,190616
2,190618
8,190640
5,190654
2,190670
2,190675
2,190694
3,190714
5,190717
5,190719
2,190743
5,190767
2,190791
2,190803
2,190833
2,190837
8,190843
2,190845
2,190846
2,190851
2,190858
2,190873
2,190892
5,190908
2,190928
8,190929
8,190930
2,190934
2,190936
8,190940
2,190944
5,190944
8,190958
2,190971
2,190979
2,190981
5,190981
2,190984
2,191004
2,191018
2,191023
2,191036
5,191042
2,191052
2,191056
2,191064
3,191088
2,191092
2,191093
8,191105
2,191106
2,191108
2,191113
8,191134
2,191137
2,191139
8,191143
2,191144
8,191144
2,191146
5,191146
2,191147
2,191154
2,191169
2,191183
5,191183
5,191192
8,191192
5,191195
2,191208
5,191213
5,191216
2,191228
2,191239
2,191258
2,191259
2,191265
2,191266
2,191267
2,191270
5,191272
5,191280
2,191285
2,191300
2,191309
8,191309
2,191313
3,191316
2,191334
2,191336
2,191343
2,191357
2,191375
2,191394
2,191404
2,191405
5,191410
2,191412
2,191417
2,191427
2,191429
5,191439
2,191440
2,191449
2,191452
2,191457
2,191466
3,191469
2,191475
2,191492
2,191501
2,191517
2,191533
3,191549
2,191569
2,191575
2,191576
2,191580
2,191603
2,191633
2,191635
5,191636
2,191654
2,191659
2,191661
2,191687
2,191688
2,191689
2,191690
2,191694
2,191705
2,191708
2,191715
3,191742
2,191747
2,191752
2,191783
2,191785
2,191794
2,191804
2,191810
5,191816
2,191821
2,191822
2,191843
2,191857
5,191868
2,191876
2,191877
2,191885
2,191897
2,191899
2,191941
5,191962
2,191968
2,191971
2,191973
2,191995
2,191998
2,192000
2,192001
2,192005
2,192007
2,192008
2,192011
3,192016
2,192017
2,192047
2,192048
5,192056
2,192057
2,192063
2,192079
2,192080
2,192082
2,192104
2,192109
8,192110
2,192112
5,192121
2,192124
2,192134
2,192135
2,192141
2,192143
2,192146
2,192149
8,192149
2,192161
5,192163
2,192164
3,192169
2,192196
2,192232
2,192250
2,192261
2,192266
2,192267
2,192268
2,192284
8,192293
2,192295
2,192298
2,192304
2,192308
8,192311
2,192312
5,192317
2,192319
8,192319
2,192323
2,192345
2,192351
3,192352
2,192364
2,192371
3,192398
2,192403
2,192424
5,192424
2,192453
2,192456
2,192461
2,192471
5,192488
5,192497
5,192526
5,192527
2,192530
2,192544
5,192548
2,192551
3,192566
2,192569
2,192576
5,192581
2,192590
2,192600
2,192607
2,192611
2,192647
5,192661
5,192682
5,192687
2,192691
2,192693
2,192698
2,192704
2,192710
3,192711
5,192735
5,192738
2,192739
2,192740
2,192753
2,192769
2,192771
2,192791
5,192791
8,192791
2,192817
5,192820
2,192824
2,192827
3,192840
2,192841
5,192854
5,192870
3,192871
5,192876
3,192885
2,192886
5,192889
2,192896
2,192905
2,192908
2,192910
2,192911
2,192915
2,192921
2,192929
2,192936
5,192942
2,192943
5,192954
5,192963
2,192968
5,192968
2,192972
8,192973
3,193002
2,193020
5,193028
5,193036
5,193043
3,193053
5,193066
2,193079
2,193080
3,193090
2,193091
2,193092
2,193094
2,193096
2,193097
2,193122
2,193125
2,193150
2,193151
2,193178
2,193203
3,193206
3,193222
3,193233
2,193261
2,193264
2,193266
5,193275
2,193279
2,193286
2,193298
2,193304
5,193304
2,193305
2,193306
2,193309
2,193323
2,193326
2,193327
2,193343
2,193347
2,193353
2,193358
5,193383
5,193386
5,193399
3,193402
2,193403
2,193429
2,193430
5,193433
8,193441
5,193444
2,193452
2,193464
2,193465
5,193466
8,193466
2,193475
2,193476
2,193481
2,193487
5,193494
3,193497
2,193500
5,193507
3,193510
8,193511
2,193525
5,193531
5,193538
2,193541
2,193543
2,193547
2,193557
2,193564
5,193565
5,193572
2,193574
3,193595
3,193597
2,193603
3,193609
2,193621
2,193624
5,193629
2,193630
5,193630
5,193636
8,193642
2,193646
2,193651
2,193684
2,193686
2,193696
5,193704
2,193729
2,193731
2,193755
2,193769
2,193776
2,193779
2,193780
2,193785
2,193814
2,193817
2,193841
2,193858
2,193877
2,193878
3,193898
2,193905
5,193922
2,193923
2,193926
2,193933
2,193949
2,193969
2,193982
5,193982
3,193983
5,193986
2,193990
8,193990
2,193993
2,193995
2,193999
2,194005
2,194015
2,194028
2,194041
2,194047
2,194048
2,194056
2,194074
2,194082
2,194105
2,194109
5,194133
8,194136
5,194137
3,194146
5,194171
2,194172
2,194189
2,194196
2,194199
2,194209
5,194211
5,194223
2,194236
2,194251
2,194253
3,194259
2,194281
5,194291
2,194292
2,194310
5,194340
2,194343
2,194347
8,194350
2,194351
2,194361
2,194362
2,194363
2,194381
2,194404
2,194410
2,194420
2,194422
2,194426
2,194453
2,194461
2,194467
3,194477
2,194516
8,194516
2,194520
2,194530
2,194532
2,194534
2,194542
5,194542
2,194545
2,194548
5,194548
8,194548
2,194551
5,194557
2,194558
2,194565
5,194570
2,194580
2,194582
5,194586
2,194611
2,194612
2,194614
2,194630
8,194630
2,194634
2,194651
2,194655
2,194666
2,194667
2,194692
8,194698
2,194703
3,194706
5,194723
5,194725
2,194730
2,194739
2,194751
2,194756
5,194757
2,194765
2,194776
2,194830
3,194833
3,194836
2,194851
2,194853
2,194855
2,194869
2,194895
5,194901
2,194907
2,194909
5,194915
2,194919
2,194934
2,194958
2,194975
2,194988
2,195002
3,195028
2,195040
2,195041
2,195045
2,195046
2,195051
2,195061
2,195062
2,195067
2,195079
2,195087
2,195098
2,195107
2,195143
2,195153
2,195159
3,195162
2,195193
5,195193
2,195197
2,195198
2,195201
2,195202
2,195210
2,195222
2,195223
2,195227
3,195229
3,195230
2,195245
5,195255
2,195256
2,195257
2,195258
2,195265
2,195266
2,195309
2,195324
2,195388
2,195400
5,195423
2,195428
2,195430
2,195431
2,195449
2,195453
5,195470
2,195478
2,195499
2,195530
2,195547
5,195547
3,195550
2,195568
5,195588
5,195591
2,195600
5,195600
2,195603
2,195604
2,195612
2,195641
2,195660
2,195679
2,195681
2,195692
5,195694
2,195702
2,195706
2,195711
8,195728
2,195734
2,195743
5,195743
2,195752
8,195752
2,195759
2,195760
8,195760
2,195776
2,195777
2,195783
5,195787
2,195797
2,195800
3,195815
5,195827
2,195842
2,195848
5,195849
2,195861
8,195861
2,195866
2,195868
8,195868
2,195872
2,195889
5,195896
5,195903
2,195915
2,195925
2,195933
2,195936
2,195938
2,195943
2,195945
2,195950
2,195957
2,195982
8,195999
2,196018
2,196019
2,196071
2,196085
5,196085
2,196102
2,196121
5,196121
3,196129
5,196134
2,196138
2,196148
2,196164
2,196177
2,196188
2,196191
2,196193
2,196233
5,196238
2,196243
3,196255
3,196256
2,196260
2,196267
5,196267
2,196268
2,196281
2,196309
2,196345
2,196347
2,196349
2,196358
5,196368
2,196389
2,196391
2,196402
2,196404
2,196405
2,196408
2,196409
5,196420
2,196432
2,196439
2,196452
5,196452
2,196486
5,196496
2,196502
3,196510
2,196511
3,196523
2,196529
2,196539
2,196543
2,196548
2,196553
2,196565
2,196569
2,196588
5,196588
2,196629
5,196629
2,196630
2,196670
2,196687
8,196687
2,196698
2,196705
2,196708
2,196724
2,196727
2,196734
8,196734
2,196745
8,196746
2,196753
2,196758
2,196762
2,196785
2,196788
5,196788
2,196791
3,196811
2,196824
8,196827
2,196839
2,196854
3,196855
2,196862
2,196880
2,196881
2,196889
3,196895
2,196904
2,196907
2,196918
2,196919
2,196921
3,196929
8,196937
5,196946
2,196958
2,196966
2,196967
5,196970
2,196970
2,196976
2,196983
2,196988
2,196989
2,196994
3,196998
2,197000
2,197007
5,197014
2,197015
2,197017
5,197019
2,197022
2,197023
5,197034
2,197073
3,197082
2,197093
2,197105
8,197105
2,197110
8,197125
2,197158
2,197161
2,197170
5,197170
5,197171
2,197174
2,197175
2,197178
2,197186
2,197209
5,197209
2,197219
2,197222
2,197228
2,197230
5,197243
2,197245
3,197262
2,197276
2,197309
3,197311
2,197327
2,197331
2,197360
2,197366
2,197371
2,197396
2,197399
3,197405
3,197406
2,197413
2,197421
2,197448
2,197452
2,197489
2,197499
2,197541
2,197560
2,197575
2,197578
2,197582
8,197582
2,197588
2,197589
2,197592
2,197600
2,197625
2,197629
2,197642
2,197643
5,197683
2,197724
2,197731
2,197733
2,197734
2,197738
2,197750
2,197752
2,197753
2,197755
2,197807
2,197817
2,197837
2,197851
2,197852
2,197873
5,197873
2,197876
2,197892
2,197893
2,197894
2,197895
8,197895
8,197896
2,197903
2,197909
2,197938
2,197949
5,197966
2,197975
2,197976
8,197976
2,197987
2,198000
2,198002
2,198012
5,198015
2,198033
8,198033
2,198034
2,198037
2,198041
2,198043
2,198063
2,198072
2,198093
2,198105
2,198106
2,198112
3,198116
5,198117
2,198132
2,198140
2,198142
2,198150
2,198157
2,198173
2,198195
2,198209
2,198216
2,198229
5,198263
2,198266
2,198267
5,198267
2,198268
2,198269
2,198273
2,198277
2,198294
2,198316
2,198318
5,198325
2,198364
2,198387
2,198398
2,198410
2,198418
2,198427
2,198437
2,198445
2,198459
2,198463
2,198477
2,198485
2,198502
2,198513
2,198527
2,198535
2,198546
2,198563
2,198586
2,198602
2,198610
2,198615
2,198616
2,198619
3,198621
5,198689
5,198705
2,198716
2,198723
3,198725
2,198727
8,198727
2,198732
2,198741
5,198741
2,198746
2,198774
5,198775
5,198794
2,198800
2,198805
2,198811
2,198838
2,198848
2,198872
5,198875
2,198921
2,198930
2,198962
2,198971
5,198991
5,198992
3,198992
8,199001
2,199028
2,199032
2,199033
2,199034
5,199036
2,199062
2,199066
5,199066
3,199071
2,199073
2,199074
2,199075
3,199080
2,199082
8,199082
5,199083
8,199083
2,199084
2,199087
2,199095
2,199109
2,199116
2,199128
2,199137
2,199145
8,199145
2,199146
2,199148
2,199163
5,199163
2,199175
8,199177
2,199183
2,199184
2,199187
5,199203
2,199206
2,199208
8,199208
2,199220
5,199220
5,199222
2,199224
2,199227
2,199230
2,199233
2,199237
2,199239
2,199241
2,199246
2,199253
5,199282
5,199298
2,199313
2,199314
2,199315
2,199335
2,199338
5,199344
2,199394
2,199421
2,199425
2,199427
2,199460
5,199461
5,199471
5,199472
2,199485
2,199487
2,199495
8,199511
5,199519
2,199551
3,199557
5,199562
8,199562
2,199570
5,199594
2,199597
2,199598
5,199599
8,199599
2,199605
5,199635
2,199636
2,199650
5,199680
2,199681
8,199685
5,199685
2,199690
2,199692
2,199696
5,199696
2,199697
2,199721
5,199724
2,199735
2,199740
2,199748
2,199790
2,199793
5,199811
2,199820
2,199823
2,199826
2,199857
2,199861
2,199871
2,199877
2,199921
2,199937
2,199945
2,199947
5,199947
2,199958
2,199968
5,199973
2,199975
2,199993
2,200015
2,200017
2,200027
5,200051
2,200078
2,200095
3,200110
2,200126
5,200128
2,200174
5,200174
2,200180
2,200181
2,200183
2,200188
2,200196
2,200200
2,200218
2,200220
8,200232
2,200240
2,200258
2,200266
2,200268
5,200269
2,200279
2,200283
2,200303
2,200310
2,200324
3,200325
2,200329
2,200362
5,200388
2,200389
2,200393
2,200395
2,200401
5,200409
3,200411
2,200421
2,200423
8,200424
2,200428
5,200431
2,200440
5,200449
2,200457
2,200462
2,200466
2,200517
2,200518
2,200522
2,200525
2,200553
2,200565
2,200581
2,200584
2,200604
5,200604
8,200617
5,200620
5,200645
8,200646
2,200648
3,200652
3,200665
2,200666
5,200679
5,200688
2,200746
2,200748
5,200751
2,200764
5,200764
5,200768
2,200770
5,200775
2,200783
2,200825
5,200825
2,200854
5,200856
3,200884
2,200887
2,200892
2,200896
5,200908
3,200910
2,200911
2,200917
5,200921
2,200932
3,200937
2,200949
2,200950
2,200974
2,200978
2,200981
2,200990
2,201011
5,201021
2,201037
2,201048
2,201064
2,201077
2,201079
2,201088
2,201104
2,201107
2,201124
2,201142
2,201157
5,201161
3,201165
2,201166
3,201207
2,201209
2,201225
2,201234
2,201263
2,201273
2,201286
2,201292
2,201297
2,201322
2,201331
2,201359
2,201364
2,201380
2,201398
5,201425
3,201425
2,201429
2,201435
2,201446
2,201471
2,201474
2,201479
5,201482
2,201487
5,201487
2,201500
2,201516
2,201519
5,201519
2,201520
5,201527
2,201549
8,201559
8,201561
2,201589
2,201598
8,201598
2,201605
5,201613
2,201621
2,201622
3,201627
2,201629
2,201659
2,201663
2,201667
2,201674
2,201675
5,201675
8,201677
5,201677
5,201690
5,201705
5,201716
2,201737
2,201746
2,201760
5,201762
2,201764
2,201791
5,201791
2,201802
2,201819
8,201820
2,201839
2,201844
5,201844
2,201861
2,201862
2,201928
2,201953
2,201957
2,201980
2,201983
5,201986
2,202007
5,202007
5,202020
8,202033
8,202038
2,202055
2,202058
2,202073
2,202087
2,202091
2,202092
5,202132
2,202154
2,202163
2,202168
2,202185
2,202188
2,202195
2,202198
2,202200
2,202217
2,202220
2,202246
3,202273
2,202276
2,202313
2,202330
2,202369
2,202373
2,202382
2,202394
2,202403
2,202409
2,202425
2,202431
2,202445
2,202455
2,202470
2,202473
2,202483
2,202501
2,202502
2,202503
2,202543
2,202545
2,202551
8,202551
2,202573
5,202573
2,202601
5,202640
2,202649
5,202649
2,202658
2,202661
8,202661
2,202672
5,202676
2,202687
2,202689
2,202702
8,202702
2,202708
5,202708
2,202719
2,202744
8,202760
2,202761
2,202774
2,202777
2,202788
2,202791
2,202799
8,202807
5,202807
2,202815
2,202828
2,202829
2,202832
2,202838
5,202838
8,202845
5,202845
5,202853
2,202859
8,202864
2,202873
2,202881
8,202882
2,202889
8,202889
5,202896
5,202899
2,202902
2,202924
8,202936
2,202952
2,202962
2,202965
2,202980
2,202993
2,203011
5,203031
2,203035
2,203058
2,203107
2,203114
2,203120
2,203178
2,203179
2,203181
2,203193
2,203217
2,203253
2,203276
5,203276
2,203303
2,203311
5,203324
2,203327
2,203333
2,203338
2,203344
5,203345
2,203361
5,203367
5,203372
2,203381
2,203428
2,203444
2,203446
5,203446
2,203451
2,203504
2,203520
2,203555
3,203558
2,203559
2,203568
2,203590
2,203592
5,203613
2,203626
2,203631
2,203651
9,203653
2,203671
5,203671
2,203676
2,203677
2,203688
2,203703
3,203716
2,203720
5,203720
2,203755
2,203760
2,203769
2,203771
5,203772
2,203776
5,203787
2,203789
3,203810
2,203818
5,203831
2,203860
2,203874
2,203882
2,203895
2,203898
2,203953
2,203958
5,203958
2,203963
5,203978
2,203996
2,203998
2,204002
2,204034
5,204034
2,204038
5,204039
5,204042
2,204070
2,204090
5,204090
2,204112
2,204117
2,204153
5,204154
3,204155
2,204189
2,204190
5,204207
5,204216
2,204232
2,204233
2,204244
2,204249
2,204260
2,204271
2,204273
2,204276
2,204298
2,204319
2,204321
2,204322
3,204326
5,204362
2,204372
2,204385
8,204391
2,204397
2,204404
2,204422
5,204427
5,204433
2,204441
3,204444
5,204459
2,204463
2,204464
2,204481
2,204490
2,204491
2,204504
2,204515
5,204536
2,204569
5,204579
5,204586
2,204591
8,204609
2,204609
2,204610
2,204612
2,204628
5,204633
2,204641
2,204664
2,204667
2,204668
2,204679
2,204681
5,204681
2,204694
2,204715
2,204743
2,204759
2,204765
2,204782
2,204788
7,204789
2,204791
8,204794
2,204797
2,204851
5,204852
2,204859
2,204865
2,204877
2,204891
2,204893
2,204908
5,204911
2,204938
2,204949
8,204964
5,204983
8,204983
2,204984
2,204990
2,204998
2,204999
2,205010
2,205036
8,205036
2,205095
2,205096
2,205101
2,205118
2,205167
8,205173
2,205180
2,205187
2,205203
2,205232
2,205235
2,205255
2,205256
2,205268
8,205276
2,205303
5,205303
2,205350
2,205392
2,205395
2,205398
2,205400
2,205403
2,205409
2,205423
5,205426
2,205429
2,205453
2,205467
2,205485
2,205499
2,205518
2,205528
2,205529
2,205546
5,205549
2,205567
2,205568
2,205572
2,205581
2,205585
2,205587
2,205588
2,205625
2,205642
3,205668
2,205721
2,205735
5,205746
2,205754
2,205753
2,205761
2,205763
5,205767
2,205789
2,205792
2,205799
2,205800
2,205801
2,205805
2,205806
2,205818
2,205835
2,205839
2,205848
2,205849
2,205864
2,205874
2,205894
2,205896
5,205902
5,205906
2,205908
5,205917
2,205919
2,205933
2,205934
5,205935
2,205937
2,205945
5,205946
2,205953
5,205957
2,205960
5,205964
5,205970
2,205990
2,205994
2,206003
5,206018
2,206022
5,206025
5,206028
5,206036
8,206047
2,206060
2,206064
2,206067
2,206078
2,206081
2,206089
2,206103
2,206119
2,206121
5,206122
8,206122
2,206124
2,206126
2,206133
5,206141
2,206146
5,206151
2,206162
5,206163
5,206166
5,206169
2,206171
5,206172
2,206178
2,206183
2,206188
8,206188
2,206194
2,206200
2,206203
5,206209
2,206222
2,206231
2,206241
2,206242
8,206242
2,206312
5,206314
2,206317
2,206321
5,206321
2,206340
2,206343
2,206347
5,206350
2,206351
5,206351
2,206352
2,206370
2,206373
2,206374
3,206409
2,206423
2,206425
2,206431
2,206433
2,206435
2,206472
2,206486
5,206495
2,206529
2,206530
2,206536
2,206539
2,206549
2,206552
2,206558
2,206560
3,206563
2,206569
2,206575
2,206580
2,206588
2,206590
2,206594
2,206599
2,206600
3,206605
2,206607
5,206608
2,206682
2,206689
2,206705
5,206708
2,206713
2,206723
2,206724
2,206728
5,206743
5,206758
2,206759
2,206765
2,206768
2,206769
2,206778
2,206781
2,206785
2,206791
2,206869
2,206875
2,206880
2,206884
5,206888
2,206914
2,206931
8,206935
8,206936
3,206940
2,206941
2,206946
2,206951
2,206968
2,206988
2,206990
2,207031
8,207034
2,207036
2,207056
8,207056
2,207062
2,207064
5,207066
2,207070
5,207073
5,207075
2,207081
2,207086
2,207129
2,207142
2,207169
2,207184
5,207194
5,207197
2,207203
2,207204
2,207209
2,207221
5,207228
2,207231
2,207236
2,207258
2,207261
3,207268
2,207274
2,207318
2,207324
2,207336
2,207342
2,207353
2,207363
2,207382
2,207386
2,207388
2,207390
2,207398
2,207423
2,207504
2,207534
2,207541
2,207566
2,207569
3,207583
2,207584
2,207586
2,207598
2,207600
2,207609
2,207611
2,207625
2,207647
2,207707
2,207708
5,207711
2,207729
2,207731
2,207739
2,207740
2,207753
2,207755
2,207758
2,207763
2,207770
2,207778
2,207782
2,207789
2,207799
2,207812
9,207825
2,207832
5,207848
2,207856
2,207866
2,207879
5,207879
2,207880
2,207896
2,207897
2,207905
3,207917
5,207926
2,207930
2,207965
2,207967
5,207967
2,207977
2,208029
2,208030
2,208047
2,208048
2,208049
2,208077
2,208083
2,208091
2,208098
2,208099
3,208100
2,208118
2,208122
2,208123
2,208127
2,208136
2,208140
2,208156
2,208201
2,208203
5,208203
8,208209
2,208220
2,208234
2,208246
2,208270
2,208274
2,208283
2,208314
2,208317
2,208327
2,208335
2,208337
5,208337
2,208342
2,208386
8,208386
2,208408
2,208435
2,208436
2,208439
2,208440
2,208443
2,208445
2,208454
2,208462
2,208471
2,208473
2,208474
3,208492
2,208505
2,208511
2,208555
5,208555
2,208569
2,208570
2,208573
2,208584
2,208585
5,208585
5,208589
2,208597
2,208604
2,208625
2,208628
2,208641
2,208662
2,208668
2,208680
2,208683
2,208694
2,208704
2,208714
2,208715
2,208718
2,208723
2,208724
2,208731
2,208742
2,208749
2,208756
2,208764
2,208765
2,208797
2,208800
2,208808
2,208824
2,208830
2,208832
2,208833
2,208844
2,208856
2,208863
2,208864
2,208872
2,208879
2,208884
2,208890
2,208904
2,208910
2,208916
2,208926
2,208964
2,208973
2,208974
2,208994
2,208996
2,209000
2,209004
5,209004
2,209005
5,209009
2,209012
5,209013
2,209028
8,209028
5,209033
2,209038
2,209040
8,209040
2,209088
2,209114
2,209118
2,209128
3,209131
2,209135
5,209135
2,209141
2,209143
2,209144
2,209150
2,209156
2,209158
5,209161
8,209161
2,209169
5,209171
8,209179
2,209180
8,209180
2,209197
2,209204
2,209217
2,209221
2,209224
2,209227
2,209228
2,209242
5,209260
2,209264
2,209265
2,209268
5,209268
2,209271
5,209273
5,209288
2,209303
5,209306
3,209306
5,209330
5,209353
2,209357
2,209361
5,209361
2,209363
2,209390
2,209393
3,209398
2,209430
5,209455
2,209458
2,209467
2,209491
2,209492
2,209493
2,209494
2,209531
2,209541
8,209548
2,209570
2,209588
2,209618
2,209644
2,209652
3,209658
2,209660
2,209677
2,209685
2,209691
2,209692
2,209694
2,209705
2,209709
2,209731
2,209742
2,209793
3,209807
2,209817
2,209826
2,209863
5,209872
2,209876
2,209880
2,209882
2,209890
2,209891
2,209893
2,209899
2,209904
2,209905
2,209906
2,209908
2,209940
2,209969
5,209983
3,209991
5,210009
2,210011
2,210018
5,210019
2,210033
2,210064
2,210072
2,210100
5,210124
2,210126
2,210129
2,210130
2,210182
5,210194
2,210197
5,210197
2,210198
5,210199
2,210200
2,210213
2,210220
2,210223
2,210225
5,210227
8,210227
5,210228
2,210237
2,210239
2,210261
2,210271
2,210286
8,210286
2,210290
3,210297
2,210301
2,210308
5,210325
5,210347
7,210347
2,210358
3,210363
5,210366
2,210369
5,210369
8,210371
5,210375
5,210377
2,210381
2,210428
2,210431
2,210458
2,210467
2,210471
5,210475
2,210483
2,210490
2,210496
5,210496
2,210497
8,210497
2,210498
5,210499
2,210505
2,210506
2,210508
2,210512
2,210521
8,210521
5,210521
2,210535
5,210535
3,210587
2,210598
2,210603
5,210603
2,210619
2,210622
2,210639
3,210643
2,210677
2,210686
8,210723
2,210771
8,210771
3,210773
2,210784
8,210784
2,210796
5,210796
2,210797
2,210802
2,210809
2,210856
2,210861
3,210866
2,210867
2,210869
2,210883
2,210908
5,210908
2,210922
2,210924
2,210953
3,210971
2,210991
2,210992
2,211012
2,211024
2,211026
2,211037
2,211058
2,211062
2,211066
2,211112
3,211142
2,211147
2,211175
2,211178
2,211181
2,211183
2,211198
2,211215
2,211236
2,211246
2,211295
2,211297
2,211344
2,211353
2,211379
2,211382
2,211384
2,211392
2,211395
2,211398
2,211401
2,211405
2,211407
2,211436
2,211446
2,211473
8,211473
2,211476
5,211476
2,211477
8,211477
5,211483
2,211486
2,211500
2,211534
2,211535
2,211537
3,211539
2,211559
5,211576
3,211588
2,211591
2,211594
2,211599
2,211613
2,211631
2,211644
2,211646
2,211654
2,211659
2,211664
2,211671
2,211672
8,211672
2,211678
2,211725
8,211725
2,211761
2,211787
2,211799
5,211808
2,211815
2,211822
2,211824
2,211825
2,211830
2,211876
5,211901
5,211904
2,211906
2,211921
2,211929
3,211932
2,211961
2,211962
2,211966
2,211991
2,211994
2,212020
2,212027
3,212053
2,212112
2,212114
2,212118
2,212130
2,212136
5,212141
2,212204
3,212217
2,212269
2,212293
5,212334
2,212336
2,212342
2,212343
2,212345
2,212347
2,212361
5,212388
2,212388
2,212390
5,212398
2,212415
5,212415
5,212416
2,212423
2,212425
5,212426
5,212428
2,212432
5,212432
2,212473
5,212473
2,212498
2,212515
2,212516
2,212537
2,212538
8,212576
2,212592
8,212592
2,212601
2,212604
2,212605
2,212610
2,212611
2,212640
5,212643
2,212648
2,212649
2,212653
2,212675
5,212677
8,212686
2,212689
2,212694
3,212696
2,212698
2,212709
5,212710
3,212726
2,212733
2,212754
2,212768
2,212784
2,212797
5,212820
2,212835
2,212869
5,212876
2,212885
2,212893
2,212907
3,212912
2,212992
2,213019
2,213095
8,213098
2,213110
2,213114
2,213126
2,213136
2,213147
2,213148
2,213196
2,213199
2,213211
8,213211
3,213215
2,213240
2,213297
2,213315
2,213330
2,213342
2,213343
2,213349
5,213353
2,213360
2,213429
2,213465
2,213494
2,213497
5,213500
2,213508
5,213514
2,213524
2,213608
5,213608
2,213617
2,213619
2,213635
2,213636
2,213655
2,213682
2,213709
2,213721
2,213756
5,213757
2,213775
2,213776
2,213782
2,213792
2,213793
3,213806
2,213816
2,213861
2,213889
2,213890
2,213910
2,213913
2,213915
5,213934
5,213951
2,213960
5,213963
2,213970
2,213973
3,214070
2,214084
2,214118
2,214142
2,214163
2,214213
2,214216
2,214259
2,214266
2,214275
2,214282
2,214299
2,214312
2,214343
3,214346
2,214369
2,214408
2,214442
2,214462
2,214502
2,214528
2,214564
2,214582
2,214594
2,214668
5,214687
2,214693
2,214694
2,214708
2,214710
5,214710
2,214711
5,214713
2,214728
2,214756
2,214761
8,214791
2,214796
8,214796
2,214801
2,214803
3,214805
5,214821
8,214823
8,214828
5,214828
2,214832
5,214839
2,214840
5,214845
2,214856
2,214860
2,214861
2,214867
2,214871
2,214893
8,214894
5,214894
2,214903
2,214910
2,215020
2,215034
2,215055
5,215143
5,215144
5,215153
2,215155
2,215156
2,215158
2,215226
8,215226
2,215241
2,215243
2,215265
2,215280
2,215287
2,215292
5,215294
2,215306
2,215319
8,215319
2,215341
5,215374
2,215379
2,215386
2,215389
2,215415
2,215417
2,215428
5,215432
2,215435
2,215437
2,215442
2,215446
2,215449
3,215500
2,215499
2,215521
2,215563
2,215577
2,215581
3,215583
2,215591
2,215601
3,215604
2,215608
2,215615
2,215633
2,215639
2,215681
2,215735
5,215748
2,215751
2,215754
2,215769
2,215778
2,215786
2,215791
3,215794
2,215796
3,215803
2,215822
2,215826
2,215828
2,215837
2,215856
2,215864
2,215865
2,215819
2,215898
2,215914
2,215915
2,215920
2,215926
5,215926
5,215932
2,215947
5,215947
2,215951
2,215961
2,215974
2,215976
3,215983
2,215993
2,216011
2,216021
2,216112
5,216122
2,216126
2,216144
2,216171
2,216179
2,216188
2,216190
2,216203
2,216213
2,216223
8,216224
2,216238
2,216240
2,216249
2,216250
3,216256
2,216260
2,216262
2,216307
5,216307
5,216310
5,216316
2,216329
2,216331
5,216331
8,216335
2,216343
3,216345
5,216355
2,216359
2,216377
2,216389
5,216389
2,216390
2,216393
2,216409
5,216409
3,216411
2,216436
2,216439
2,216441
2,216468
2,216470
5,216528
2,216532
2,216533
2,216549
2,216550
2,216555
5,216557
2,216561
2,216577
2,216582
2,216605
2,216606
2,216631
2,216659
2,216661
5,216696
5,216698
5,216699
5,216706
2,216710
5,216717
3,216718
5,216744
2,216752
8,216752
2,216765
2,216769
2,216775
5,216785
5,216792
2,216796
2,216799
2,216807
2,216812
2,216821
2,216841
8,216841
2,216872
2,216934
5,216934
5,216939
2,216956
2,216957
2,216967
2,216972
3,216975
2,216977
8,216977
2,216980
3,217015
2,217020
2,217041
2,217058
8,217077
5,217100
5,217106
2,217118
2,217130
5,217130
5,217155
2,217158
5,217188
2,217189
8,217200
2,217204
2,217219
2,217253
5,217276
2,217319
2,217338
2,217394
2,217396
2,217401
2,217402
2,217420
2,217475
2,217480
2,217513
2,217527
2,217582
2,217591
2,217592
2,217600
2,217619
2,217623
2,217790
2,217795
2,217816
2,217820
5,217820
2,217832
2,217847
2,217880
3,217887
2,217890
2,217911
2,217920
2,217929
2,217933
2,217978
2,218009
2,218033
2,218058
2,218059
3,218063
2,218080
3,218098
2,218135
2,218176
2,218183
2,218184
2,218193
2,218213
2,218250
2,218268
2,218272
2,218275
2,218278
2,218293
3,218295
2,218312
2,218325
2,218337
2,218338
2,218352
2,218354
2,218362
2,218380
2,218381
8,218387
2,218393
2,218397
2,218410
2,218440
2,218447
2,218454
2,218456
2,218458
2,218459
2,218478
3,218479
2,218490
2,218500
2,218511
8,218533
2,218537
3,218551
2,218557
2,218559
2,218603
2,218632
2,218651
2,218663
2,218666
2,218681
2,218691
2,218705
2,218781
2,218786
2,218795
2,218797
5,218803
2,218815
2,218816
3,218825
3,218861
5,218861
8,218865
2,218930
2,218948
2,218965
2,218975
2,219008
2,219023
2,219046
2,219051
2,219112
5,219136
2,219141
2,219143
2,219163
2,219170
2,219192
2,219198
5,219198
5,219229
5,219238
3,219238
2,219243
2,219257
2,219295
2,219296
8,219309
2,219343
5,219343
2,219350
5,219350
2,219373
2,219378
2,219379
2,219384
2,219386
2,219394
2,219397
3,219398
2,219410
2,219412
2,219417
2,219435
2,219445
2,219460
3,219463
2,219465
2,219481
2,219491
2,219497
8,219497
3,219498
5,219498
2,219509
2,219524
5,219524
2,219532
8,219532
5,219546
2,219560
3,219563
8,219572
2,219574
2,219575
5,219575
2,219584
2,219624
2,219651
5,219651
2,219653
2,219663
2,219703
2,219708
2,219712
8,219718
2,219749
2,219775
2,219787
2,219790
2,219842
2,219849
2,219850
2,219861
5,219861
2,219886
2,219887
8,219887
2,219912
2,219950
2,219951
2,219955
2,219970
2,219990
5,219990
2,219995
2,220021
2,220036
2,220069
3,220086
2,220087
2,220255
2,220275
2,220278
2,220285
2,220297
2,220301
2,220327
2,220330
3,220332
2,220336
5,220356
2,220369
2,220432
2,220441
2,220452
2,220457
2,220459
2,220462
3,220463
2,220474
2,220541
2,220553
2,220555
2,220558
2,220585
2,220599
2,220604
2,220608
2,220615
2,220618
2,220624
2,220625
2,220634
2,220642
2,220649
2,220652
2,220654
3,220660
2,220666
5,220681
2,220689
2,220712
2,220717
5,220717
3,220740
2,220759
5,220780
2,220790
2,220791
8,220791
2,220798
2,220817
2,220827
2,220828
2,220847
5,220848
2,220851
5,220855
2,220859
2,220917
2,220919
2,220929
2,220938
2,220939
2,220946
2,220958
2,220986
2,220992
2,221011
2,221015
3,221032
2,221044
2,221067
2,221072
2,221078
2,221090
2,221107
2,221113
2,221124
3,221125
2,221137
2,221184
2,221195
3,221203
2,221216
2,221222
2,221225
2,221227
2,221232
5,221232
2,221241
5,221243
3,221253
2,221255
2,221304
2,221310
2,221328
2,221349
3,221350
2,221360
2,221370
8,221370
2,221387
2,221405
2,221423
2,221437
2,221451
5,221525
5,221530
2,221547
8,221547
2,221552
8,221552
2,221563
5,221574
5,221575
2,221577
2,221584
3,221520
8,221611
2,221612
2,221621
2,221622
2,221626
3,221630
3,221673
5,221673
2,221686
2,221721
2,221733
2,221739
5,221739
3,221743
2,221752
5,221762
2,221763
8,221763
2,221793
5,221793
5,221804
8,221804
5,221807
2,221814
2,221820
8,221820
5,221820
5,221825
2,221833
2,221840
5,221840
2,221863
2,221878
3,221915
2,221939
8,221946
8,221962
2,221970
8,221970
5,221972
2,221974
8,221974
3,221989
2,222012
8,222012
2,222016
3,222017
2,222022
2,222025
8,222080
5,222091
3,222091
2,222116
2,222126
2,222166
2,222171
2,222175
2,222183
2,222197
2,222200
2,222207
2,222208
2,222217
2,222285
2,222300
2,222323
2,222355
2,222363
2,222366
2,222369
5,222375
2,222402
2,222406
2,222407
2,222419
2,222428
2,222435
2,222475
2,222517
2,222525
2,222530
2,222549
2,222558
2,222561
2,222585
2,222593
2,222596
3,222601
2,222608
2,222644
2,222648
2,222660
2,222675
2,222676
2,222677
2,222687
2,222690
3,222694
2,222709
2,222717
2,222728
2,222731
2,222641
2,222762
2,222765
2,222780
2,222785
2,222794
3,222802
2,222804
2,222807
2,222808
2,222719
2,222819
5,222819
2,222842
2,222853
5,222864
2,222869
5,222871
8,222871
2,222881
2,222883
2,222885
2,222896
2,222900
2,222920
2,222938
2,222939
2,222940
5,222944
2,222955
8,222967
2,222973
8,222973
3,222986
8,222995
2,223021
2,223025
2,223033
3,223046
2,223064
5,223081
5,223088
2,223091
5,223103
2,223114
2,223118
5,223118
2,223123
8,223123
3,223131
2,223137
2,223141
5,223169
2,223186
2,223187
5,223188
2,223195
5,223195
5,223198
3,223198
2,223233
2,223248
2,223271
2,223273
5,223278
2,223313
2,223314
2,223317
2,223335
2,223375
2,223377
2,223384
2,223385
2,223393
2,223399
2,223400
2,223411
3,223416
2,223450
2,223477
5,223495
2,223518
2,223531
2,223533
2,223544
2,223549
2,223551
2,223558
2,223560
2,223616
2,223627
2,223640
2,223649
2,223657
5,223684
2,223690
2,223691
2,223734
2,223760
2,223770
2,223779
2,223781
8,223781
2,223793
2,223795
2,223806
2,223809
2,223810
2,223815
2,223824
2,223835
2,223843
2,223851
2,223855
8,223855
8,223862
8,223867
2,223868
3,223871
2,223872
2,223881
2,223887
2,223890
2,223910
2,223912
2,223925
5,223925
2,223928
2,223936
2,223947
2,223991
2,223999
2,224003
5,224020
2,224039
5,224039
5,224040
2,224042
2,224050
2,224052
2,224064
5,224064
5,224065
2,224099
2,224105
2,224106
5,224114
2,224115
2,224183
2,224201
3,224203
2,224207
2,224208
5,224215
2,224222
2,224243
2,224249
2,224282
2,224372
2,224396
3,224398
2,224402
5,224402
2,224404
5,224446
2,224449
2,224465
2,224471
2,224491
3,224511
2,224580
2,224605
2,224612
2,224615
3,224616
3,224619
2,224622
2,224631
5,224638
2,224659
2,224663
2,224689
2,224691
3,224768
2,224785
2,224788
5,224791
2,224800
2,224817
2,224827
2,224834
2,224855
2,224856
2,224857
2,224861
2,224867
2,224886
8,224950
2,224962
5,224963
5,224964
2,224968
2,224992
2,225069
2,225105
5,225106
2,225113
5,225114
5,225115
3,225117
5,225142
8,225171
2,225191
2,225192
2,225196
2,225206
8,225239
2,225279
3,225283
2,225332
5,225332
2,225346
2,225354
8,225355
8,225367
5,225374
2,225378
8,225378
5,225380
2,225405
2,225410
2,225448
2,225476
2,225482
2,225500
2,225501
2,225508
5,225508
2,225518
2,225520
2,225524
2,225525
3,225581
2,225590
2,225603
2,225605
2,225657
8,225657
2,225661
2,225664
2,225678
2,225682
2,225695
2,225701
2,225718
2,225722
2,225737
2,225753
2,225771
2,225809
2,225825
2,225834
2,225851
2,225872
2,225877
2,225880
2,225894
2,225912
2,225932
2,225935
2,225937
3,225952
2,225956
2,225963
2,226033
2,226042
2,226056
5,226057
3,226066
5,226066
3,226067
2,226080
2,226084
2,226086
2,226113
3,226035
5,226167
2,226168
2,226174
2,226181
2,226186
8,226201
2,226206
5,226206
2,226209
2,226211
2,226217
2,226218
3,226225
5,226238
2,226246
5,226246
2,226247
5,226248
2,226256
2,226267
5,226268
2,226271
2,226283
2,226329
2,226347
2,226377
2,226382
2,226410
2,226429
2,226430
2,226520
2,226560
2,226571
2,226587
2,226603
2,226648
2,226650
2,226653
2,226654
2,226672
2,226703
2,226743
2,226747
2,226816
2,226818
2,226845
2,226849
2,226865
3,226866
2,226874
2,226877
2,226906
3,226910
2,226914
2,226915
2,226932
2,226936
2,226992
2,226993
2,227015
2,227050
2,227071
2,227086
2,227088
3,227094
5,227094
2,227104
2,227111
2,227146
2,227147
2,227151
2,227170
2,227172
2,227196
2,227197
2,227212
3,227215
2,227238
2,227244
2,227245
2,227272
2,227278
2,227286
5,227287
2,227288
5,227288
2,227293
8,227293
2,227308
2,227335
2,227338
2,227344
8,227344
2,227348
3,227359
2,227367
2,227369
2,227385
2,227391
2,227394
2,227400
2,227450
2,227455
2,227456
2,227463
2,227464
2,227465
5,227546
2,227557
2,227560
3,227566
2,227573
5,227573
2,227582
2,227619
2,227642
2,227654
2,227668
2,227708
2,227726
2,227728
2,227784
2,227787
2,227788
5,227848
5,227849
5,227855
3,227862
2,227872
2,227894
3,227914
2,227916
5,227916
2,227932
5,227937
5,227940
3,227940
2,227953
5,227979
5,227980
2,227985
5,227985
2,227993
2,227999
3,228001
2,228073
2,228097
2,228128
2,228146
2,228168
2,228172
5,228189
2,228266
3,228275
2,228280
2,228288
2,228293
3,228311
2,228332
2,228351
2,228360
2,228367
2,228372
2,228397
2,228404
2,228410
2,228422
8,228433
5,228438
2,228451
5,228483
2,228486
2,228503
2,228508
5,228516
5,228532
8,228613
2,228617
2,228637
2,228644
2,228653
2,228665
2,228676
2,228688
5,228688
8,228688
2,228699
5,228699
2,228700
2,228701
2,228703
2,228705
2,228719
2,228741
2,228754
2,228761
2,228777
2,228805
2,228806
2,228807
5,228821
2,228830
2,228834
2,228837
8,228844
2,228889
2,228895
2,228937
2,229071
2,229074
8,229074
2,229086
2,229102
2,229113
2,229119
2,229140
2,229150
2,229175
2,229177
8,229199
2,229202
2,229203
2,229213
2,229239
2,229248
2,229311
5,229314
5,229318
2,229347
2,229363
2,229383
2,229397
5,229406
8,229406
2,229410
5,229412
2,229425
2,229426
2,229459
2,229467
8,229473
2,229500
2,229522
2,229531
8,229558
2,229561
2,229565
2,229570
