Id,JrcId,HasMicrochip,Microchip,MicrochipType,BreederId,OwnerId,TrainerId,SireId,DamId,Name,Type,IsTattooed,IsImported,CountryBredId,Gender,ColorId,IsTurnedOut,IsEnabled,IsRegistered,FoaledAt,RegisteredAt,LastRacedAt,LastWorkedOutAt,CreatedAt
23915,,False,,0,,,,,,FURTHER AND BEYOND,0,0,0,,5,,0,1,0,,,,,2021-05-17 07:13:49
43613,,False,,0,,,,,,ADORE THE GOLD,0,0,0,,5,1.0,0,1,0,,,,,2021-05-17 07:13:49
43673,,False,,0,,,,,,HILLY'S VISION,0,0,0,,5,,0,1,0,,,,,2021-05-17 07:13:49
64090,,False,,0,,,,,,TURNONTHELIGHT,0,0,0,,5,,0,1,0,,,,,2021-05-17 07:13:49
104137,,False,,0,,,,,,NO IDENTITY,0,0,0,,5,,0,1,0,,,,,2021-05-17 07:13:49
190035,,False,,0,,,,,,BLANFORD,0,0,0,,5,,0,1,0,,,,,2020-09-15 06:25:42
200032,,False,,0,,,,,,WAYGOOD,0,0,0,,5,1.0,0,1,0,,,,,2020-09-15 06:25:50
200052,,False,,0,,,,,,PHAROS,0,0,0,,5,1.0,0,1,0,,,,,2020-09-15 06:25:50
200072,,False,,0,,,,,,SIR GALLAHAD,0,0,0,,5,1.0,0,1,0,,,,,2020-09-15 06:25:50
200092,,False,,0,,,,,,PAPYRUS (GB),0,0,0,,5,,0,1,0,,,,,2020-09-15 06:25:50
974391,,False,,0,,,,,,EXCESSIVE FORCE,0,0,0,,5,,0,1,0,,,,,2021-05-17 07:13:49
19210030,,False,,0,,,,,,APPREHENSION,0,0,0,,5,,0,1,0,,,,,2020-09-15 06:25:42
19210050,,False,,0,,,,,,BRACADALE,0,0,0,,5,8.0,0,1,0,,,,,2020-09-15 06:25:42
19211011,,False,,0,,,,,,WISE COUNSELLOR,0,0,0,,5,8.0,0,1,0,,,,,2020-09-15 06:25:42
19220023,,False,,0,,,,,,AMERICAN FLAG,0,0,0,,5,8.0,0,1,0,,,,,2020-09-15 06:25:42
19220083,,False,,0,,,,,,SOLARIO,0,0,0,,5,1.0,0,1,0,,,,,2020-09-15 06:25:42
19220109,,False,,0,,,,,,SUPREMUS,0,0,0,,5,1.0,0,1,0,,,,,2020-09-15 06:25:42
19230036,,False,,0,,,,,,DISPLAY,0,0,0,,5,1.0,0,1,0,,,,,2020-09-15 06:25:42
19230056,,False,,0,,,,,,POMPAY,0,0,0,,5,1.0,0,1,0,,,,,2020-09-15 06:25:42
19230076,,False,,0,,,,,,RIALTO,0,0,0,,5,8.0,0,1,0,,,,,2020-09-15 06:25:42
19240034,,False,,0,,,,,,TERRY,0,0,0,,5,,0,1,0,,,,,2020-09-15 06:25:42
19240054,,False,,0,,,,,,SICKLE,0,0,0,,5,,0,1,0,,,,,2020-09-15 06:25:42
19240074,,False,,0,,,,,,CHANCE SHOT,0,0,0,,5,1.0,0,1,0,,,,,2020-09-15 06:25:42
19250032,,False,,0,,,,,,SCATTER,0,0,0,,5,8.0,0,1,0,,,,,2020-09-15 06:25:42
19250052,,False,,0,,,,,,PHARAMOND,0,0,0,,5,,0,1,0,,,,,2020-09-15 06:25:42
19250072,,False,,0,,,,,,FELSTEAD,0,0,0,,5,1.0,0,1,0,,,,,2020-09-15 06:25:42
19250092,,False,,0,,,,,,FAIRWAY (GB),0,0,0,,5,,0,1,0,,,,,2020-09-15 06:25:42
19250118,,False,,0,,,,,,REIGH COUNT,0,0,0,,5,8.0,0,1,0,,,,,2020-09-15 06:25:42
19260030,,False,,0,,,,,,BLUE LARKSPUR,0,0,0,,5,1.0,0,1,0,,,,,2020-09-15 06:25:42
19270038,,False,,0,,,,,,BLENHIM,0,0,0,,5,,0,1,0,,,,,2020-09-15 06:25:42
19270058,,False,,0,,,,,,BLENHEIM,0,0,0,,5,,0,1,0,,,,,2020-09-15 06:25:42
19270078,,False,,0,,,,,,BULL DOG,0,0,0,,5,,0,1,0,,,,,2020-09-15 06:25:42
19270098,,False,,0,,,,,,CARUSO,0,0,0,,5,1.0,0,1,0,,,,,2020-09-15 06:25:42
19280036,,False,,0,,,,,,HALCYON,0,0,0,,5,1.0,0,1,0,,,,,2020-09-15 06:25:42
19280076,,False,,0,,,,,,PRINCE ROSE,0,0,0,,5,1.0,0,1,0,,,,,2020-09-15 06:25:42
19280112,,False,,0,,,,,,TOURBILLON,0,0,0,,5,1.0,0,1,0,,,,,2020-09-15 06:25:42
19280812,,False,,0,,,,,,BECCAQUIMEC,0,0,0,,5,,0,1,0,,,,,2020-09-15 06:25:42
19290034,,False,,0,,,,,,GOLD BRIDGE,0,0,0,,5,8.0,0,1,0,,,,,2020-09-15 06:25:42
19300031,,False,,0,,,,,,HYPERION,0,0,0,,5,8.0,0,1,0,,,,,2020-09-15 06:25:42
19302959,,False,,0,,,,,,SHAMSUDDIN,0,0,0,,5,,0,1,0,,,,,2020-09-15 06:25:42
19310039,,False,,0,,,,,,SUNBASKER,0,0,0,,5,,0,1,0,,,,,2020-09-15 06:25:42
19310059,,False,,0,,,,,,UMIDWAR,0,0,0,,5,1.0,0,1,0,,,,,2020-09-15 06:25:42
19310079,,False,,0,,,,,,DISCOVERY,0,0,0,,5,8.0,0,1,0,,,,,2020-09-15 06:25:42
19310099,,False,,0,,,,,,ADMIRAL DRAKE,0,0,0,,5,,0,1,0,,,,,2020-09-15 06:25:42
19310115,,False,,0,,,,,,PEACE CHANCE,0,0,0,,5,1.0,0,1,0,,,,,2020-09-15 06:25:42
19320037,,False,,0,,,,,,ROSEMONT,0,0,0,,5,1.0,0,1,0,,,,,2020-09-15 06:25:42
19320057,,False,,0,,,,,,FAIR TRIAL (GB),0,0,0,,5,8.0,0,1,0,,,,,2020-09-15 06:25:42
19323018,,False,,0,,,,,,ROCK STONE,0,0,0,,5,,0,1,0,,,,,2020-09-15 06:25:42
19330015,,False,,0,,,,,,PICASSO,0,0,0,,5,,0,1,0,,,,,2020-09-15 06:25:42
19330035,,False,,0,,,,,,MAHMOUD,0,0,0,,5,9.0,0,1,0,,,,,2020-09-15 06:25:42
19330055,,False,,0,,,,,,PRECIPITATION,0,0,0,,5,8.0,0,1,0,,,,,2020-09-15 06:25:42
19330075,,False,,0,,,,,,MIEUXE,0,0,0,,5,1.0,0,1,0,,,,,2020-09-15 06:25:42
19340033,,False,,0,,,,,,PETROSE,0,0,0,,5,,0,1,0,,,,,2020-09-15 06:25:42
19340073,,False,,0,,,,,,CASE ACE,0,0,0,,5,1.0,0,1,0,,,,,2020-09-15 06:25:42
19340093,,False,,0,,,,,,WAR ADMIRAL,0,0,0,,5,,0,1,0,,,,,2020-09-15 06:25:42
19343014,,False,,0,,,,,,REAPING REWARD,0,0,0,,5,,0,1,0,,,,,2020-09-15 06:25:43
19350011,,False,,0,,,,,,NEARCO,0,0,0,,5,,0,1,0,,,,,2020-09-15 06:25:43
19350031,,False,,0,,,,,,MENOW,0,0,0,,5,8.0,0,1,0,,,,,2020-09-15 06:25:43
19350051,,False,,0,,,,,,UNBREAKABLE,0,0,0,,5,,0,1,0,,,,,2020-09-15 06:25:43
19350071,,False,,0,,,,,,FIGHTING FOX,0,0,0,,5,1.0,0,1,0,,,,,2020-09-15 06:25:43
19350150,,False,,0,,,,,,SWEEPING TIDE,0,0,0,,5,,0,1,0,,,,,2020-09-15 06:25:43
19350399,,False,,0,,,,,,BULL LEA,0,0,0,,5,,0,1,0,,,,,2020-09-15 06:25:43
19360039,,False,,0,,,,,,HIS HIGHNESS,0,0,0,,5,8.0,0,1,0,,,,,2020-09-15 06:25:43
19360059,,False,,0,,,,,,HELIOPOLIS,0,0,0,,5,,0,1,0,,,,,2020-09-15 06:25:43
19360079,,False,,0,,,,,,JOHNSTOWN,0,0,0,,5,1.0,0,1,0,,,,,2020-09-15 06:25:43
19363010,,False,,0,,,,,,HELIOSCOPE,0,0,0,,5,,0,1,0,,,,,2020-09-15 06:25:43
19370037,,False,,0,,,,,,BON AMIS,0,0,0,,5,,0,1,0,,,,,2020-09-15 06:25:43
19370057,,False,,0,,,,,,ROMAN,0,0,0,,5,,0,1,0,,,,,2020-09-15 06:25:43
19370077,,False,,0,,,,,,WILD CHICLE,0,0,0,,5,,0,1,0,,,,,2020-09-15 06:25:43
19370097,,False,,0,,,,,,DENTURIUS,0,0,0,,5,8.0,0,1,0,,,,,2020-09-15 06:25:43
19370113,,False,,0,,,,,,BONAMIS,0,0,0,,5,1.0,0,1,0,,,,,2020-09-15 06:25:43
19373018,,False,,0,,,,,,BIMELECH,0,0,0,,5,1.0,0,1,0,,,,,2020-09-15 06:25:43
19373038,,False,,0,,,,,,STARDUST,0,0,0,,5,8.0,0,1,0,,,,,2020-09-15 06:25:43
19380035,,False,,0,,,,,,APOLLO,0,0,0,,5,,0,1,0,,,,,2020-09-15 06:25:43
19380054,,False,,0,,,,,,AVENGER,0,0,0,,5,1.0,0,1,0,,,,,2020-09-15 06:25:43
19380055,,False,,0,,,,,,C.P.J,0,0,0,,5,,0,1,0,,,,,2020-09-15 06:25:43
19380075,,False,,0,,,,,,OWEN TUDOR,0,0,0,,5,,0,1,0,,,,,2020-09-15 06:25:43
19380095,,False,,0,,,,,,THE RHYMER,0,0,0,,5,,0,1,0,,,,,2020-09-15 06:25:43
19380111,,False,,0,,,,,,ORTHODOX,0,0,0,,5,8.0,0,1,0,,,,,2020-09-15 06:25:43
19380131,,False,,0,,,,,,ALIBHAI,0,0,0,,5,,0,1,0,,,,,2020-09-15 06:25:43
19380151,,False,,0,,,,,,WAR RELIC,0,0,0,,5,8.0,0,1,0,,,,,2020-09-15 06:25:43
19380171,,False,,0,,,,,,ATTENTION,0,0,0,,5,1.0,0,1,0,,,,,2020-09-15 06:25:43
19390033,,False,,0,,,,,,DEVIL DIVER,0,0,0,,5,,0,1,0,,,,,2020-09-15 06:25:43
19390053,,False,,0,,,,,,ARCO,0,0,0,,5,8.0,0,1,0,,,,,2020-09-15 06:25:43
19390073,,False,,0,,,,,,REQUESTED,0,0,0,,5,8.0,0,1,0,,,,,2020-09-15 06:25:43
19390093,,False,,0,,,,,,SHUT OUT,0,0,0,,5,8.0,0,1,0,,,,,2020-09-15 06:25:43
19390119,,False,,0,,,,,,ALSAB,0,0,0,,5,1.0,0,1,0,,,,,2020-09-15 06:25:43
19391318,,False,,0,,,,,,SUN KING,0,0,0,,5,,0,1,0,,,,,2022-10-15 16:55:25
19393014,,False,,0,,,,,,BERNBOROUGH,0,0,0,,5,1.0,0,1,0,,,,,2020-09-15 06:25:43
19400010,,False,,0,,,,,,HASTEVILLE,0,0,0,,5,,0,1,0,,,,,2020-09-15 06:25:43
19400030,,False,,0,,,,,,WHIRLAWAY,0,0,0,,5,1.0,0,1,0,,,,,2020-09-15 06:25:43
19400050,,False,,0,,,,,,PRINCE QUILLO,0,0,0,,5,,0,1,0,,,,,2020-09-15 06:25:43
19400070,,False,,0,,,,,,KIOWA CHIEF,0,0,0,,5,,0,1,0,,,,,2020-09-15 06:25:43
19400136,,False,,0,,,,,,ESPADIN,0,0,0,,5,1.0,0,1,0,,,,,2020-09-15 06:25:43
19400176,,False,,0,,,,,,ALQUEST,0,0,0,,5,,0,1,0,,,,,2020-09-15 06:25:43
19400196,,False,,0,,,,,,PRINCEQUILLO,0,0,0,,5,1.0,0,1,0,,,,,2020-09-15 06:25:43
19400212,,False,,0,,,,,,COUNT FLEET,0,0,0,,5,,0,1,0,,,,,2020-09-15 06:25:43
19400232,,False,,0,,,,,,WILD RISK,0,0,0,,5,1.0,0,1,0,,,,,2020-09-15 06:25:43
19400252,,False,,0,,,,,,ADVOCATE (GB),0,0,0,,5,8.0,0,1,0,,,,,2020-09-15 06:25:43
19400414,,False,,0,,,,,,NASRULLAH,0,0,0,,5,1.0,0,1,0,,,,,2020-09-15 06:25:43
19403011,,False,,0,,,,,,FAIR TIP,0,0,0,,5,8.0,0,1,0,,,,,2020-09-15 06:25:43
19410058,,False,,0,,,,,,BOREALIS,0,0,0,,5,,0,1,0,,,,,2020-09-15 06:25:43
19410078,,False,,0,,,,,,TRIPLICATE,0,0,0,,5,8.0,0,1,0,,,,,2020-09-15 06:25:43
19410770,,False,,0,,,,,,BOB HOPE,0,0,0,,5,,0,1,0,,,,,2020-09-15 06:25:43
19410972,,False,,0,,,,,,GOLDEN CLOUD (GB),0,0,0,,5,9.0,0,1,0,,,,,2020-09-15 06:25:43
19413019,,False,,0,,,,,,MERRY MARK,0,0,0,,5,,0,1,0,,,,,2020-09-15 06:25:43
19420056,,False,,0,,,,,,ROYAL CHARGER,0,0,0,,5,8.0,0,1,0,,,,,2020-09-15 06:25:43
19420076,,False,,0,,,,,,ERRARD,0,0,0,,5,,0,1,0,,,,,2020-09-15 06:25:43
19420096,,False,,0,,,,,,POLYNESIAN,0,0,0,,5,,0,1,0,,,,,2020-09-15 06:25:43
19420112,,False,,0,,,,,,BROOKFIELD,0,0,0,,5,1.0,0,1,0,,,,,2020-09-15 06:25:43
19420152,,False,,0,,,,,,CHAMOSSAIRE,0,0,0,,5,8.0,0,1,0,,,,,2020-09-15 06:25:43
19420172,,False,,0,,,,,,BROADCASTER,0,0,0,,5,8.0,0,1,0,,,,,2020-09-15 06:25:43
19422030,,False,,0,,,,,,NED CANRON,0,0,0,,5,1.0,0,1,0,,,,,2020-09-15 06:25:43
19423017,,False,,0,,,,,,COURT MARTIAL,0,0,0,,5,1.0,0,1,0,,,,,2020-09-15 06:25:43
19423037,,False,,0,,,,,,COMO,0,0,0,,5,,0,1,0,,,,,2020-09-15 06:25:43
19423057,,False,,0,,,,,,BOOMERANG,0,0,0,,5,,0,1,0,,,,,2020-09-15 06:25:43
19430014,,False,,0,,,,,,VILMORIN,0,0,0,,5,9.0,0,1,0,,,,,2020-09-15 06:25:43
19430034,,False,,0,,,,,,ARILOU,0,0,0,,5,8.0,0,1,0,,,,,2020-09-15 06:25:43
19430054,,False,,0,,,,,,MASSIF,0,0,0,,5,,0,1,0,,,,,2020-09-15 06:25:43
19430074,,False,,0,,,,,,KHALED,0,0,0,,5,,0,1,0,,,,,2020-09-15 06:25:43
19430110,,False,,0,,,,,,MARAJ KUMAR,0,0,0,,5,8.0,0,1,0,,,,,2020-09-15 06:25:43
19433015,,False,,0,,,,,,AIR HERO,0,0,0,,5,,0,1,0,,,,,2020-09-15 06:25:43
19433035,,False,,0,,,,,,LOVE SONNET,0,0,0,,5,,0,1,0,,,,,2020-09-15 06:25:43
19440012,,False,,0,,,,,,PETITION,0,0,0,,5,,0,1,0,,,,,2020-09-15 06:25:43
19440032,,False,,0,,,,,,IMPECCABLE II,0,0,0,,5,9.0,0,1,0,,,,,2020-09-15 06:25:43
19440052,,False,,0,,,,,,MIGOLI,0,0,0,,5,,0,1,0,,,,,2020-09-15 06:25:43
19440072,,False,,0,,,,,,SUNNY BOY,0,0,0,,5,8.0,0,1,0,,,,,2020-09-15 06:25:43
19440092,,False,,0,,,,,,TENERANI,0,0,0,,5,1.0,0,1,0,,,,,2020-09-15 06:25:43
19440118,,False,,0,,,,,,COSMIC BOMB,0,0,0,,5,,0,1,0,,,,,2020-09-15 06:25:43
19440138,,False,,0,,,,,,JET PILOT,0,0,0,,5,8.0,0,1,0,,,,,2020-09-15 06:25:43
19440254,,False,,0,,,,,,TUDOR MINSTREL,0,0,0,,5,,0,1,0,,,,,2020-09-15 06:25:43
19443013,,False,,0,,,,,,DOUBLE JAY,0,0,0,,5,8.0,0,1,0,,,,,2020-09-15 06:25:43
19443033,,False,,0,,,,,,FALLS OF CLYDE,0,0,0,,5,,0,1,0,,,,,2020-09-15 06:25:43
19443053,,False,,0,,,,,,SOLERO,0,0,0,,5,,0,1,0,,,,,2020-09-15 06:25:43
19443073,,False,,0,,,,,,MURANO,0,0,0,,5,,0,1,0,,,,,2020-09-15 06:25:43
19450010,,False,,0,,,,,,SAGGY,0,0,0,,5,8.0,0,1,0,,,,,2020-09-15 06:25:43
19450030,,False,,0,,,,,,ANDYS GLORY,0,0,0,,5,,0,1,0,,,,,2020-09-15 06:25:43
19450050,,False,,0,,,,,,SWEDAK,0,0,0,,5,,0,1,0,,,,,2020-09-15 06:25:43
19450070,,False,,0,,,,,,ALYCIDON II,0,0,0,,5,8.0,0,1,0,,,,,2020-09-15 06:25:43
19450090,,False,,0,,,,,,BABUR,0,0,0,,5,,0,1,0,,,,,2020-09-15 06:25:43
19450116,,False,,0,,,,,,MOUNT MERCY,0,0,0,,5,8.0,0,1,0,,,,,2020-09-15 06:25:43
19450136,,False,,0,,,,,,RELIC,0,0,0,,5,,0,1,0,,,,,2020-09-15 06:25:43
19450156,,False,,0,,,,,,VOLCANIC,0,0,0,,5,1.0,0,1,0,,,,,2020-09-15 06:25:43
19450176,,False,,0,,,,,,DJEDDAH,0,0,0,,5,8.0,0,1,0,,,,,2020-09-15 06:25:43
19450494,,False,,0,,,,,,CITATION,0,0,0,,5,9.0,0,1,0,,,,,2020-09-15 06:25:43
19460018,,False,,0,,,,,,ABERNANT,0,0,0,,5,9.0,0,1,0,,,,,2020-09-15 06:25:43
19460038,,False,,0,,,,,,SPORT PAGE,0,0,0,,5,8.0,0,1,0,,,,,2020-09-15 06:25:43
19460058,,False,,0,,,,,,MR. BUSHER,0,0,0,,5,8.0,0,1,0,,,,,2020-09-15 06:25:43
19460078,,False,,0,,,,,,OLYMPIA,0,0,0,,5,,0,1,0,,,,,2020-09-15 06:25:43
19460098,,False,,0,,,,,,AMBIORIX,0,0,0,,5,1.0,0,1,0,,,,,2020-09-15 06:25:43
19460114,,False,,0,,,,,,COLONIST,0,0,0,,5,8.0,0,1,0,,,,,2020-09-15 06:25:43
19460134,,False,,0,,,,,,PONDER,0,0,0,,5,,0,1,0,,,,,2020-09-15 06:25:43
19462210,,False,,0,,,,,,PERSONAL POWER,0,0,0,,5,,0,1,0,,,,,2020-09-15 06:25:43
19463019,,False,,0,,,,,,DOUBLE BRANDY,0,0,0,,5,9.0,0,1,0,,,,,2020-09-15 06:25:43
19463039,,False,,0,,,,,,PALESTINIAN,0,0,0,,5,,0,1,0,,,,,2020-09-15 06:25:43
19463059,,False,,0,,,,,,JOHNS JOY,0,0,0,,5,,0,1,0,,,,,2020-09-15 06:25:43
19463079,,False,,0,,,,,,KRAKATAO,0,0,0,,5,,0,1,0,,,,,2020-09-15 06:25:43
19463115,,False,,0,,,,,,BOLERO U.,0,0,0,,5,,0,1,0,,,,,2020-09-15 06:25:43
19470016,,False,,0,,,,,,MOSSBOROUGH,0,0,0,,5,8.0,0,1,0,,,,,2020-09-15 06:25:43
19470036,,False,,0,,,,,,SHEILAS REWARD,0,0,0,,5,8.0,0,1,0,,,,,2020-09-15 06:25:43
19470056,,False,,0,,,,,,GREEK SONG,0,0,0,,5,1.0,0,1,0,,,,,2020-09-15 06:25:43
19470430,,False,,0,,,,,,PARDAL BAY,0,0,0,,5,,0,1,0,,,,,2020-09-15 06:25:43
19470894,,False,,0,,,,,,JET FLIGHT,0,0,0,,5,,0,1,0,,,,,2020-09-15 06:25:43
19471637,,False,,0,,,,,,CALL OVER,0,0,0,,5,8.0,0,1,0,,,,,2020-09-15 06:25:43
19473017,,False,,0,,,,,,HELIODORUS,0,0,0,,5,,0,1,0,,,,,2020-09-15 06:25:43
19473037,,False,,0,,,,,,COUNTY DELIGHT,0,0,0,,5,1.0,0,1,0,,,,,2020-09-15 06:25:43
19473057,,False,,0,,,,,,IMPUDENT,0,0,0,,5,1.0,0,1,0,,,,,2020-09-15 06:25:43
19473077,,False,,0,,,,,,NUAGE DORE,0,0,0,,5,,0,1,0,,,,,2020-09-15 06:25:43
19480034,,False,,0,,,,,,HAMPDEN FOREST,0,0,0,,5,,0,1,0,,,,,2020-09-15 06:25:43
19480054,,False,,0,,,,,,ALERTED,0,0,0,,5,1.0,0,1,0,,,,,2020-09-15 06:25:43
19480074,,False,,0,,,,,,GREY SOVEREIGN,0,0,0,,5,9.0,0,1,0,,,,,2020-09-15 06:25:43
19480094,,False,,0,,,,,,ROUGH'N TUMBLE,0,0,0,,5,1.0,0,1,0,,,,,2020-09-15 06:25:43
19480110,,False,,0,,,,,,ARISTOPHANES,0,0,0,,5,8.0,0,1,0,,,,,2020-09-15 06:25:43
19480130,,False,,0,,,,,,TO MARKET,0,0,0,,5,8.0,0,1,0,,,,,2020-09-15 06:25:43
19480150,,False,,0,,,,,,CRAFTY ADMIRAL,0,0,0,,5,1.0,0,1,0,,,,,2020-09-15 06:25:43
19480170,,False,,0,,,,,,FAIR PLAY,0,0,0,,5,,0,1,0,,,,,2020-09-15 06:25:43
19480190,,False,,0,,,,,,ANYOLDTIME,0,0,0,,5,1.0,0,1,0,,,,,2020-09-15 06:25:43
19480216,,False,,0,,,,,,NYANGAL,0,0,0,,5,1.0,0,1,0,,,,,2020-09-15 06:25:43
19481475,,False,,0,,,,,,PET BULLY,0,0,0,,5,,0,1,0,,,,,2020-09-15 06:25:43
19481975,,False,,0,,,,,,ICEBERG II,0,0,0,,5,1.0,0,1,0,,,,,2020-09-15 06:25:43
19483015,,False,,0,,,,,,BY FIVE,0,0,0,,5,8.0,0,1,0,,,,,2020-09-15 06:25:43
19483035,,False,,0,,,,,,ROUGH 'N' TUMBLE,0,0,0,,5,1.0,0,1,0,,,,,2020-09-15 06:25:43
19483055,,False,,0,,,,,,INTENT,0,0,0,,5,8.0,0,1,0,,,,,2020-09-15 06:25:43
19483075,,False,,0,,,,,,BATTLEFIELD,0,0,0,,5,,0,1,0,,,,,2020-09-15 06:25:43
19485019,,False,,0,,,,,,DELIRIUM,0,0,0,,5,,0,1,0,,,,,2020-09-15 06:25:43
19486016,,False,,0,,,,,,MAMELUKE,0,0,0,,5,8.0,0,1,0,,,,,2020-09-15 06:25:43
19486056,,False,,0,,,,,,HARD SAUCE,0,0,0,,5,1.0,0,1,0,,,,,2020-09-15 06:25:43
19486096,,False,,0,,,,,,HAM BONE,0,0,0,,5,,0,1,0,,,,,2020-09-15 06:25:43
19486132,,False,,0,,,,,,ROMAN PICTURE,0,0,0,,5,,0,1,0,,,,,2020-09-15 06:25:43
19486172,,False,,0,,,,,,GOLD NOTE,0,0,0,,5,1.0,0,1,0,,,,,2020-09-15 06:25:43
19486394,,False,,0,,,,,,WOODCHUCK,0,0,0,,5,,0,1,0,,,,,2020-09-15 06:25:43
19486490,,False,,0,,,,,,BORDER LEGEND,0,0,0,,5,,0,1,0,,,,,2020-09-15 06:25:43
19486632,,False,,0,,,,,,ROMMEL,0,0,0,,5,,0,1,0,,,,,2020-09-15 06:25:43
19490032,,False,,0,,,,,,THE PHOENIX,0,0,0,,5,8.0,0,1,0,,,,,2020-09-15 06:25:43
19490052,,False,,0,,,,,,INDIAN HEMP,0,0,0,,5,,0,1,0,,,,,2020-09-15 06:25:43
19490072,,False,,0,,,,,,LORD PRIAM,0,0,0,,5,1.0,0,1,0,,,,,2020-09-15 06:25:43
19490092,,False,,0,,,,,,HILL GAIL,0,0,0,,5,,0,1,0,,,,,2020-09-15 06:25:43
19490118,,False,,0,,,,,,WINDY CITY 2ND,0,0,0,,5,,0,1,0,,,,,2020-09-15 06:25:43
19490138,,False,,0,,,,,,TOM FOOL,0,0,0,,5,1.0,0,1,0,,,,,2020-09-15 06:25:43
19490352,,False,,0,,,,,,COCK OF THE NORTH,0,0,0,,5,1.0,0,1,0,,,,,2020-09-15 06:25:43
19490390,,False,,0,,,,,,RUSHWIND,0,0,0,,5,,0,1,0,,,,,2020-09-15 06:25:43
19490532,,False,,0,,,,,,FAUBOURG II,0,0,0,,5,,0,1,0,,,,,2020-09-15 06:25:43
19490794,,False,,0,,,,,,TULYAR,0,0,0,,5,,0,1,0,,,,,2020-09-15 06:25:43
19490810,,False,,0,,,,,,AT FORTY,0,0,0,,5,,0,1,0,,,,,2020-09-15 06:25:43
19490870,,False,,0,,,,,,MARK-YE-WELL,0,0,0,,5,1.0,0,1,0,,,,,2020-09-15 06:25:43
19490936,,False,,0,,,,,,KING'S BENCH,0,0,0,,5,1.0,0,1,0,,,,,2020-09-15 06:25:43
19490976,,False,,0,,,,,,SWIFT ABBEY,0,0,0,,5,,0,1,0,,,,,2020-09-15 06:25:43
19491915,,False,,0,,,,,,SET FAIR,0,0,0,,5,,0,1,0,,,,,2020-09-15 06:25:43
19493013,,False,,0,,,,,,JET ACE,0,0,0,,5,,0,1,0,,,,,2020-09-15 06:25:43
19493033,,False,,0,,,,,,BAYBROOK,0,0,0,,5,1.0,0,1,0,,,,,2020-09-15 06:25:43
19500019,,False,,0,,,,,,PRINCE DARE,0,0,0,,5,9.0,0,1,0,,,,,2020-09-15 06:25:43
19500059,,False,,0,,,,,,MARCH PAST,0,0,0,,5,,0,1,0,,,,,2020-09-15 06:25:43
19500079,,False,,0,,,,,,NATIVE DANCER,0,0,0,,5,9.0,0,1,0,,,,,2020-09-15 06:25:43
19500771,,False,,0,,,,,,FINAL VERDICT,0,0,0,,5,,0,1,0,,,,,2020-09-15 06:25:43
19500817,,False,,0,,,,,,BEAU GAR,0,0,0,,5,,0,1,0,,,,,2020-09-15 06:25:43
19500857,,False,,0,,,,,,BUCK'N GEE,0,0,0,,5,,0,1,0,,,,,2020-09-15 06:25:43
19500897,,False,,0,,,,,,KING OF THE TUDORS,0,0,0,,5,,0,1,0,,,,,2020-09-15 06:25:43
19501556,,False,,0,,,,,,WHISTLER,0,0,0,,5,,0,1,0,,,,,2020-09-15 06:25:43
19501990,,False,,0,,,,,,TROJAN MONARCH,0,0,0,,5,8.0,0,1,0,,,,,2020-09-15 06:25:43
19503010,,False,,0,,,,,,WORDEN II,0,0,0,,5,1.0,0,1,0,,,,,2020-09-15 06:25:43
19503030,,False,,0,,,,,,HEIR APPARENT,0,0,0,,5,,0,1,0,,,,,2020-09-15 06:25:43
19503050,,False,,0,,,,,,CLONLEASON,0,0,0,,5,,0,1,0,,,,,2020-09-15 06:25:43
19503070,,False,,0,,,,,,APPLE GRAND,0,0,0,,5,,0,1,0,,,,,2020-09-15 06:25:43
19503090,,False,,0,,,,,,ACE DESTROYER,0,0,0,,5,,0,1,0,,,,,2020-09-15 06:25:43
19503116,,False,,0,,,,,,REJECTED,0,0,0,,5,,0,1,0,,,,,2020-09-15 06:25:43
19503156,,False,,0,,,,,,DARK STAR,0,0,0,,5,,0,1,0,,,,,2020-09-15 06:25:43
19503176,,False,,0,,,,,,VILMORAY,0,0,0,,5,,0,1,0,,,,,2020-09-15 06:25:43
19503212,,False,,0,,,,,,PREMONITION,0,0,0,,5,1.0,0,1,0,,,,,2020-09-15 06:25:43
19503232,,False,,0,,,,,,MUSKET,0,0,0,,5,,0,1,0,,,,,2020-09-15 06:25:43
19510037,,False,,0,,,,,,PORTERHOUSE,0,0,0,,5,8.0,0,1,0,,,,,2020-09-15 06:25:43
19510057,,False,,0,,,,,,HASTY ROAD,0,0,0,,5,1.0,0,1,0,,,,,2020-09-15 06:25:43
19510077,,False,,0,,,,,,ACTIVATE,0,0,0,,5,1.0,0,1,0,,,,,2020-09-15 06:25:43
19510097,,False,,0,,,,,,KINGS BLOOD,0,0,0,,5,1.0,0,1,0,,,,,2020-09-15 06:25:43
19510113,,False,,0,,,,,,ARI'S SETUP,0,0,0,,5,,0,1,0,,,,,2020-09-15 06:25:43
19510133,,False,,0,,,,,,LOS CURROS,0,0,0,,5,8.0,0,1,0,,,,,2020-09-15 06:25:43
19510153,,False,,0,,,,,,MATRICE,0,0,0,,5,,0,1,0,,,,,2020-09-15 06:25:43
19510173,,False,,0,,,,,,BLUE PRINCE,0,0,0,,5,1.0,0,1,0,,,,,2020-09-15 06:25:43
19510193,,False,,0,,,,,,SUMMA CUM,0,0,0,,5,,0,1,0,,,,,2020-09-15 06:25:43
19510219,,False,,0,,,,,,TURN-TO,0,0,0,,5,1.0,0,1,0,,,,,2020-09-15 06:25:43
19510239,,False,,0,,,,,,JET ACTION,0,0,0,,5,8.0,0,1,0,,,,,2020-09-15 06:25:43
19510259,,False,,0,,,,,,CORRELATION,0,0,0,,5,1.0,0,1,0,,,,,2020-09-15 06:25:43
19510355,,False,,0,,,,,,THE PIPER,0,0,0,,5,,0,1,0,,,,,2020-09-15 06:25:43
19510372,,False,,0,,,,,,PRINCELY GIFT,0,0,0,,5,,0,1,0,,,,,2020-09-15 06:25:43
19510633,,False,,0,,,,,,STAR GAZER,0,0,0,,5,,0,1,0,,,,,2020-09-15 06:25:43
19510895,,False,,0,,,,,,HIGH TREASON,0,0,0,,5,,0,1,0,,,,,2020-09-15 06:25:43
19510911,,False,,0,,,,,,CORONATION YEAR,0,0,0,,5,,0,1,0,,,,,2020-09-15 06:25:43
19510931,,False,,0,,,,,,ZARATHUSTRA,0,0,0,,5,,0,1,0,,,,,2020-09-15 06:25:43
19510971,,False,,0,,,,,,SICA BOY,0,0,0,,5,1.0,0,1,0,,,,,2020-09-15 06:25:43
19510991,,False,,0,,,,,,AMBLER,0,0,0,,5,,0,1,0,,,,,2020-09-15 06:25:43
19511110,,False,,0,,,,,,WINGED NEWS,0,0,0,,5,,0,1,0,,,,,2020-09-15 06:25:43
19511197,,False,,0,,,,,,UMBERTO,0,0,0,,5,1.0,0,1,0,,,,,2020-09-15 06:25:43
19511332,,False,,0,,,,,,ENTENTE CORDIALE,0,0,0,,5,,0,1,0,,,,,2020-09-15 06:25:43
19511594,,False,,0,,,,,,GOOFUS,0,0,0,,5,,0,1,0,,,,,2020-09-15 06:25:43
19512154,,False,,0,,,,,,RED HANNIGAN,0,0,0,,5,,0,1,0,,,,,2020-09-15 06:25:43
19513018,,False,,0,,,,,,BLACK METAL,0,0,0,,5,1.0,0,1,0,,,,,2020-09-15 06:25:43
19513038,,False,,0,,,,,,LIFE POLICY,0,0,0,,5,,0,1,0,,,,,2020-09-15 06:25:43
19513058,,False,,0,,,,,,HOOK MONEY,0,0,0,,5,1.0,0,1,0,,,,,2020-09-15 06:25:43
19513078,,False,,0,,,,,,NEVER SAY DIE,0,0,0,,5,,0,1,0,,,,,2020-09-15 06:25:43
19520015,,False,,0,,,,,,BIRNAMWOOD,0,0,0,,5,1.0,0,1,0,,,,,2020-09-15 06:25:43
19520035,,False,,0,,,,,,MOUNTAIN MUSIC,0,0,0,,5,,0,1,0,,,,,2020-09-15 06:25:43
19520055,,False,,0,,,,,,NASHUA,0,0,0,,5,8.0,0,1,0,,,,,2020-09-15 06:25:43
19520075,,False,,0,,,,,,PAPPA FOURWAY,0,0,0,,5,,0,1,0,,,,,2020-09-15 06:25:43
19520095,,False,,0,,,,,,BUNNY'S BABE,0,0,0,,5,8.0,0,1,0,,,,,2020-09-15 06:25:43
19520111,,False,,0,,,,,,HELIO GUN,0,0,0,,5,1.0,0,1,0,,,,,2020-09-15 06:25:43
19520131,,False,,0,,,,,,APOLLO,0,0,0,,5,8.0,0,1,0,,,,,2020-09-15 06:25:43
19520191,,False,,0,,,,,,NAHAR,0,0,0,,5,,0,1,0,,,,,2020-09-15 06:25:43
19520217,,False,,0,,,,,,TRAFFIC JUDGE,0,0,0,,5,1.0,0,1,0,,,,,2020-09-15 06:25:43
19520237,,False,,0,,,,,,THINKING CAP,0,0,0,,5,,0,1,0,,,,,2020-09-15 06:25:43
19520611,,False,,0,,,,,,BEETHOVEN,0,0,0,,5,,0,1,0,,,,,2020-09-15 06:25:43
19520893,,False,,0,,,,,,OUR BABU,0,0,0,,5,1.0,0,1,0,,,,,2020-09-15 06:25:43
19520919,,False,,0,,,,,,PANASLIPPER,0,0,0,,5,8.0,0,1,0,,,,,2020-09-15 06:25:43
19520958,,False,,0,,,,,,PARADOR,0,0,0,,5,1.0,0,1,0,,,,,2020-09-15 06:25:43
19520979,,False,,0,,,,,,KLAIRON,0,0,0,,5,,0,1,0,,,,,2020-09-15 06:25:43
19521512,,False,,0,,,,,,DEMOCRACTIC,0,0,0,,5,,0,1,0,,,,,2020-09-15 06:25:43
19521618,,False,,0,,,,,,TIPOQUILL,0,0,0,,5,1.0,0,1,0,,,,,2020-09-15 06:25:43
19521976,,False,,0,,,,,,WAR AND PEACE,0,0,0,,5,1.0,0,1,0,,,,,2020-09-15 06:25:43
19522058,,False,,0,,,,,,ROMAN PATROL,0,0,0,,5,,0,1,0,,,,,2020-09-15 06:25:43
19522098,,False,,0,,,,,,HILLARY,0,0,0,,5,,0,1,0,,,,,2020-09-15 06:25:43
19523016,,False,,0,,,,,,MUNCHAUSEN,0,0,0,,5,,0,1,0,,,,,2020-09-15 06:25:43
19523036,,False,,0,,,,,,ROYAL PALM,0,0,0,,5,1.0,0,1,0,,,,,2020-09-15 06:25:43
19523056,,False,,0,,,,,,ROYAL NOTE,0,0,0,,5,,0,1,0,,,,,2020-09-15 06:25:43
19523076,,False,,0,,,,,,NIMBLEFOOT,0,0,0,,5,8.0,0,1,0,,,,,2020-09-15 06:25:43
19523096,,False,,0,,,,,,METIER,0,0,0,,5,1.0,0,1,0,,,,,2020-09-15 06:25:43
19523112,,False,,0,,,,,,SAILOR,0,0,0,,5,,0,1,0,,,,,2020-09-15 06:25:43
19523132,,False,,0,,,,,,RIBOT,0,0,0,,5,1.0,0,1,0,,,,,2020-09-15 06:25:43
19523152,,False,,0,,,,,,COUNSEL,0,0,0,,5,1.0,0,1,0,,,,,2020-09-15 06:25:43
19523172,,False,,0,,,,,,SWAPS,0,0,0,,5,,0,1,0,,,,,2020-09-15 06:25:43
19523198,,False,,0,,,,,,POACHING,0,0,0,,5,,0,1,0,,,,,2020-09-15 06:25:43
19530033,,False,,0,,,,,,COURT FEATHERS,0,0,0,,5,,0,1,0,,,,,2020-09-15 06:25:43
19530053,,False,,0,,,,,,POLIC,0,0,0,,5,1.0,0,1,0,,,,,2020-09-15 06:25:43
19530073,,False,,0,,,,,,TRICO,0,0,0,,5,1.0,0,1,0,,,,,2020-09-15 06:25:43
19530093,,False,,0,,,,,,FRENCH BIEGE,0,0,0,,5,,0,1,0,,,,,2020-09-15 06:25:43
19530119,,False,,0,,,,,,PAPER MONEY,0,0,0,,5,1.0,0,1,0,,,,,2020-09-15 06:25:43
19530139,,False,,0,,,,,,MILESIAN,0,0,0,,5,,0,1,0,,,,,2020-09-15 06:25:43
19530159,,False,,0,,,,,,BIG CARNIVAL,0,0,0,,5,8.0,0,1,0,,,,,2020-09-15 06:25:43
19530179,,False,,0,,,,,,COUNT OF HONOR,0,0,0,,5,,0,1,0,,,,,2020-09-15 06:25:43
19530199,,False,,0,,,,,,TAPIOCA,0,0,0,,5,,0,1,0,,,,,2020-09-15 06:25:43
19530215,,False,,0,,,,,,NANTALLAH,0,0,0,,5,1.0,0,1,0,,,,,2020-09-15 06:25:43
19530276,,False,,0,,,,,,WING COMMANDER,0,0,0,,5,8.0,0,1,0,,,,,2020-09-15 06:25:43
19530716,,False,,0,,,,,,MILLIONAIRE,0,0,0,,5,,0,1,0,,,,,2020-09-15 06:25:43
19530735,,False,,0,,,,,,SPORTSMASTER,0,0,0,,5,,0,1,0,,,,,2020-09-15 06:25:43
19530755,,False,,0,,,,,,GRATITUDE,0,0,0,,5,9.0,0,1,0,,,,,2020-09-15 06:25:43
19530775,,False,,0,,,,,,TANERKO,0,0,0,,5,,0,1,0,,,,,2020-09-15 06:25:43
19530891,,False,,0,,,,,,GILLES DE RETZ,0,0,0,,5,,0,1,0,,,,,2020-09-15 06:25:43
19530937,,False,,0,,,,,,DECATHLON,0,0,0,,5,,0,1,0,,,,,2020-09-15 06:25:43
19530977,,False,,0,,,,,,EPIGRAM,0,0,0,,5,,0,1,0,,,,,2020-09-15 06:25:43
19531292,,False,,0,,,,,,CASH AND COURAGE,0,0,0,,5,,0,1,0,,,,,2020-09-15 06:25:43
19531934,,False,,0,,,,,,POLLY'S JET,0,0,0,,5,,0,1,0,,,,,2020-09-15 06:25:43
19531974,,False,,0,,,,,,ATLAS,0,0,0,,5,8.0,0,1,0,,,,,2020-09-15 06:25:43
19533014,,False,,0,,,,,,GUN SHOT,0,0,0,,5,8.0,0,1,0,,,,,2020-09-15 06:25:43
19533034,,False,,0,,,,,,NICALTINK,0,0,0,,5,,0,1,0,,,,,2020-09-15 06:25:43
19533054,,False,,0,,,,,,RUMESNIL,0,0,0,,5,8.0,0,1,0,,,,,2020-09-15 06:25:43
19533074,,False,,0,,,,,,MOTOR LINE,0,0,0,,5,,0,1,0,,,,,2020-09-15 06:25:43
19533094,,False,,0,,,,,,NEEDLES,0,0,0,,5,,0,1,0,,,,,2020-09-15 06:25:43
19533110,,False,,0,,,,,,NALUR,0,0,0,,5,,0,1,0,,,,,2020-09-15 06:25:43
19533130,,False,,0,,,,,,PRINCE JOHN,0,0,0,,5,1.0,0,1,0,,,,,2020-09-15 06:25:43
19533150,,False,,0,,,,,,VIGO,0,0,0,,5,9.0,0,1,0,,,,,2020-09-15 06:25:43
19533170,,False,,0,,,,,,GREEK SYMPHONY,0,0,0,,5,,0,1,0,,,,,2020-09-15 06:25:43
19540031,,False,,0,,,,,,NEARCTIC,0,0,0,,5,1.0,0,1,0,,,,,2020-09-15 06:25:43
19540032,,False,,0,,,,,,BARBIZON,0,0,0,,5,1.0,0,1,0,,,,,2020-09-15 06:25:43
19540051,,False,,0,,,,,,TULSAN,0,0,0,,5,1.0,0,1,0,,,,,2020-09-15 06:25:43
19540071,,False,,0,,,,,,CARDINAL SIN,0,0,0,,5,8.0,0,1,0,,,,,2020-09-15 06:25:43
19540091,,False,,0,,,,,,ASSEMBLYMAN,0,0,0,,5,,0,1,0,,,,,2020-09-15 06:25:43
19540117,,False,,0,,,,,,GALLANT MAN,0,0,0,,5,1.0,0,1,0,,,,,2020-09-15 06:25:43
19540137,,False,,0,,,,,,ORSINI,0,0,0,,5,,0,1,0,,,,,2020-09-15 06:25:43
19540399,,False,,0,,,,,,NE'ER-DO-WELL,0,0,0,,5,,0,1,0,,,,,2020-09-15 06:25:43
19540511,,False,,0,,,,,,LAKOBAR,0,0,0,,5,,0,1,0,,,,,2020-09-15 06:25:43
19540551,,False,,0,,,,,,BOLD RULER,0,0,0,,5,,0,1,0,,,,,2020-09-15 06:25:43
19540713,,False,,0,,,,,,RED GOD,0,0,0,,5,8.0,0,1,0,,,,,2020-09-15 06:25:43
19540733,,False,,0,,,,,,QUORUM,0,0,0,,5,,0,1,0,,,,,2020-09-15 06:25:43
19540753,,False,,0,,,,,,ETONIAN,0,0,0,,5,1.0,0,1,0,,,,,2020-09-15 06:25:43
19540773,,False,,0,,,,,,TOM O'SHANTER,0,0,0,,5,,0,1,0,,,,,2020-09-15 06:25:43
19540793,,False,,0,,,,,,PROMISED LAND,0,0,0,,5,,0,1,0,,,,,2020-09-15 06:25:43
19540819,,False,,0,,,,,,ROUND TABLE,0,0,0,,5,,0,1,0,,,,,2020-09-15 06:25:43
19540859,,False,,0,,,,,,EUDAEMON,0,0,0,,5,8.0,0,1,0,,,,,2020-09-15 06:25:43
19540899,,False,,0,,,,,,FEDERAL HILL,0,0,0,,5,,0,1,0,,,,,2020-09-15 06:25:43
19540935,,False,,0,,,,,,MOURNE,0,0,0,,5,,0,1,0,,,,,2020-09-15 06:25:43
19540975,,False,,0,,,,,,MINCE PIE,0,0,0,,5,,0,1,0,,,,,2020-09-15 06:25:43
19541399,,False,,0,,,,,,DODGER,0,0,0,,5,,0,1,0,,,,,2020-09-15 06:25:43
19541518,,False,,0,,,,,,SEANEEN,0,0,0,,5,,0,1,0,,,,,2020-09-15 06:25:43
19541531,,False,,0,,,,,,VERTEX,0,0,0,,5,1.0,0,1,0,,,,,2020-09-15 06:25:43
19541654,,False,,0,,,,,,RED GOLD,0,0,0,,5,,0,1,0,,,,,2020-09-15 06:25:43
19541677,,False,,0,,,,,,WAYNE,0,0,0,,5,,0,1,0,,,,,2020-09-15 06:25:43
19541972,,False,,0,,,,,,BALLYMOSS,0,0,0,,5,8.0,0,1,0,,,,,2020-09-15 06:25:43
19542270,,False,,0,,,,,,COHOES,0,0,0,,5,,0,1,0,,,,,2020-09-15 06:25:43
19543012,,False,,0,,,,,,BALLYPRECIOUS,0,0,0,,5,1.0,0,1,0,,,,,2020-09-15 06:25:43
19543032,,False,,0,,,,,,TAM O'SHANTER,0,0,0,,5,,0,1,0,,,,,2020-09-15 06:25:43
19543052,,False,,0,,,,,,HIGH ROAD,0,0,0,,5,,0,1,0,,,,,2020-09-15 06:25:43
19543072,,False,,0,,,,,,MON MANOIR,0,0,0,,5,,0,1,0,,,,,2020-09-15 06:25:43
19543092,,False,,0,,,,,,SEE SAW,0,0,0,,5,,0,1,0,,,,,2020-09-15 06:25:43
19543118,,False,,0,,,,,,DOUTELLE,0,0,0,,5,8.0,0,1,0,,,,,2020-09-15 06:25:43
19543138,,False,,0,,,,,,BETTER BEE,0,0,0,,5,,0,1,0,,,,,2020-09-15 06:25:43
19543158,,False,,0,,,,,,PRINCE KHALED,0,0,0,,5,,0,1,0,,,,,2020-09-15 06:25:43
19543178,,False,,0,,,,,,GATE SMASHER,0,0,0,,5,,0,1,0,,,,,2020-09-15 06:25:43
19543198,,False,,0,,,,,,POACHING,0,0,0,,5,,0,1,0,,,,,2020-09-15 06:25:43
19543214,,False,,0,,,,,,KING HAIRAN,0,0,0,,5,,0,1,0,,,,,2020-09-15 06:25:43
19543234,,False,,0,,,,,,PRIMERA,0,0,0,,5,,0,1,0,,,,,2020-09-15 06:25:43
19543254,,False,,0,,,,,,NASHVILLE,0,0,0,,5,,0,1,0,,,,,2020-09-15 06:25:43
19543274,,False,,0,,,,,,POCKET RULER,0,0,0,,5,,0,1,0,,,,,2020-09-15 06:25:43
19550019,,False,,0,,,,,,ARIEL,0,0,0,,5,1.0,0,1,0,,,,,2020-09-15 06:25:43
19550039,,False,,0,,,,,,WHAT'S AHEAD,0,0,0,,5,,0,1,0,,,,,2020-09-15 06:25:43
19550059,,False,,0,,,,,,CABINTEELY,0,0,0,,5,8.0,0,1,0,,,,,2020-09-15 06:25:43
19550079,,False,,0,,,,,,HARD TACK,0,0,0,,5,1.0,0,1,0,,,,,2020-09-15 06:25:43
19550099,,False,,0,,,,,,TIEPOLO II,0,0,0,,5,1.0,0,1,0,,,,,2020-09-15 06:25:43
19550115,,False,,0,,,,,,STUNNING,0,0,0,,5,8.0,0,1,0,,,,,2020-09-15 06:25:43
19550135,,False,,0,,,,,,SNOW CAT,0,0,0,,5,,0,1,0,,,,,2020-09-15 06:25:43
19550175,,False,,0,,,,,,TIM TAM,0,0,0,,5,,0,1,0,,,,,2020-09-15 06:25:43
19550433,,False,,0,,,,,,WAR BRACLET,0,0,0,,5,,0,1,0,,,,,2020-09-15 06:25:43
19550600,,False,,0,,,,,,GLENGARY,0,0,0,,5,,0,1,0,,,,,2020-09-15 06:25:43
19550675,,False,,0,,,,,,KELLY,0,0,0,,5,,0,1,0,,,,,2020-09-15 06:25:43
19550817,,False,,0,,,,,,JESTER,0,0,0,,5,1.0,0,1,0,,,,,2020-09-15 06:25:43
19550857,,False,,0,,,,,,THARMALL,0,0,0,,5,,0,1,0,,,,,2020-09-15 06:25:43
19550897,,False,,0,,,,,,WILL SOMERS,0,0,0,,5,,0,1,0,,,,,2020-09-15 06:25:43
19550933,,False,,0,,,,,,NEPTUNE,0,0,0,,5,,0,1,0,,,,,2020-09-15 06:25:43
19550973,,False,,0,,,,,,SAN PEDRO,0,0,0,,5,,0,1,0,,,,,2020-09-15 06:25:43
19551571,,False,,0,,,,,,RISE 'N SHINE,0,0,0,,5,8.0,0,1,0,,,,,2020-09-15 06:25:43
19551591,,False,,0,,,,,,MUSIC MAN FOX,0,0,0,,5,,0,1,0,,,,,2020-09-15 06:25:43
19551970,,False,,0,,,,,,ROYAL FARMER,0,0,0,,5,,0,1,0,,,,,2020-09-15 06:25:43
19553010,,False,,0,,,,,,HARD RIDDEN,0,0,0,,5,8.0,0,1,0,,,,,2020-09-15 06:25:43
19553030,,False,,0,,,,,,CLANDESTINE,0,0,0,,5,,0,1,0,,,,,2020-09-15 06:25:43
19553050,,False,,0,,,,,,PALL MALL,0,0,0,,5,8.0,0,1,0,,,,,2020-09-15 06:25:43
19553070,,False,,0,,,,,,BLUE NILE,0,0,0,,5,8.0,0,1,0,,,,,2020-09-15 06:25:43
19553090,,False,,0,,,,,,CAVAN,0,0,0,,5,,0,1,0,,,,,2020-09-15 06:25:43
19553116,,False,,0,,,,,,MISTY FLIGHT,0,0,0,,5,8.0,0,1,0,,,,,2020-09-15 06:25:43
19553136,,False,,0,,,,,,ELEGANTE,0,0,0,,5,,0,1,0,,,,,2020-09-15 06:25:43
19560017,,False,,0,,,,,,SETAY,0,0,0,,5,,0,1,0,,,,,2020-09-15 06:25:43
19560057,,False,,0,,,,,,BLEEP BLEEP,0,0,0,,5,9.0,0,1,0,,,,,2020-09-15 06:25:43
19560077,,False,,0,,,,,,HARVEST SINGING,0,0,0,,5,1.0,0,1,0,,,,,2020-09-15 06:25:43
19560097,,False,,0,,,,,,GOLDEN VISION,0,0,0,,5,8.0,0,1,0,,,,,2020-09-15 06:25:43
19560113,,False,,0,,,,,,INDIGENOUS,0,0,0,,5,8.0,0,1,0,,,,,2020-09-15 06:25:43
19560133,,False,,0,,,,,,WINDSOR RULER,0,0,0,,5,,0,1,0,,,,,2020-09-15 06:25:43
19560153,,False,,0,,,,,,ROCKY ROYALE,0,0,0,,5,1.0,0,1,0,,,,,2020-09-15 06:25:43
19560173,,False,,0,,,,,,ON-AND-ON,0,0,0,,5,1.0,0,1,0,,,,,2020-09-15 06:25:43
19560193,,False,,0,,,,,,SHESHOON,0,0,0,,5,8.0,0,1,0,,,,,2020-09-15 06:25:43
19560219,,False,,0,,,,,,INTENTIONALLY,0,0,0,,5,,0,1,0,,,,,2020-09-15 06:25:43
19560239,,False,,0,,,,,,HOIST AWAY,0,0,0,,5,1.0,0,1,0,,,,,2020-09-15 06:25:43
19560517,,False,,0,,,,,,TUDOR MELODY,0,0,0,,5,,0,1,0,,,,,2020-09-15 06:25:43
19560597,,False,,0,,,,,,CORTACHY,0,0,0,,5,,0,1,0,,,,,2020-09-15 06:25:43
19560633,,False,,0,,,,,,ROMAN ROAD,0,0,0,,5,,0,1,0,,,,,2020-09-15 06:25:43
19560673,,False,,0,,,,,,LUCKY GUY,0,0,0,,5,,0,1,0,,,,,2020-09-15 06:25:43
19560756,,False,,0,,,,,,HILLMAN,0,0,0,,5,,0,1,0,,,,,2020-09-15 06:25:43
19560832,,False,,0,,,,,,DON POGGIO,0,0,0,,5,8.0,0,1,0,,,,,2020-09-15 06:25:43
19560855,,False,,0,,,,,,HERBAGER,0,0,0,,5,1.0,0,1,0,,,,,2020-09-15 06:25:43
19560895,,False,,0,,,,,,BRANDY SAUCE,0,0,0,,5,,0,1,0,,,,,2020-09-15 06:25:43
19560931,,False,,0,,,,,,SOVEREIGN PATH,0,0,0,,5,,0,1,0,,,,,2020-09-15 06:25:43
19560971,,False,,0,,,,,,CAPUCHON,0,0,0,,5,9.0,0,1,0,,,,,2020-09-15 06:25:43
19560991,,False,,0,,,,,,DAYBROOK LAD,0,0,0,,5,,0,1,0,,,,,2020-09-15 06:25:43
19561514,,False,,0,,,,,,WATCH YOUR STEP,0,0,0,,5,,0,1,0,,,,,2020-09-15 06:25:43
19561716,,False,,0,,,,,,GREAT ONE,0,0,0,,5,,0,1,0,,,,,2020-09-15 06:25:43
19561978,,False,,0,,,,,,TABOUN,0,0,0,,5,,0,1,0,,,,,2020-09-15 06:25:43
19561998,,False,,0,,,,,,ABOVE SUSPICION,0,0,0,,5,,0,1,0,,,,,2020-09-15 06:25:43
19563018,,False,,0,,,,,,AMBER MORN,0,0,0,,5,1.0,0,1,0,,,,,2020-09-15 06:25:43
19563038,,False,,0,,,,,,ST. CRESPIN III,0,0,0,,5,,0,1,0,,,,,2020-09-15 06:25:43
19563058,,False,,0,,,,,,GALIVANTER,0,0,0,,5,,0,1,0,,,,,2020-09-15 06:25:43
19563078,,False,,0,,,,,,CRAFTY SKIPPER,0,0,0,,5,8.0,0,1,0,,,,,2020-09-15 06:25:43
19563098,,False,,0,,,,,,ELYSIUM II,0,0,0,,5,,0,1,0,,,,,2020-09-15 06:25:43
19563134,,False,,0,,,,,,NOHOLME II,0,0,0,,5,8.0,0,1,0,,,,,2020-09-15 06:25:43
19563154,,False,,0,,,,,,PARTHIA,0,0,0,,5,1.0,0,1,0,,,,,2020-09-15 06:25:43
19563174,,False,,0,,,,,,FIDALGO,0,0,0,,5,,0,1,0,,,,,2020-09-15 06:25:43
19563194,,False,,0,,,,,,FIRESTREAK,0,0,0,,5,8.0,0,1,0,,,,,2020-09-15 06:25:43
19563210,,False,,0,,,,,,OBSCURITY,0,0,0,,5,8.0,0,1,0,,,,,2020-09-15 06:25:43
19563230,,False,,0,,,,,,IMMORTALITY,0,0,0,,5,,0,1,0,,,,,2020-09-15 06:25:43
19563250,,False,,0,,,,,,FINAL SESSION,0,0,0,,5,,0,1,0,,,,,2020-09-15 06:25:43
19563270,,False,,0,,,,,,SWORD DANCER,0,0,0,,5,8.0,0,1,0,,,,,2020-09-15 06:25:43
19563290,,False,,0,,,,,,ROYAL ORBIT,0,0,0,,5,8.0,0,1,0,,,,,2020-09-15 06:25:43
19563316,,False,,0,,,,,,LITTLE TYTUS,0,0,0,,5,,0,1,0,,,,,2020-09-15 06:25:44
19570015,,False,,0,,,,,,TIZIANO II,0,0,0,,5,,0,1,0,,,,,2020-09-15 06:25:44
19570075,,False,,0,,,,,,VICTORIA PARK,0,0,0,,5,8.0,0,1,0,,,,,2020-09-15 06:25:44
19570095,,False,,0,,,,,,HIDDEN TREASURE II,0,0,0,,5,,0,1,0,,,,,2020-09-15 06:25:44
19570111,,False,,0,,,,,,ROB ROY III,0,0,0,,5,1.0,0,1,0,,,,,2020-09-15 06:25:44
19570131,,False,,0,,,,,,ROYAL SPREAD,0,0,0,,5,1.0,0,1,0,,,,,2020-09-15 06:25:44
19570151,,False,,0,,,,,,ARTURO A,0,0,0,,5,1.0,0,1,0,,,,,2020-09-15 06:25:44
19570170,,False,,0,,,,,,TIN WHISTLE,0,0,0,,5,8.0,0,1,0,,,,,2020-09-15 06:25:44
19570171,,False,,0,,,,,,FIRE PLAY,0,0,0,,5,,0,1,0,,,,,2020-09-15 06:25:44
19570190,,False,,0,,,,,,NEGOTIATION,0,0,0,,5,8.0,0,1,0,,,,,2020-09-15 06:25:44
19570217,,False,,0,,,,,,T. V. LARK,0,0,0,,5,,0,1,0,,,,,2020-09-15 06:25:44
19570237,,False,,0,,,,,,MOSLEM CHIEF,0,0,0,,5,1.0,0,1,0,,,,,2020-09-15 06:25:44
19570555,,False,,0,,,,,,ROAD HOUSE II,0,0,0,,5,,0,1,0,,,,,2020-09-15 06:25:44
19570737,,False,,0,,,,,,CELTIC ASH,0,0,0,,5,8.0,0,1,0,,,,,2020-09-15 06:25:44
19570776,,False,,0,,,,,,FRANCIS S,0,0,0,,5,1.0,0,1,0,,,,,2020-09-15 06:25:44
19570919,,False,,0,,,,,,HIGH HAT,0,0,0,,5,,0,1,0,,,,,2020-09-15 06:25:44
19570939,,False,,0,,,,,,NULLI SECUNDUS,0,0,0,,5,,0,1,0,,,,,2020-09-15 06:25:44
19570999,,False,,0,,,,,,MIDSUMMER NIGHT II,0,0,0,,5,,0,1,0,,,,,2020-09-15 06:25:44
19571416,,False,,0,,,,,,BLAST,0,0,0,,5,,0,1,0,,,,,2020-09-15 06:25:44
19571572,,False,,0,,,,,,NICE GUY,0,0,0,,5,,0,1,0,,,,,2020-09-15 06:25:44
19571792,,False,,0,,,,,,MONET,0,0,0,,5,8.0,0,1,0,,,,,2020-09-15 06:25:44
19571936,,False,,0,,,,,,SING SING,0,0,0,,5,,0,1,0,,,,,2020-09-15 06:25:44
19571976,,False,,0,,,,,,LE LEVANSTELL,0,0,0,,5,,0,1,0,,,,,2020-09-15 06:25:44
19573016,,False,,0,,,,,,SOUND TRACK,0,0,0,,5,8.0,0,1,0,,,,,2020-09-15 06:25:44
19573036,,False,,0,,,,,,JOHN WILLIAMS,0,0,0,,5,1.0,0,1,0,,,,,2020-09-15 06:25:44
19573056,,False,,0,,,,,,PERSIAN GOLD,0,0,0,,5,1.0,0,1,0,,,,,2020-09-15 06:25:44
19573076,,False,,0,,,,,,MARTIAL,0,0,0,,5,,0,1,0,,,,,2020-09-15 06:25:44
19573112,,False,,0,,,,,,PIAVE,0,0,0,,5,1.0,0,1,0,,,,,2020-09-15 06:25:44
19573132,,False,,0,,,,,,SUNNY WAY,0,0,0,,5,1.0,0,1,0,,,,,2020-09-15 06:25:44
19573152,,False,,0,,,,,,ST. PADDY,0,0,0,,5,,0,1,0,,,,,2020-09-15 06:25:44
19573172,,False,,0,,,,,,WINTER PARK,0,0,0,,5,1.0,0,1,0,,,,,2020-09-15 06:25:44
19573192,,False,,0,,,,,,RUN FOR NURSE,0,0,0,,5,1.0,0,1,0,,,,,2020-09-15 06:25:44
19573218,,False,,0,,,,,,KING'S TROOP,0,0,0,,5,,0,1,0,,,,,2020-09-15 06:25:44
19573238,,False,,0,,,,,,WESTERN SKY II,0,0,0,,5,8.0,0,1,0,,,,,2020-09-15 06:25:44
19573278,,False,,0,,,,,,VIENNA,0,0,0,,5,,0,1,0,,,,,2020-09-15 06:25:44
19580013,,False,,0,,,,,,INDIAN LAD II,0,0,0,,5,,0,1,0,,,,,2020-09-15 06:25:44
19580033,,False,,0,,,,,,GUINEA GOLD,0,0,0,,5,8.0,0,1,0,,,,,2020-09-15 06:25:44
19580053,,False,,0,,,,,,CONCORDANT,0,0,0,,5,8.0,0,1,0,,,,,2020-09-15 06:25:44
19580073,,False,,0,,,,,,CRAZY KID,0,0,0,,5,8.0,0,1,0,,,,,2020-09-15 06:25:44
19580093,,False,,0,,,,,,WOODEN NICKEL,0,0,0,,5,1.0,0,1,0,,,,,2020-09-15 06:25:44
19580119,,False,,0,,,,,,SALMON KING,0,0,0,,5,8.0,0,1,0,,,,,2020-09-15 06:25:44
19580139,,False,,0,,,,,,LAUSO,0,0,0,,5,1.0,0,1,0,,,,,2020-09-15 06:25:44
19580159,,False,,0,,,,,,DEAR SIR,0,0,0,,5,,0,1,0,,,,,2020-09-15 06:25:44
19580179,,False,,0,,,,,,AMBIOPOISE,0,0,0,,5,,0,1,0,,,,,2020-09-15 06:25:44
19580199,,False,,0,,,,,,YOUR ALIBHAI,0,0,0,,5,1.0,0,1,0,,,,,2020-09-15 06:25:44
19580215,,False,,0,,,,,,THE AXE,0,0,0,,5,9.0,0,1,0,,,,,2020-09-15 06:25:44
19580477,,False,,0,,,,,,ENTANGLEMENT,0,0,0,,5,,0,1,0,,,,,2020-09-15 06:25:44
19580736,,False,,0,,,,,,WAYS AND MEANS,0,0,0,,5,1.0,0,1,0,,,,,2020-09-15 06:25:44
19580755,,False,,0,,,,,,HENRY THE SEVENTH,0,0,0,,5,,0,1,0,,,,,2020-09-15 06:25:44
19580811,,False,,0,,,,,,DUAL,0,0,0,,5,,0,1,0,,,,,2020-09-15 06:25:44
19581272,,False,,0,,,,,,PARDAO,0,0,0,,5,,0,1,0,,,,,2020-09-15 06:25:44
19581550,,False,,0,,,,,,KLONDYKE BILL,0,0,0,,5,,0,1,0,,,,,2020-09-15 06:25:44
19581732,,False,,0,,,,,,TYPHOON,0,0,0,,5,,0,1,0,,,,,2020-09-15 06:25:44
19581818,,False,,0,,,,,,EMERSON,0,0,0,,5,,0,1,0,,,,,2020-09-15 06:25:44
19581898,,False,,0,,,,,,CHARABANC,0,0,0,,5,,0,1,0,,,,,2020-09-15 06:25:44
19581914,,False,,0,,,,,,HAIL TO REASON,0,0,0,,5,,0,1,0,,,,,2020-09-15 06:25:44
19581934,,False,,0,,,,,,THE AXE II,0,0,0,,5,8.0,0,1,0,,,,,2020-09-15 06:25:44
19581954,,False,,0,,,,,,PSIDIUM,0,0,0,,5,,0,1,0,,,,,2020-09-15 06:25:44
19581994,,False,,0,,,,,,RIGHT REASON,0,0,0,,5,,0,1,0,,,,,2020-09-15 06:25:44
19583014,,False,,0,,,,,,CROZIER,0,0,0,,5,1.0,0,1,0,,,,,2020-09-15 06:25:44
19583034,,False,,0,,,,,,BOLINAS BOY,0,0,0,,5,1.0,0,1,0,,,,,2020-09-15 06:25:44
19583054,,False,,0,,,,,,OLDEN TIMES,0,0,0,,5,1.0,0,1,0,,,,,2020-09-15 06:25:44
19583074,,False,,0,,,,,,NASHUA BLUE,0,0,0,,5,1.0,0,1,0,,,,,2020-09-15 06:25:44
19583094,,False,,0,,,,,,HE'S A PISTOL,0,0,0,,5,1.0,0,1,0,,,,,2020-09-15 06:25:44
19583110,,False,,0,,,,,,ELCO,0,0,0,,5,,0,1,0,,,,,2020-09-15 06:25:44
19583130,,False,,0,,,,,,MISTY DAY,0,0,0,,5,,0,1,0,,,,,2020-09-15 06:25:44
19588412,,False,,0,,,,,,PELHAM,0,0,0,,5,8.0,0,1,0,,,,,2020-09-15 06:25:44
19590011,,False,,0,,,,,,SPARROW PIE,0,0,0,,5,1.0,0,1,0,,,,,2020-09-15 06:25:44
19590031,,False,,0,,,,,,STAPLETON GREY,0,0,0,,5,9.0,0,1,0,,,,,2020-09-15 06:25:44
19590051,,False,,0,,,,,,CHEVALIER,0,0,0,,5,9.0,0,1,0,,,,,2020-09-15 06:25:44
19590071,,False,,0,,,,,,PYRACANTHUS,0,0,0,,5,1.0,0,1,0,,,,,2020-09-15 06:25:44
19590091,,False,,0,,,,,,SIR GAYLORD,0,0,0,,5,,0,1,0,,,,,2020-09-15 06:25:44
19590117,,False,,0,,,,,,SIR RIBOT,0,0,0,,5,1.0,0,1,0,,,,,2020-09-15 06:25:44
19590137,,False,,0,,,,,,HARD ROCK MAN,0,0,0,,5,8.0,0,1,0,,,,,2020-09-15 06:25:44
19590157,,False,,0,,,,,,SPACE KING,0,0,0,,5,1.0,0,1,0,,,,,2020-09-15 06:25:44
19590197,,False,,0,,,,,,ENCORE FER,0,0,0,,5,,0,1,0,,,,,2020-09-15 06:25:44
19590273,,False,,0,,,,,,IDLE HOUR,0,0,0,,5,1.0,0,1,0,,,,,2020-09-15 06:25:44
19590293,,False,,0,,,,,,GREEN TICKET,0,0,0,,5,1.0,0,1,0,,,,,2020-09-15 06:25:44
19590319,,False,,0,,,,,,FORTINO,0,0,0,,5,9.0,0,1,0,,,,,2020-09-15 06:25:44
19590339,,False,,0,,,,,,ADMIRALS VOYAGE,0,0,0,,5,,0,1,0,,,,,2020-09-15 06:25:44
19590359,,False,,0,,,,,,EL GALLO,0,0,0,,5,,0,1,0,,,,,2020-09-15 06:25:44
19590379,,False,,0,,,,,,JAIPUR (USA),0,0,0,,5,8.0,0,1,0,,,,,2020-09-15 06:25:44
19590418,,False,,0,,,,,,TUMBLE TURBIE,0,0,0,,5,1.0,0,1,0,,,,,2020-09-15 06:25:44
19590511,,False,,0,,,,,,REBEL DATE,0,0,0,,5,,0,1,0,,,,,2020-09-15 06:25:44
19590677,,False,,0,,,,,,NASHMONT,0,0,0,,5,,0,1,0,,,,,2020-09-15 06:25:44
19590793,,False,,0,,,,,,MIRALGO,0,0,0,,5,,0,1,0,,,,,2020-09-15 06:25:44
19590899,,False,,0,,,,,,REMAINDER,0,0,0,,5,,0,1,0,,,,,2020-09-15 06:25:44
19590935,,False,,0,,,,,,GAZPACHO,0,0,0,,5,1.0,0,1,0,,,,,2020-09-15 06:25:44
19590975,,False,,0,,,,,,SOVEREIGN LORD,0,0,0,,5,,0,1,0,,,,,2020-09-15 06:25:44
19591018,,False,,0,,,,,,HARKAWAY,0,0,0,,5,,0,1,0,,,,,2020-09-15 06:25:44
19591058,,False,,0,,,,,,SECOND SON II,0,0,0,,5,9.0,0,1,0,,,,,2020-09-15 06:25:44
19591117,,False,,0,,,,,,ASSURANCE,0,0,0,,5,,0,1,0,,,,,2020-09-15 06:25:44
19591157,,False,,0,,,,,,CRESCENDO,0,0,0,,5,,0,1,0,,,,,2020-09-15 06:25:44
19591210,,False,,0,,,,,,PRINCIPAL,0,0,0,,5,,0,1,0,,,,,2020-09-15 06:25:44
19591376,,False,,0,,,,,,ROMAN LINE,0,0,0,,5,,0,1,0,,,,,2020-09-15 06:25:44
19591538,,False,,0,,,,,,SIRIUS,0,0,0,,5,,0,1,0,,,,,2020-09-15 06:25:44
19591598,,False,,0,,,,,,SEMINOLE II,0,0,0,,5,,0,1,0,,,,,2020-09-15 06:25:44
19591856,,False,,0,,,,,,SOUEIDA,0,0,0,,5,,0,1,0,,,,,2020-09-15 06:25:44
19591952,,False,,0,,,,,,KING'S LEAP,0,0,0,,5,,0,1,0,,,,,2020-09-15 06:25:44
19591972,,False,,0,,,,,,JOBBER BILL,0,0,0,,5,,0,1,0,,,,,2020-09-15 06:25:44
19592111,,False,,0,,,,,,BALACLAVA,0,0,0,,5,,0,1,0,,,,,2020-09-15 06:25:44
19593012,,False,,0,,,,,,SAIDAM,0,0,0,,5,1.0,0,1,0,,,,,2020-09-15 06:25:44
19593032,,False,,0,,,,,,BOUNDING MAIN,0,0,0,,5,,0,1,0,,,,,2020-09-15 06:25:44
19593052,,False,,0,,,,,,TIMES ROMAN,0,0,0,,5,1.0,0,1,0,,,,,2020-09-15 06:25:44
19593072,,False,,0,,,,,,SECOND SON,0,0,0,,5,,0,1,0,,,,,2020-09-15 06:25:44
19593092,,False,,0,,,,,,SAUMAREZ,0,0,0,,5,1.0,0,1,0,,,,,2020-09-15 06:25:44
19593138,,False,,0,,,,,,ROYAL WALSH,0,0,0,,5,,0,1,0,,,,,2020-09-15 06:25:44
19593158,,False,,0,,,,,,SILVER CLOUD,0,0,0,,5,8.0,0,1,0,,,,,2020-09-15 06:25:44
19593178,,False,,0,,,,,,DEDIMOUD,0,0,0,,5,1.0,0,1,0,,,,,2020-09-15 06:25:44
19593198,,False,,0,,,,,,HAPPY NASRULLAH,0,0,0,,5,8.0,0,1,0,,,,,2020-09-15 06:25:44
19593214,,False,,0,,,,,,SONGEDOR,0,0,0,,5,1.0,0,1,0,,,,,2020-09-15 06:25:44
19593234,,False,,0,,,,,,COMPENSATION,0,0,0,,5,,0,1,0,,,,,2020-09-15 06:25:44
19593254,,False,,0,,,,,,I'M FOR MORE,0,0,0,,5,1.0,0,1,0,,,,,2020-09-15 06:25:44
19593274,,False,,0,,,,,,DACOS ROMAN,0,0,0,,5,,0,1,0,,,,,2020-09-15 06:25:44
19593294,,False,,0,,,,,,REBELLIOUS,0,0,0,,5,8.0,0,1,0,,,,,2020-09-15 06:25:44
19593310,,False,,0,,,,,,LARKSPUR,0,0,0,,5,8.0,0,1,0,,,,,2020-09-15 06:25:44
19598299,,False,,0,,,,,,HIGHLAND FLING,0,0,0,,5,1.0,0,1,0,,,,,2020-09-15 06:25:44
19598451,,False,,0,,,,,,STEVWARD,0,0,0,,5,,0,1,0,,,,,2020-09-15 06:25:44
19600018,,False,,0,,,,,,ZALEUCUS,0,0,0,,5,1.0,0,1,0,,,,,2020-09-15 06:25:44
19600038,,False,,0,,,,,,STEVE VALENTI,0,0,0,,5,1.0,0,1,0,,,,,2020-09-15 06:25:44
19600058,,False,,0,,,,,,FRANKIE'S NOD,0,0,0,,5,1.0,0,1,0,,,,,2020-09-15 06:25:44
19600078,,False,,0,,,,,,CATULLUS,0,0,0,,5,,0,1,0,,,,,2020-09-15 06:25:44
19600098,,False,,0,,,,,,LEMON TWIST,0,0,0,,5,,0,1,0,,,,,2020-09-15 06:25:44
19600114,,False,,0,,,,,,RIGHT PROUD,0,0,0,,5,1.0,0,1,0,,,,,2020-09-15 06:25:44
19600134,,False,,0,,,,,,NIGHT & DAY II,0,0,0,,5,8.0,0,1,0,,,,,2020-09-15 06:25:44
19600154,,False,,0,,,,,,NASRAM,0,0,0,,5,,0,1,0,,,,,2020-09-15 06:25:44
19600174,,False,,0,,,,,,CHATEAUGAY,0,0,0,,5,8.0,0,1,0,,,,,2020-09-15 06:25:44
19600210,,False,,0,,,,,,AMBER,0,0,0,,5,,0,1,0,,,,,2020-09-15 06:25:44
19600230,,False,,0,,,,,,BOLD COMMANDER,0,0,0,,5,1.0,0,1,0,,,,,2020-09-15 06:25:44
19600250,,False,,0,,,,,,TOM CAT (USA),0,0,0,,5,9.0,0,1,0,,,,,2020-09-15 06:25:44
19600270,,False,,0,,,,,,AIR SPIN,0,0,0,,5,,0,1,0,,,,,2020-09-15 06:25:44
19600290,,False,,0,,,,,,TUDOR GREY,0,0,0,,5,9.0,0,1,0,,,,,2020-09-15 06:25:44
19600396,,False,,0,,,,,,O'CALAWAY,0,0,0,,5,,0,1,0,,,,,2020-09-15 06:25:44
19600432,,False,,0,,,,,,PAN JOHN,0,0,0,,5,,0,1,0,,,,,2020-09-15 06:25:44
19600452,,False,,0,,,,,,TARQUOGAN,0,0,0,,5,,0,1,0,,,,,2020-09-15 06:25:44
19600518,,False,,0,,,,,,CROCKET,0,0,0,,5,,0,1,0,,,,,2020-09-15 06:25:44
19600538,,False,,0,,,,,,KANDAHAR,0,0,0,,5,,0,1,0,,,,,2020-09-15 06:25:44
19600578,,False,,0,,,,,,QUEEN'S HUSSAR,0,0,0,,5,,0,1,0,,,,,2020-09-15 06:25:44
19600598,,False,,0,,,,,,ROYAL ASCOT,0,0,0,,5,,0,1,0,,,,,2020-09-15 06:25:44
19600634,,False,,0,,,,,,OUTING CLASS,0,0,0,,5,1.0,0,1,0,,,,,2020-09-15 06:25:44
19600694,,False,,0,,,,,,DAVIS II,0,0,0,,5,,0,1,0,,,,,2020-09-15 06:25:44
19600730,,False,,0,,,,,,HABITAT,0,0,0,,5,,0,1,0,,,,,2020-09-15 06:25:44
19600750,,False,,0,,,,,,TROPICAL BREEZE,0,0,0,,5,,0,1,0,,,,,2020-09-15 06:25:44
19600770,,False,,0,,,,,,WHISTLING WIND,0,0,0,,5,8.0,0,1,0,,,,,2020-09-15 06:25:44
19600790,,False,,0,,,,,,DANCING DERVISH,0,0,0,,5,,0,1,0,,,,,2020-09-15 06:25:44
19600836,,False,,0,,,,,,LINACRE,0,0,0,,5,,0,1,0,,,,,2020-09-15 06:25:44
19600876,,False,,0,,,,,,SAMMY DAVIS,0,0,0,,5,,0,1,0,,,,,2020-09-15 06:25:44
19600912,,False,,0,,,,,,TOP GALLANT,0,0,0,,5,1.0,0,1,0,,,,,2020-09-15 06:25:44
19600932,,False,,0,,,,,,NEVER BEND,0,0,0,,5,8.0,0,1,0,,,,,2020-09-15 06:25:44
19600972,,False,,0,,,,,,CREWMAN,0,0,0,,5,1.0,0,1,0,,,,,2020-09-15 06:25:44
19601359,,False,,0,,,,,,PAGO PAGO,0,0,0,,5,1.0,0,1,0,,,,,2020-09-15 06:25:44
19601495,,False,,0,,,,,,WITHOUT FAIL,0,0,0,,5,,0,1,0,,,,,2020-09-15 06:25:44
19601753,,False,,0,,,,,,FARNSWORTH,0,0,0,,5,8.0,0,1,0,,,,,2020-09-15 06:25:44
19601777,,False,,0,,,,,,BALLYDON,0,0,0,,5,1.0,0,1,0,,,,,2020-09-15 06:25:44
19601999,,False,,0,,,,,,BOLD TIM,0,0,0,,5,,0,1,0,,,,,2020-09-15 06:25:44
19602038,,False,,0,,,,,,NO ROBBERY,0,0,0,,5,,0,1,0,,,,,2020-09-15 06:25:44
19602356,,False,,0,,,,,,CITY LINE,0,0,0,,5,,0,1,0,,,,,2020-09-15 06:25:44
19602552,,False,,0,,,,,,FINAL RULING,0,0,0,,5,,0,1,0,,,,,2020-09-15 06:25:44
19602698,,False,,0,,,,,,RESTLESS NATIVE,0,0,0,,5,,0,1,0,,,,,2020-09-15 06:25:44
19602936,,False,,0,,,,,,NICK OF TIME,0,0,0,,5,,0,1,0,,,,,2020-09-15 06:25:44
19610016,,False,,0,,,,,,FULL WELL,0,0,0,,5,1.0,0,1,0,,,,,2020-09-15 06:25:44
19610036,,False,,0,,,,,,UNIVERSAL,0,0,0,,5,1.0,0,1,0,,,,,2020-09-15 06:25:44
19610056,,False,,0,,,,,,RED DEAMON,0,0,0,,5,1.0,0,1,0,,,,,2020-09-15 06:25:44
19610076,,False,,0,,,,,,CHIEFTAIN,0,0,0,,5,1.0,0,1,0,,,,,2020-09-15 06:25:44
19610096,,False,,0,,,,,,LE FABULEUX,0,0,0,,5,1.0,0,1,0,,,,,2020-09-15 06:25:44
19610112,,False,,0,,,,,,TAKAWALK II,0,0,0,,5,,0,1,0,,,,,2020-09-15 06:25:44
19610132,,False,,0,,,,,,NORTHERN DANCER,0,0,0,,5,1.0,0,1,0,,,,,2020-09-15 06:25:44
19610152,,False,,0,,,,,,BREAKSPEAR II,0,0,0,,5,,0,1,0,,,,,2020-09-15 06:25:44
19610172,,False,,0,,,,,,NATIVE RYTHM,0,0,0,,5,1.0,0,1,0,,,,,2020-09-15 06:25:44
19610192,,False,,0,,,,,,LT. STEVENS,0,0,0,,5,1.0,0,1,0,,,,,2020-09-15 06:25:44
19610218,,False,,0,,,,,,CLEM PAC,0,0,0,,5,1.0,0,1,0,,,,,2020-09-15 06:25:44
19610238,,False,,0,,,,,,GOLDHILL,0,0,0,,5,,0,1,0,,,,,2020-09-15 06:25:44
19610258,,False,,0,,,,,,AMPOSE,0,0,0,,5,,0,1,0,,,,,2020-09-15 06:25:44
19610278,,False,,0,,,,,,QUISLING,0,0,0,,5,9.0,0,1,0,,,,,2020-09-15 06:25:44
19610298,,False,,0,,,,,,GENTLE ART,0,0,0,,5,,0,1,0,,,,,2020-09-15 06:25:44
19610314,,False,,0,,,,,,ABERDEEN,0,0,0,,5,1.0,0,1,0,,,,,2020-09-15 06:25:44
19610334,,False,,0,,,,,,RUNNYMEDE,0,0,0,,5,8.0,0,1,0,,,,,2020-09-15 06:25:44
19610354,,False,,0,,,,,,BALDRIC,0,0,0,,5,,0,1,0,,,,,2020-09-15 06:25:44
19610374,,False,,0,,,,,,GALLANT ROMEO,0,0,0,,5,8.0,0,1,0,,,,,2020-09-15 06:25:44
19610394,,False,,0,,,,,,PIA STAR,0,0,0,,5,1.0,0,1,0,,,,,2020-09-15 06:25:44
19610410,,False,,0,,,,,,O'BIBI,0,0,0,,5,,0,1,0,,,,,2020-09-15 06:25:44
19610470,,False,,0,,,,,,FABERGE 11,0,0,0,,5,1.0,0,1,0,,,,,2020-09-15 06:25:44
19610612,,False,,0,,,,,,RASPERRY ICE,0,0,0,,5,,0,1,0,,,,,2020-09-15 06:25:44
19610632,,False,,0,,,,,,BUPERS,0,0,0,,5,,0,1,0,,,,,2020-09-15 06:25:44
19610718,,False,,0,,,,,,IRBY B,0,0,0,,5,,0,1,0,,,,,2020-09-15 06:25:44
19610874,,False,,0,,,,,,ACER,0,0,0,,5,,0,1,0,,,,,2020-09-15 06:25:44
19610990,,False,,0,,,,,,PRINCE ALIBHAI,0,0,0,,5,,0,1,0,,,,,2020-09-15 06:25:44
19611177,,False,,0,,,,,,RAISE A NATIVE,0,0,0,,5,8.0,0,1,0,,,,,2020-09-15 06:25:44
19611273,,False,,0,,,,,,MENACE,0,0,0,,5,,0,1,0,,,,,2020-09-15 06:25:44
19611715,,False,,0,,,,,,MORE SO,0,0,0,,5,,0,1,0,,,,,2020-09-15 06:25:44
19611733,,False,,0,,,,,,SPEAK EASY,0,0,0,,5,8.0,0,1,0,,,,,2020-09-15 06:25:44
19611811,,False,,0,,,,,,CHRISTMAS CAROL,0,0,0,,5,,0,1,0,,,,,2020-09-15 06:25:44
19620014,,False,,0,,,,,,CLOSE CALL,0,0,0,,5,8.0,0,1,0,,,,,2020-09-15 06:25:44
19620034,,False,,0,,,,,,WARIAN RELIC,0,0,0,,5,8.0,0,1,0,,,,,2020-09-15 06:25:44
19620054,,False,,0,,,,,,FIRE ROCKET,0,0,0,,5,,0,1,0,,,,,2020-09-15 06:25:44
19620074,,False,,0,,,,,,MIMADO II,0,0,0,,5,,0,1,0,,,,,2020-09-15 06:25:44
19620110,,False,,0,,,,,,TOM ROLFE,0,0,0,,5,8.0,0,1,0,,,,,2020-09-15 06:25:44
19620130,,False,,0,,,,,,VICTORIAN ERA,0,0,0,,5,8.0,0,1,0,,,,,2020-09-15 06:25:44
19620170,,False,,0,,,,,,HAIL TO ALL,0,0,0,,5,1.0,0,1,0,,,,,2020-09-15 06:25:44
19620190,,False,,0,,,,,,SADAIR,0,0,0,,5,,0,1,0,,,,,2020-09-15 06:25:44
19620216,,False,,0,,,,,,FOOL'S PAINT,0,0,0,,5,9.0,0,1,0,,,,,2020-09-15 06:25:44
19620236,,False,,0,,,,,,RICHMOND GRAYS,0,0,0,,5,1.0,0,1,0,,,,,2020-09-15 06:25:44
19620256,,False,,0,,,,,,KILSO,0,0,0,,5,1.0,0,1,0,,,,,2020-09-15 06:25:44
19620276,,False,,0,,,,,,CORNISH PRINCE,0,0,0,,5,,0,1,0,,,,,2020-09-15 06:25:44
19620296,,False,,0,,,,,,ISLE OF GREECE,0,0,0,,5,,0,1,0,,,,,2020-09-15 06:25:44
19620312,,False,,0,,,,,,RIOT ACT II (USA),0,0,0,,5,8.0,0,1,0,,,,,2020-09-15 06:25:44
19620332,,False,,0,,,,,,RUMPELSTILTSKIN,0,0,0,,5,,0,1,0,,,,,2020-09-15 06:25:44
19620372,,False,,0,,,,,,BOLD BIDDER,0,0,0,,5,1.0,0,1,0,,,,,2020-09-15 06:25:44
19620392,,False,,0,,,,,,O'HARA,0,0,0,,5,,0,1,0,,,,,2020-09-15 06:25:44
19620418,,False,,0,,,,,,MEADOW COURT,0,0,0,,5,,0,1,0,,,,,2020-09-15 06:25:44
19620438,,False,,0,,,,,,BLUE FOR BOYS,0,0,0,,5,9.0,0,1,0,,,,,2020-09-15 06:25:44
19620478,,False,,0,,,,,,HIGHLAND MELODY,0,0,0,,5,,0,1,0,,,,,2020-09-15 06:25:44
19620498,,False,,0,,,,,,LOOM,0,0,0,,5,,0,1,0,,,,,2020-09-15 06:25:44
19620514,,False,,0,,,,,,JACINTO,0,0,0,,5,,0,1,0,,,,,2020-09-15 06:25:44
19620534,,False,,0,,,,,,SUPER SAM,0,0,0,,5,,0,1,0,,,,,2020-09-15 06:25:44
19620554,,False,,0,,,,,,TURN TO REASON,0,0,0,,5,,0,1,0,,,,,2020-09-15 06:25:44
19620574,,False,,0,,,,,,HOIST BAR,0,0,0,,5,,0,1,0,,,,,2020-09-15 06:25:44
19620594,,False,,0,,,,,,GULF PEARL,0,0,0,,5,,0,1,0,,,,,2020-09-15 06:25:44
19620610,,False,,0,,,,,,SAYFAR,0,0,0,,5,,0,1,0,,,,,2020-09-15 06:25:44
19620630,,False,,0,,,,,,BIG ROCK CANDY,0,0,0,,5,1.0,0,1,0,,,,,2020-09-15 06:25:44
19620776,,False,,0,,,,,,HARDICANUTE,0,0,0,,5,,0,1,0,,,,,2020-09-15 06:25:44
19620812,,False,,0,,,,,,BOOMALONG,0,0,0,,5,1.0,0,1,0,,,,,2020-09-15 06:25:44
19620827,,False,,0,,,,,,COUNT BROOK,0,0,0,,5,1.0,0,1,0,,,,,2020-09-15 06:25:44
19620872,,False,,0,,,,,,MARIBEAU,0,0,0,,5,1.0,0,1,0,,,,,2020-09-15 06:25:44
19620892,,False,,0,,,,,,TYCOON II,0,0,0,,5,8.0,0,1,0,,,,,2020-09-15 06:25:44
19620938,,False,,0,,,,,,NATIVE CHARGER,0,0,0,,5,,0,1,0,,,,,2020-09-15 06:25:44
19620958,,False,,0,,,,,,SELARI,0,0,0,,5,,0,1,0,,,,,2020-09-15 06:25:44
19621379,,False,,0,,,,,,GREY DAWN II,0,0,0,,5,1.0,0,1,0,,,,,2020-09-15 06:25:44
19621551,,False,,0,,,,,,BLUE MIST,0,0,0,,5,,0,1,0,,,,,2020-09-15 06:25:44
19628378,,False,,0,,,,,,NASHARCO,0,0,0,,5,8.0,0,1,0,,,,,2020-09-15 06:25:44
19630012,,False,,0,,,,,,REBEL BROTHER,0,0,0,,5,8.0,0,1,0,,,,,2020-09-15 06:25:44
19630032,,False,,0,,,,,,JET CRUSADER,0,0,0,,5,,0,1,0,,,,,2020-09-15 06:25:44
19630052,,False,,0,,,,,,CHIMIN,0,0,0,,5,9.0,0,1,0,,,,,2020-09-15 06:25:44
19630072,,False,,0,,,,,,ADVOCATOR,0,0,0,,5,1.0,0,1,0,,,,,2020-09-15 06:25:44
19630092,,False,,0,,,,,,ELOGIO,0,0,0,,5,,0,1,0,,,,,2020-09-15 06:25:44
19630118,,False,,0,,,,,,POKER,0,0,0,,5,1.0,0,1,0,,,,,2020-09-15 06:25:44
19630138,,False,,0,,,,,,FORLI,0,0,0,,5,8.0,0,1,0,,,,,2020-09-15 06:25:44
19630158,,False,,0,,,,,,RAMSINGA,0,0,0,,5,1.0,0,1,0,,,,,2020-09-15 06:25:44
19630178,,False,,0,,,,,,SPRING DOUBLE,0,0,0,,5,,0,1,0,,,,,2020-09-15 06:25:44
19630198,,False,,0,,,,,,PRETENSE,0,0,0,,5,,0,1,0,,,,,2020-09-15 06:25:44
19630214,,False,,0,,,,,,TESCO BOY,0,0,0,,5,1.0,0,1,0,,,,,2020-09-15 06:25:44
19630234,,False,,0,,,,,,AFORETHOUGHT,0,0,0,,5,1.0,0,1,0,,,,,2020-09-15 06:25:44
19630254,,False,,0,,,,,,TINSLEY,0,0,0,,5,1.0,0,1,0,,,,,2020-09-15 06:25:44
19630274,,False,,0,,,,,,WATERGATE,0,0,0,,5,8.0,0,1,0,,,,,2020-09-15 06:25:44
19630294,,False,,0,,,,,,BUCK PASSER,0,0,0,,5,,0,1,0,,,,,2020-09-15 06:25:44
19630310,,False,,0,,,,,,IRISH RULER,0,0,0,,5,1.0,0,1,0,,,,,2020-09-15 06:25:44
19630350,,False,,0,,,,,,GRAUSTARK,0,0,0,,5,8.0,0,1,0,,,,,2020-09-15 06:25:44
19630370,,False,,0,,,,,,BUSTED,0,0,0,,5,1.0,0,1,0,,,,,2020-09-15 06:25:44
19630390,,False,,0,,,,,,PRETENDRE,0,0,0,,5,,0,1,0,,,,,2020-09-15 06:25:44
19630456,,False,,0,,,,,,TRACKER,0,0,0,,5,8.0,0,1,0,,,,,2020-09-15 06:25:44
19630476,,False,,0,,,,,,LONG WINDED,0,0,0,,5,,0,1,0,,,,,2020-09-15 06:25:44
19630496,,False,,0,,,,,,MOONY'S BOY,0,0,0,,5,1.0,0,1,0,,,,,2020-09-15 06:25:44
19630552,,False,,0,,,,,,BUCKPASSER,0,0,0,,5,1.0,0,1,0,,,,,2020-09-15 06:25:44
19630572,,False,,0,,,,,,IMPRESSIVE,0,0,0,,5,,0,1,0,,,,,2020-09-15 06:25:44
19630618,,False,,0,,,,,,PARDALLO,0,0,0,,5,,0,1,0,,,,,2020-09-15 06:25:44
19630638,,False,,0,,,,,,BOLD COMBATANT,0,0,0,,5,1.0,0,1,0,,,,,2020-09-15 06:25:44
19630734,,False,,0,,,,,,PAVEH,0,0,0,,5,,0,1,0,,,,,2020-09-15 06:25:44
19630794,,False,,0,,,,,,BOLDNESIAN,0,0,0,,5,1.0,0,1,0,,,,,2020-09-15 06:25:44
19630890,,False,,0,,,,,,GUNMAN,0,0,0,,5,,0,1,0,,,,,2020-09-15 06:25:44
19630956,,False,,0,,,,,,SILVER SHARK,0,0,0,,5,,0,1,0,,,,,2020-09-15 06:25:44
19631231,,False,,0,,,,,,LEANANT,0,0,0,,5,,0,1,0,,,,,2020-09-15 06:25:44
19631271,,False,,0,,,,,,NELCIUS,0,0,0,,5,,0,1,0,,,,,2020-09-15 06:25:44
19631435,,False,,0,,,,,,BOLD HEMP,0,0,0,,5,,0,1,0,,,,,2020-09-15 06:25:44
19631933,,False,,0,,,,,,ABE'S HOPE,0,0,0,,5,,0,1,0,,,,,2020-09-15 06:25:44
19631955,,False,,0,,,,,,HOSPITALITY,0,0,0,,5,1.0,0,1,0,,,,,2020-09-15 06:25:44
19632016,,False,,0,,,,,,BLUERULLAH,0,0,0,,5,,0,1,0,,,,,2020-09-15 06:25:44
19632336,,False,,0,,,,,,TANEB,0,0,0,,5,1.0,0,1,0,,,,,2020-09-15 06:25:44
19632632,,False,,0,,,,,,DAVID JACK,0,0,0,,5,,0,1,0,,,,,2020-09-15 06:25:44
19632798,,False,,0,,,,,,EXCEEDINGLY,0,0,0,,5,,0,1,0,,,,,2020-09-15 06:25:44
19640010,,False,,0,,,,,,BAGDAD,0,0,0,,5,1.0,0,1,0,,,,,2020-09-15 06:25:44
19640030,,False,,0,,,,,,CHIEF MINISTER,0,0,0,,5,8.0,0,1,0,,,,,2020-09-15 06:25:44
19640050,,False,,0,,,,,,WELSH CHOIR,0,0,0,,5,,0,1,0,,,,,2020-09-15 06:25:44
19640070,,False,,0,,,,,,HOLIDAY KING,0,0,0,,5,8.0,0,1,0,,,,,2020-09-15 06:25:44
19640090,,False,,0,,,,,,PEACE PIPE,0,0,0,,5,1.0,0,1,0,,,,,2020-09-15 06:25:44
19640116,,False,,0,,,,,,SUBTLE ADVOCATE,0,0,0,,5,9.0,0,1,0,,,,,2020-09-15 06:25:44
19640136,,False,,0,,,,,,BOLD HOUR,0,0,0,,5,1.0,0,1,0,,,,,2020-09-15 06:25:44
19640156,,False,,0,,,,,,IN REALITY,0,0,0,,5,1.0,0,1,0,,,,,2020-09-15 06:25:44
19640176,,False,,0,,,,,,VALIANT DANCER,0,0,0,,5,1.0,0,1,0,,,,,2020-09-15 06:25:44
19640196,,False,,0,,,,,,BILL DANDY,0,0,0,,5,,0,1,0,,,,,2020-09-15 06:25:44
19640212,,False,,0,,,,,,NEHOC'S BULLET,0,0,0,,5,,0,1,0,,,,,2020-09-15 06:25:44
19640232,,False,,0,,,,,,BRIGHT FLAME,0,0,0,,5,1.0,0,1,0,,,,,2020-09-15 06:25:44
19640252,,False,,0,,,,,,CREATION,0,0,0,,5,,0,1,0,,,,,2020-09-15 06:25:44
19640272,,False,,0,,,,,,SOLO LANDING,0,0,0,,5,,0,1,0,,,,,2020-09-15 06:25:44
19640292,,False,,0,,,,,,RISING MARKET,0,0,0,,5,,0,1,0,,,,,2020-09-15 06:25:44
19640318,,False,,0,,,,,,ASK THE FARE,0,0,0,,5,,0,1,0,,,,,2020-09-15 06:25:44
19640358,,False,,0,,,,,,PROUD CLARION,0,0,0,,5,8.0,0,1,0,,,,,2020-09-15 06:25:44
19640378,,False,,0,,,,,,DAMASCUS,0,0,0,,5,,0,1,0,,,,,2020-09-15 06:25:44
19640398,,False,,0,,,,,,ST. CHAD,0,0,0,,5,,0,1,0,,,,,2020-09-15 06:25:44
19640434,,False,,0,,,,,,HAWAII,0,0,0,,5,1.0,0,1,0,,,,,2020-09-15 06:25:44
19640454,,False,,0,,,,,,PETRONE,0,0,0,,5,1.0,0,1,0,,,,,2020-09-15 06:25:44
19640474,,False,,0,,,,,,INFO,0,0,0,,5,8.0,0,1,0,,,,,2020-09-15 06:25:44
19640494,,False,,0,,,,,,BEST EXAMPLE,0,0,0,,5,,0,1,0,,,,,2020-09-15 06:25:44
19640510,,False,,0,,,,,,SAIL ON-SAIL ON,0,0,0,,5,8.0,0,1,0,,,,,2020-09-15 06:25:44
19640530,,False,,0,,,,,,BOLD LAD,0,0,0,,5,1.0,0,1,0,,,,,2020-09-15 06:25:44
19640550,,False,,0,,,,,,CRACK SHOT,0,0,0,,5,,0,1,0,,,,,2020-09-15 06:25:44
19640570,,False,,0,,,,,,BEQUE,0,0,0,,5,1.0,0,1,0,,,,,2020-09-15 06:25:44
19640590,,False,,0,,,,,,SIGNA INFESTA,0,0,0,,5,,0,1,0,,,,,2020-09-15 06:25:44
19640616,,False,,0,,,,,,AGLOJO,0,0,0,,5,,0,1,0,,,,,2020-09-15 06:25:44
19640636,,False,,0,,,,,,OWEN ANTHONY,0,0,0,,5,,0,1,0,,,,,2020-09-15 06:25:44
19640656,,False,,0,,,,,,HENRY HIGGINS,0,0,0,,5,8.0,0,1,0,,,,,2020-09-15 06:25:44
19640696,,False,,0,,,,,,DR. FAGER,0,0,0,,5,8.0,0,1,0,,,,,2020-09-15 06:25:44
19640712,,False,,0,,,,,,MANIFESTO,0,0,0,,5,1.0,0,1,0,,,,,2020-09-15 06:25:44
19640732,,False,,0,,,,,,JEAN-PIERRE,0,0,0,,5,8.0,0,1,0,,,,,2020-09-15 06:25:44
19640792,,False,,0,,,,,,MINNISOTA MAC,0,0,0,,5,,0,1,0,,,,,2020-09-15 06:25:44
19640858,,False,,0,,,,,,DIPLOMAT WAY,0,0,0,,5,1.0,0,1,0,,,,,2020-09-15 06:25:44
19640914,,False,,0,,,,,,REFLECTED GLORY,0,0,0,,5,,0,1,0,,,,,2020-09-15 06:25:44
19640934,,False,,0,,,,,,ROYAL INTENT,0,0,0,,5,1.0,0,1,0,,,,,2020-09-15 06:25:44
19640954,,False,,0,,,,,,NICOIS,0,0,0,,5,,0,1,0,,,,,2020-09-15 06:25:44
19640994,,False,,0,,,,,,VENETIAN JESTER,0,0,0,,5,8.0,0,1,0,,,,,2020-09-15 06:25:44
19641471,,False,,0,,,,,,MAJETTA,0,0,0,,5,,0,1,0,,,,,2020-09-15 06:25:44
19641859,,False,,0,,,,,,GAYLORD'S FEATHER,0,0,0,,5,1.0,0,1,0,,,,,2020-09-15 06:25:44
19641911,,False,,0,,,,,,L'MAX,0,0,0,,5,8.0,0,1,0,,,,,2020-09-15 06:25:44
19642290,,False,,0,,,,,,RUKEN,0,0,0,,5,,0,1,0,,,,,2020-09-15 06:25:44
19642332,,False,,0,,,,,,LEXICON,0,0,0,,5,,0,1,0,,,,,2020-09-15 06:25:44
19648172,,False,,0,,,,,,BOLD AMBITION,0,0,0,,5,,0,1,0,,,,,2020-09-15 06:25:44
19650018,,False,,0,,,,,,OBERON,0,0,0,,5,9.0,0,1,0,,,,,2020-09-15 06:25:44
19650038,,False,,0,,,,,,BLUSTEROUS,0,0,0,,5,1.0,0,1,0,,,,,2020-09-15 06:25:44
19650058,,False,,0,,,,,,ST. JUDE II,0,0,0,,5,8.0,0,1,0,,,,,2020-09-15 06:25:44
19650078,,False,,0,,,,,,COUNT MONTROSE,0,0,0,,5,1.0,0,1,0,,,,,2020-09-15 06:25:44
19650098,,False,,0,,,,,,GALLANT,0,0,0,,5,1.0,0,1,0,,,,,2020-09-15 06:25:44
19650114,,False,,0,,,,,,NOBLE SIR,0,0,0,,5,8.0,0,1,0,,,,,2020-09-15 06:25:44
19650134,,False,,0,,,,,,ATOPOLIS,0,0,0,,5,1.0,0,1,0,,,,,2020-09-15 06:25:44
19650154,,False,,0,,,,,,JATULLAH,0,0,0,,5,,0,1,0,,,,,2020-09-15 06:25:44
19650174,,False,,0,,,,,,BILL BOJANGLE,0,0,0,,5,8.0,0,1,0,,,,,2020-09-15 06:25:44
19650194,,False,,0,,,,,,JIG TIME,0,0,0,,5,9.0,0,1,0,,,,,2020-09-15 06:25:44
19650210,,False,,0,,,,,,SAN'S BLAQUE,0,0,0,,5,1.0,0,1,0,,,,,2020-09-15 06:25:44
19650230,,False,,0,,,,,,SHY NATIVE,0,0,0,,5,9.0,0,1,0,,,,,2020-09-15 06:25:44
19650250,,False,,0,,,,,,WHAT A PLEASURE,0,0,0,,5,8.0,0,1,0,,,,,2020-09-15 06:25:44
19650270,,False,,0,,,,,,STRATE STUFF,0,0,0,,5,8.0,0,1,0,,,,,2020-09-15 06:25:44
19650290,,False,,0,,,,,,VAGUELY NOBLE,0,0,0,,5,1.0,0,1,0,,,,,2020-09-15 06:25:44
19650316,,False,,0,,,,,,DANCER'S IMAGE,0,0,0,,5,9.0,0,1,0,,,,,2020-09-15 06:25:44
19650336,,False,,0,,,,,,T.V. COMMERCIAL,0,0,0,,5,1.0,0,1,0,,,,,2020-09-15 06:25:44
19650356,,False,,0,,,,,,VILLAMOR,0,0,0,,5,8.0,0,1,0,,,,,2020-09-15 06:25:44
19650376,,False,,0,,,,,,ROYAL CONSORT,0,0,0,,5,1.0,0,1,0,,,,,2020-09-15 06:25:45
19650396,,False,,0,,,,,,VITRIOLIC,0,0,0,,5,1.0,0,1,0,,,,,2020-09-15 06:25:45
19650412,,False,,0,,,,,,LORD GAYLE,0,0,0,,5,,0,1,0,,,,,2020-09-15 06:25:45
19650432,,False,,0,,,,,,FLEET SWOON,0,0,0,,5,1.0,0,1,0,,,,,2020-09-15 06:25:45
19650472,,False,,0,,,,,,AVEC FINESSE,0,0,0,,5,9.0,0,1,0,,,,,2020-09-15 06:25:45
19650492,,False,,0,,,,,,NOBEL COMMANDER,0,0,0,,5,,0,1,0,,,,,2020-09-15 06:25:45
19650538,,False,,0,,,,,,PALACE RULER,0,0,0,,5,,0,1,0,,,,,2020-09-15 06:25:45
19650558,,False,,0,,,,,,STAGE DOOR JOHNNY,0,0,0,,5,8.0,0,1,0,,,,,2020-09-15 06:25:45
19650578,,False,,0,,,,,,RIBOLINI,0,0,0,,5,1.0,0,1,0,,,,,2020-09-15 06:25:45
19650598,,False,,0,,,,,,SIR IVOR,0,0,0,,5,,0,1,0,,,,,2020-09-15 06:25:45
19650614,,False,,0,,,,,,VERBATIM,0,0,0,,5,,0,1,0,,,,,2020-09-15 06:25:45
19650634,,False,,0,,,,,,KASKASKIA,0,0,0,,5,,0,1,0,,,,,2020-09-15 06:25:45
19650654,,False,,0,,,,,,HOIST SAIL,0,0,0,,5,,0,1,0,,,,,2020-09-15 06:25:45
19650674,,False,,0,,,,,,IRON RULER,0,0,0,,5,9.0,0,1,0,,,,,2020-09-15 06:25:45
19650694,,False,,0,,,,,,LUTHIER,0,0,0,,5,,0,1,0,,,,,2020-09-15 06:25:45
19650816,,False,,0,,,,,,DEWAN,0,0,0,,5,1.0,0,1,0,,,,,2020-09-15 06:25:45
19650856,,False,,0,,,,,,FREE GALLANT,0,0,0,,5,,0,1,0,,,,,2020-09-15 06:25:45
19650896,,False,,0,,,,,,NO MYTH,0,0,0,,5,1.0,0,1,0,,,,,2020-09-15 06:25:45
19650912,,False,,0,,,,,,HIGHBORN,0,0,0,,5,,0,1,0,,,,,2020-09-15 06:25:45
19650972,,False,,0,,,,,,HAIL THE PRINCE,0,0,0,,5,1.0,0,1,0,,,,,2020-09-15 06:25:45
19650992,,False,,0,,,,,,JIMMY REPPIN,0,0,0,,5,1.0,0,1,0,,,,,2020-09-15 06:25:45
19651051,,False,,0,,,,,,BOLD FAVORITE,0,0,0,,5,,0,1,0,,,,,2020-09-15 06:25:45
19651253,,False,,0,,,,,,BOLD NATIVE (USA),0,0,0,,5,1.0,0,1,0,,,,,2020-09-15 06:25:45
19651293,,False,,0,,,,,,OCEAN BAR,0,0,0,,5,,0,1,0,,,,,2020-09-15 06:25:45
19651515,,False,,0,,,,,,EXCLUSIVE NATIVE,0,0,0,,5,8.0,0,1,0,,,,,2020-09-15 06:25:45
19651535,,False,,0,,,,,,NODOUBLE,0,0,0,,5,1.0,0,1,0,,,,,2020-09-15 06:25:45
19651717,,False,,0,,,,,,PLAYER BOY,0,0,0,,5,8.0,0,1,0,,,,,2020-09-15 06:25:45
19652134,,False,,0,,,,,,TAMPA TROUBLE,0,0,0,,5,8.0,0,1,0,,,,,2020-09-15 06:25:45
19652194,,False,,0,,,,,,FIGONERO,0,0,0,,5,8.0,0,1,0,,,,,2020-09-15 06:25:45
19652214,,False,,0,,,,,,FUNNY FELLOW,0,0,0,,5,8.0,0,1,0,,,,,2020-09-15 06:25:45
19652456,,False,,0,,,,,,CORTEZ II,0,0,0,,5,,0,1,0,,,,,2020-09-15 06:25:45
19652552,,False,,0,,,,,,SOUND OF MUSIC,0,0,0,,5,,0,1,0,,,,,2020-09-15 06:25:45
19652734,,False,,0,,,,,,ZEDDAAN,0,0,0,,5,9.0,0,1,0,,,,,2020-09-15 06:25:45
19660016,,False,,0,,,,,,TUDOR HARMONY,0,0,0,,5,1.0,0,1,0,,,,,2020-09-15 06:25:45
19660036,,False,,0,,,,,,QUALITEX,0,0,0,,5,1.0,0,1,0,,,,,2020-09-15 06:25:45
19660056,,False,,0,,,,,,TUDOR RHAPSODY,0,0,0,,5,,0,1,0,,,,,2020-09-15 06:25:45
19660076,,False,,0,,,,,,BEST REASON,0,0,0,,5,,0,1,0,,,,,2020-09-15 06:25:45
19660096,,False,,0,,,,,,HOLY MOSES,0,0,0,,5,8.0,0,1,0,,,,,2020-09-15 06:25:45
19660112,,False,,0,,,,,,LONDESBOROUGH BOY,0,0,0,,5,8.0,0,1,0,,,,,2020-09-15 06:25:45
19660132,,False,,0,,,,,,CHRISTMAS STAR,0,0,0,,5,1.0,0,1,0,,,,,2020-09-15 06:25:45
19660152,,False,,0,,,,,,MABSOOT,0,0,0,,5,,0,1,0,,,,,2020-09-15 06:25:45
19660172,,False,,0,,,,,,JUNGLE SAVAGE,0,0,0,,5,1.0,0,1,0,,,,,2020-09-15 06:25:45
19660192,,False,,0,,,,,,NIGHT INVADER,0,0,0,,5,8.0,0,1,0,,,,,2020-09-15 06:25:45
19660258,,False,,0,,,,,,ACK ACK,0,0,0,,5,1.0,0,1,0,,,,,2020-09-15 06:25:45
19660298,,False,,0,,,,,,GLADWIN,0,0,0,,5,1.0,0,1,0,,,,,2020-09-15 06:25:45
19660334,,False,,0,,,,,,JAMMED RED,0,0,0,,5,1.0,0,1,0,,,,,2020-09-15 06:25:45
19660354,,False,,0,,,,,,HANDSOME KID,0,0,0,,5,1.0,0,1,0,,,,,2020-09-15 06:25:45
19660374,,False,,0,,,,,,AIRLINER,0,0,0,,5,1.0,0,1,0,,,,,2020-09-15 06:25:45
19660410,,False,,0,,,,,,HEAT OF BATTLE,0,0,0,,5,8.0,0,1,0,,,,,2020-09-15 06:25:45
19660450,,False,,0,,,,,,ROSE ARGENT,0,0,0,,5,,0,1,0,,,,,2020-09-15 06:25:45
19660470,,False,,0,,,,,,GOLD KEY,0,0,0,,5,1.0,0,1,0,,,,,2020-09-15 06:25:45
19660490,,False,,0,,,,,,HYDROLOGIST,0,0,0,,5,,0,1,0,,,,,2020-09-15 06:25:45
19660516,,False,,0,,,,,,TELL,0,0,0,,5,1.0,0,1,0,,,,,2020-09-15 06:25:45
19660556,,False,,0,,,,,,BUSHIDO,0,0,0,,5,,0,1,0,,,,,2020-09-15 06:25:45
19660576,,False,,0,,,,,,ARTS AND LETTERS,0,0,0,,5,8.0,0,1,0,,,,,2020-09-15 06:25:45
19660652,,False,,0,,,,,,KING EMPEROR,0,0,0,,5,1.0,0,1,0,,,,,2020-09-15 06:25:45
19660672,,False,,0,,,,,,VICEREGAL,0,0,0,,5,1.0,0,1,0,,,,,2020-09-15 06:25:45
19660692,,False,,0,,,,,,MAJESTIC PRINCE,0,0,0,,5,1.0,0,1,0,,,,,2020-09-15 06:25:45
19660738,,False,,0,,,,,,PEACE CORPS,0,0,0,,5,1.0,0,1,0,,,,,2020-09-15 06:25:45
19660778,,False,,0,,,,,,SNOW SPORTING,0,0,0,,5,8.0,0,1,0,,,,,2020-09-15 06:25:45
19660814,,False,,0,,,,,,DRONE,0,0,0,,5,9.0,0,1,0,,,,,2020-09-15 06:25:45
19660834,,False,,0,,,,,,BEST TURN,0,0,0,,5,,0,1,0,,,,,2020-09-15 06:25:45
19660854,,False,,0,,,,,,PRACTICANTE,0,0,0,,5,1.0,0,1,0,,,,,2020-09-15 06:25:45
19660874,,False,,0,,,,,,MR. LEADER,0,0,0,,5,1.0,0,1,0,,,,,2020-09-15 06:25:45
19660894,,False,,0,,,,,,RIGHT COMBINATION,0,0,0,,5,,0,1,0,,,,,2020-09-15 06:25:45
19660930,,False,,0,,,,,,BERKLEY PRINCE,0,0,0,,5,8.0,0,1,0,,,,,2020-09-15 06:25:45
19660950,,False,,0,,,,,,HABITAT,0,0,0,,5,1.0,0,1,0,,,,,2020-09-15 06:25:45
19660990,,False,,0,,,,,,BUTTON HOLE,0,0,0,,5,,0,1,0,,,,,2020-09-15 06:25:45
19661013,,False,,0,,,,,,ROYAL SAXON,0,0,0,,5,,0,1,0,,,,,2020-09-15 06:25:45
19661199,,False,,0,,,,,,SICA DAN,0,0,0,,5,,0,1,0,,,,,2020-09-15 06:25:45
19661255,,False,,0,,,,,,HOTFOOT,0,0,0,,5,,0,1,0,,,,,2020-09-15 06:25:45
19661311,,False,,0,,,,,,PRIME FOOL,0,0,0,,5,,0,1,0,,,,,2020-09-15 06:25:45
19661593,,False,,0,,,,,,AL HATTAB,0,0,0,,5,,0,1,0,,,,,2020-09-15 06:25:45
19661755,,False,,0,,,,,,BIG BONUS,0,0,0,,5,,0,1,0,,,,,2020-09-15 06:25:45
19662230,,False,,0,,,,,,DARYL'S JOY,0,0,0,,5,1.0,0,1,0,,,,,2020-09-15 06:25:45
19662838,,False,,0,,,,,,LASER LIGHT,0,0,0,,5,8.0,0,1,0,,,,,2020-09-15 06:25:45
19668198,,False,,0,,,,,,BOLDWOOD,0,0,0,,5,,0,1,0,,,,,2020-09-15 06:25:45
19668274,,False,,0,,,,,,DIKE,0,0,0,,5,8.0,0,1,0,,,,,2020-09-15 06:25:45
19668294,,False,,0,,,,,,GAUDY NIGHT,0,0,0,,5,9.0,0,1,0,,,,,2020-09-15 06:25:45
19668330,,False,,0,,,,,,DISTINCTIVE,0,0,0,,5,,0,1,0,,,,,2020-09-15 06:25:45
19670014,,False,,0,,,,,,ELEMENT,0,0,0,,5,8.0,0,1,0,,,,,2020-09-15 06:25:45
19670034,,False,,0,,,,,,WHISTLING PALM,0,0,0,,5,8.0,0,1,0,,,,,2020-09-15 06:25:45
19670054,,False,,0,,,,,,EVENING MIST,0,0,0,,5,1.0,0,1,0,,,,,2020-09-15 06:25:45
19670074,,False,,0,,,,,,ASTRONAUT,0,0,0,,5,1.0,0,1,0,,,,,2020-09-15 06:25:45
19670094,,False,,0,,,,,,DUCK DANCE,0,0,0,,5,8.0,0,1,0,,,,,2020-09-15 06:25:45
19670130,,False,,0,,,,,,VICE REGENT,0,0,0,,5,8.0,0,1,0,,,,,2020-09-15 06:25:45
19670150,,False,,0,,,,,,MICKEY MCGUIRE,0,0,0,,5,,0,1,0,,,,,2020-09-15 06:25:45
19670170,,False,,0,,,,,,IRISH CASTLE,0,0,0,,5,1.0,0,1,0,,,,,2020-09-15 06:25:45
19670216,,False,,0,,,,,,FLYING BRICK,0,0,0,,5,,0,1,0,,,,,2020-09-15 06:25:45
19670276,,False,,0,,,,,,INSUBORDINATION,0,0,0,,5,8.0,0,1,0,,,,,2020-09-15 06:25:45
19670312,,False,,0,,,,,,PENNY OPERA II,0,0,0,,5,1.0,0,1,0,,,,,2020-09-15 06:25:45
19670332,,False,,0,,,,,,JACKAL,0,0,0,,5,,0,1,0,,,,,2020-09-15 06:25:45
19670352,,False,,0,,,,,,JUDGABLE,0,0,0,,5,,0,1,0,,,,,2020-09-15 06:25:45
19670498,,False,,0,,,,,,NORTHERN COUNT,0,0,0,,5,,0,1,0,,,,,2020-09-15 06:25:45
19670514,,False,,0,,,,,,KING'S MANTLE,0,0,0,,5,,0,1,0,,,,,2020-09-15 06:25:45
19670594,,False,,0,,,,,,ILLINOIS,0,0,0,,5,1.0,0,1,0,,,,,2020-09-15 06:25:45
19670650,,False,,0,,,,,,ESTIMATOR DAVE,0,0,0,,5,1.0,0,1,0,,,,,2020-09-15 06:25:45
19670776,,False,,0,,,,,,SILENT SCREEN,0,0,0,,5,8.0,0,1,0,,,,,2020-09-15 06:25:45
19670796,,False,,0,,,,,,DUST COMMANDER,0,0,0,,5,8.0,0,1,0,,,,,2020-09-15 06:25:45
19670832,,False,,0,,,,,,JERRY CROW,0,0,0,,5,,0,1,0,,,,,2020-09-15 06:25:45
19670852,,False,,0,,,,,,CERF VOLANT,0,0,0,,5,,0,1,0,,,,,2020-09-15 06:25:45
19670918,,False,,0,,,,,,HIGH ECHLON,0,0,0,,5,,0,1,0,,,,,2020-09-15 06:25:45
19670938,,False,,0,,,,,,NASKRA,0,0,0,,5,1.0,0,1,0,,,,,2020-09-15 06:25:45
19670958,,False,,0,,,,,,TWICE WORTHY,0,0,0,,5,1.0,0,1,0,,,,,2020-09-15 06:25:45
19670978,,False,,0,,,,,,THE PRUNER,0,0,0,,5,1.0,0,1,0,,,,,2020-09-15 06:25:45
19670998,,False,,0,,,,,,SASSAFRAS,0,0,0,,5,1.0,0,1,0,,,,,2020-09-15 06:25:45
19671011,,False,,0,,,,,,NATIVE ROYALTY,0,0,0,,5,1.0,0,1,0,,,,,2020-09-15 06:25:45
19671031,,False,,0,,,,,,FARAWAY SON,0,0,0,,5,,0,1,0,,,,,2020-09-15 06:25:45
19671399,,False,,0,,,,,,CARO,0,0,0,,5,9.0,0,1,0,,,,,2020-09-15 06:25:45
19671455,,False,,0,,,,,,WHAT LUCK,0,0,0,,5,,0,1,0,,,,,2020-09-15 06:25:45
19671713,,False,,0,,,,,,FORUM,0,0,0,,5,,0,1,0,,,,,2020-09-15 06:25:45
19671995,,False,,0,,,,,,BIG JESS,0,0,0,,5,,0,1,0,,,,,2020-09-15 06:25:45
19672114,,False,,0,,,,,,ANOTHER PRACTICE,0,0,0,,5,8.0,0,1,0,,,,,2020-09-15 06:25:45
19672134,,False,,0,,,,,,UKAMI,0,0,0,,5,8.0,0,1,0,,,,,2020-09-15 06:25:45
19672210,,False,,0,,,,,,TONRICK,0,0,0,,5,,0,1,0,,,,,2020-09-15 06:25:45
19672270,,False,,0,,,,,,NIJINSKY II,0,0,0,,5,1.0,0,1,0,,,,,2020-09-15 06:25:45
19672290,,False,,0,,,,,,ROLLICKING,0,0,0,,5,1.0,0,1,0,,,,,2020-09-15 06:25:45
19672396,,False,,0,,,,,,SOUND BARRIER,0,0,0,,5,,0,1,0,,,,,2020-09-15 06:25:45
19672412,,False,,0,,,,,,XAN,0,0,0,,5,,0,1,0,,,,,2020-09-15 06:25:45
19672472,,False,,0,,,,,,ROPUCHON,0,0,0,,5,9.0,0,1,0,,,,,2020-09-15 06:25:45
19673032,,False,,0,,,,,,BRETON,0,0,0,,5,,0,1,0,,,,,2020-09-15 06:25:45
19680012,,False,,0,,,,,,MR. F.J.C.,0,0,0,,5,,0,1,0,,,,,2020-09-15 06:25:45
19680032,,False,,0,,,,,,MONTE'S STITCH,0,0,0,,5,1.0,0,1,0,,,,,2020-09-15 06:25:45
19680052,,False,,0,,,,,,BEAU THUNDER,0,0,0,,5,8.0,0,1,0,,,,,2020-09-15 06:25:45
19680072,,False,,0,,,,,,DUNGAREE,0,0,0,,5,1.0,0,1,0,,,,,2020-09-15 06:25:45
19680092,,False,,0,,,,,,POL NA CHREE,0,0,0,,5,8.0,0,1,0,,,,,2020-09-15 06:25:45
19680118,,False,,0,,,,,,HILLSDOWN,0,0,0,,5,1.0,0,1,0,,,,,2020-09-15 06:25:45
19680138,,False,,0,,,,,,NATIVE SON,0,0,0,,5,8.0,0,1,0,,,,,2020-09-15 06:25:45
19680158,,False,,0,,,,,,LEONARD'S REVENGE,0,0,0,,5,8.0,0,1,0,,,,,2020-09-15 06:25:45
19680178,,False,,0,,,,,,REPRIEVE,0,0,0,,5,8.0,0,1,0,,,,,2020-09-15 06:25:45
19680198,,False,,0,,,,,,ROTATION,0,0,0,,5,1.0,0,1,0,,,,,2020-09-15 06:25:45
19680214,,False,,0,,,,,,TROPICAL CHIEF,0,0,0,,5,1.0,0,1,0,,,,,2020-09-15 06:25:45
19680234,,False,,0,,,,,,ORBIT,0,0,0,,5,1.0,0,1,0,,,,,2020-09-15 06:25:45
19680254,,False,,0,,,,,,THE GENTLEMAN,0,0,0,,5,8.0,0,1,0,,,,,2020-09-15 06:25:45
19680274,,False,,0,,,,,,NORTHERN JOVE,0,0,0,,5,,0,1,0,,,,,2020-09-15 06:25:45
19680294,,False,,0,,,,,,SIZZLING JOHN,0,0,0,,5,1.0,0,1,0,,,,,2020-09-15 06:25:45
19680350,,False,,0,,,,,,ARISTOTLE,0,0,0,,5,1.0,0,1,0,,,,,2020-09-15 06:25:45
19680370,,False,,0,,,,,,RAJA BABA,0,0,0,,5,1.0,0,1,0,,,,,2020-09-15 06:25:45
19680638,,False,,0,,,,,,MARSHUA'S DANCER,0,0,0,,5,,0,1,0,,,,,2020-09-15 06:25:45
19680698,,False,,0,,,,,,BLUE FELLA,0,0,0,,5,8.0,0,1,0,,,,,2020-09-15 06:25:45
19680850,,False,,0,,,,,,HIS MAJESTY,0,0,0,,5,1.0,0,1,0,,,,,2020-09-15 06:25:45
19680870,,False,,0,,,,,,BOLERO,0,0,0,,5,1.0,0,1,0,,,,,2020-09-15 06:25:45
19680916,,False,,0,,,,,,STAFF WRITER,0,0,0,,5,1.0,0,1,0,,,,,2020-09-15 06:25:45
19680936,,False,,0,,,,,,URUGUAYO,0,0,0,,5,,0,1,0,,,,,2020-09-15 06:25:45
19680956,,False,,0,,,,,,MILES TYSON,0,0,0,,5,1.0,0,1,0,,,,,2020-09-15 06:25:45
19680996,,False,,0,,,,,,ARMOR,0,0,0,,5,8.0,0,1,0,,,,,2020-09-15 06:25:45
19681115,,False,,0,,,,,,KENNEDY ROAD,0,0,0,,5,1.0,0,1,0,,,,,2020-09-15 06:25:45
19681135,,False,,0,,,,,,HOIST THE FLAG,0,0,0,,5,1.0,0,1,0,,,,,2020-09-15 06:25:45
19681195,,False,,0,,,,,,PROUDEST ROMAN,0,0,0,,5,1.0,0,1,0,,,,,2020-09-15 06:25:45
19681231,,False,,0,,,,,,AMBERBEE,0,0,0,,5,1.0,0,1,0,,,,,2020-09-15 06:25:45
19681251,,False,,0,,,,,,DEPENDABLE,0,0,0,,5,9.0,0,1,0,,,,,2020-09-15 06:25:45
19681271,,False,,0,,,,,,SIT IN THE CORNER,0,0,0,,5,,0,1,0,,,,,2020-09-15 06:25:45
19681291,,False,,0,,,,,,BOLD REASONING,0,0,0,,5,,0,1,0,,,,,2020-09-15 06:25:45
19681317,,False,,0,,,,,,HARASUL,0,0,0,,5,1.0,0,1,0,,,,,2020-09-15 06:25:45
19681337,,False,,0,,,,,,GREAT CAREER,0,0,0,,5,1.0,0,1,0,,,,,2020-09-15 06:25:45
19681357,,False,,0,,,,,,IRISH BALL,0,0,0,,5,1.0,0,1,0,,,,,2020-09-15 06:25:45
19681377,,False,,0,,,,,,NEEDLEPLAY,0,0,0,,5,,0,1,0,,,,,2020-09-15 06:25:45
19681397,,False,,0,,,,,,NORTHFIELDS,0,0,0,,5,8.0,0,1,0,,,,,2020-09-15 06:25:45
19681413,,False,,0,,,,,,MILL REEF,0,0,0,,5,1.0,0,1,0,,,,,2020-09-15 06:25:45
19681453,,False,,0,,,,,,UPS,0,0,0,,5,1.0,0,1,0,,,,,2020-09-15 06:25:45
19682238,,False,,0,,,,,,LUMBER JACK,0,0,0,,5,1.0,0,1,0,,,,,2020-09-15 06:25:45
19682394,,False,,0,,,,,,SAPPHIC,0,0,0,,5,,0,1,0,,,,,2020-09-15 06:25:45
19682632,,False,,0,,,,,,PASS CATCHER,0,0,0,,5,,0,1,0,,,,,2020-09-15 06:25:45
19682778,,False,,0,,,,,,BOLD PROMONTORY,0,0,0,,5,,0,1,0,,,,,2020-09-15 06:25:45
19688210,,False,,0,,,,,,BRIARTIC,0,0,0,,5,8.0,0,1,0,,,,,2020-09-15 06:25:45
19688412,,False,,0,,,,,,PELHAM,0,0,0,,5,8.0,0,1,0,,,,,2020-09-15 06:25:45
19688452,,False,,0,,,,,,SON ANGE,0,0,0,,5,8.0,0,1,0,,,,,2020-09-15 06:25:45
19688472,,False,,0,,,,,,MUMMY'S PET,0,0,0,,5,1.0,0,1,0,,,,,2020-09-15 06:25:45
19688492,,False,,0,,,,,,ART VIEWER,0,0,0,,5,1.0,0,1,0,,,,,2020-09-15 06:25:45
19688518,,False,,0,,,,,,BOLD REASON,0,0,0,,5,1.0,0,1,0,,,,,2020-09-15 06:25:45
19688538,,False,,0,,,,,,STAUNCH AVENGER,0,0,0,,5,,0,1,0,,,,,2020-09-15 06:25:45
19688558,,False,,0,,,,,,CLAVICHORD,0,0,0,,5,8.0,0,1,0,,,,,2020-09-15 06:25:45
19690010,,False,,0,,,,,,BOLD ONE,0,0,0,,5,8.0,0,1,0,,,,,2020-09-15 06:25:45
19690030,,False,,0,,,,,,TABLELAND,0,0,0,,5,1.0,0,1,0,,,,,2020-09-15 06:25:45
19690050,,False,,0,,,,,,LINCOLN'S INN,0,0,0,,5,8.0,0,1,0,,,,,2020-09-15 06:25:45
19690070,,False,,0,,,,,,STEVFAST,0,0,0,,5,,0,1,0,,,,,2020-09-15 06:25:45
19690090,,False,,0,,,,,,COMPLAINT,0,0,0,,5,8.0,0,1,0,,,,,2020-09-15 06:25:45
19690116,,False,,0,,,,,,CALEJUCAM,0,0,0,,5,8.0,0,1,0,,,,,2020-09-15 06:25:45
19690136,,False,,0,,,,,,OMAHA,0,0,0,,5,9.0,0,1,0,,,,,2020-09-15 06:25:45
19690156,,False,,0,,,,,,SIR PETULANT,0,0,0,,5,9.0,0,1,0,,,,,2020-09-15 06:25:45
19690176,,False,,0,,,,,,HOLY PRINCE,0,0,0,,5,8.0,0,1,0,,,,,2020-09-15 06:25:45
19690196,,False,,0,,,,,,NADPOLE,0,0,0,,5,8.0,0,1,0,,,,,2020-09-15 06:25:45
19690232,,False,,0,,,,,,BEST OF ALL,0,0,0,,5,,0,1,0,,,,,2020-09-15 06:25:45
19690252,,False,,0,,,,,,DESIDERATA,0,0,0,,5,1.0,0,1,0,,,,,2020-09-15 06:25:45
19690272,,False,,0,,,,,,SECOND BAR,0,0,0,,5,,0,1,0,,,,,2020-09-15 06:25:45
19690292,,False,,0,,,,,,TRELAWNY,0,0,0,,5,1.0,0,1,0,,,,,2020-09-15 06:25:45
19690318,,False,,0,,,,,,NORTH ROCK,0,0,0,,5,,0,1,0,,,,,2020-09-15 06:25:45
19690338,,False,,0,,,,,,SEARCH FOR GOLD,0,0,0,,5,8.0,0,1,0,,,,,2020-09-15 06:25:45
19690358,,False,,0,,,,,,FULL POCKET,0,0,0,,5,8.0,0,1,0,,,,,2020-09-15 06:25:45
19690378,,False,,0,,,,,,UPPER CASE,0,0,0,,5,1.0,0,1,0,,,,,2020-09-15 06:25:45
19690398,,False,,0,,,,,,EXPLODENT,0,0,0,,5,1.0,0,1,0,,,,,2020-09-15 06:25:45
19690414,,False,,0,,,,,,KEY TO THE MINT,0,0,0,,5,1.0,0,1,0,,,,,2020-09-15 06:25:45
19690434,,False,,0,,,,,,HIGH TOP,0,0,0,,5,1.0,0,1,0,,,,,2020-09-15 06:25:45
19690454,,False,,0,,,,,,ICECAPADE II,0,0,0,,5,9.0,0,1,0,,,,,2020-09-15 06:25:45
19690474,,False,,0,,,,,,PRINCE OF PRO'S,0,0,0,,5,1.0,0,1,0,,,,,2020-09-15 06:25:45
19690494,,False,,0,,,,,,KING'S BISHOP,0,0,0,,5,8.0,0,1,0,,,,,2020-09-15 06:25:45
19690510,,False,,0,,,,,,WHITESBURG,0,0,0,,5,8.0,0,1,0,,,,,2020-09-15 06:25:45
19690530,,False,,0,,,,,,TRI JET,0,0,0,,5,,0,1,0,,,,,2020-09-15 06:25:45
19690550,,False,,0,,,,,,HOLD YOUR PEACE,0,0,0,,5,8.0,0,1,0,,,,,2020-09-15 06:25:45
19690570,,False,,0,,,,,,QUACK,0,0,0,,5,1.0,0,1,0,,,,,2020-09-15 06:25:45
19690616,,False,,0,,,,,,PLUM BOLD,0,0,0,,5,8.0,0,1,0,,,,,2020-09-15 06:25:45
19690636,,False,,0,,,,,,AMASPORT,0,0,0,,5,,0,1,0,,,,,2020-09-15 06:25:45
19690712,,False,,0,,,,,,RIVERMAN,0,0,0,,5,1.0,0,1,0,,,,,2020-09-15 06:25:45
19690772,,False,,0,,,,,,WIN N JIVE,0,0,0,,5,1.0,0,1,0,,,,,2020-09-15 06:25:45
19690898,,False,,0,,,,,,PROVE OUT,0,0,0,,5,8.0,0,1,0,,,,,2020-09-15 06:25:45
19690934,,False,,0,,,,,,HENRY TUDOR,0,0,0,,5,,0,1,0,,,,,2020-09-15 06:25:45
19690954,,False,,0,,,,,,HALO,0,0,0,,5,,0,1,0,,,,,2020-09-15 06:25:45
19690994,,False,,0,,,,,,BARACHOIS,0,0,0,,5,8.0,0,1,0,,,,,2020-09-15 06:25:45
19691173,,False,,0,,,,,,RAVARANO,0,0,0,,5,,0,1,0,,,,,2020-09-15 06:25:45
19691279,,False,,0,,,,,,BOLD NOBLEMAN,0,0,0,,5,1.0,0,1,0,,,,,2020-09-15 06:25:45
19691355,,False,,0,,,,,,RIVA RIDGE,0,0,0,,5,,0,1,0,,,,,2020-09-15 06:25:45
19691395,,False,,0,,,,,,TARLETON OAK,0,0,0,,5,1.0,0,1,0,,,,,2020-09-15 06:25:45
19691431,,False,,0,,,,,,ROBERTO,0,0,0,,5,,0,1,0,,,,,2020-09-15 06:25:45
19691537,,False,,0,,,,,,MR. CORRELATION,0,0,0,,5,8.0,0,1,0,,,,,2020-09-15 06:25:45
19691613,,False,,0,,,,,,CHARGE MASTER,0,0,0,,5,,0,1,0,,,,,2020-09-15 06:25:45
19691633,,False,,0,,,,,,TRUE KNIGHT,0,0,0,,5,,0,1,0,,,,,2020-09-15 06:25:45
19691657,,False,,0,,,,,,BRAVO,0,0,0,,5,,0,1,0,,,,,2020-09-15 06:25:45
19691673,,False,,0,,,,,,SALLUST,0,0,0,,5,1.0,0,1,0,,,,,2020-09-15 06:25:45
19691693,,False,,0,,,,,,SEVENTH LANDING,0,0,0,,5,,0,1,0,,,,,2020-09-15 06:25:45
19691739,,False,,0,,,,,,MATUN,0,0,0,,5,8.0,0,1,0,,,,,2020-09-15 06:25:45
19691759,,False,,0,,,,,,DETERMINED COSMIC,0,0,0,,5,1.0,0,1,0,,,,,2020-09-15 06:25:45
19691779,,False,,0,,,,,,ARRATOS,0,0,0,,5,,0,1,0,,,,,2020-09-15 06:25:45
19691815,,False,,0,,,,,,TENTAM,0,0,0,,5,,0,1,0,,,,,2020-09-15 06:25:45
19692110,,False,,0,,,,,,LYPHARD,0,0,0,,5,1.0,0,1,0,,,,,2020-09-15 06:25:45
19692236,,False,,0,,,,,,I FIND GOLD,0,0,0,,5,1.0,0,1,0,,,,,2020-09-15 06:25:45
19693117,,False,,0,,,,,,NEW PROSPECT,0,0,0,,5,,0,1,0,,,,,2020-09-15 06:25:45
19698238,,False,,0,,,,,,CABALLERO,0,0,0,,5,1.0,0,1,0,,,,,2020-09-15 06:25:45
19698258,,False,,0,,,,,,ALL RELIC,0,0,0,,5,8.0,0,1,0,,,,,2020-09-15 06:25:45
19698278,,False,,0,,,,,,MR. LONG,0,0,0,,5,,0,1,0,,,,,2020-09-15 06:25:45
19700017,,False,,0,,,,,,ALACO,0,0,0,,5,,0,1,0,,,,,2020-09-15 06:25:45
19700037,,False,,0,,,,,,NAPOLEON BONAPARTE,0,0,0,,5,1.0,0,1,0,,,,,2020-09-15 06:25:45
19700057,,False,,0,,,,,,WORDS OF ROCKET,0,0,0,,5,1.0,0,1,0,,,,,2020-09-15 06:25:45
19700077,,False,,0,,,,,,TACHYON,0,0,0,,5,1.0,0,1,0,,,,,2020-09-15 06:25:45
19700097,,False,,0,,,,,,JACKSON,0,0,0,,5,1.0,0,1,0,,,,,2020-09-15 06:25:45
19700113,,False,,0,,,,,,RAMVIN,0,0,0,,5,,0,1,0,,,,,2020-09-15 06:25:45
19700133,,False,,0,,,,,,CHANGING VIEW,0,0,0,,5,1.0,0,1,0,,,,,2020-09-15 06:25:45
19700153,,False,,0,,,,,,JUPITER,0,0,0,,5,8.0,0,1,0,,,,,2020-09-15 06:25:45
19700173,,False,,0,,,,,,LONDON COMPANY,0,0,0,,5,1.0,0,1,0,,,,,2020-09-15 06:25:45
19700193,,False,,0,,,,,,KING PIN,0,0,0,,5,1.0,0,1,0,,,,,2020-09-15 06:25:45
19700219,,False,,0,,,,,,SECRETARIAT,0,0,0,,5,8.0,0,1,0,,,,,2020-09-15 06:25:45
19700239,,False,,0,,,,,,ARBEES BOY,0,0,0,,5,,0,1,0,,,,,2020-09-15 06:25:45
19700259,,False,,0,,,,,,SNURB,0,0,0,,5,8.0,0,1,0,,,,,2020-09-15 06:25:45
19700279,,False,,0,,,,,,TORSION,0,0,0,,5,,0,1,0,,,,,2020-09-15 06:25:45
19700299,,False,,0,,,,,,FREEPET,0,0,0,,5,,0,1,0,,,,,2020-09-15 06:25:45
19700315,,False,,0,,,,,,MY GALLANT,0,0,0,,5,1.0,0,1,0,,,,,2020-09-15 06:25:45
19700335,,False,,0,,,,,,SPELLCASTER,0,0,0,,5,8.0,0,1,0,,,,,2020-09-15 06:25:45
19700355,,False,,0,,,,,,SHECKY GREENE,0,0,0,,5,8.0,0,1,0,,,,,2020-09-15 06:25:45
19700375,,False,,0,,,,,,TIMELESS MOMENT,0,0,0,,5,8.0,0,1,0,,,,,2020-09-15 06:25:45
19700395,,False,,0,,,,,,STOP THE MUSIC,0,0,0,,5,1.0,0,1,0,,,,,2020-09-15 06:25:45
19700991,,False,,0,,,,,,PROUD TRUMPETER,0,0,0,,5,,0,1,0,,,,,2020-09-15 06:25:45
19701216,,False,,0,,,,,,BOLD PLAY,0,0,0,,5,1.0,0,1,0,,,,,2020-09-15 06:25:45
19701352,,False,,0,,,,,,ACE OF ACES,0,0,0,,5,1.0,0,1,0,,,,,2020-09-15 06:25:45
19701372,,False,,0,,,,,,ASSAGAI JR.,0,0,0,,5,,0,1,0,,,,,2020-09-15 06:25:45
19701392,,False,,0,,,,,,CUTLASS ( USA ),0,0,0,,5,1.0,0,1,0,,,,,2020-09-15 06:25:45
19701478,,False,,0,,,,,,DOUBLE EDGE SWORD,0,0,0,,5,,0,1,0,,,,,2020-09-15 06:25:45
19701554,,False,,0,,,,,,LORD GAYLORD,0,0,0,,5,,0,1,0,,,,,2020-09-15 06:25:45
19701574,,False,,0,,,,,,JET TO DAMASCUS,0,0,0,,5,,0,1,0,,,,,2020-09-15 06:25:45
19701594,,False,,0,,,,,,CHAMPAGNE CHARLIE,0,0,0,,5,9.0,0,1,0,,,,,2020-09-15 06:25:45
19701610,,False,,0,,,,,,ROYAL CHOCOLATES,0,0,0,,5,1.0,0,1,0,,,,,2020-09-15 06:25:45
19701630,,False,,0,,,,,,TARA ROAD,0,0,0,,5,,0,1,0,,,,,2020-09-15 06:25:45
19701690,,False,,0,,,,,,NORTHERN FLING,0,0,0,,5,1.0,0,1,0,,,,,2020-09-15 06:25:45
19701776,,False,,0,,,,,,TARGOWISE,0,0,0,,5,1.0,0,1,0,,,,,2020-09-15 06:25:45
19701796,,False,,0,,,,,,KEY TO THE KINGDOM,0,0,0,,5,1.0,0,1,0,,,,,2020-09-15 06:25:45
19701812,,False,,0,,,,,,SHAM,0,0,0,,5,1.0,0,1,0,,,,,2020-09-15 06:25:45
19702177,,False,,0,,,,,,BUFFALO LARK,0,0,0,,5,,0,1,0,,,,,2020-09-15 06:25:45
19702253,,False,,0,,,,,,BIG BURN,0,0,0,,5,,0,1,0,,,,,2020-09-15 06:25:45
19702293,,False,,0,,,,,,MR. PROSPECTOR,0,0,0,,5,1.0,0,1,0,,,,,2020-09-15 06:25:45
19702379,,False,,0,,,,,,SAULINGO,0,0,0,,5,,0,1,0,,,,,2020-09-15 06:25:45
19708215,,False,,0,,,,,,CHIEF SAM,0,0,0,,5,1.0,0,1,0,,,,,2020-09-15 06:25:45
19708391,,False,,0,,,,,,NORUMBEGA,0,0,0,,5,1.0,0,1,0,,,,,2020-09-15 06:25:45
19710015,,False,,0,,,,,,ASHGROVE,0,0,0,,5,,0,1,0,,,,,2020-09-15 06:25:45
19710035,,False,,0,,,,,,NATIVE AID,0,0,0,,5,8.0,0,1,0,,,,,2020-09-15 06:25:45
19710055,,False,,0,,,,,,DRACULA,0,0,0,,5,8.0,0,1,0,,,,,2020-09-15 06:25:45
19710075,,False,,0,,,,,,MENOCAL,0,0,0,,5,8.0,0,1,0,,,,,2020-09-15 06:25:45
19710095,,False,,0,,,,,,APPEAL COURT,0,0,0,,5,1.0,0,1,0,,,,,2020-09-15 06:25:45
19710111,,False,,0,,,,,,ROYAL ALBERT HALL,0,0,0,,5,8.0,0,1,0,,,,,2020-09-15 06:25:45
19710131,,False,,0,,,,,,DARK SHADOW,0,0,0,,5,8.0,0,1,0,,,,,2020-09-15 06:25:45
19710151,,False,,0,,,,,,SILVER BADGE,0,0,0,,5,1.0,0,1,0,,,,,2020-09-15 06:25:45
19710171,,False,,0,,,,,,MARANTZ,0,0,0,,5,8.0,0,1,0,,,,,2020-09-15 06:25:45
19710191,,False,,0,,,,,,AUTHENTICITY,0,0,0,,5,,0,1,0,,,,,2020-09-15 06:25:45
19710217,,False,,0,,,,,,SR. DIPLOMAT,0,0,0,,5,,0,1,0,,,,,2020-09-15 06:25:45
19710237,,False,,0,,,,,,IRISH HARMONY,0,0,0,,5,1.0,0,1,0,,,,,2020-09-15 06:25:45
19710257,,False,,0,,,,,,GREEN GINGER,0,0,0,,5,1.0,0,1,0,,,,,2020-09-15 06:25:45
19710277,,False,,0,,,,,,JOLLY JOHU,0,0,0,,5,,0,1,0,,,,,2020-09-15 06:25:45
19710297,,False,,0,,,,,,CARACOLERO,0,0,0,,5,,0,1,0,,,,,2020-09-15 06:25:45
19710313,,False,,0,,,,,,PRINCELY PLEASURE,0,0,0,,5,1.0,0,1,0,,,,,2020-09-15 06:25:45
19710333,,False,,0,,,,,,BEST OF IT,0,0,0,,5,1.0,0,1,0,,,,,2020-09-15 06:25:45
19710373,,False,,0,,,,,,BUCK PRIVATE,0,0,0,,5,1.0,0,1,0,,,,,2020-09-15 06:25:45
19710419,,False,,0,,,,,,ON TO GLORY,0,0,0,,5,1.0,0,1,0,,,,,2020-09-15 06:25:45
19710499,,False,,0,,,,,,GOLD AND MYRAH,0,0,0,,5,1.0,0,1,0,,,,,2020-09-15 06:25:45
19710611,,False,,0,,,,,,RESTIVO,0,0,0,,5,1.0,0,1,0,,,,,2020-09-15 06:25:45
19710631,,False,,0,,,,,,HATCHET MAN,0,0,0,,5,9.0,0,1,0,,,,,2020-09-15 06:25:45
19710797,,False,,0,,,,,,PETER PAN,0,0,0,,5,9.0,0,1,0,,,,,2020-09-15 06:25:45
19711390,,False,,0,,,,,,RAISE A CUP,0,0,0,,5,1.0,0,1,0,,,,,2020-09-15 06:25:45
19711592,,False,,0,,,,,,LORD DURHAM,0,0,0,,5,,0,1,0,,,,,2020-09-15 06:25:45
19711890,,False,,0,,,,,,TELEFONICO,0,0,0,,5,1.0,0,1,0,,,,,2020-09-15 06:25:45
19711916,,False,,0,,,,,,ACCIPITER,0,0,0,,5,1.0,0,1,0,,,,,2020-09-15 06:25:45
19711936,,False,,0,,,,,,BUCK'S BID,0,0,0,,5,,0,1,0,,,,,2020-09-15 06:25:45
19711976,,False,,0,,,,,,KING OF THE NORTH,0,0,0,,5,,0,1,0,,,,,2020-09-15 06:25:45
19711996,,False,,0,,,,,,LORD REBEAU,0,0,0,,5,,0,1,0,,,,,2020-09-15 06:25:45
19712099,,False,,0,,,,,,PASS THE GLASS,0,0,0,,5,1.0,0,1,0,,,,,2020-09-15 06:25:45
19712115,,False,,0,,,,,,CANNONADE,0,0,0,,5,1.0,0,1,0,,,,,2020-09-15 06:25:45
19712175,,False,,0,,,,,,PRINCELY NATIVE,0,0,0,,5,8.0,0,1,0,,,,,2020-09-15 06:25:45
19712195,,False,,0,,,,,,FLIP SAL,0,0,0,,5,,0,1,0,,,,,2020-09-15 06:25:45
19712211,,False,,0,,,,,,BLOOD ROYAL,0,0,0,,5,,0,1,0,,,,,2020-09-15 06:25:45
19712231,,False,,0,,,,,,LOTHARIO,0,0,0,,5,8.0,0,1,0,,,,,2020-09-15 06:25:45
19712271,,False,,0,,,,,,FLIRTING AROUND (U,0,0,0,,5,1.0,0,1,0,,,,,2020-09-15 06:25:45
19712337,,False,,0,,,,,,NOTABLE SQUARE,0,0,0,,5,1.0,0,1,0,,,,,2020-09-15 06:25:45
19712397,,False,,0,,,,,,SNOW KNIGHT,0,0,0,,5,8.0,0,1,0,,,,,2020-09-15 06:25:45
19713314,,False,,0,,,,,,FLIRTING AROUND,0,0,0,,5,1.0,0,1,0,,,,,2020-09-15 06:25:45
19714417,,False,,0,,,,,,APALACHEE,0,0,0,,5,1.0,0,1,0,,,,,2020-09-15 06:25:45
19715010,,False,,0,,,,,,NOSTRUM,0,0,0,,5,8.0,0,1,0,,,,,2020-09-15 06:25:45
19715454,,False,,0,,,,,,SUN PRINCE,0,0,0,,5,,0,1,0,,,,,2020-09-15 06:25:45
19715818,,False,,0,,,,,,MOUNT HAGEN,0,0,0,,5,8.0,0,1,0,,,,,2020-09-15 06:25:45
19715878,,False,,0,,,,,,ON THE GLORY,0,0,0,,5,,0,1,0,,,,,2020-09-15 06:25:45
19715914,,False,,0,,,,,,LITTLE CURRENT,0,0,0,,5,1.0,0,1,0,,,,,2020-09-15 06:25:45
19716133,,False,,0,,,,,,TISAB,0,0,0,,5,1.0,0,1,0,,,,,2020-09-15 06:25:45
19718359,,False,,0,,,,,,MASTER MUSIC,0,0,0,,5,8.0,0,1,0,,,,,2020-09-15 06:25:45
19718415,,False,,0,,,,,,PRIVATE CIRCLE,0,0,0,,5,8.0,0,1,0,,,,,2020-09-15 06:25:45
19718475,,False,,0,,,,,,STONEWALK,0,0,0,,5,,0,1,0,,,,,2020-09-15 06:25:45
19718495,,False,,0,,,,,,HASTY FLYER,0,0,0,,5,8.0,0,1,0,,,,,2020-09-15 06:25:45
19718511,,False,,0,,,,,,TRACKER'S RECORD,0,0,0,,5,8.0,0,1,0,,,,,2020-09-15 06:25:45
19720013,,False,,0,,,,,,AT THE FRONT,0,0,0,,5,,0,1,0,,,,,2020-09-15 06:25:45
19720033,,False,,0,,,,,,EXCLUSIVE RIBOT,0,0,0,,5,1.0,0,1,0,,,,,2020-09-15 06:25:45
19720053,,False,,0,,,,,,HIGH STEEL,0,0,0,,5,1.0,0,1,0,,,,,2020-09-15 06:25:45
19720073,,False,,0,,,,,,TUDOR WIT,0,0,0,,5,1.0,0,1,0,,,,,2020-09-15 06:25:45
19720093,,False,,0,,,,,,ROCKING SHIP,0,0,0,,5,1.0,0,1,0,,,,,2020-09-15 06:25:45
19720119,,False,,0,,,,,,INDIGO CHIEF,0,0,0,,5,,0,1,0,,,,,2020-09-15 06:25:45
19720139,,False,,0,,,,,,SUPREMUS BOY,0,0,0,,5,1.0,0,1,0,,,,,2020-09-15 06:25:45
19720159,,False,,0,,,,,,TORONTO,0,0,0,,5,8.0,0,1,0,,,,,2020-09-15 06:25:45
19720179,,False,,0,,,,,,JUNGLE BEAT,0,0,0,,5,9.0,0,1,0,,,,,2020-09-15 06:25:45
19720199,,False,,0,,,,,,HAPPY BOY,0,0,0,,5,1.0,0,1,0,,,,,2020-09-15 06:25:45
19720215,,False,,0,,,,,,WAJIMA,0,0,0,,5,1.0,0,1,0,,,,,2020-09-15 06:25:45
19720236,,False,,0,,,,,,SUNNY CLIME,0,0,0,,5,,0,1,0,,,,,2020-09-15 06:25:45
19720255,,False,,0,,,,,,TIME TESTED,0,0,0,,5,1.0,0,1,0,,,,,2020-09-15 06:25:45
19720311,,False,,0,,,,,,GUARDS UP,0,0,0,,5,,0,1,0,,,,,2020-09-15 06:25:45
19720351,,False,,0,,,,,,AMERICAN HONOR,0,0,0,,5,1.0,0,1,0,,,,,2020-09-15 06:25:45
19720417,,False,,0,,,,,,XTRA CLASSY,0,0,0,,5,1.0,0,1,0,,,,,2020-09-15 06:25:45
19720457,,False,,0,,,,,,GREEN DANCER,0,0,0,,5,1.0,0,1,0,,,,,2020-09-15 06:25:45
19720477,,False,,0,,,,,,CHEROKEE FELLOW,0,0,0,,5,1.0,0,1,0,,,,,2020-09-15 06:25:45
19720513,,False,,0,,,,,,KNIGHTLY SPORT,0,0,0,,5,,0,1,0,,,,,2020-09-15 06:25:45
19720533,,False,,0,,,,,,STRIKE THE ANVIL,0,0,0,,5,1.0,0,1,0,,,,,2020-09-15 06:25:45
19720619,,False,,0,,,,,,AVATAR,0,0,0,,5,,0,1,0,,,,,2020-09-15 06:25:45
19720795,,False,,0,,,,,,IMPATIENT FOOL,0,0,0,,5,1.0,0,1,0,,,,,2020-09-15 06:25:45
19721116,,False,,0,,,,,,LOGICAL,0,0,0,,5,1.0,0,1,0,,,,,2020-09-15 06:25:45
19721434,,False,,0,,,,,,MATSADOON,0,0,0,,5,1.0,0,1,0,,,,,2020-09-15 06:25:45
19721590,,False,,0,,,,,,SKY COMMANDER,0,0,0,,5,1.0,0,1,0,,,,,2020-09-15 06:25:45
19721878,,False,,0,,,,,,POLITICAL COVERUP,0,0,0,,5,8.0,0,1,0,,,,,2020-09-15 06:25:45
19721914,,False,,0,,,,,,AMERRICO,0,0,0,,5,,0,1,0,,,,,2020-09-15 06:25:45
19721934,,False,,0,,,,,,BRENT'S PRINCE,0,0,0,,5,,0,1,0,,,,,2020-09-15 06:25:45
19721974,,False,,0,,,,,,KING PELLINORE,0,0,0,,5,1.0,0,1,0,,,,,2020-09-15 06:25:45
19722077,,False,,0,,,,,,ZINGALONG,0,0,0,,5,,0,1,0,,,,,2020-09-15 06:25:45
19722113,,False,,0,,,,,,RAMAHORN,0,0,0,,5,1.0,0,1,0,,,,,2020-09-15 06:25:45
19722153,,False,,0,,,,,,GRUNDY,0,0,0,,5,8.0,0,1,0,,,,,2020-09-15 06:25:45
19722173,,False,,0,,,,,,NOBLE DANCER,0,0,0,,5,,0,1,0,,,,,2020-09-15 06:25:45
19722193,,False,,0,,,,,,VALID APPEAL,0,0,0,,5,1.0,0,1,0,,,,,2020-09-15 06:25:45
19722259,,False,,0,,,,,,SINGH,0,0,0,,5,8.0,0,1,0,,,,,2020-09-15 06:25:45
19722279,,False,,0,,,,,,BOMBAY DUCK,0,0,0,,5,1.0,0,1,0,,,,,2020-09-15 06:25:45
19722299,,False,,0,,,,,,GREAT ABOVE,0,0,0,,5,,0,1,0,,,,,2020-09-15 06:25:45
19722315,,False,,0,,,,,,WHISKEY ROAD,0,0,0,,5,1.0,0,1,0,,,,,2020-09-15 06:25:45
19722355,,False,,0,,,,,,GREEK ANSWER,0,0,0,,5,1.0,0,1,0,,,,,2020-09-15 06:25:45
19722395,,False,,0,,,,,,VAL DE L'ORNE,0,0,0,,5,1.0,0,1,0,,,,,2020-09-15 06:25:45
19723110,,False,,0,,,,,,FOOLISH PLEASURE,0,0,0,,5,1.0,0,1,0,,,,,2020-09-15 06:25:45
19723332,,False,,0,,,,,,GREAT TRADER,0,0,0,,5,8.0,0,1,0,,,,,2020-09-15 06:25:45
19723716,,False,,0,,,,,,WAGGISH,0,0,0,,5,1.0,0,1,0,,,,,2020-09-15 06:25:45
19724051,,False,,0,,,,,,FORCE TEN,0,0,0,,5,,0,1,0,,,,,2020-09-15 06:25:45
19728251,,False,,0,,,,,,DAMASCUS,0,0,0,,5,,0,1,0,,,,,2020-09-15 06:25:45
19728357,,False,,0,,,,,,MASS CHARLES,0,0,0,,5,8.0,0,1,0,,,,,2020-09-15 06:25:45
19728433,,False,,0,,,,,,QUIET FLING,0,0,0,,5,1.0,0,1,0,,,,,2020-09-15 06:25:45
19730011,,False,,0,,,,,,SECRET MAN,0,0,0,,5,1.0,0,1,0,,,,,2020-09-15 06:25:45
19730031,,False,,0,,,,,,RECA,0,0,0,,5,1.0,0,1,0,,,,,2020-09-15 06:25:45
19730051,,False,,0,,,,,,BOUNTY HUNTER,0,0,0,,5,9.0,0,1,0,,,,,2020-09-15 06:25:46
19730071,,False,,0,,,,,,NORCLIFFE,0,0,0,,5,1.0,0,1,0,,,,,2020-09-15 06:25:46
19730091,,False,,0,,,,,,SHARP SHOOTER,0,0,0,,5,,0,1,0,,,,,2020-09-15 06:25:46
19730117,,False,,0,,,,,,HALL OF REASON,0,0,0,,5,,0,1,0,,,,,2020-09-15 06:25:46
19730137,,False,,0,,,,,,GREY ABBOTT,0,0,0,,5,,0,1,0,,,,,2020-09-15 06:25:46
19730157,,False,,0,,,,,,SUN GAZER,0,0,0,,5,1.0,0,1,0,,,,,2020-09-15 06:25:46
19730177,,False,,0,,,,,,DANCING PALL,0,0,0,,5,,0,1,0,,,,,2020-09-15 06:25:46
19730213,,False,,0,,,,,,SUDDEN CHARLIE,0,0,0,,5,1.0,0,1,0,,,,,2020-09-15 06:25:46
19730233,,False,,0,,,,,,JOACHIM,0,0,0,,5,,0,1,0,,,,,2020-09-15 06:25:46
19730253,,False,,0,,,,,,BOLD FORBES,0,0,0,,5,8.0,0,1,0,,,,,2020-09-15 06:25:46
19730293,,False,,0,,,,,,FAMILY DOCTOR,0,0,0,,5,,0,1,0,,,,,2020-09-15 06:25:46
19730319,,False,,0,,,,,,COJACK,0,0,0,,5,,0,1,0,,,,,2020-09-15 06:25:46
19730339,,False,,0,,,,,,CROW,0,0,0,,5,8.0,0,1,0,,,,,2020-09-15 06:25:46
19730359,,False,,0,,,,,,AERONAUT,0,0,0,,5,8.0,0,1,0,,,,,2020-09-15 06:25:46
19730379,,False,,0,,,,,,EMPERY,0,0,0,,5,1.0,0,1,0,,,,,2020-09-15 06:25:46
19730399,,False,,0,,,,,,INTERDICTO,0,0,0,,5,,0,1,0,,,,,2020-09-15 06:25:46
19730435,,False,,0,,,,,,CHIEF JUSTICE,0,0,0,,5,1.0,0,1,0,,,,,2020-09-15 06:25:46
19730455,,False,,0,,,,,,REXSON,0,0,0,,5,1.0,0,1,0,,,,,2020-09-15 06:25:46
19730475,,False,,0,,,,,,SOY NUMERO UNO,0,0,0,,5,1.0,0,1,0,,,,,2020-09-15 06:25:46
19730495,,False,,0,,,,,,FIFTH MARINE,0,0,0,,5,1.0,0,1,0,,,,,2020-09-15 06:25:46
19730511,,False,,0,,,,,,LITTLE MIRACLE,0,0,0,,5,8.0,0,1,0,,,,,2020-09-15 06:25:46
19730531,,False,,0,,,,,,TURN AND COUNT,0,0,0,,5,1.0,0,1,0,,,,,2020-09-15 06:25:46
19730617,,False,,0,,,,,,VIGORS,0,0,0,,5,,0,1,0,,,,,2020-09-15 06:25:46
19730637,,False,,0,,,,,,DANCE SPELL,0,0,0,,5,1.0,0,1,0,,,,,2020-09-15 06:25:46
19731336,,False,,0,,,,,,ARCTIC TERN,0,0,0,,5,8.0,0,1,0,,,,,2020-09-15 06:25:46
19731396,,False,,0,,,,,,WARDLAW,0,0,0,,5,,0,1,0,,,,,2020-09-15 06:25:46
19731614,,False,,0,,,,,,BARRERA,0,0,0,,5,8.0,0,1,0,,,,,2020-09-15 06:25:46
19731790,,False,,0,,,,,,ROMANTIC LEAD,0,0,0,,5,,0,1,0,,,,,2020-09-15 06:25:46
19731972,,False,,0,,,,,,STICKY SITUATION,0,0,0,,5,,0,1,0,,,,,2020-09-15 06:25:46
19731992,,False,,0,,,,,,POCKET PARK,0,0,0,,5,8.0,0,1,0,,,,,2020-09-15 06:25:46
19732131,,False,,0,,,,,,GALLAPIAT,0,0,0,,5,1.0,0,1,0,,,,,2020-09-15 06:25:46
19732191,,False,,0,,,,,,POINT OF FACT,0,0,0,,5,1.0,0,1,0,,,,,2020-09-15 06:25:46
19732217,,False,,0,,,,,,RED WING BOLD,0,0,0,,5,,0,1,0,,,,,2020-09-15 06:25:46
19732257,,False,,0,,,,,,FAR NORTH,0,0,0,,5,1.0,0,1,0,,,,,2020-09-15 06:25:46
19732277,,False,,0,,,,,,FULL OUT,0,0,0,,5,,0,1,0,,,,,2020-09-15 06:25:46
19732333,,False,,0,,,,,,FLYING FOX,0,0,0,,5,,0,1,0,,,,,2020-09-15 06:25:46
19732353,,False,,0,,,,,,DOCTOR'S ORDERS,0,0,0,,5,1.0,0,1,0,,,,,2020-09-15 06:25:46
19732393,,False,,0,,,,,,EXCELLER,0,0,0,,5,1.0,0,1,0,,,,,2020-09-15 06:25:46
19732459,,False,,0,,,,,,MAJESTIC LIGHT (US,0,0,0,,5,1.0,0,1,0,,,,,2020-09-15 06:25:46
19732479,,False,,0,,,,,,SAWBONES,0,0,0,,5,,0,1,0,,,,,2020-09-15 06:25:46
19732499,,False,,0,,,,,,ELOCUTIONIST,0,0,0,,5,1.0,0,1,0,,,,,2020-09-15 06:25:46
19732515,,False,,0,,,,,,TAYLOR'S FALLS,0,0,0,,5,1.0,0,1,0,,,,,2020-09-15 06:25:46
19732535,,False,,0,,,,,,PROUD BIRDIE,0,0,0,,5,1.0,0,1,0,,,,,2020-09-15 06:25:46
19732555,,False,,0,,,,,,CAPITAL IDEAS,0,0,0,,5,1.0,0,1,0,,,,,2020-09-15 06:25:46
19732575,,False,,0,,,,,,GARDA'S IMAGE,0,0,0,,5,,0,1,0,,,,,2020-09-15 06:25:46
19733052,,False,,0,,,,,,TEDDY'S COURAGE,0,0,0,,5,,0,1,0,,,,,2020-09-15 06:25:46
19733158,,False,,0,,,,,,PRACTITIONER,0,0,0,,5,8.0,0,1,0,,,,,2020-09-15 06:25:46
19734099,,False,,0,,,,,,SEVASTOPOL,0,0,0,,5,1.0,0,1,0,,,,,2020-09-15 06:25:46
19734115,,False,,0,,,,,,SHOTGUN PAT,0,0,0,,5,,0,1,0,,,,,2020-09-15 06:25:46
19735778,,False,,0,,,,,,HELL GATE CANYON,0,0,0,,5,1.0,0,1,0,,,,,2020-09-15 06:25:46
19738395,,False,,0,,,,,,OLE MAN RIVER,0,0,0,,5,1.0,0,1,0,,,,,2020-09-15 06:25:46
19738471,,False,,0,,,,,,STEVE PATH,0,0,0,,5,,0,1,0,,,,,2020-09-15 06:25:46
19738491,,False,,0,,,,,,SIR CINNAMON,0,0,0,,5,,0,1,0,,,,,2020-09-15 06:25:46
19740039,,False,,0,,,,,,HARLEQUIN,0,0,0,,5,1.0,0,1,0,,,,,2020-09-15 06:25:46
19740059,,False,,0,,,,,,NICE CATCH,0,0,0,,5,1.0,0,1,0,,,,,2020-09-15 06:25:46
19740079,,False,,0,,,,,,ZODIAC,0,0,0,,5,,0,1,0,,,,,2020-09-15 06:25:46
19740099,,False,,0,,,,,,JATSKI,0,0,0,,5,1.0,0,1,0,,,,,2020-09-15 06:25:46
19740115,,False,,0,,,,,,LUCKY NORTH MAN,0,0,0,,5,8.0,0,1,0,,,,,2020-09-15 06:25:46
19740135,,False,,0,,,,,,VISIBLE,0,0,0,,5,,0,1,0,,,,,2020-09-15 06:25:46
19740155,,False,,0,,,,,,DO LISHUS,0,0,0,,5,,0,1,0,,,,,2020-09-15 06:25:46
19740175,,False,,0,,,,,,CRUISE ON IN,0,0,0,,5,,0,1,0,,,,,2020-09-15 06:25:46
19740195,,False,,0,,,,,,UPPER NILE,0,0,0,,5,1.0,0,1,0,,,,,2020-09-15 06:25:46
19740211,,False,,0,,,,,,BOLD LOGIC,0,0,0,,5,,0,1,0,,,,,2020-09-15 06:25:46
19740231,,False,,0,,,,,,ARTAIUS,0,0,0,,5,1.0,0,1,0,,,,,2020-09-15 06:25:46
19740271,,False,,0,,,,,,TARA ROAD,0,0,0,,5,,0,1,0,,,,,2020-09-15 06:25:46
19740357,,False,,0,,,,,,DOM ALARIC,0,0,0,,5,,0,1,0,,,,,2020-09-15 06:25:46
19740377,,False,,0,,,,,,LOCAL KNOWLEDGE,0,0,0,,5,1.0,0,1,0,,,,,2020-09-15 06:25:46
19740397,,False,,0,,,,,,FLOURESCENT LIGHT,0,0,0,,5,,0,1,0,,,,,2020-09-15 06:25:46
19740413,,False,,0,,,,,,BOUNTIFUL,0,0,0,,5,8.0,0,1,0,,,,,2020-09-15 06:25:46
19740433,,False,,0,,,,,,HIGHLY DELIGHTED,0,0,0,,5,1.0,0,1,0,,,,,2020-09-15 06:25:46
19740453,,False,,0,,,,,,RECITALIST,0,0,0,,5,,0,1,0,,,,,2020-09-15 06:25:46
19740473,,False,,0,,,,,,GIBOULEE,0,0,0,,5,1.0,0,1,0,,,,,2020-09-15 06:25:46
19740493,,False,,0,,,,,,FORT PREVEL,0,0,0,,5,1.0,0,1,0,,,,,2020-09-15 06:25:46
19740519,,False,,0,,,,,,COX'S RIDGE,0,0,0,,5,8.0,0,1,0,,,,,2020-09-15 06:25:46
19740539,,False,,0,,,,,,WARM FRONT,0,0,0,,5,,0,1,0,,,,,2020-09-15 06:25:46
19740559,,False,,0,,,,,,UNITED HOLME,0,0,0,,5,1.0,0,1,0,,,,,2020-09-15 06:25:46
19740615,,False,,0,,,,,,J. O. TOBIN,0,0,0,,5,8.0,0,1,0,,,,,2020-09-15 06:25:46
19740655,,False,,0,,,,,,BUCKFINDER,0,0,0,,5,,0,1,0,,,,,2020-09-15 06:25:46
19740675,,False,,0,,,,,,BAILJUMPER,0,0,0,,5,1.0,0,1,0,,,,,2020-09-15 06:25:46
19740837,,False,,0,,,,,,QUI NATIVE,0,0,0,,5,,0,1,0,,,,,2020-09-15 06:25:46
19740877,,False,,0,,,,,,RAPHAEL,0,0,0,,5,1.0,0,1,0,,,,,2020-09-15 06:25:46
19741112,,False,,0,,,,,,THE MINSTREL,0,0,0,,5,8.0,0,1,0,,,,,2020-09-15 06:25:46
19741152,,False,,0,,,,,,BE MY GUEST,0,0,0,,5,8.0,0,1,0,,,,,2020-09-15 06:25:46
19741596,,False,,0,,,,,,BOLD EXCUSE,0,0,0,,5,,0,1,0,,,,,2020-09-15 06:25:46
19741874,,False,,0,,,,,,FLEET TWIST,0,0,0,,5,,0,1,0,,,,,2020-09-15 06:25:46
19741950,,False,,0,,,,,,IRON CONSTITUTION,0,0,0,,5,9.0,0,1,0,,,,,2020-09-15 06:25:46
19741970,,False,,0,,,,,,MEDIEVAL MAN,0,0,0,,5,8.0,0,1,0,,,,,2020-09-15 06:25:46
19741990,,False,,0,,,,,,OLANTENGY,0,0,0,,5,1.0,0,1,0,,,,,2020-09-15 06:25:46
19742013,,False,,0,,,,,,PROUD ARION,0,0,0,,5,8.0,0,1,0,,,,,2020-09-15 06:25:46
19742053,,False,,0,,,,,,BALDSKI,0,0,0,,5,,0,1,0,,,,,2020-09-15 06:25:46
19742073,,False,,0,,,,,,TOPSIDER,0,0,0,,5,1.0,0,1,0,,,,,2020-09-15 06:25:46
19742139,,False,,0,,,,,,HABITONY,0,0,0,,5,1.0,0,1,0,,,,,2020-09-15 06:25:46
19742159,,False,,0,,,,,,CORMORANT,0,0,0,,5,1.0,0,1,0,,,,,2020-09-15 06:25:46
19742179,,False,,0,,,,,,GENERAL,0,0,0,,5,,0,1,0,,,,,2020-09-15 06:25:46
19742199,,False,,0,,,,,,ALI OOP,0,0,0,,5,9.0,0,1,0,,,,,2020-09-15 06:25:46
19742215,,False,,0,,,,,,THAT'S A NICE,0,0,0,,5,,0,1,0,,,,,2020-09-15 06:25:46
19742235,,False,,0,,,,,,TRUE COLORS,0,0,0,,5,1.0,0,1,0,,,,,2020-09-15 06:25:46
19742255,,False,,0,,,,,,ALLEGED,0,0,0,,5,1.0,0,1,0,,,,,2020-09-15 06:25:46
19742275,,False,,0,,,,,,BLUSHING GROOM,0,0,0,,5,8.0,0,1,0,,,,,2020-09-15 06:25:46
19742311,,False,,0,,,,,,PHARLY,0,0,0,,5,8.0,0,1,0,,,,,2020-09-15 06:25:46
19742331,,False,,0,,,,,,GOLDEN SKY,0,0,0,,5,8.0,0,1,0,,,,,2020-09-15 06:25:46
19742391,,False,,0,,,,,,LORDEDAW,0,0,0,,5,1.0,0,1,0,,,,,2020-09-15 06:25:46
19744239,,False,,0,,,,,,SEATTLE SLEW,0,0,0,,5,1.0,0,1,0,,,,,2020-09-15 06:25:46
19748237,,False,,0,,,,,,COLOMBO,0,0,0,,5,1.0,0,1,0,,,,,2020-09-15 06:25:46
19748257,,False,,0,,,,,,DINNER PRINCE,0,0,0,,5,1.0,0,1,0,,,,,2020-09-15 06:25:46
19748297,,False,,0,,,,,,JULIUS CAESAR,0,0,0,,5,8.0,0,1,0,,,,,2020-09-15 06:25:46
19748515,,False,,0,,,,,,TWIVIL,0,0,0,,5,1.0,0,1,0,,,,,2020-09-15 06:25:46
19750017,,False,,0,,,,,,STAGE FOOL,0,0,0,,5,8.0,0,1,0,,,,,2020-09-15 06:25:46
19750037,,False,,0,,,,,,NASTY AND BOLD,0,0,0,,5,1.0,0,1,0,,,,,2020-09-15 06:25:46
19750077,,False,,0,,,,,,ACT ONE (USA),0,0,0,,5,8.0,0,1,0,,,,,2020-09-15 06:25:46
19750097,,False,,0,,,,,,MOLEOLUS,0,0,0,,5,8.0,0,1,0,,,,,2020-09-15 06:25:46
19750113,,False,,0,,,,,,DEEP RIVER,0,0,0,,5,8.0,0,1,0,,,,,2020-09-15 06:25:46
19750133,,False,,0,,,,,,DELTA FLAG,0,0,0,,5,,0,1,0,,,,,2020-09-15 06:25:46
19750153,,False,,0,,,,,,GENTILHOMBRE,0,0,0,,5,1.0,0,1,0,,,,,2020-09-15 06:25:46
19750193,,False,,0,,,,,,JACK HORNER,0,0,0,,5,1.0,0,1,0,,,,,2020-09-15 06:25:46
19750219,,False,,0,,,,,,COMMON LAW,0,0,0,,5,8.0,0,1,0,,,,,2020-09-15 06:25:46
19750239,,False,,0,,,,,,SPLODE,0,0,0,,5,1.0,0,1,0,,,,,2020-09-15 06:25:46
19750259,,False,,0,,,,,,BUCKAROO,0,0,0,,5,1.0,0,1,0,,,,,2020-09-15 06:25:46
19750279,,False,,0,,,,,,TEXAS LEE,0,0,0,,5,1.0,0,1,0,,,,,2020-09-15 06:25:46
19750299,,False,,0,,,,,,HOLY CAT,0,0,0,,5,1.0,0,1,0,,,,,2020-09-15 06:25:46
19750315,,False,,0,,,,,,PERNICKETY PETE,0,0,0,,5,1.0,0,1,0,,,,,2020-09-15 06:25:46
19750355,,False,,0,,,,,,JUST RIGHT CLASSI,0,0,0,,5,,0,1,0,,,,,2020-09-15 06:25:46
19750395,,False,,0,,,,,,SOVEREIGN DANCER,0,0,0,,5,1.0,0,1,0,,,,,2020-09-15 06:25:46
19750411,,False,,0,,,,,,TO AMERICA,0,0,0,,5,,0,1,0,,,,,2020-09-15 06:25:46
19750431,,False,,0,,,,,,RYAN'S IMAGE,0,0,0,,5,9.0,0,1,0,,,,,2020-09-15 06:25:46
19750451,,False,,0,,,,,,DOCTOR O.T.,0,0,0,,5,1.0,0,1,0,,,,,2020-09-15 06:25:46
19750471,,False,,0,,,,,,DARBY CREEK ROAD,0,0,0,,5,,0,1,0,,,,,2020-09-15 06:25:46
19750557,,False,,0,,,,,,STATE DINNER,0,0,0,,5,1.0,0,1,0,,,,,2020-09-15 06:25:46
19750577,,False,,0,,,,,,STAR DE NASKRA,0,0,0,,5,1.0,0,1,0,,,,,2020-09-15 06:25:46
19750739,,False,,0,,,,,,VIVALDI,0,0,0,,5,1.0,0,1,0,,,,,2020-09-15 06:25:46
19750759,,False,,0,,,,,,HOIST THE SILVER,0,0,0,,5,1.0,0,1,0,,,,,2020-09-15 06:25:46
19750779,,False,,0,,,,,,OVERSKATE,0,0,0,,5,8.0,0,1,0,,,,,2020-09-15 06:25:46
19750799,,False,,0,,,,,,JAYCEAN,0,0,0,,5,1.0,0,1,0,,,,,2020-09-15 06:25:46
19750931,,False,,0,,,,,,ISLAND SULTAN,0,0,0,,5,8.0,0,1,0,,,,,2020-09-15 06:25:46
19750991,,False,,0,,,,,,ARTISTRY,0,0,0,,5,8.0,0,1,0,,,,,2020-09-15 06:25:46
19751054,,False,,0,,,,,,HORATIUS,0,0,0,,5,,0,1,0,,,,,2020-09-15 06:25:46
19751110,,False,,0,,,,,,BELIEVE IT (USA),0,0,0,,5,8.0,0,1,0,,,,,2020-09-15 06:25:46
19751478,,False,,0,,,,,,AFFIRMED,0,0,0,,5,8.0,0,1,0,,,,,2020-09-15 06:25:46
19751514,,False,,0,,,,,,AGITATOR,0,0,0,,5,1.0,0,1,0,,,,,2020-09-15 06:25:46
19751554,,False,,0,,,,,,CASABIANCA,0,0,0,,5,1.0,0,1,0,,,,,2020-09-15 06:25:46
19751594,,False,,0,,,,,,SECLUSIVE,0,0,0,,5,,0,1,0,,,,,2020-09-15 06:25:46
19751690,,False,,0,,,,,,OCTAVO,0,0,0,,5,,0,1,0,,,,,2020-09-15 06:25:46
19751736,,False,,0,,,,,,M'LORD,0,0,0,,5,1.0,0,1,0,,,,,2020-09-15 06:25:46
19751796,,False,,0,,,,,,PAAVO,0,0,0,,5,1.0,0,1,0,,,,,2020-09-15 06:25:46
19751812,,False,,0,,,,,,FIRE DANCER (USA),0,0,0,,5,1.0,0,1,0,,,,,2020-09-15 06:25:46
19751958,,False,,0,,,,,,TANTHEM,0,0,0,,5,,0,1,0,,,,,2020-09-15 06:25:46
19751978,,False,,0,,,,,,PRINCE ARIES,0,0,0,,5,1.0,0,1,0,,,,,2020-09-15 06:25:46
19752137,,False,,0,,,,,,PIRATEER,0,0,0,,5,1.0,0,1,0,,,,,2020-09-15 06:25:46
19752177,,False,,0,,,,,,DANCING WIZARD,0,0,0,,5,,0,1,0,,,,,2020-09-15 06:25:46
19752233,,False,,0,,,,,,SQUIRE,0,0,0,,5,1.0,0,1,0,,,,,2020-09-15 06:25:46
19752253,,False,,0,,,,,,FIESTERO,0,0,0,,5,,0,1,0,,,,,2020-09-15 06:25:46
19752273,,False,,0,,,,,,MR. JUSTICE,0,0,0,,5,,0,1,0,,,,,2020-09-15 06:25:46
19752319,,False,,0,,,,,,WAVE FOREVER,0,0,0,,5,1.0,0,1,0,,,,,2020-09-15 06:25:46
19752339,,False,,0,,,,,,COROTOMAN,0,0,0,,5,,0,1,0,,,,,2020-09-15 06:25:46
19752359,,False,,0,,,,,,BIG PRINCE,0,0,0,,5,8.0,0,1,0,,,,,2020-09-15 06:25:46
19752379,,False,,0,,,,,,SUPER CONCORDE,0,0,0,,5,,0,1,0,,,,,2020-09-15 06:25:46
19752399,,False,,0,,,,,,RHYTHM ACE,0,0,0,,5,1.0,0,1,0,,,,,2020-09-15 06:25:46
19752435,,False,,0,,,,,,RUSTICARO,0,0,0,,5,8.0,0,1,0,,,,,2020-09-15 06:25:46
19752455,,False,,0,,,,,,REGAL AND ROYAL,0,0,0,,5,1.0,0,1,0,,,,,2020-09-15 06:25:46
19752475,,False,,0,,,,,,JULIO MARINER,0,0,0,,5,,0,1,0,,,,,2020-09-15 06:25:46
19752495,,False,,0,,,,,,PURSUIT,0,0,0,,5,1.0,0,1,0,,,,,2020-09-15 06:25:46
19752511,,False,,0,,,,,,RAISE CAINE,0,0,0,,5,1.0,0,1,0,,,,,2020-09-15 06:25:46
19752531,,False,,0,,,,,,TRY MY BEST,0,0,0,,5,1.0,0,1,0,,,,,2020-09-15 06:25:46
19752551,,False,,0,,,,,,FRENCH COLONIAL,0,0,0,,5,,0,1,0,,,,,2020-09-15 06:25:46
19752571,,False,,0,,,,,,CABRINI GREEN,0,0,0,,5,8.0,0,1,0,,,,,2020-09-15 06:25:46
19752591,,False,,0,,,,,,SINGULAR,0,0,0,,5,8.0,0,1,0,,,,,2020-09-15 06:25:46
19752617,,False,,0,,,,,,COOL VICTOR,0,0,0,,5,,0,1,0,,,,,2020-09-15 06:25:46
19752637,,False,,0,,,,,,NORTH TOWER,0,0,0,,5,1.0,0,1,0,,,,,2020-09-15 06:25:46
19752657,,False,,0,,,,,,HAWKIN'S SPECIAL,0,0,0,,5,9.0,0,1,0,,,,,2020-09-15 06:25:46
19752697,,False,,0,,,,,,COLD RECEPTION,0,0,0,,5,,0,1,0,,,,,2020-09-15 06:25:46
19752713,,False,,0,,,,,,SHELTER HALF,0,0,0,,5,1.0,0,1,0,,,,,2020-09-15 06:25:46
19752733,,False,,0,,,,,,AHONOORA,0,0,0,,5,8.0,0,1,0,,,,,2020-09-15 06:25:46
19753038,,False,,0,,,,,,DACTYLOGRAPHER,0,0,0,,5,1.0,0,1,0,,,,,2020-09-15 06:25:46
19753114,,False,,0,,,,,,QUADRATIC,0,0,0,,5,,0,1,0,,,,,2020-09-15 06:25:46
19754075,,False,,0,,,,,,ALYDAR,0,0,0,,5,8.0,0,1,0,,,,,2020-09-15 06:25:46
19754095,,False,,0,,,,,,BAEDERWOOD,0,0,0,,5,,0,1,0,,,,,2020-09-15 06:25:46
19755416,,False,,0,,,,,,YUKON EAGLE,0,0,0,,5,8.0,0,1,0,,,,,2020-09-15 06:25:46
19755774,,False,,0,,,,,,SAUCE BOAT,0,0,0,,5,,0,1,0,,,,,2020-09-15 06:25:46
19758159,,False,,0,,,,,,ARGUMENTATIVE,0,0,0,,5,1.0,0,1,0,,,,,2020-09-15 06:25:46
19758331,,False,,0,,,,,,LAUGH AND GO,0,0,0,,5,1.0,0,1,0,,,,,2020-09-15 06:25:46
19758437,,False,,0,,,,,,ROBIN'S SONG,0,0,0,,5,1.0,0,1,0,,,,,2020-09-15 06:25:46
19760035,,False,,0,,,,,,PADDYOGAN,0,0,0,,5,1.0,0,1,0,,,,,2020-09-15 06:25:46
19760095,,False,,0,,,,,,WEST HARBOUR,0,0,0,,5,8.0,0,1,0,,,,,2020-09-15 06:25:46
19760111,,False,,0,,,,,,EXOTIC TRAVELER,0,0,0,,5,1.0,0,1,0,,,,,2020-09-15 06:25:46
19760131,,False,,0,,,,,,CLASSIC EXAMPLE,0,0,0,,5,1.0,0,1,0,,,,,2020-09-15 06:25:46
19760151,,False,,0,,,,,,BOLD RUCKUS,0,0,0,,5,1.0,0,1,0,,,,,2020-09-15 06:25:46
19760191,,False,,0,,,,,,TONKATON,0,0,0,,5,1.0,0,1,0,,,,,2020-09-15 06:25:46
19760217,,False,,0,,,,,,SECRETARY OF WAR,0,0,0,,5,8.0,0,1,0,,,,,2020-09-15 06:25:46
19760237,,False,,0,,,,,,LUCKY OLE SUN,0,0,0,,5,1.0,0,1,0,,,,,2020-09-15 06:25:46
19760257,,False,,0,,,,,,PICTURESQUE,0,0,0,,5,,0,1,0,,,,,2020-09-15 06:25:46
19760277,,False,,0,,,,,,BIG BOLD SEFA,0,0,0,,5,1.0,0,1,0,,,,,2020-09-15 06:25:46
19760297,,False,,0,,,,,,BLAMEITONBURDY,0,0,0,,5,,0,1,0,,,,,2020-09-15 06:25:46
19760313,,False,,0,,,,,,NORTHERN BABY,0,0,0,,5,1.0,0,1,0,,,,,2020-09-15 06:25:46
19760353,,False,,0,,,,,,BOMBADIER,0,0,0,,5,1.0,0,1,0,,,,,2020-09-15 06:25:46
19760393,,False,,0,,,,,,RED RYDER,0,0,0,,5,,0,1,0,,,,,2020-09-15 06:25:46
19760419,,False,,0,,,,,,SMARTEN,0,0,0,,5,1.0,0,1,0,,,,,2020-09-15 06:25:46
19760479,,False,,0,,,,,,DRAGON SLAYER,0,0,0,,5,9.0,0,1,0,,,,,2020-09-15 06:25:46
19760515,,False,,0,,,,,,RIO CARMELO,0,0,0,,5,1.0,0,1,0,,,,,2020-09-15 06:25:46
19760535,,False,,0,,,,,,TUNERUP,0,0,0,,5,,0,1,0,,,,,2020-09-15 06:25:46
19760611,,False,,0,,,,,,LOOK FAST,0,0,0,,5,,0,1,0,,,,,2020-09-15 06:25:46
19760671,,False,,0,,,,,,CUTLASS,0,0,0,,5,1.0,0,1,0,,,,,2020-09-15 06:25:46
19760737,,False,,0,,,,,,COMMADORE C,0,0,0,,5,,0,1,0,,,,,2020-09-15 06:25:46
19761294,,False,,0,,,,,,NORTHERN PROSPECT,0,0,0,,5,1.0,0,1,0,,,,,2020-09-15 06:25:46
19761390,,False,,0,,,,,,HOLLI SPECT,0,0,0,,5,,0,1,0,,,,,2020-09-15 06:25:46
19761678,,False,,0,,,,,,RECOBRADO,0,0,0,,5,,0,1,0,,,,,2020-09-15 06:25:46
19761698,,False,,0,,,,,,PAS SEUL,0,0,0,,5,1.0,0,1,0,,,,,2020-09-15 06:25:46
19761734,,False,,0,,,,,,ZIAD,0,0,0,,5,8.0,0,1,0,,,,,2020-09-15 06:25:46
19761996,,False,,0,,,,,,TIM THE TIGER,0,0,0,,5,1.0,0,1,0,,,,,2020-09-15 06:25:46
19762079,,False,,0,,,,,,TUNDRA WIND,0,0,0,,5,,0,1,0,,,,,2020-09-15 06:25:46
19762099,,False,,0,,,,,,RELAUNCH,0,0,0,,5,9.0,0,1,0,,,,,2020-09-15 06:25:46
19762115,,False,,0,,,,,,BRAVE SHOT,0,0,0,,5,1.0,0,1,0,,,,,2020-09-15 06:25:46
19762135,,False,,0,,,,,,DESERT SPIRIT(USA),0,0,0,,5,9.0,0,1,0,,,,,2020-09-15 06:25:46
19762175,,False,,0,,,,,,GENERAL ASSEMBLY,0,0,0,,5,,0,1,0,,,,,2020-09-15 06:25:46
19762195,,False,,0,,,,,,SCREEN KING,0,0,0,,5,8.0,0,1,0,,,,,2020-09-15 06:25:46
19762211,,False,,0,,,,,,SIR IVOR AGAIN,0,0,0,,5,1.0,0,1,0,,,,,2020-09-15 06:25:46
19762231,,False,,0,,,,,,CLEVER TRICK,0,0,0,,5,,0,1,0,,,,,2020-09-15 06:25:46
19762251,,False,,0,,,,,,THE BART,0,0,0,,5,1.0,0,1,0,,,,,2020-09-15 06:25:46
19762317,,False,,0,,,,,,BE A RULLAH,0,0,0,,5,1.0,0,1,0,,,,,2020-09-15 06:25:46
19762337,,False,,0,,,,,,GREGORIAN,0,0,0,,5,,0,1,0,,,,,2020-09-15 06:25:46
19762357,,False,,0,,,,,,PRIVATE ACCOUNT,0,0,0,,5,1.0,0,1,0,,,,,2020-09-15 06:25:46
19762493,,False,,0,,,,,,ARCHITECT,0,0,0,,5,1.0,0,1,0,,,,,2020-09-15 06:25:46
19762559,,False,,0,,,,,,ST. HUBERT,0,0,0,,5,1.0,0,1,0,,,,,2020-09-15 06:25:46
19762579,,False,,0,,,,,,EXUBERANT,0,0,0,,5,8.0,0,1,0,,,,,2020-09-15 06:25:46
19762599,,False,,0,,,,,,STEADY GROWTH,0,0,0,,5,,0,1,0,,,,,2020-09-15 06:25:46
19762615,,False,,0,,,,,,MEDAILLE D'OR,0,0,0,,5,8.0,0,1,0,,,,,2020-09-15 06:25:46
19762655,,False,,0,,,,,,NORTHERN TREAT,0,0,0,,5,1.0,0,1,0,,,,,2020-09-15 06:25:46
19762695,,False,,0,,,,,,FLYING PASTER,0,0,0,,5,1.0,0,1,0,,,,,2020-09-15 06:25:46
19762731,,False,,0,,,,,,NICE DANCER,0,0,0,,5,,0,1,0,,,,,2020-09-15 06:25:46
19762751,,False,,0,,,,,,TAP ON WOOD,0,0,0,,5,8.0,0,1,0,,,,,2020-09-15 06:25:46
19763036,,False,,0,,,,,,MILFORD,0,0,0,,5,8.0,0,1,0,,,,,2020-09-15 06:25:46
19763076,,False,,0,,,,,,SECRETARY OF STATE,0,0,0,,5,8.0,0,1,0,,,,,2020-09-15 06:25:46
19764053,,False,,0,,,,,,NONPARRELL,0,0,0,,5,1.0,0,1,0,,,,,2020-09-15 06:25:46
19765772,,False,,0,,,,,,IRISH RIVER,0,0,0,,5,8.0,0,1,0,,,,,2020-09-15 06:25:46
19765838,,False,,0,,,,,,ROYAL EMBLEM,0,0,0,,5,1.0,0,1,0,,,,,2020-09-15 06:25:46
19768197,,False,,0,,,,,,BOLD AGENT,0,0,0,,5,1.0,0,1,0,,,,,2020-09-15 06:25:46
19768273,,False,,0,,,,,,FIRST SHOWING,0,0,0,,5,,0,1,0,,,,,2020-09-15 06:25:46
19768319,,False,,0,,,,,,LYSANDER,0,0,0,,5,9.0,0,1,0,,,,,2020-09-15 06:25:46
19768379,,False,,0,,,,,,NOBLE SAINT,0,0,0,,5,8.0,0,1,0,,,,,2020-09-15 06:25:46
19768495,,False,,0,,,,,,THE COOL VIRGINIAN,0,0,0,,5,9.0,0,1,0,,,,,2020-09-15 06:25:46
19768511,,False,,0,,,,,,YOU O.K.,0,0,0,,5,9.0,0,1,0,,,,,2020-09-15 06:25:46
19768531,,False,,0,,,,,,TRADE WINDS JR.,0,0,0,,5,8.0,0,1,0,,,,,2020-09-15 06:25:46
19770053,,False,,0,,,,,,B.J'S RULER,0,0,0,,5,8.0,0,1,0,,,,,2020-09-15 06:25:46
19770093,,False,,0,,,,,,IF THIS BE SO,0,0,0,,5,8.0,0,1,0,,,,,2020-09-15 06:25:46
19770119,,False,,0,,,,,,GENTLEMAN JINSKY,0,0,0,,5,,0,1,0,,,,,2020-09-15 06:25:46
19770139,,False,,0,,,,,,BALLACASHTAL,0,0,0,,5,8.0,0,1,0,,,,,2020-09-15 06:25:46
19770159,,False,,0,,,,,,NOBLE SHAMUS,0,0,0,,5,,0,1,0,,,,,2020-09-15 06:25:46
19770179,,False,,0,,,,,,CAPITOL HILL,0,0,0,,5,1.0,0,1,0,,,,,2020-09-15 06:25:46
19770199,,False,,0,,,,,,KALPHARD,0,0,0,,5,1.0,0,1,0,,,,,2020-09-15 06:25:46
19770215,,False,,0,,,,,,PERRAULT,0,0,0,,5,8.0,0,1,0,,,,,2020-09-15 06:25:46
19770235,,False,,0,,,,,,FAR OUT EAST,0,0,0,,5,1.0,0,1,0,,,,,2020-09-15 06:25:46
19770255,,False,,0,,,,,,GONZALES,0,0,0,,5,1.0,0,1,0,,,,,2020-09-15 06:25:46
19770275,,False,,0,,,,,,DEBUSSY,0,0,0,,5,1.0,0,1,0,,,,,2020-09-15 06:25:46
19770295,,False,,0,,,,,,BUCKSPLASHER,0,0,0,,5,8.0,0,1,0,,,,,2020-09-15 06:25:46
19770311,,False,,0,,,,,,J.P. BROTHER,0,0,0,,5,,0,1,0,,,,,2020-09-15 06:25:46
19770331,,False,,0,,,,,,FAR EAST SUN,0,0,0,,5,8.0,0,1,0,,,,,2020-09-15 06:25:46
19770351,,False,,0,,,,,,NO BEND,0,0,0,,5,,0,1,0,,,,,2020-09-15 06:25:46
19770371,,False,,0,,,,,,PLUGGED NICKLE,0,0,0,,5,1.0,0,1,0,,,,,2020-09-15 06:25:46
19770391,,False,,0,,,,,,RAISE A REGAL,0,0,0,,5,1.0,0,1,0,,,,,2020-09-15 06:25:46
19770417,,False,,0,,,,,,CENTURY ROLLICK,0,0,0,,5,1.0,0,1,0,,,,,2020-09-15 06:25:46
19770437,,False,,0,,,,,,TRAFFIC BREAKER,0,0,0,,5,,0,1,0,,,,,2020-09-15 06:25:46
19770457,,False,,0,,,,,,HERB WATER,0,0,0,,5,,0,1,0,,,,,2020-09-15 06:25:46
19770477,,False,,0,,,,,,SUMMER ADVOCATE,0,0,0,,5,,0,1,0,,,,,2020-09-15 06:25:46
19770497,,False,,0,,,,,,JOANIE'S CHIEF,0,0,0,,5,,0,1,0,,,,,2020-09-15 06:25:46
19770513,,False,,0,,,,,,ATTENGUR,0,0,0,,5,8.0,0,1,0,,,,,2020-09-15 06:25:46
19770533,,False,,0,,,,,,FOUNTAIN OF GOLD,0,0,0,,5,1.0,0,1,0,,,,,2020-09-15 06:25:46
19770553,,False,,0,,,,,,THANKS TO TONY,0,0,0,,5,1.0,0,1,0,,,,,2020-09-15 06:25:46
19770573,,False,,0,,,,,,ARGUMENT,0,0,0,,5,,0,1,0,,,,,2020-09-15 06:25:46
19770593,,False,,0,,,,,,NORTH POLE,0,0,0,,5,,0,1,0,,,,,2020-09-15 06:25:46
19770619,,False,,0,,,,,,GLOBE,0,0,0,,5,,0,1,0,,,,,2020-09-15 06:25:46
19770679,,False,,0,,,,,,TAUFAN,0,0,0,,5,,0,1,0,,,,,2020-09-15 06:25:46
19770699,,False,,0,,,,,,POSSE,0,0,0,,5,,0,1,0,,,,,2020-09-15 06:25:46
19770715,,False,,0,,,,,,NATIVE UPROAR,0,0,0,,5,1.0,0,1,0,,,,,2020-09-15 06:25:46
19770755,,False,,0,,,,,,ISOPACH,0,0,0,,5,8.0,0,1,0,,,,,2020-09-15 06:25:46
19770775,,False,,0,,,,,,SUPER MOMENT,0,0,0,,5,,0,1,0,,,,,2020-09-15 06:25:46
19770795,,False,,0,,,,,,TOUGH ASSIGNMENT,0,0,0,,5,,0,1,0,,,,,2020-09-15 06:25:46
19770811,,False,,0,,,,,,FAPPIANO,0,0,0,,5,1.0,0,1,0,,,,,2020-09-15 06:25:46
19770831,,False,,0,,,,,,TEMPERENCE HILL,0,0,0,,5,1.0,0,1,0,,,,,2020-09-15 06:25:46
19770871,,False,,0,,,,,,IRISH TOWER,0,0,0,,5,,0,1,0,,,,,2020-09-15 06:25:46
19770957,,False,,0,,,,,,BLUE ENSIGN,0,0,0,,5,9.0,0,1,0,,,,,2020-09-15 06:25:46
19770977,,False,,0,,,,,,WINDY HILL,0,0,0,,5,8.0,0,1,0,,,,,2020-09-15 06:25:46
19771590,,False,,0,,,,,,CODEX,0,0,0,,5,8.0,0,1,0,,,,,2020-09-15 06:25:46
19771676,,False,,0,,,,,,KNOWN FACT,0,0,0,,5,,0,1,0,,,,,2020-09-15 06:25:46
19771878,,False,,0,,,,,,STUTZ BLACKHAWK,0,0,0,,5,1.0,0,1,0,,,,,2020-09-15 06:25:46
19772193,,False,,0,,,,,,RECTORY,0,0,0,,5,1.0,0,1,0,,,,,2020-09-15 06:25:46
19772219,,False,,0,,,,,,TWO'S A PLENTY,0,0,0,,5,1.0,0,1,0,,,,,2020-09-15 06:25:46
19772239,,False,,0,,,,,,MAGESTERIAL,0,0,0,,5,1.0,0,1,0,,,,,2020-09-15 06:25:46
19772259,,False,,0,,,,,,PACE JEAN,0,0,0,,5,,0,1,0,,,,,2020-09-15 06:25:46
19772279,,False,,0,,,,,,RESTLESS THIEF,0,0,0,,5,8.0,0,1,0,,,,,2020-09-15 06:25:46
19772299,,False,,0,,,,,,SETTLEMENT DAY,0,0,0,,5,,0,1,0,,,,,2020-09-15 06:25:46
19772315,,False,,0,,,,,,LE GROS LOT,0,0,0,,5,1.0,0,1,0,,,,,2020-09-15 06:25:46
19772335,,False,,0,,,,,,INFUSION,0,0,0,,5,,0,1,0,,,,,2020-09-15 06:25:46
19772375,,False,,0,,,,,,ELLIPSE,0,0,0,,5,8.0,0,1,0,,,,,2020-09-15 06:25:46
19772395,,False,,0,,,,,,LINES OF POWER,0,0,0,,5,1.0,0,1,0,,,,,2020-09-15 06:25:46
19772431,,False,,0,,,,,,RAISED SOCIALLY,0,0,0,,5,8.0,0,1,0,,,,,2020-09-15 06:25:46
19772471,,False,,0,,,,,,GOLD STAGE,0,0,0,,5,,0,1,0,,,,,2020-09-15 06:25:46
19772491,,False,,0,,,,,,ALLA BREVA,0,0,0,,5,8.0,0,1,0,,,,,2020-09-15 06:25:46
19772517,,False,,0,,,,,,MESHACH,0,0,0,,5,9.0,0,1,0,,,,,2020-09-15 06:25:46
19772557,,False,,0,,,,,,BEJILLA,0,0,0,,5,,0,1,0,,,,,2020-09-15 06:25:46
19772577,,False,,0,,,,,,NAKED SKY,0,0,0,,5,,0,1,0,,,,,2020-09-15 06:25:46
19772597,,False,,0,,,,,,GREAT GLADIATOR,0,0,0,,5,,0,1,0,,,,,2020-09-15 06:25:46
19772613,,False,,0,,,,,,THE WHEEL TURNS,0,0,0,,5,8.0,0,1,0,,,,,2020-09-15 06:25:46
19772633,,False,,0,,,,,,SIBERIAN EXPRESS,0,0,0,,5,9.0,0,1,0,,,,,2020-09-15 06:25:46
19772653,,False,,0,,,,,,MUSCOVITE,0,0,0,,5,1.0,0,1,0,,,,,2020-09-15 06:25:46
19772673,,False,,0,,,,,,DR. BLUM,0,0,0,,5,8.0,0,1,0,,,,,2020-09-15 06:25:46
19772693,,False,,0,,,,,,INHERENT STAR,0,0,0,,5,1.0,0,1,0,,,,,2020-09-15 06:25:46
19772719,,False,,0,,,,,,NEVER TABLED,0,0,0,,5,,0,1,0,,,,,2020-09-15 06:25:46
19773130,,False,,0,,,,,,DANZIG,0,0,0,,5,1.0,0,1,0,,,,,2020-09-15 06:25:46
19773190,,False,,0,,,,,,SWEET CANDY,0,0,0,,5,,0,1,0,,,,,2020-09-15 06:25:46
19773276,,False,,0,,,,,,KRIS S.,0,0,0,,5,,0,1,0,,,,,2020-09-15 06:25:46
19773918,,False,,0,,,,,,NORTH STAR,0,0,0,,5,8.0,0,1,0,,,,,2020-09-15 06:25:46
19774233,,False,,0,,,,,,SUPERBITY,0,0,0,,5,,0,1,0,,,,,2020-09-15 06:25:46
19774551,,False,,0,,,,,,NUREYEV,0,0,0,,5,1.0,0,1,0,,,,,2020-09-15 06:25:46
19774995,,False,,0,,,,,,FIRST ALBERT,0,0,0,,5,,0,1,0,,,,,2020-09-15 06:25:46
19777350,,False,,0,,,,,,THE MOSS AGATE,0,0,0,,5,1.0,0,1,0,,,,,2020-09-15 06:25:46
19778175,,False,,0,,,,,,ACE GREENBERG,0,0,0,,5,8.0,0,1,0,,,,,2020-09-15 06:25:46
19778317,,False,,0,,,,,,LORETTA'S BOY,0,0,0,,5,9.0,0,1,0,,,,,2020-09-15 06:25:46
19778337,,False,,0,,,,,,LEGENDARY,0,0,0,,5,1.0,0,1,0,,,,,2020-09-15 06:25:46
19780011,,False,,0,,,,,,BEAU MAX,0,0,0,,5,1.0,0,1,0,,,,,2020-09-15 06:25:46
19780197,,False,,0,,,,,,SUPER DESTROYER,0,0,0,,5,9.0,0,1,0,,,,,2020-09-15 06:25:46
19780253,,False,,0,,,,,,AIRGATOR,0,0,0,,5,8.0,0,1,0,,,,,2020-09-15 06:25:46
19780273,,False,,0,,,,,,THE BOSS,0,0,0,,5,8.0,0,1,0,,,,,2020-09-15 06:25:46
19780293,,False,,0,,,,,,TRIOCALA,0,0,0,,5,,0,1,0,,,,,2020-09-15 06:25:46
19780319,,False,,0,,,,,,CHAN TOMAR,0,0,0,,5,1.0,0,1,0,,,,,2020-09-15 06:25:46
19780339,,False,,0,,,,,,AL NASR,0,0,0,,5,,0,1,0,,,,,2020-09-15 06:25:46
19780359,,False,,0,,,,,,STRONGEST LINK,0,0,0,,5,,0,1,0,,,,,2020-09-15 06:25:46
19780379,,False,,0,,,,,,LEMHI GOLD,0,0,0,,5,8.0,0,1,0,,,,,2020-09-15 06:25:46
19780399,,False,,0,,,,,,LORD AVIE,0,0,0,,5,1.0,0,1,0,,,,,2020-09-15 06:25:46
19780415,,False,,0,,,,,,ISLAND WHIRL,0,0,0,,5,1.0,0,1,0,,,,,2020-09-15 06:25:46
19780435,,False,,0,,,,,,CRITIQUE,0,0,0,,5,,0,1,0,,,,,2020-09-15 06:25:46
19780591,,False,,0,,,,,,WOLF POWER,0,0,0,,5,9.0,0,1,0,,,,,2020-09-15 06:25:46
19780637,,False,,0,,,,,,MAUDLIN,0,0,0,,5,,0,1,0,,,,,2020-09-15 06:25:46
19780753,,False,,0,,,,,,FORLI WINDS,0,0,0,,5,8.0,0,1,0,,,,,2020-09-15 06:25:46
19780773,,False,,0,,,,,,THIRTY EIGHT PACES,0,0,0,,5,8.0,0,1,0,,,,,2020-09-15 06:25:46
19780819,,False,,0,,,,,,CURE THE BLUES,0,0,0,,5,8.0,0,1,0,,,,,2020-09-15 06:25:46
19780839,,False,,0,,,,,,PLEASANT COLONY,0,0,0,,5,,0,1,0,,,,,2020-09-15 06:25:46
19780859,,False,,0,,,,,,RACKENSACK,0,0,0,,5,1.0,0,1,0,,,,,2020-09-15 06:25:46
19781038,,False,,0,,,,,,TAP SHOES,0,0,0,,5,,0,1,0,,,,,2020-09-15 06:25:46
19781134,,False,,0,,,,,,SPORTIN' LIFE,0,0,0,,5,1.0,0,1,0,,,,,2020-09-15 06:25:46
19781154,,False,,0,,,,,,MARI'S BOOK,0,0,0,,5,1.0,0,1,0,,,,,2020-09-15 06:25:46
19781174,,False,,0,,,,,,MISWAKI,0,0,0,,5,8.0,0,1,0,,,,,2020-09-15 06:25:46
19781210,,False,,0,,,,,,MR. PLEASURE,0,0,0,,5,,0,1,0,,,,,2020-09-15 06:25:46
19781230,,False,,0,,,,,,DANCE BID,0,0,0,,5,,0,1,0,,,,,2020-09-15 06:25:46
19781316,,False,,0,,,,,,FIRST SEA LORD,0,0,0,,5,8.0,0,1,0,,,,,2020-09-15 06:25:46
19781336,,False,,0,,,,,,GOLD TROJAN,0,0,0,,5,1.0,0,1,0,,,,,2020-09-15 06:25:47
19781356,,False,,0,,,,,,DIAMOND PROSPECT,0,0,0,,5,1.0,0,1,0,,,,,2020-09-15 06:25:47
19781376,,False,,0,,,,,,STORM BIRD,0,0,0,,5,1.0,0,1,0,,,,,2020-09-15 06:25:47
19781412,,False,,0,,,,,,KINGS LAKE,0,0,0,,5,1.0,0,1,0,,,,,2020-09-15 06:25:47
19781452,,False,,0,,,,,,HIGHLAND BLADE,0,0,0,,5,,0,1,0,,,,,2020-09-15 06:25:47
19781492,,False,,0,,,,,,AKARAD,0,0,0,,5,,0,1,0,,,,,2020-09-15 06:25:47
19781518,,False,,0,,,,,,SUMMING,0,0,0,,5,1.0,0,1,0,,,,,2020-09-15 06:25:47
19781538,,False,,0,,,,,,I'M GLAD,0,0,0,,5,,0,1,0,,,,,2020-09-15 06:25:47
19781558,,False,,0,,,,,,SAME DIRECTION,0,0,0,,5,1.0,0,1,0,,,,,2020-09-15 06:25:47
19781578,,False,,0,,,,,,SHANEKITE,0,0,0,,5,1.0,0,1,0,,,,,2020-09-15 06:25:47
19781598,,False,,0,,,,,,AKUREYRI,0,0,0,,5,1.0,0,1,0,,,,,2020-09-15 06:25:47
19781614,,False,,0,,,,,,KIRTLING,0,0,0,,5,1.0,0,1,0,,,,,2020-09-15 06:25:47
19781770,,False,,0,,,,,,MCCANN,0,0,0,,5,,0,1,0,,,,,2020-09-15 06:25:47
19782095,,False,,0,,,,,,BULLMAN ISLAND,0,0,0,,5,8.0,0,1,0,,,,,2020-09-15 06:25:47
19782555,,False,,0,,,,,,GREAT PROSPECTOR,0,0,0,,5,1.0,0,1,0,,,,,2020-09-15 06:25:47
19782575,,False,,0,,,,,,TOP AVENGER,0,0,0,,5,1.0,0,1,0,,,,,2020-09-15 06:25:47
19782797,,False,,0,,,,,,PASS THE TAB,0,0,0,,5,,0,1,0,,,,,2020-09-15 06:25:47
19782979,,False,,0,,,,,,EXPLOSIVE BID,0,0,0,,5,1.0,0,1,0,,,,,2020-09-15 06:25:47
19783294,,False,,0,,,,,,CLASSIC,0,0,0,,5,1.0,0,1,0,,,,,2020-09-15 06:25:47
19783350,,False,,0,,,,,,PRIZE RING,0,0,0,,5,,0,1,0,,,,,2020-09-15 06:25:47
19783794,,False,,0,,,,,,JOHNNY C,0,0,0,,5,8.0,0,1,0,,,,,2020-09-15 06:25:47
19784195,,False,,0,,,,,,ALWAYS RUN LUCKY,0,0,0,,5,8.0,0,1,0,,,,,2020-09-15 06:25:47
19784317,,False,,0,,,,,,ROBELLINO,0,0,0,,5,8.0,0,1,0,,,,,2020-09-15 06:25:47
19784397,,False,,0,,,,,,NOBLE NASHUA,0,0,0,,5,1.0,0,1,0,,,,,2020-09-15 06:25:47
19784711,,False,,0,,,,,,TO-AGORI-MOU,0,0,0,,5,,0,1,0,,,,,2020-09-15 06:25:47
19784791,,False,,0,,,,,,WELL DECORATED,0,0,0,,5,,0,1,0,,,,,2020-09-15 06:25:47
19785016,,False,,0,,,,,,ONE-NO-T,0,0,0,,5,1.0,0,1,0,,,,,2020-09-15 06:25:47
19785172,,False,,0,,,,,,OH SAY,0,0,0,,5,1.0,0,1,0,,,,,2020-09-15 06:25:47
19785450,,False,,0,,,,,,FIVE STAR FLIGHT,0,0,0,,5,1.0,0,1,0,,,,,2020-09-15 06:25:47
19785516,,False,,0,,,,,,REGAL PRINCE,0,0,0,,5,8.0,0,1,0,,,,,2020-09-15 06:25:47
19785596,,False,,0,,,,,,REPLAY,0,0,0,,5,,0,1,0,,,,,2020-09-15 06:25:47
19785990,,False,,0,,,,,,MONETARY GIFT,0,0,0,,5,,0,1,0,,,,,2020-09-15 06:25:47
19786795,,False,,0,,,,,,SPEAK SOFTLY,0,0,0,,5,1.0,0,1,0,,,,,2020-09-15 06:25:47
19787232,,False,,0,,,,,,TEETERBOARD,0,0,0,,5,1.0,0,1,0,,,,,2020-09-15 06:25:47
19787510,,False,,0,,,,,,TOUCH OF BRANDY,0,0,0,,5,9.0,0,1,0,,,,,2020-09-15 06:25:47
19787676,,False,,0,,,,,,ERINS ISLE,0,0,0,,5,1.0,0,1,0,,,,,2020-09-15 06:25:47
19787818,,False,,0,,,,,,SILVER BUCK,0,0,0,,5,9.0,0,1,0,,,,,2020-09-15 06:25:47
19788799,,False,,0,,,,,,SEMI NORTHERN,0,0,0,,5,8.0,0,1,0,,,,,2020-09-15 06:25:47
19789594,,False,,0,,,,,,COURT TRIAL,0,0,0,,5,1.0,0,1,0,,,,,2020-09-15 06:25:47
19789796,,False,,0,,,,,,TRAVELING MUSIC,0,0,0,,5,,0,1,0,,,,,2020-09-15 06:25:47
19789958,,False,,0,,,,,,JET SELLER,0,0,0,,5,,0,1,0,,,,,2020-09-15 06:25:47
19789978,,False,,0,,,,,,SYRIAN TIME,0,0,0,,5,,0,1,0,,,,,2020-09-15 06:25:47
19789998,,False,,0,,,,,,CORSICANA,0,0,0,,5,9.0,0,1,0,,,,,2020-09-15 06:25:47
19790099,,False,,0,,,,,,AGGRESSOR,0,0,0,,5,,0,1,0,,,,,2020-09-15 06:25:47
19790115,,False,,0,,,,,,STAR GALLANT,0,0,0,,5,,0,1,0,,,,,2020-09-15 06:25:47
19790135,,False,,0,,,,,,TROPIC RULER,0,0,0,,5,,0,1,0,,,,,2020-09-15 06:25:47
19790155,,False,,0,,,,,,THE PEACEMAKER,0,0,0,,5,8.0,0,1,0,,,,,2020-09-15 06:25:47
19790175,,False,,0,,,,,,ASSERT,0,0,0,,5,1.0,0,1,0,,,,,2020-09-15 06:25:47
19790231,,False,,0,,,,,,ROMANOV,0,0,0,,5,1.0,0,1,0,,,,,2020-09-15 06:25:47
19790251,,False,,0,,,,,,SARI'S DREAMER,0,0,0,,5,,0,1,0,,,,,2020-09-15 06:25:47
19790271,,False,,0,,,,,,YUKON,0,0,0,,5,,0,1,0,,,,,2020-09-15 06:25:47
19790291,,False,,0,,,,,,DEPUTY MINISTER,0,0,0,,5,,0,1,0,,,,,2020-09-15 06:25:47
19790413,,False,,0,,,,,,LIN D. CHARGER,0,0,0,,5,9.0,0,1,0,,,,,2020-09-15 06:25:47
19790453,,False,,0,,,,,,DETERMINANT,0,0,0,,5,1.0,0,1,0,,,,,2020-09-15 06:25:47
19790473,,False,,0,,,,,,MAJESTY'S PRINCE,0,0,0,,5,8.0,0,1,0,,,,,2020-09-15 06:25:47
19790579,,False,,0,,,,,,AIDANATIVE,0,0,0,,5,1.0,0,1,0,,,,,2020-09-15 06:25:47
19790635,,False,,0,,,,,,FIT TO FIGHT,0,0,0,,5,1.0,0,1,0,,,,,2020-09-15 06:25:47
19790655,,False,,0,,,,,,STALWART,0,0,0,,5,1.0,0,1,0,,,,,2020-09-15 06:25:47
19790695,,False,,0,,,,,,GREEN FOREST,0,0,0,,5,8.0,0,1,0,,,,,2020-09-15 06:25:47
19790731,,False,,0,,,,,,AIR FORBES WON,0,0,0,,5,1.0,0,1,0,,,,,2020-09-15 06:25:47
19790791,,False,,0,,,,,,HONEST BULLET,0,0,0,,5,,0,1,0,,,,,2020-09-15 06:25:47
19790857,,False,,0,,,,,,SILVER HAWK (USA),0,0,0,,5,8.0,0,1,0,,,,,2020-09-15 06:25:47
19790897,,False,,0,,,,,,STRAWBERRY ROAD,0,0,0,,5,1.0,0,1,0,,,,,2020-09-15 06:25:47
19790933,,False,,0,,,,,,SUNNY NORTH,0,0,0,,5,1.0,0,1,0,,,,,2020-09-15 06:25:47
19790973,,False,,0,,,,,,CHAN BALUM,0,0,0,,5,8.0,0,1,0,,,,,2020-09-15 06:25:47
19790993,,False,,0,,,,,,RUNAWAY GROOM,0,0,0,,5,9.0,0,1,0,,,,,2020-09-15 06:25:47
19791016,,False,,0,,,,,,MINSHAANSHU AMAD,0,0,0,,5,,0,1,0,,,,,2020-09-15 06:25:47
19791036,,False,,0,,,,,,BATES MOTEL,0,0,0,,5,1.0,0,1,0,,,,,2020-09-15 06:25:47
19791056,,False,,0,,,,,,PROUD VICTOR,0,0,0,,5,,0,1,0,,,,,2020-09-15 06:25:47
19791076,,False,,0,,,,,,FORT DE FRANCE,0,0,0,,5,1.0,0,1,0,,,,,2020-09-15 06:25:47
19791112,,False,,0,,,,,,PETERHOF,0,0,0,,5,1.0,0,1,0,,,,,2020-09-15 06:25:47
19791132,,False,,0,,,,,,QUICKSILVER,0,0,0,,5,,0,1,0,,,,,2020-09-15 06:25:47
19791410,,False,,0,,,,,,MOBILE AWAY,0,0,0,,5,,0,1,0,,,,,2020-09-15 06:25:47
19791970,,False,,0,,,,,,PATRIOTICALLY,0,0,0,,5,,0,1,0,,,,,2020-09-15 06:25:47
19791990,,False,,0,,,,,,MORO,0,0,0,,5,,0,1,0,,,,,2020-09-15 06:25:47
19792351,,False,,0,,,,,,ALOMA'S RULER,0,0,0,,5,,0,1,0,,,,,2020-09-15 06:25:47
19792755,,False,,0,,,,,,JOURNEY AT SEA,0,0,0,,5,,0,1,0,,,,,2020-09-15 06:25:47
19792811,,False,,0,,,,,,CRAFTY PROSPECTOR,0,0,0,,5,8.0,0,1,0,,,,,2020-09-15 06:25:47
19793070,,False,,0,,,,,,BANDSMAN,0,0,0,,5,1.0,0,1,0,,,,,2020-09-15 06:25:47
19793398,,False,,0,,,,,,TAKE THE FLOOR,0,0,0,,5,,0,1,0,,,,,2020-09-15 06:25:47
19793792,,False,,0,,,,,,DISTINCTIVE PRO,0,0,0,,5,,0,1,0,,,,,2020-09-15 06:25:47
19793878,,False,,0,,,,,,LINKAGE,0,0,0,,5,1.0,0,1,0,,,,,2020-09-15 06:25:47
19794133,,False,,0,,,,,,NORTHROP,0,0,0,,5,,0,1,0,,,,,2020-09-15 06:25:47
19794193,,False,,0,,,,,,WATER BANK,0,0,0,,5,,0,1,0,,,,,2020-09-15 06:25:47
19794335,,False,,0,,,,,,D'ACCORD,0,0,0,,5,1.0,0,1,0,,,,,2020-09-15 06:25:47
19794597,,False,,0,,,,,,CASSALERIA,0,0,0,,5,,0,1,0,,,,,2020-09-15 06:25:47
19794799,,False,,0,,,,,,FAST GOLD,0,0,0,,5,,0,1,0,,,,,2020-09-15 06:25:47
19794991,,False,,0,,,,,,WAVERING MONARCH,0,0,0,,5,1.0,0,1,0,,,,,2020-09-15 06:25:47
19795014,,False,,0,,,,,,CLEVER SHOT,0,0,0,,5,8.0,0,1,0,,,,,2020-09-15 06:25:47
19795034,,False,,0,,,,,,PRINCE VALID,0,0,0,,5,,0,1,0,,,,,2020-09-15 06:25:47
19795074,,False,,0,,,,,,JUNGLE BLADE,0,0,0,,5,8.0,0,1,0,,,,,2020-09-15 06:25:47
19795094,,False,,0,,,,,,CANNON SHELL,0,0,0,,5,,0,1,0,,,,,2020-09-15 06:25:47
19795110,,False,,0,,,,,,ACKSTATIC,0,0,0,,5,,0,1,0,,,,,2020-09-15 06:25:47
19795130,,False,,0,,,,,,DIAMOND SHOAL,0,0,0,,5,1.0,0,1,0,,,,,2020-09-15 06:25:47
19795170,,False,,0,,,,,,YOUNG RALPH,0,0,0,,5,1.0,0,1,0,,,,,2020-09-15 06:25:47
19795190,,False,,0,,,,,,BRAVE REGENT,0,0,0,,5,,0,1,0,,,,,2020-09-15 06:25:47
19795418,,False,,0,,,,,,CONQUISTADOR CIELO,0,0,0,,5,1.0,0,1,0,,,,,2020-09-15 06:25:47
19795610,,False,,0,,,,,,STAR CHOICE,0,0,0,,5,1.0,0,1,0,,,,,2020-09-15 06:25:47
19796733,,False,,0,,,,,,WATTLEFIELD,0,0,0,,5,1.0,0,1,0,,,,,2020-09-15 06:25:47
19799976,,False,,0,,,,,,GIVE ME STRENGTH,0,0,0,,5,1.0,0,1,0,,,,,2020-09-15 06:25:47
19799996,,False,,0,,,,,,EXCEPTIONAL,0,0,0,,5,1.0,0,1,0,,,,,2020-09-15 06:25:47
19800258,,False,,0,,,,,,SON OF A JIG,0,0,0,,5,1.0,0,1,0,,,,,2020-09-15 06:25:47
19800354,,False,,0,,,,,,SECRET,0,0,0,,5,8.0,0,1,0,,,,,2020-09-15 06:25:47
19800374,,False,,0,,,,,,ASSAULT LANDING,0,0,0,,5,,0,1,0,,,,,2020-09-15 06:25:47
19800394,,False,,0,,,,,,MONSIEUR CHAMPLAIN,0,0,0,,5,1.0,0,1,0,,,,,2020-09-15 06:25:47
19800430,,False,,0,,,,,,STRIKE GOLD,0,0,0,,5,8.0,0,1,0,,,,,2020-09-15 06:25:47
19800450,,False,,0,,,,,,FABULEUX DANCER,0,0,0,,5,9.0,0,1,0,,,,,2020-09-15 06:25:47
19800470,,False,,0,,,,,,COZZENE,0,0,0,,5,9.0,0,1,0,,,,,2020-09-15 06:25:47
19800490,,False,,0,,,,,,TURKEY SHOOT,0,0,0,,5,,0,1,0,,,,,2020-09-15 06:25:47
19800516,,False,,0,,,,,,PARFAITEMENT,0,0,0,,5,8.0,0,1,0,,,,,2020-09-15 06:25:47
19800536,,False,,0,,,,,,AMERICAN STANDARD,0,0,0,,5,1.0,0,1,0,,,,,2020-09-15 06:25:47
19800576,,False,,0,,,,,,NATIVE BIDDER,0,0,0,,5,1.0,0,1,0,,,,,2020-09-15 06:25:47
19800596,,False,,0,,,,,,U.S. FLAG,0,0,0,,5,1.0,0,1,0,,,,,2020-09-15 06:25:47
19800612,,False,,0,,,,,,TOP RANK,0,0,0,,5,8.0,0,1,0,,,,,2020-09-15 06:25:47
19800632,,False,,0,,,,,,WILD AGAIN,0,0,0,,5,,0,1,0,,,,,2020-09-15 06:25:47
19800652,,False,,0,,,,,,CAVEAT,0,0,0,,5,1.0,0,1,0,,,,,2020-09-15 06:25:47
19800672,,False,,0,,,,,,REGAL DECISION,0,0,0,,5,1.0,0,1,0,,,,,2020-09-15 06:25:47
19800692,,False,,0,,,,,,COUNTRY PINE,0,0,0,,5,8.0,0,1,0,,,,,2020-09-15 06:25:47
19800814,,False,,0,,,,,,SITZMARK,0,0,0,,5,,0,1,0,,,,,2020-09-15 06:25:47
19800834,,False,,0,,,,,,BEAUDELAIRE,0,0,0,,5,,0,1,0,,,,,2020-09-15 06:25:47
19800854,,False,,0,,,,,,NO SALE GEORGE,0,0,0,,5,8.0,0,1,0,,,,,2020-09-15 06:25:47
19800970,,False,,0,,,,,,CURRENT HOPE,0,0,0,,5,8.0,0,1,0,,,,,2020-09-15 06:25:47
19800990,,False,,0,,,,,,DIXIELAND BAND,0,0,0,,5,1.0,0,1,0,,,,,2020-09-15 06:25:47
19801013,,False,,0,,,,,,ENTROPY,0,0,0,,5,8.0,0,1,0,,,,,2020-09-15 06:25:47
19801093,,False,,0,,,,,,NIGHT SHIFT,0,0,0,,5,1.0,0,1,0,,,,,2020-09-15 06:25:47
19801119,,False,,0,,,,,,BROADWAY HARRY,0,0,0,,5,1.0,0,1,0,,,,,2020-09-15 06:25:47
19801139,,False,,0,,,,,,SLEW'S ROYALTY,0,0,0,,5,,0,1,0,,,,,2020-09-15 06:25:47
19801159,,False,,0,,,,,,EXECUTIVE INTENT,0,0,0,,5,1.0,0,1,0,,,,,2020-09-15 06:25:47
19801179,,False,,0,,,,,,HYPERBOREAN,0,0,0,,5,9.0,0,1,0,,,,,2020-09-15 06:25:47
19801199,,False,,0,,,,,,BOUNDING BASQUE,0,0,0,,5,8.0,0,1,0,,,,,2020-09-15 06:25:47
19801215,,False,,0,,,,,,CHAS CONERLY,0,0,0,,5,,0,1,0,,,,,2020-09-15 06:25:47
19801255,,False,,0,,,,,,WORLD APPEAL,0,0,0,,5,8.0,0,1,0,,,,,2020-09-15 06:25:47
19801275,,False,,0,,,,,,SLEW O' GOLD,0,0,0,,5,1.0,0,1,0,,,,,2020-09-15 06:25:47
19801295,,False,,0,,,,,,SUNNY'S HALO (CAN),0,0,0,,5,8.0,0,1,0,,,,,2020-09-15 06:25:47
19801311,,False,,0,,,,,,EXPLOSIVE WAGON,0,0,0,,5,8.0,0,1,0,,,,,2020-09-15 06:25:47
19801331,,False,,0,,,,,,LORD AT WAR,0,0,0,,5,8.0,0,1,0,,,,,2020-09-15 06:25:47
19801351,,False,,0,,,,,,SAGACE,0,0,0,,5,1.0,0,1,0,,,,,2020-09-15 06:25:47
19801371,,False,,0,,,,,,DESERT WINE,0,0,0,,5,1.0,0,1,0,,,,,2020-09-15 06:25:47
19801391,,False,,0,,,,,,COPELAN,0,0,0,,5,1.0,0,1,0,,,,,2020-09-15 06:25:47
19801437,,False,,0,,,,,,MINSTREL GLORY,0,0,0,,5,1.0,0,1,0,,,,,2020-09-15 06:25:47
19801457,,False,,0,,,,,,HAGLEY'S REWARD,0,0,0,,5,1.0,0,1,0,,,,,2020-09-15 06:25:47
19801477,,False,,0,,,,,,WASSL,0,0,0,,5,1.0,0,1,0,,,,,2020-09-15 06:25:47
19801497,,False,,0,,,,,,GARTHORN,0,0,0,,5,,0,1,0,,,,,2020-09-15 06:25:47
19801699,,False,,0,,,,,,SLEWACIDE,0,0,0,,5,1.0,0,1,0,,,,,2020-09-15 06:25:47
19801871,,False,,0,,,,,,COOL RUNNINGS,0,0,0,,5,8.0,0,1,0,,,,,2020-09-15 06:25:47
19801977,,False,,0,,,,,,MARFA,0,0,0,,5,9.0,0,1,0,,,,,2020-09-15 06:25:47
19802090,,False,,0,,,,,,SLUGGARD,0,0,0,,5,9.0,0,1,0,,,,,2020-09-15 06:25:47
19802292,,False,,0,,,,,,TIMELESS NATIVE,0,0,0,,5,,0,1,0,,,,,2020-09-15 06:25:47
19802359,,False,,0,,,,,,CAERLEON,0,0,0,,5,,0,1,0,,,,,2020-09-15 06:25:47
19802570,,False,,0,,,,,,BUTLER'S BRIDGE,0,0,0,,5,1.0,0,1,0,,,,,2020-09-15 06:25:47
19802696,,False,,0,,,,,,DEPUTED TESTAMONY,0,0,0,,5,1.0,0,1,0,,,,,2020-09-15 06:25:47
19802792,,False,,0,,,,,,ARAGON,0,0,0,,5,,0,1,0,,,,,2020-09-15 06:25:47
19803113,,False,,0,,,,,,WARD OFF TROUBLE,0,0,0,,5,8.0,0,1,0,,,,,2020-09-15 06:25:47
19803259,,False,,0,,,,,,FAIRWAY FORTUNE,0,0,0,,5,,0,1,0,,,,,2020-09-15 06:25:47
19803395,,False,,0,,,,,,SUNNY'S HALO,0,0,0,,5,1.0,0,1,0,,,,,2020-09-15 06:25:47
19803875,,False,,0,,,,,,OH MY WINDLAND,0,0,0,,5,,0,1,0,,,,,2020-09-15 06:25:47
19803911,,False,,0,,,,,,NAEVUS,0,0,0,,5,,0,1,0,,,,,2020-09-15 06:25:47
19803991,,False,,0,,,,,,SLEWPY,0,0,0,,5,,0,1,0,,,,,2020-09-15 06:25:47
19804392,,False,,0,,,,,,VALLARTA,0,0,0,,5,8.0,0,1,0,,,,,2020-09-15 06:25:47
19804478,,False,,0,,,,,,MCGINTY,0,0,0,,5,1.0,0,1,0,,,,,2020-09-15 06:25:47
19804796,,False,,0,,,,,,SILENT REVIEW,0,0,0,,5,8.0,0,1,0,,,,,2020-09-15 06:25:47
19804938,,False,,0,,,,,,BET BIG,0,0,0,,5,,0,1,0,,,,,2020-09-15 06:25:47
19804958,,False,,0,,,,,,ESKIMO,0,0,0,,5,8.0,0,1,0,,,,,2020-09-15 06:25:47
19804998,,False,,0,,,,,,UNREAL ZEAL,0,0,0,,5,,0,1,0,,,,,2020-09-15 06:25:47
19805051,,False,,0,,,,,,OUR SECRET,0,0,0,,5,1.0,0,1,0,,,,,2020-09-15 06:25:47
19805091,,False,,0,,,,,,SOLFORD,0,0,0,,5,1.0,0,1,0,,,,,2020-09-15 06:25:47
19805137,,False,,0,,,,,,HIGHLAND PARK,0,0,0,,5,1.0,0,1,0,,,,,2020-09-15 06:25:47
19805177,,False,,0,,,,,,I HAVE RETURNED,0,0,0,,5,1.0,0,1,0,,,,,2020-09-15 06:25:47
19805197,,False,,0,,,,,,CONCORDE HERO,0,0,0,,5,1.0,0,1,0,,,,,2020-09-15 06:25:47
19805213,,False,,0,,,,,,LET'S GET PHYSICAL,0,0,0,,5,8.0,0,1,0,,,,,2020-09-15 06:25:47
19805379,,False,,0,,,,,,PROMETHIUS,0,0,0,,5,,0,1,0,,,,,2020-09-15 06:25:47
19805475,,False,,0,,,,,,RED STAR,0,0,0,,5,8.0,0,1,0,,,,,2020-09-15 06:25:47
19806472,,False,,0,,,,,,SIR HAROLD,0,0,0,,5,1.0,0,1,0,,,,,2020-09-15 06:25:47
19806492,,False,,0,,,,,,SIR HOWARD,0,0,0,,5,8.0,0,1,0,,,,,2020-09-15 06:25:47
19807893,,False,,0,,,,,,WARFARE,0,0,0,,5,8.0,0,1,0,,,,,2020-09-15 06:25:47
19807999,,False,,0,,,,,,WINGED VICTORY,0,0,0,,5,1.0,0,1,0,,,,,2020-09-15 06:25:47
19808794,,False,,0,,,,,,PREMIERSHIP,0,0,0,,5,1.0,0,1,0,,,,,2020-09-15 06:25:47
19809099,,False,,0,,,,,,PERFECT HOST,0,0,0,,5,8.0,0,1,0,,,,,2020-09-15 06:25:47
19810478,,False,,0,,,,,,ONE FOR ALL,0,0,0,,5,1.0,0,1,0,,,,,2020-09-15 06:25:47
19811051,,False,,0,,,,,,SEATTLE SONG,0,0,0,,5,,0,1,0,,,,,2020-09-15 06:25:47
19811117,,False,,0,,,,,,MUGASSAS,0,0,0,,5,1.0,0,1,0,,,,,2020-09-15 06:25:47
19811137,,False,,0,,,,,,SLEW THE COUP,0,0,0,,5,1.0,0,1,0,,,,,2020-09-15 06:25:47
19811157,,False,,0,,,,,,TOBIN'S DREAM,0,0,0,,5,1.0,0,1,0,,,,,2020-09-15 06:25:47
19811177,,False,,0,,,,,,SLEW MACHINE,0,0,0,,5,,0,1,0,,,,,2020-09-15 06:25:47
19811197,,False,,0,,,,,,MASCOT,0,0,0,,5,,0,1,0,,,,,2020-09-15 06:25:47
19811233,,False,,0,,,,,,VANLANDINGHAM,0,0,0,,5,1.0,0,1,0,,,,,2020-09-15 06:25:47
19811253,,False,,0,,,,,,BOLD FORCE WON,0,0,0,,5,,0,1,0,,,,,2020-09-15 06:25:47
19811273,,False,,0,,,,,,FORTUNATE PROSPECT,0,0,0,,5,,0,1,0,,,,,2020-09-15 06:25:47
19811293,,False,,0,,,,,,TIM TAM ALY,0,0,0,,5,,0,1,0,,,,,2020-09-15 06:25:47
19811319,,False,,0,,,,,,DEVIL'S BAG,0,0,0,,5,1.0,0,1,0,,,,,2020-09-15 06:25:47
19811339,,False,,0,,,,,,LUCKY NORTH,0,0,0,,5,1.0,0,1,0,,,,,2020-09-15 06:25:47
19811399,,False,,0,,,,,,ROBERTO REASON,0,0,0,,5,,0,1,0,,,,,2020-09-15 06:25:47
19811435,,False,,0,,,,,,PALACE MUSIC (USA),0,0,0,,5,8.0,0,1,0,,,,,2020-09-15 06:25:47
19811475,,False,,0,,,,,,PLAY ON,0,0,0,,5,,0,1,0,,,,,2020-09-15 06:25:47
19811591,,False,,0,,,,,,REXSON'S HOPE,0,0,0,,5,,0,1,0,,,,,2020-09-15 06:25:47
19811713,,False,,0,,,,,,TAYLOR'S SPECIAL,0,0,0,,5,1.0,0,1,0,,,,,2020-09-15 06:25:47
19811733,,False,,0,,,,,,CLASSICAL BID,0,0,0,,5,9.0,0,1,0,,,,,2020-09-15 06:25:47
19811753,,False,,0,,,,,,DARSHAAN,0,0,0,,5,,0,1,0,,,,,2020-09-15 06:25:47
19811773,,False,,0,,,,,,PETORIUS,0,0,0,,5,1.0,0,1,0,,,,,2020-09-15 06:25:47
19811793,,False,,0,,,,,,MT. LIVERMORE,0,0,0,,5,8.0,0,1,0,,,,,2020-09-15 06:25:47
19811819,,False,,0,,,,,,SECRETO,0,0,0,,5,1.0,0,1,0,,,,,2020-09-15 06:25:47
19811879,,False,,0,,,,,,EL GRAN SENOR,0,0,0,,5,1.0,0,1,0,,,,,2020-09-15 06:25:47
19811899,,False,,0,,,,,,TIME FOR A CHANGE,0,0,0,,5,8.0,0,1,0,,,,,2020-09-15 06:25:47
19811935,,False,,0,,,,,,LEAR FAN,0,0,0,,5,1.0,0,1,0,,,,,2020-09-15 06:25:47
19811955,,False,,0,,,,,,SPICY STORY,0,0,0,,5,1.0,0,1,0,,,,,2020-09-15 06:25:47
19811975,,False,,0,,,,,,KEY TO THE FLAG,0,0,0,,5,,0,1,0,,,,,2020-09-15 06:25:47
19811995,,False,,0,,,,,,PROCIDA,0,0,0,,5,,0,1,0,,,,,2020-09-15 06:25:47
19812018,,False,,0,,,,,,RAINBOW QUEST,0,0,0,,5,1.0,0,1,0,,,,,2020-09-15 06:25:47
19812038,,False,,0,,,,,,ROUSILLON,0,0,0,,5,1.0,0,1,0,,,,,2020-09-15 06:25:47
19812058,,False,,0,,,,,,SUN MASTER,0,0,0,,5,1.0,0,1,0,,,,,2020-09-15 06:25:47
19812078,,False,,0,,,,,,SIBERIAN EXPRESSS,0,0,0,,5,9.0,0,1,0,,,,,2020-09-15 06:25:47
19812098,,False,,0,,,,,,ARTICHOKE,0,0,0,,5,1.0,0,1,0,,,,,2020-09-15 06:25:47
19812114,,False,,0,,,,,,IMP SOCIETY,0,0,0,,5,8.0,0,1,0,,,,,2020-09-15 06:25:47
19812134,,False,,0,,,,,,CONCORDE BOUND,0,0,0,,5,9.0,0,1,0,,,,,2020-09-15 06:25:47
19812154,,False,,0,,,,,,NOBLE PEER,0,0,0,,5,1.0,0,1,0,,,,,2020-09-15 06:25:47
19813055,,False,,0,,,,,,CARR DE NASKRA,0,0,0,,5,,0,1,0,,,,,2020-09-15 06:25:47
19813131,,False,,0,,,,,,CARNIVALAY,0,0,0,,5,1.0,0,1,0,,,,,2020-09-15 06:25:47
19813393,,False,,0,,,,,,FORLITANO,0,0,0,,5,,0,1,0,,,,,2020-09-15 06:25:47
19813499,,False,,0,,,,,,SADLER'S WELLS,0,0,0,,5,1.0,0,1,0,,,,,2020-09-15 06:25:47
19814052,,False,,0,,,,,,TRACK BARRON,0,0,0,,5,,0,1,0,,,,,2020-09-15 06:25:47
19814214,,False,,0,,,,,,ROMAN DIPLOMAT,0,0,0,,5,8.0,0,1,0,,,,,2020-09-15 06:25:47
19815019,,False,,0,,,,,,WISH IHADA MILLION,0,0,0,,5,8.0,0,1,0,,,,,2020-09-15 06:25:47
19815039,,False,,0,,,,,,SUSTAINED MOVE,0,0,0,,5,1.0,0,1,0,,,,,2020-09-15 06:25:47
19815059,,False,,0,,,,,,FIGHT OVER,0,0,0,,5,9.0,0,1,0,,,,,2020-09-15 06:25:47
19815079,,False,,0,,,,,,HURONTARIO,0,0,0,,5,8.0,0,1,0,,,,,2020-09-15 06:25:47
19815099,,False,,0,,,,,,TEN GOLD POTS,0,0,0,,5,,0,1,0,,,,,2020-09-15 06:25:47
19815135,,False,,0,,,,,,PASS THE LINE,0,0,0,,5,1.0,0,1,0,,,,,2020-09-15 06:25:47
19815377,,False,,0,,,,,,ENDS WELL,0,0,0,,5,,0,1,0,,,,,2020-09-15 06:25:47
19817533,,False,,0,,,,,,TRANCE,0,0,0,,5,1.0,0,1,0,,,,,2020-09-15 06:25:47
19818030,,False,,0,,,,,,WITHOUT FEAR,0,0,0,,5,1.0,0,1,0,,,,,2020-09-15 06:25:47
19818818,,False,,0,,,,,,DARN THAT ALARM,0,0,0,,5,9.0,0,1,0,,,,,2020-09-15 06:25:47
19819299,,False,,0,,,,,,GATE DANCER,0,0,0,,5,1.0,0,1,0,,,,,2020-09-15 06:25:47
19819991,,False,,0,,,,,,TSUNAMI SLEW,0,0,0,,5,,0,1,0,,,,,2020-09-15 06:25:47
19820456,,False,,0,,,,,,JR'S ROUGHNECK,0,0,0,,5,1.0,0,1,0,,,,,2020-09-15 06:25:47
19820552,,False,,0,,,,,,LASHANDA'S DEVIL,0,0,0,,5,1.0,0,1,0,,,,,2020-09-15 06:25:47
19820996,,False,,0,,,,,,SIR WEMBLEY,0,0,0,,5,1.0,0,1,0,,,,,2020-09-15 06:25:47
19821019,,False,,0,,,,,,SKY DANCER,0,0,0,,5,1.0,0,1,0,,,,,2020-09-15 06:25:47
19822374,,False,,0,,,,,,ROYAL CREST,0,0,0,,5,,0,1,0,,,,,2020-09-15 06:25:47
19822470,,False,,0,,,,,,SILVER GHOST,0,0,0,,5,1.0,0,1,0,,,,,2020-09-15 06:25:47
19822576,,False,,0,,,,,,FORSYTHE BOY,0,0,0,,5,8.0,0,1,0,,,,,2020-09-15 06:25:47
19822632,,False,,0,,,,,,WARDLEN,0,0,0,,5,8.0,0,1,0,,,,,2020-09-15 06:25:47
19822672,,False,,0,,,,,,ONE DROP,0,0,0,,5,1.0,0,1,0,,,,,2020-09-15 06:25:47
19822718,,False,,0,,,,,,FEEL THE POWER,0,0,0,,5,,0,1,0,,,,,2020-09-15 06:25:47
19822738,,False,,0,,,,,,LIGHTNING LEAP,0,0,0,,5,8.0,0,1,0,,,,,2020-09-15 06:25:47
19822758,,False,,0,,,,,,SABONA,0,0,0,,5,,0,1,0,,,,,2020-09-15 06:25:47
19822814,,False,,0,,,,,,SARATOGA SIX,0,0,0,,5,1.0,0,1,0,,,,,2020-09-15 06:25:47
19822894,,False,,0,,,,,,FRENCH CHAMPAGNE,0,0,0,,5,1.0,0,1,0,,,,,2020-09-15 06:25:47
19822950,,False,,0,,,,,,SLIP ANCHOR,0,0,0,,5,1.0,0,1,0,,,,,2020-09-15 06:25:47
19823139,,False,,0,,,,,,TOUR D'OR,0,0,0,,5,8.0,0,1,0,,,,,2020-09-15 06:25:47
19823159,,False,,0,,,,,,NORTHERN SMARTEE,0,0,0,,5,8.0,0,1,0,,,,,2020-09-15 06:25:47
19823179,,False,,0,,,,,,MAJOR LUCK,0,0,0,,5,,0,1,0,,,,,2020-09-15 06:25:47
19823215,,False,,0,,,,,,ARCTIC GROOM,0,0,0,,5,,0,1,0,,,,,2020-09-15 06:25:47
19823235,,False,,0,,,,,,BIONIC LIGHT,0,0,0,,5,8.0,0,1,0,,,,,2020-09-15 06:25:47
19823255,,False,,0,,,,,,CONSUL GENERAL,0,0,0,,5,,0,1,0,,,,,2020-09-15 06:25:47
19823275,,False,,0,,,,,,FAIRWELL TRAIL,0,0,0,,5,,0,1,0,,,,,2020-09-15 06:25:47
19823295,,False,,0,,,,,,ZIGGY'S BOY,0,0,0,,5,,0,1,0,,,,,2020-09-15 06:25:47
19823311,,False,,0,,,,,,MIDWAY CIRCLE,0,0,0,,5,8.0,0,1,0,,,,,2020-09-15 06:25:47
19823331,,False,,0,,,,,,WATER GATE,0,0,0,,5,8.0,0,1,0,,,,,2020-09-15 06:25:47
19823351,,False,,0,,,,,,EL RAGGAAS,0,0,0,,5,1.0,0,1,0,,,,,2020-09-15 06:25:47
19823371,,False,,0,,,,,,SHADEED,0,0,0,,5,1.0,0,1,0,,,,,2020-09-15 06:25:47
19823391,,False,,0,,,,,,ECLIPTICAL,0,0,0,,5,8.0,0,1,0,,,,,2020-09-15 06:25:47
19823417,,False,,0,,,,,,SHOW DANCER,0,0,0,,5,,0,1,0,,,,,2020-09-15 06:25:47
19823437,,False,,0,,,,,,PANCHO VILLA,0,0,0,,5,8.0,0,1,0,,,,,2020-09-15 06:25:47
19823457,,False,,0,,,,,,DON'S CHOICE,0,0,0,,5,,0,1,0,,,,,2020-09-15 06:25:47
19823477,,False,,0,,,,,,TANK'S PROSPECT,0,0,0,,5,1.0,0,1,0,,,,,2020-09-15 06:25:47
19823497,,False,,0,,,,,,TURKOMAN,0,0,0,,5,,0,1,0,,,,,2020-09-15 06:25:47
19823513,,False,,0,,,,,,BAILLAMONT,0,0,0,,5,1.0,0,1,0,,,,,2020-09-15 06:25:47
19823533,,False,,0,,,,,,INFANTRY,0,0,0,,5,8.0,0,1,0,,,,,2020-09-15 06:25:47
19823553,,False,,0,,,,,,GOLD MERIDIAN,0,0,0,,5,,0,1,0,,,,,2020-09-15 06:25:47
19823573,,False,,0,,,,,,JEBLAR,0,0,0,,5,1.0,0,1,0,,,,,2020-09-15 06:25:47
19823593,,False,,0,,,,,,MIGHTY APPEALING,0,0,0,,5,,0,1,0,,,,,2020-09-15 06:25:47
19823619,,False,,0,,,,,,EFISIO,0,0,0,,5,1.0,0,1,0,,,,,2020-09-15 06:25:47
19823639,,False,,0,,,,,,CUTLASS REALITY,0,0,0,,5,8.0,0,1,0,,,,,2020-09-15 06:25:47
19823659,,False,,0,,,,,,DAUPHIN FABULEUX,0,0,0,,5,8.0,0,1,0,,,,,2020-09-15 06:25:47
19823699,,False,,0,,,,,,SIR NASKRA,0,0,0,,5,,0,1,0,,,,,2020-09-15 06:25:47
19823715,,False,,0,,,,,,SIR LEON,0,0,0,,5,,0,1,0,,,,,2022-10-15 16:55:27
19823831,,False,,0,,,,,,RIVER MIST,0,0,0,,5,,0,1,0,,,,,2020-09-15 06:25:47
19823997,,False,,0,,,,,,GEIGER COUNTER,0,0,0,,5,1.0,0,1,0,,,,,2020-09-15 06:25:47
19824010,,False,,0,,,,,,ISLAND SUN,0,0,0,,5,,0,1,0,,,,,2020-09-15 06:25:47
19824196,,False,,0,,,,,,VARICK,0,0,0,,5,,0,1,0,,,,,2020-09-15 06:25:47
19824398,,False,,0,,,,,,SMILE,0,0,0,,5,1.0,0,1,0,,,,,2020-09-15 06:25:47
19824414,,False,,0,,,,,,HEADING BACK HOME,0,0,0,,5,,0,1,0,,,,,2020-09-15 06:25:47
19824550,,False,,0,,,,,,SKIP TRIAL,0,0,0,,5,1.0,0,1,0,,,,,2020-09-15 06:25:47
19824590,,False,,0,,,,,,PHONE TRICK,0,0,0,,5,1.0,0,1,0,,,,,2020-09-15 06:25:47
19825219,,False,,0,,,,,,HOOCHED,0,0,0,,5,,0,1,0,,,,,2020-09-15 06:25:47
19825239,,False,,0,,,,,,IRON,0,0,0,,5,8.0,0,1,0,,,,,2020-09-15 06:25:47
19828098,,False,,0,,,,,,THEATRICAL,0,0,0,,5,1.0,0,1,0,,,,,2020-09-15 06:25:47
19828432,,False,,0,,,,,,HERAT,0,0,0,,5,,0,1,0,,,,,2020-09-15 06:25:47
19828598,,False,,0,,,,,,PROUD TRUTH,0,0,0,,5,8.0,0,1,0,,,,,2020-09-15 06:25:47
19829111,,False,,0,,,,,,SPEND A BUCK,0,0,0,,5,1.0,0,1,0,,,,,2020-09-15 06:25:47
19829439,,False,,0,,,,,,ALLEN'S PROSPECT,0,0,0,,5,1.0,0,1,0,,,,,2020-09-15 06:25:47
19829999,,False,,0,,,,,,CHIEF'S CROWN,0,0,0,,5,1.0,0,1,0,,,,,2020-09-15 06:25:47
19830116,,False,,0,,,,,,GROOVY,0,0,0,,5,8.0,0,1,0,,,,,2020-09-15 06:25:47
19830454,,False,,0,,,,,,GREAT VIEW,0,0,0,,5,1.0,0,1,0,,,,,2020-09-15 06:25:47
19830530,,False,,0,,,,,,OGYGIAN,0,0,0,,5,1.0,0,1,0,,,,,2020-09-15 06:25:47
19830570,,False,,0,,,,,,THE ABBOTT,0,0,0,,5,9.0,0,1,0,,,,,2020-09-15 06:25:47
19830858,,False,,0,,,,,,TASSO,0,0,0,,5,1.0,0,1,0,,,,,2020-09-15 06:25:47
19830878,,False,,0,,,,,,LORD OF THE NIGHT,0,0,0,,5,,0,1,0,,,,,2020-09-15 06:25:47
19831431,,False,,0,,,,,,PRINCE CONSORT,0,0,0,,5,1.0,0,1,0,,,,,2020-09-15 06:25:47
19831759,,False,,0,,,,,,ROYAL LANCASTER,0,0,0,,5,9.0,0,1,0,,,,,2020-09-15 06:25:47
19831911,,False,,0,,,,,,EXCLUSIVE DANCER,0,0,0,,5,1.0,0,1,0,,,,,2020-09-15 06:25:47
19832110,,False,,0,,,,,,GHOSTWRITER,0,0,0,,5,8.0,0,1,0,,,,,2020-09-15 06:25:47
19832352,,False,,0,,,,,,WISE TIMES,0,0,0,,5,1.0,0,1,0,,,,,2020-09-15 06:25:47
19832478,,False,,0,,,,,,GOLD ALERT,0,0,0,,5,8.0,0,1,0,,,,,2020-09-15 06:25:47
19832958,,False,,0,,,,,,MR. NUTCRACKER,0,0,0,,5,1.0,0,1,0,,,,,2020-09-15 06:25:47
19832978,,False,,0,,,,,,HOWIES THREAT,0,0,0,,5,8.0,0,1,0,,,,,2020-09-15 06:25:47
19832998,,False,,0,,,,,,DISTINCT EGO,0,0,0,,5,9.0,0,1,0,,,,,2020-09-15 06:25:47
19833051,,False,,0,,,,,,BET A BUCK,0,0,0,,5,1.0,0,1,0,,,,,2020-09-15 06:25:47
19833213,,False,,0,,,,,,TIME CAT,0,0,0,,5,1.0,0,1,0,,,,,2020-09-15 06:25:47
19833273,,False,,0,,,,,,HALO EFFECT,0,0,0,,5,1.0,0,1,0,,,,,2020-09-15 06:25:47
19833293,,False,,0,,,,,,WITH THE WIND,0,0,0,,5,8.0,0,1,0,,,,,2020-09-15 06:25:47
19833319,,False,,0,,,,,,DALE'S FOLLY,0,0,0,,5,,0,1,0,,,,,2020-09-15 06:25:47
19833339,,False,,0,,,,,,HABER,0,0,0,,5,1.0,0,1,0,,,,,2020-09-15 06:25:47
19833359,,False,,0,,,,,,OBLIGATO,0,0,0,,5,1.0,0,1,0,,,,,2020-09-15 06:25:47
19833379,,False,,0,,,,,,MEADOWLAKE,0,0,0,,5,1.0,0,1,0,,,,,2020-09-15 06:25:47
19833415,,False,,0,,,,,,SEATTLE SUNRISE,0,0,0,,5,1.0,0,1,0,,,,,2020-09-15 06:25:47
19833435,,False,,0,,,,,,IMPROBABLE STORY,0,0,0,,5,8.0,0,1,0,,,,,2020-09-15 06:25:47
19833455,,False,,0,,,,,,BLUE BUCKAROO,0,0,0,,5,,0,1,0,,,,,2020-09-15 06:25:47
19833531,,False,,0,,,,,,JUDGE SMELLS,0,0,0,,5,,0,1,0,,,,,2020-09-15 06:25:47
19833551,,False,,0,,,,,,SOUTHERN HALO,0,0,0,,5,1.0,0,1,0,,,,,2020-09-15 06:25:47
19833571,,False,,0,,,,,,ITAJARA,0,0,0,,5,1.0,0,1,0,,,,,2020-09-15 06:25:47
19833591,,False,,0,,,,,,MAGICAL WONDER,0,0,0,,5,8.0,0,1,0,,,,,2020-09-15 06:25:47
19833617,,False,,0,,,,,,WOODMAN,0,0,0,,5,1.0,0,1,0,,,,,2020-09-15 06:25:47
19833637,,False,,0,,,,,,BERING,0,0,0,,5,8.0,0,1,0,,,,,2020-09-15 06:25:47
19833657,,False,,0,,,,,,BROAD BRUSH,0,0,0,,5,1.0,0,1,0,,,,,2020-09-15 06:25:47
19833697,,False,,0,,,,,,LION D'OR,0,0,0,,5,1.0,0,1,0,,,,,2020-09-15 06:25:47
19833713,,False,,0,,,,,,IMPERIAL FALCON,0,0,0,,5,,0,1,0,,,,,2020-09-15 06:25:47
19833733,,False,,0,,,,,,GRUB,0,0,0,,5,9.0,0,1,0,,,,,2020-09-15 06:25:47
19833753,,False,,0,,,,,,FAYRUZ,0,0,0,,5,1.0,0,1,0,,,,,2020-09-15 06:25:47
19833773,,False,,0,,,,,,MORE PLEASURE,0,0,0,,5,8.0,0,1,0,,,,,2020-09-15 06:25:47
19833793,,False,,0,,,,,,LAST TYCOON,0,0,0,,5,,0,1,0,,,,,2020-09-15 06:25:47
19833819,,False,,0,,,,,,STARJINSKY,0,0,0,,5,1.0,0,1,0,,,,,2020-09-15 06:25:47
19834316,,False,,0,,,,,,DANZIG CONNECTION,0,0,0,,5,8.0,0,1,0,,,,,2020-09-15 06:25:47
19834412,,False,,0,,,,,,PERSONAL FLAG,0,0,0,,5,,0,1,0,,,,,2020-09-15 06:25:47
19835095,,False,,0,,,,,,REGAL SEARCH,0,0,0,,5,,0,1,0,,,,,2020-09-15 06:25:48
19835535,,False,,0,,,,,,FRED ASTAIRE,0,0,0,,5,1.0,0,1,0,,,,,2020-09-15 06:25:48
19837711,,False,,0,,,,,,MOGAMBO,0,0,0,,5,8.0,0,1,0,,,,,2020-09-15 06:25:48
19837771,,False,,0,,,,,,WAQUOIT,0,0,0,,5,9.0,0,1,0,,,,,2020-09-15 06:25:48
19839093,,False,,0,,,,,,TWO PUNCH,0,0,0,,5,1.0,0,1,0,,,,,2020-09-15 06:25:48
19839255,,False,,0,,,,,,TATE GALLERY,0,0,0,,5,1.0,0,1,0,,,,,2020-09-15 06:25:48
19839891,,False,,0,,,,,,MANILA,0,0,0,,5,1.0,0,1,0,,,,,2020-09-15 06:25:48
19839977,,False,,0,,,,,,STORM CAT,0,0,0,,5,,0,1,0,,,,,2020-09-15 06:25:48
19840210,,False,,0,,,,,,HELL RAISER,0,0,0,,5,1.0,0,1,0,,,,,2020-09-15 06:25:48
19840290,,False,,0,,,,,,ST. THOMAS,0,0,0,,5,,0,1,0,,,,,2020-09-15 06:25:48
19840578,,False,,0,,,,,,MONDAY MORNING,0,0,0,,5,1.0,0,1,0,,,,,2020-09-15 06:25:48
19840694,,False,,0,,,,,,GULCH,0,0,0,,5,1.0,0,1,0,,,,,2020-09-15 06:25:48
19840710,,False,,0,,,,,,SIR HARRY LEWIS,0,0,0,,5,1.0,0,1,0,,,,,2020-09-15 06:25:48
19840730,,False,,0,,,,,,HOMEBUILDER,0,0,0,,5,8.0,0,1,0,,,,,2020-09-15 06:25:48
19841277,,False,,0,,,,,,GONE WEST,0,0,0,,5,1.0,0,1,0,,,,,2020-09-15 06:25:48
19841479,,False,,0,,,,,,TREMPOLINO,0,0,0,,5,8.0,0,1,0,,,,,2020-09-15 06:25:48
19841595,,False,,0,,,,,,PAPER CHASE,0,0,0,,5,1.0,0,1,0,,,,,2020-09-15 06:25:48
19842294,,False,,0,,,,,,SIR GRAY DANIEL,0,0,0,,5,9.0,0,1,0,,,,,2020-09-15 06:25:48
19842552,,False,,0,,,,,,SIR MAC,0,0,0,,5,,0,1,0,,,,,2020-09-15 06:25:48
19842572,,False,,0,,,,,,HUGLEY JOY,0,0,0,,5,,0,1,0,,,,,2020-09-15 06:25:48
19842774,,False,,0,,,,,,CRYPTOCLEARANCE,0,0,0,,5,,0,1,0,,,,,2020-09-15 06:25:48
19843115,,False,,0,,,,,,WISE EMISSARY,0,0,0,,5,1.0,0,1,0,,,,,2020-09-15 06:25:48
19843211,,False,,0,,,,,,TEXAS PROSPECTOR,0,0,0,,5,1.0,0,1,0,,,,,2020-09-15 06:25:48
19843231,,False,,0,,,,,,BARGAIN SHOPPER,0,0,0,,5,1.0,0,1,0,,,,,2020-09-15 06:25:48
19843251,,False,,0,,,,,,TRIPALIUM,0,0,0,,5,8.0,0,1,0,,,,,2020-09-15 06:25:48
19843271,,False,,0,,,,,,SCHISM,0,0,0,,5,1.0,0,1,0,,,,,2020-09-15 06:25:48
19843337,,False,,0,,,,,,FAPTASTIC,0,0,0,,5,1.0,0,1,0,,,,,2020-09-15 06:25:48
19843357,,False,,0,,,,,,FOREIGN HOLDING,0,0,0,,5,8.0,0,1,0,,,,,2020-09-15 06:25:48
19843377,,False,,0,,,,,,D. J. CAT,0,0,0,,5,8.0,0,1,0,,,,,2020-09-15 06:25:48
19843397,,False,,0,,,,,,THE MEDIC,0,0,0,,5,1.0,0,1,0,,,,,2020-09-15 06:25:48
19843413,,False,,0,,,,,,AMAZING PROSPECT,0,0,0,,5,1.0,0,1,0,,,,,2020-09-15 06:25:48
19843433,,False,,0,,,,,,PROSPECTOR'S BID,0,0,0,,5,8.0,0,1,0,,,,,2020-09-15 06:25:48
19843453,,False,,0,,,,,,JAVA GOLD,0,0,0,,5,,0,1,0,,,,,2020-09-15 06:25:48
19843473,,False,,0,,,,,,MINING,0,0,0,,5,1.0,0,1,0,,,,,2020-09-15 06:25:48
19843493,,False,,0,,,,,,HIGH BRITE,0,0,0,,5,1.0,0,1,0,,,,,2020-09-15 06:25:48
19843519,,False,,0,,,,,,LEO CASTELLI,0,0,0,,5,1.0,0,1,0,,,,,2020-09-15 06:25:48
19843539,,False,,0,,,,,,PROUDEST DUKE,0,0,0,,5,1.0,0,1,0,,,,,2020-09-15 06:25:48
19843559,,False,,0,,,,,,BLUEBIRD,0,0,0,,5,1.0,0,1,0,,,,,2020-09-15 06:25:48
19843579,,False,,0,,,,,,CAPTAIN VALID,0,0,0,,5,1.0,0,1,0,,,,,2020-09-15 06:25:48
19843599,,False,,0,,,,,,AFLEET,0,0,0,,5,8.0,0,1,0,,,,,2020-09-15 06:25:48
19843615,,False,,0,,,,,,MEDIA STARGUEST,0,0,0,,5,,0,1,0,,,,,2020-09-15 06:25:48
19843635,,False,,0,,,,,,SWORD DANCE,0,0,0,,5,1.0,0,1,0,,,,,2020-09-15 06:25:48
19843655,,False,,0,,,,,,PENTELICUS,0,0,0,,5,,0,1,0,,,,,2020-09-15 06:25:48
19843675,,False,,0,,,,,,METROGRAND,0,0,0,,5,1.0,0,1,0,,,,,2020-09-15 06:25:48
19843695,,False,,0,,,,,,STACKED PACK,0,0,0,,5,1.0,0,1,0,,,,,2020-09-15 06:25:48
19843711,,False,,0,,,,,,PROSPECTOR'S HALO,0,0,0,,5,1.0,0,1,0,,,,,2020-09-15 06:25:48
19843731,,False,,0,,,,,,ONLY DREAMIN,0,0,0,,5,1.0,0,1,0,,,,,2020-09-15 06:25:48
19843751,,False,,0,,,,,,REEL ON REEL,0,0,0,,5,8.0,0,1,0,,,,,2020-09-15 06:25:48
19843771,,False,,0,,,,,,DEMONS BEGONE,0,0,0,,5,1.0,0,1,0,,,,,2020-09-15 06:25:48
19843817,,False,,0,,,,,,SCHAUFUSS,0,0,0,,5,,0,1,0,,,,,2020-09-15 06:25:48
19843857,,False,,0,,,,,,PENTELICUS,0,0,0,,5,1.0,0,1,0,,,,,2020-09-15 06:25:48
19843897,,False,,0,,,,,,W.D. JACKS,0,0,0,,5,8.0,0,1,0,,,,,2020-09-15 06:25:48
19844016,,False,,0,,,,,,ALWASMI,0,0,0,,5,1.0,0,1,0,,,,,2020-09-15 06:25:48
19844238,,False,,0,,,,,,CAPOTE,0,0,0,,5,,0,1,0,,,,,2020-09-15 06:25:48
19844278,,False,,0,,,,,,BOLD EXECUTIVE,0,0,0,,5,,0,1,0,,,,,2020-09-15 06:25:48
19844354,,False,,0,,,,,,LOST CODE,0,0,0,,5,,0,1,0,,,,,2020-09-15 06:25:48
19844430,,False,,0,,,,,,STUDDISH,0,0,0,,5,8.0,0,1,0,,,,,2020-09-15 06:25:48
19844612,,False,,0,,,,,,TALINUM,0,0,0,,5,8.0,0,1,0,,,,,2020-09-15 06:25:48
19844758,,False,,0,,,,,,JADE HUNTER,0,0,0,,5,8.0,0,1,0,,,,,2020-09-15 06:25:48
19844778,,False,,0,,,,,,STATELY DON,0,0,0,,5,,0,1,0,,,,,2020-09-15 06:25:48
19844834,,False,,0,,,,,,PERDITION'S SON,0,0,0,,5,,0,1,0,,,,,2020-09-15 06:25:48
19846156,,False,,0,,,,,,POLISH NAVY,0,0,0,,5,1.0,0,1,0,,,,,2020-09-15 06:25:48
19846954,,False,,0,,,,,,SLEW CITY SLEW,0,0,0,,5,,0,1,0,,,,,2020-09-15 06:25:48
19846994,,False,,0,,,,,,WAR,0,0,0,,5,1.0,0,1,0,,,,,2020-09-15 06:25:48
19851199,,False,,0,,,,,,LIVELY ONE,0,0,0,,5,,0,1,0,,,,,2020-09-15 06:25:48
19851275,,False,,0,,,,,,BUDDY,0,0,0,,5,1.0,0,1,0,,,,,2020-09-15 06:25:48
19852232,,False,,0,,,,,,FESTIVE,0,0,0,,5,1.0,0,1,0,,,,,2020-09-15 06:25:48
19852772,,False,,0,,,,,,STITCHIE,0,0,0,,5,1.0,0,1,0,,,,,2020-09-15 06:25:48
19852858,,False,,0,,,,,,NEIL'S BOY,0,0,0,,5,1.0,0,1,0,,,,,2020-09-15 06:25:48
19852994,,False,,0,,,,,,HOT PRETZEL,0,0,0,,5,8.0,0,1,0,,,,,2020-09-15 06:25:48
19853153,,False,,0,,,,,,RANDY'S REVIEW,0,0,0,,5,,0,1,0,,,,,2020-09-15 06:25:48
19853219,,False,,0,,,,,,HENBANE,0,0,0,,5,8.0,0,1,0,,,,,2020-09-15 06:25:48
19853259,,False,,0,,,,,,JOESLEW,0,0,0,,5,,0,1,0,,,,,2020-09-15 06:25:48
19853299,,False,,0,,,,,,AL MUSTI,0,0,0,,5,,0,1,0,,,,,2020-09-15 06:25:48
19853315,,False,,0,,,,,,RE DE SLEW,0,0,0,,5,1.0,0,1,0,,,,,2020-09-15 06:25:48
19853411,,False,,0,,,,,,ANSWER MY SON,0,0,0,,5,,0,1,0,,,,,2020-09-15 06:25:48
19853431,,False,,0,,,,,,DYNAFORMER,0,0,0,,5,,0,1,0,,,,,2020-09-15 06:25:48
19853471,,False,,0,,,,,,BOUNCING BRAVE,0,0,0,,5,8.0,0,1,0,,,,,2020-09-15 06:25:48
19853491,,False,,0,,,,,,DIN'S DANCER,0,0,0,,5,,0,1,0,,,,,2020-09-15 06:25:48
19853577,,False,,0,,,,,,STAR ATTITUDE,0,0,0,,5,1.0,0,1,0,,,,,2020-09-15 06:25:48
19853597,,False,,0,,,,,,SEEKING THE GOLD,0,0,0,,5,1.0,0,1,0,,,,,2020-09-15 06:25:48
19853613,,False,,0,,,,,,MT. MAGAZINE,0,0,0,,5,8.0,0,1,0,,,,,2020-09-15 06:25:48
19853633,,False,,0,,,,,,CHEROKEE COLONY,0,0,0,,5,1.0,0,1,0,,,,,2020-09-15 06:25:48
19853653,,False,,0,,,,,,TRY SOME,0,0,0,,5,,0,1,0,,,,,2020-09-15 06:25:48
19853673,,False,,0,,,,,,DON'T BLUSH,0,0,0,,5,8.0,0,1,0,,,,,2020-09-15 06:25:48
19853693,,False,,0,,,,,,TORCHER,0,0,0,,5,8.0,0,1,0,,,,,2020-09-15 06:25:48
19853719,,False,,0,,,,,,ALYGO,0,0,0,,5,,0,1,0,,,,,2020-09-15 06:25:48
19853739,,False,,0,,,,,,PARAMOUNT JET,0,0,0,,5,,0,1,0,,,,,2020-09-15 06:25:48
19853759,,False,,0,,,,,,ENOUGH REALITY,0,0,0,,5,8.0,0,1,0,,,,,2020-09-15 06:25:48
19853779,,False,,0,,,,,,EVENING KRIS,0,0,0,,5,,0,1,0,,,,,2020-09-15 06:25:48
19853799,,False,,0,,,,,,BIG MUKORA,0,0,0,,5,,0,1,0,,,,,2020-09-15 06:25:48
19853815,,False,,0,,,,,,RAHY,0,0,0,,5,8.0,0,1,0,,,,,2020-09-15 06:25:48
19853835,,False,,0,,,,,,REGAL CLASSIC,0,0,0,,5,8.0,0,1,0,,,,,2020-09-15 06:25:48
19853855,,False,,0,,,,,,UNZIPPED,0,0,0,,5,,0,1,0,,,,,2020-09-15 06:25:48
19853875,,False,,0,,,,,,GLITTERMAN,0,0,0,,5,1.0,0,1,0,,,,,2020-09-15 06:25:48
19853895,,False,,0,,,,,,RISEN STAR,0,0,0,,5,,0,1,0,,,,,2020-09-15 06:25:48
19853911,,False,,0,,,,,,BEAU GENIUS,0,0,0,,5,8.0,0,1,0,,,,,2020-09-15 06:25:48
19853931,,False,,0,,,,,,FORTY NINER (USA),0,0,0,,5,8.0,0,1,0,,,,,2020-09-15 06:25:48
19853951,,False,,0,,,,,,KOKAND,0,0,0,,5,8.0,0,1,0,,,,,2020-09-15 06:25:48
19853971,,False,,0,,,,,,ONCE WILD,0,0,0,,5,1.0,0,1,0,,,,,2020-09-15 06:25:48
19853991,,False,,0,,,,,,KING'S NEST,0,0,0,,5,,0,1,0,,,,,2020-09-15 06:25:48
19854034,,False,,0,,,,,,PROPER REALITY,0,0,0,,5,,0,1,0,,,,,2020-09-15 06:25:48
19854054,,False,,0,,,,,,PROSPECTORS GAMBLE,0,0,0,,5,9.0,0,1,0,,,,,2020-09-15 06:25:48
19854074,,False,,0,,,,,,CLAY HERO,0,0,0,,5,,0,1,0,,,,,2020-09-15 06:25:48
19854094,,False,,0,,,,,,REGAL INTENTION,0,0,0,,5,,0,1,0,,,,,2020-09-15 06:25:48
19854110,,False,,0,,,,,,MATTER OF HONOR,0,0,0,,5,,0,1,0,,,,,2020-09-15 06:25:48
19854130,,False,,0,,,,,,SUNSHINE FOREVER,0,0,0,,5,1.0,0,1,0,,,,,2020-09-15 06:25:48
19854150,,False,,0,,,,,,ABOVE NORMAL,0,0,0,,5,,0,1,0,,,,,2020-09-15 06:25:48
19854190,,False,,0,,,,,,CRUSADER SWORD,0,0,0,,5,,0,1,0,,,,,2020-09-15 06:25:48
19854216,,False,,0,,,,,,INDIAN RIDGE,0,0,0,,5,8.0,0,1,0,,,,,2020-09-15 06:25:48
19854352,,False,,0,,,,,,BLUSHING JOHN,0,0,0,,5,1.0,0,1,0,,,,,2020-09-15 06:25:48
19854392,,False,,0,,,,,,SEWICKLEY,0,0,0,,5,,0,1,0,,,,,2020-09-15 06:25:48
19854458,,False,,0,,,,,,KIMAFOUTIESA,0,0,0,,5,8.0,0,1,0,,,,,2020-09-15 06:25:48
19854498,,False,,0,,,,,,TEJABO,0,0,0,,5,1.0,0,1,0,,,,,2020-09-15 06:25:48
19854554,,False,,0,,,,,,CRIMINAL TYPE,0,0,0,,5,8.0,0,1,0,,,,,2020-09-15 06:25:48
19854594,,False,,0,,,,,,SILVER DEPUTY,0,0,0,,5,1.0,0,1,0,,,,,2020-09-15 06:25:48
19854796,,False,,0,,,,,,NOTEBOOK,0,0,0,,5,1.0,0,1,0,,,,,2020-09-15 06:25:48
19854978,,False,,0,,,,,,PRIVATE TERMS,0,0,0,,5,,0,1,0,,,,,2020-09-15 06:25:48
19855031,,False,,0,,,,,,TEJANO,0,0,0,,5,8.0,0,1,0,,,,,2020-09-15 06:25:48
19855117,,False,,0,,,,,,BOLD BADGETT,0,0,0,,5,,0,1,0,,,,,2020-09-15 06:25:48
19855197,,False,,0,,,,,,DISTINCTIVE BINGO,0,0,0,,5,1.0,0,1,0,,,,,2020-09-15 06:25:48
19860130,,False,,0,,,,,,ROCK POINT,0,0,0,,5,1.0,0,1,0,,,,,2020-09-15 06:25:48
19860150,,False,,0,,,,,,GROOMSTICK,0,0,0,,5,9.0,0,1,0,,,,,2020-09-15 06:25:48
19860630,,False,,0,,,,,,DOMINO JACK,0,0,0,,5,1.0,0,1,0,,,,,2020-09-15 06:25:48
19860892,,False,,0,,,,,,PRINCE OF FAME,0,0,0,,5,1.0,0,1,0,,,,,2020-09-15 06:25:48
19861879,,False,,0,,,,,,OCALA SLEW,0,0,0,,5,1.0,0,1,0,,,,,2020-09-15 06:25:48
19862098,,False,,0,,,,,,TIMELY GIFT,0,0,0,,5,1.0,0,1,0,,,,,2020-09-15 06:25:48
19862694,,False,,0,,,,,,A. M. SWINGER,0,0,0,,5,,0,1,0,,,,,2020-09-15 06:25:48
19862816,,False,,0,,,,,,QUIET AMERICAN,0,0,0,,5,1.0,0,1,0,,,,,2020-09-15 06:25:48
19862876,,False,,0,,,,,,BLACK TIE AFFAIR,0,0,0,,5,,0,1,0,,,,,2020-09-15 06:25:48
19862972,,False,,0,,,,,,RESTLESS WIND,0,0,0,,5,,0,1,0,,,,,2020-09-15 06:25:48
19863035,,False,,0,,,,,,PALLS ROYAL DANCER,0,0,0,,5,1.0,0,1,0,,,,,2020-09-15 06:25:48
19863111,,False,,0,,,,,,SIR RAPHAEL,0,0,0,,5,8.0,0,1,0,,,,,2020-09-15 06:25:48
19863217,,False,,0,,,,,,FUZZIANO,0,0,0,,5,8.0,0,1,0,,,,,2020-09-15 06:25:48
19863237,,False,,0,,,,,,RAMPLETT,0,0,0,,5,8.0,0,1,0,,,,,2020-09-15 06:25:48
19863353,,False,,0,,,,,,TERRIFIC TUNE,0,0,0,,5,1.0,0,1,0,,,,,2020-09-15 06:25:48
19863373,,False,,0,,,,,,TRAPP MOUNTAIN,0,0,0,,5,,0,1,0,,,,,2020-09-15 06:25:48
19863393,,False,,0,,,,,,SEMINOLE SLEWPY,0,0,0,,5,1.0,0,1,0,,,,,2020-09-15 06:25:48
19863419,,False,,0,,,,,,MANASTASH RIDGE,0,0,0,,5,,0,1,0,,,,,2020-09-15 06:25:48
19863439,,False,,0,,,,,,APPEALING GUY,0,0,0,,5,,0,1,0,,,,,2020-09-15 06:25:48
19863459,,False,,0,,,,,,NOSFERATU,0,0,0,,5,,0,1,0,,,,,2020-09-15 06:25:48
19863479,,False,,0,,,,,,IS IT TRUE,0,0,0,,5,1.0,0,1,0,,,,,2020-09-15 06:25:48
19863499,,False,,0,,,,,,HOUSTON,0,0,0,,5,1.0,0,1,0,,,,,2020-09-15 06:25:48
19863515,,False,,0,,,,,,DIXIE DANCER,0,0,0,,5,1.0,0,1,0,,,,,2020-09-15 06:25:48
19863535,,False,,0,,,,,,SLICK TRICK,0,0,0,,5,9.0,0,1,0,,,,,2020-09-15 06:25:48
19863555,,False,,0,,,,,,NORTHERN WOLF,0,0,0,,5,,0,1,0,,,,,2020-09-15 06:25:48
19863575,,False,,0,,,,,,YOUMADEYOURPOINT,0,0,0,,5,,0,1,0,,,,,2020-09-15 06:25:48
19863595,,False,,0,,,,,,DOC'S LEADER,0,0,0,,5,8.0,0,1,0,,,,,2020-09-15 06:25:48
19863611,,False,,0,,,,,,FLY TILL DAWN,0,0,0,,5,9.0,0,1,0,,,,,2020-09-15 06:25:48
19863631,,False,,0,,,,,,BRIEF RUCKUS(USA),0,0,0,,5,8.0,0,1,0,,,,,2020-09-15 06:25:48
19863651,,False,,0,,,,,,DOMASCA DAN,0,0,0,,5,,0,1,0,,,,,2020-09-15 06:25:48
19863671,,False,,0,,,,,,POLISH PRECEDENT,0,0,0,,5,1.0,0,1,0,,,,,2020-09-15 06:25:48
19863691,,False,,0,,,,,,DANEHILL,0,0,0,,5,1.0,0,1,0,,,,,2020-09-15 06:25:48
19863717,,False,,0,,,,,,SYRIAN SPIRIT,0,0,0,,5,8.0,0,1,0,,,,,2020-09-15 06:25:48
19863737,,False,,0,,,,,,IDABEL,0,0,0,,5,1.0,0,1,0,,,,,2020-09-15 06:25:48
19863777,,False,,0,,,,,,MR. GOLDUST,0,0,0,,5,1.0,0,1,0,,,,,2020-09-15 06:25:48
19863813,,False,,0,,,,,,PRIZED,0,0,0,,5,,0,1,0,,,,,2020-09-15 06:25:48
19863833,,False,,0,,,,,,SECRET SLEW,0,0,0,,5,1.0,0,1,0,,,,,2020-09-15 06:25:48
19863873,,False,,0,,,,,,SHOTICHE,0,0,0,,5,,0,1,0,,,,,2020-09-15 06:25:48
19863939,,False,,0,,,,,,ARABICA,0,0,0,,5,9.0,0,1,0,,,,,2020-09-15 06:25:48
19863999,,False,,0,,,,,,SCARLET IBIS,0,0,0,,5,1.0,0,1,0,,,,,2020-09-15 06:25:48
19864072,,False,,0,,,,,,DISPERSAL,0,0,0,,5,8.0,0,1,0,,,,,2020-09-15 06:25:48
19864254,,False,,0,,,,,,HADIF,0,0,0,,5,,0,1,0,,,,,2020-09-15 06:25:48
19864274,,False,,0,,,,,,MERCEDES WON,0,0,0,,5,1.0,0,1,0,,,,,2020-09-15 06:25:48
19864416,,False,,0,,,,,,ZILZAL,0,0,0,,5,1.0,0,1,0,,,,,2020-09-15 06:25:48
19864456,,False,,0,,,,,,NASHWAN,0,0,0,,5,,0,1,0,,,,,2020-09-15 06:25:48
19864476,,False,,0,,,,,,TWILIGHT AGENDA,0,0,0,,5,1.0,0,1,0,,,,,2020-09-15 06:25:48
19864698,,False,,0,,,,,,NORTHERN FLAGSHIP,0,0,0,,5,1.0,0,1,0,,,,,2020-09-15 06:25:48
19864734,,False,,0,,,,,,WITH APPROVAL,0,0,0,,5,,0,1,0,,,,,2020-09-15 06:25:48
19864794,,False,,0,,,,,,HAWKSTER,0,0,0,,5,,0,1,0,,,,,2020-09-15 06:25:48
19864956,,False,,0,,,,,,LOCAL TALENT,0,0,0,,5,1.0,0,1,0,,,,,2020-09-15 06:25:48
19870436,,False,,0,,,,,,FRUITFUL BOUGH,0,0,0,,5,1.0,0,1,0,,,,,2020-09-15 06:25:48
19870810,,False,,0,,,,,,DIABLO,0,0,0,,5,,0,1,0,,,,,2020-09-15 06:25:48
19870850,,False,,0,,,,,,MACHIAVELLIAN,0,0,0,,5,,0,1,0,,,,,2020-09-15 06:25:48
19870870,,False,,0,,,,,,MANAHAWKIN,0,0,0,,5,9.0,0,1,0,,,,,2020-09-15 06:25:48
19871817,,False,,0,,,,,,RED RANSOM,0,0,0,,5,1.0,0,1,0,,,,,2020-09-15 06:25:48
19871897,,False,,0,,,,,,CARSON CITY,0,0,0,,5,8.0,0,1,0,,,,,2020-09-15 06:25:48
19872016,,False,,0,,,,,,AWESOME SLEW,0,0,0,,5,,0,1,0,,,,,2020-09-15 06:25:48
19872470,,False,,0,,,,,,MISSIONARY RIDGE,0,0,0,,5,1.0,0,1,0,,,,,2020-09-15 06:25:48
19872536,,False,,0,,,,,,KHADULLAH,0,0,0,,5,,0,1,0,,,,,2020-09-15 06:25:48
19872576,,False,,0,,,,,,KATOWICE,0,0,0,,5,,0,1,0,,,,,2020-09-15 06:25:48
19872652,,False,,0,,,,,,DEVIL'S CRY,0,0,0,,5,,0,1,0,,,,,2020-09-15 06:25:48
19872814,,False,,0,,,,,,JOLIE'S HALO,0,0,0,,5,,0,1,0,,,,,2020-09-15 06:25:48
19872834,,False,,0,,,,,,ELMAAMUL,0,0,0,,5,8.0,0,1,0,,,,,2020-09-15 06:25:48
19872854,,False,,0,,,,,,OUT OF PLACE,0,0,0,,5,8.0,0,1,0,,,,,2020-09-15 06:25:48
19872894,,False,,0,,,,,,COHIBA,0,0,0,,5,,0,1,0,,,,,2020-09-15 06:25:48
19873295,,False,,0,,,,,,GO AND GO,0,0,0,,5,8.0,0,1,0,,,,,2020-09-15 06:25:48
19873477,,False,,0,,,,,,RULES,0,0,0,,5,9.0,0,1,0,,,,,2020-09-15 06:25:48
19873513,,False,,0,,,,,,KIPPER KELLY,0,0,0,,5,1.0,0,1,0,,,,,2020-09-15 06:25:48
19873533,,False,,0,,,,,,ROANOKE,0,0,0,,5,,0,1,0,,,,,2020-09-15 06:25:48
19873735,,False,,0,,,,,,SIR LAL BAHADUR,0,0,0,,5,1.0,0,1,0,,,,,2020-09-15 06:25:48
19873755,,False,,0,,,,,,PRIVATEHOLM,0,0,0,,5,1.0,0,1,0,,,,,2020-09-15 06:25:48
19873775,,False,,0,,,,,,HOUSEBUSTER,0,0,0,,5,,0,1,0,,,,,2020-09-15 06:25:48
19873795,,False,,0,,,,,,KINGQUISTADOR,0,0,0,,5,8.0,0,1,0,,,,,2020-09-15 06:25:48
19873811,,False,,0,,,,,,RUBIANO,0,0,0,,5,,0,1,0,,,,,2020-09-15 06:25:48
19873851,,False,,0,,,,,,IN EXCESS,0,0,0,,5,,0,1,0,,,,,2020-09-15 06:25:48
19873871,,False,,0,,,,,,CITIDANCER,0,0,0,,5,8.0,0,1,0,,,,,2020-09-15 06:25:48
19873891,,False,,0,,,,,,SKY CLASSIC,0,0,0,,5,8.0,0,1,0,,,,,2020-09-15 06:25:48
19873937,,False,,0,,,,,,DAWN QUIXOTE,0,0,0,,5,8.0,0,1,0,,,,,2020-09-15 06:25:48
19873957,,False,,0,,,,,,FRESHLY SQUEEZED,0,0,0,,5,8.0,0,1,0,,,,,2020-09-15 06:25:48
19873977,,False,,0,,,,,,SUMMER SQUALL,0,0,0,,5,1.0,0,1,0,,,,,2020-09-15 06:25:48
19873997,,False,,0,,,,,,DIGRESSION,0,0,0,,5,,0,1,0,,,,,2020-09-15 06:25:48
19874010,,False,,0,,,,,,SEPTIEME CIEL,0,0,0,,5,1.0,0,1,0,,,,,2020-09-15 06:25:48
19874030,,False,,0,,,,,,ROBYN DANCER,0,0,0,,5,,0,1,0,,,,,2020-09-15 06:25:48
19874070,,False,,0,,,,,,SEJM,0,0,0,,5,1.0,0,1,0,,,,,2020-09-15 06:25:48
19874090,,False,,0,,,,,,PLEASANT TAP,0,0,0,,5,1.0,0,1,0,,,,,2020-09-15 06:25:48
19874116,,False,,0,,,,,,STAGE COLONY,0,0,0,,5,1.0,0,1,0,,,,,2020-09-15 06:25:48
19874136,,False,,0,,,,,,SPANISH DRUMMER,0,0,0,,5,9.0,0,1,0,,,,,2020-09-15 06:25:48
19874156,,False,,0,,,,,,DEFENSIVE PLAY,0,0,0,,5,,0,1,0,,,,,2020-09-15 06:25:48
19874252,,False,,0,,,,,,RESEARCHING,0,0,0,,5,1.0,0,1,0,,,,,2020-09-15 06:25:48
19874338,,False,,0,,,,,,SECRET HELLO,0,0,0,,5,,0,1,0,,,,,2020-09-15 06:25:48
19874414,,False,,0,,,,,,THIRTY SIX RED,0,0,0,,5,8.0,0,1,0,,,,,2020-09-15 06:25:48
19874474,,False,,0,,,,,,CHAMPAGNEFORASHLEY,0,0,0,,5,,0,1,0,,,,,2020-09-15 06:25:48
19875133,,False,,0,,,,,,MANLOVE,0,0,0,,5,1.0,0,1,0,,,,,2020-09-15 06:25:48
19875517,,False,,0,,,,,,KDANZC,0,0,0,,5,1.0,0,1,0,,,,,2020-09-15 06:25:48
19877117,,False,,0,,,,,,UNBRIDLED,0,0,0,,5,1.0,0,1,0,,,,,2020-09-15 06:25:48
19877177,,False,,0,,,,,,MARQUETRY,0,0,0,,5,8.0,0,1,0,,,,,2020-09-15 06:25:48
19877551,,False,,0,,,,,,REPUTED TESTAMONY,0,0,0,,5,,0,1,0,,,,,2020-09-15 06:25:48
19877677,,False,,0,,,,,,POLISH NUMBERS,0,0,0,,5,,0,1,0,,,,,2020-09-15 06:25:48
19877733,,False,,0,,,,,,QUEST FOR FAME,0,0,0,,5,,0,1,0,,,,,2020-09-15 06:25:48
19877773,,False,,0,,,,,,THE PRIME MINISTER,0,0,0,,5,8.0,0,1,0,,,,,2020-09-15 06:25:48
19877955,,False,,0,,,,,,DAYJUR,0,0,0,,5,,0,1,0,,,,,2020-09-15 06:25:48
19880414,,False,,0,,,,,,DEPOSIT TICKET,0,0,0,,5,1.0,0,1,0,,,,,2020-09-15 06:25:48
19880818,,False,,0,,,,,,TAMMANY,0,0,0,,5,,0,1,0,,,,,2020-09-15 06:25:48
19880838,,False,,0,,,,,,COMPELLING SOUND,0,0,0,,5,1.0,0,1,0,,,,,2020-09-15 06:25:48
19880858,,False,,0,,,,,,CAHILL ROAD,0,0,0,,5,1.0,0,1,0,,,,,2020-09-15 06:25:48
19880878,,False,,0,,,,,,CONVEYOR,0,0,0,,5,8.0,0,1,0,,,,,2020-09-15 06:25:48
19880898,,False,,0,,,,,,HONOR GRADES,0,0,0,,5,1.0,0,1,0,,,,,2020-09-15 06:25:48
19881815,,False,,0,,,,,,DEERHOUND,0,0,0,,5,1.0,0,1,0,,,,,2020-09-15 06:25:48
19881835,,False,,0,,,,,,ANJIZ,0,0,0,,5,1.0,0,1,0,,,,,2020-09-15 06:25:48
19881855,,False,,0,,,,,,EASTERN ECHO,0,0,0,,5,1.0,0,1,0,,,,,2020-09-15 06:25:48
19881875,,False,,0,,,,,,REPRICED,0,0,0,,5,8.0,0,1,0,,,,,2020-09-15 06:25:48
19881895,,False,,0,,,,,,SULTRY SONG,0,0,0,,5,,0,1,0,,,,,2020-09-15 06:25:48
19882812,,False,,0,,,,,,FORMAL DINNER,0,0,0,,5,,0,1,0,,,,,2020-09-15 06:25:48
19882832,,False,,0,,,,,,TEL QUEL,0,0,0,,5,1.0,0,1,0,,,,,2020-09-15 06:25:48
19882852,,False,,0,,,,,,FRIENDLY LOVER,0,0,0,,5,,0,1,0,,,,,2020-09-15 06:25:48
19882872,,False,,0,,,,,,MEGAS VUKEFALOS,0,0,0,,5,,0,1,0,,,,,2020-09-15 06:25:48
19883197,,False,,0,,,,,,KEY CONTENDER,0,0,0,,5,8.0,0,1,0,,,,,2020-09-15 06:25:48
19883819,,False,,0,,,,,,METFIELD,0,0,0,,5,1.0,0,1,0,,,,,2020-09-15 06:25:48
19883839,,False,,0,,,,,,LOMITAS,0,0,0,,5,8.0,0,1,0,,,,,2020-09-15 06:25:48
19883995,,False,,0,,,,,,GOLD ROCK,0,0,0,,5,1.0,0,1,0,,,,,2020-09-15 06:25:48
19884078,,False,,0,,,,,,ALLURING CHARGER,0,0,0,,5,,0,1,0,,,,,2020-09-15 06:25:48
19884194,,False,,0,,,,,,COUNTRY THRILL,0,0,0,,5,1.0,0,1,0,,,,,2020-09-15 06:25:48
19884290,,False,,0,,,,,,CORPORATE REPORT,0,0,0,,5,8.0,0,1,0,,,,,2020-09-15 06:25:48
19884396,,False,,0,,,,,,GOLD SPRING,0,0,0,,5,8.0,0,1,0,,,,,2020-09-15 06:25:48
19884492,,False,,0,,,,,,VERMONT,0,0,0,,5,8.0,0,1,0,,,,,2020-09-15 06:25:48
19886698,,False,,0,,,,,,A FIRM DEACON,0,0,0,,5,1.0,0,1,0,,,,,2020-09-15 06:25:48
19887079,,False,,0,,,,,,TRICK ME,0,0,0,,5,,0,1,0,,,,,2020-09-15 06:25:48
19887099,,False,,0,,,,,,MANE MINISTER,0,0,0,,5,,0,1,0,,,,,2020-09-15 06:25:48
19887337,,False,,0,,,,,,VALLEY CROSSING,0,0,0,,5,,0,1,0,,,,,2020-09-15 06:25:48
19887519,,False,,0,,,,,,FLY SO FREE,0,0,0,,5,8.0,0,1,0,,,,,2020-09-15 06:25:48
19887579,,False,,0,,,,,,GOGARTY,0,0,0,,5,,0,1,0,,,,,2020-09-15 06:25:48
19887711,,False,,0,,,,,,HERMITAGE,0,0,0,,5,1.0,0,1,0,,,,,2020-09-15 06:25:48
19887771,,False,,0,,,,,,TAKE ME OUT,0,0,0,,5,1.0,0,1,0,,,,,2020-09-15 06:25:48
19887913,,False,,0,,,,,,OLYMPIO,0,0,0,,5,8.0,0,1,0,,,,,2020-09-15 06:25:48
19891297,,False,,0,,,,,,FAIR TRAIL,0,0,0,,5,1.0,0,1,0,,,,,2020-09-15 06:25:48
19892936,,False,,0,,,,,,WEST BY WEST,0,0,0,,5,1.0,0,1,0,,,,,2020-09-15 06:25:48
19893231,,False,,0,,,,,,ROGER'S GROOM,0,0,0,,5,8.0,0,1,0,,,,,2020-09-15 06:25:48
19893317,,False,,0,,,,,,NINES WILD,0,0,0,,5,1.0,0,1,0,,,,,2020-09-15 06:25:48
19893493,,False,,0,,,,,,HENIU,0,0,0,,5,1.0,0,1,0,,,,,2020-09-15 06:25:48
19893559,,False,,0,,,,,,NEVER WAVERING,0,0,0,,5,1.0,0,1,0,,,,,2020-09-15 06:25:48
19893675,,False,,0,,,,,,BINALONG,0,0,0,,5,1.0,0,1,0,,,,,2020-09-15 06:25:48
19893751,,False,,0,,,,,,SEFAPIANO,0,0,0,,5,1.0,0,1,0,,,,,2020-09-15 06:25:48
19893791,,False,,0,,,,,,DEVIL HIS DUE,0,0,0,,5,,0,1,0,,,,,2020-09-15 06:25:48
19893913,,False,,0,,,,,,STORM BOOT,0,0,0,,5,8.0,0,1,0,,,,,2020-09-15 06:25:48
19893993,,False,,0,,,,,,LIVER STAND,0,0,0,,5,,0,1,0,,,,,2020-09-15 06:25:48
19894016,,False,,0,,,,,,NOACTOR,0,0,0,,5,1.0,0,1,0,,,,,2020-09-15 06:25:48
19894056,,False,,0,,,,,,MAJOR IMPACT,0,0,0,,5,,0,1,0,,,,,2020-09-15 06:25:48
19894096,,False,,0,,,,,,PISTOLS AND ROSES,0,0,0,,5,9.0,0,1,0,,,,,2020-09-15 06:25:48
19894112,,False,,0,,,,,,LION CAVERN,0,0,0,,5,1.0,0,1,0,,,,,2020-09-15 06:25:48
19894132,,False,,0,,,,,,A. P JET,0,0,0,,5,1.0,0,1,0,,,,,2020-09-15 06:25:48
19894152,,False,,0,,,,,,SCREAM MACHINE,0,0,0,,5,,0,1,0,,,,,2020-09-15 06:25:48
19894192,,False,,0,,,,,,SAINT BALLADO,0,0,0,,5,,0,1,0,,,,,2020-09-15 06:25:48
19894238,,False,,0,,,,,,EZZOUD,0,0,0,,5,8.0,0,1,0,,,,,2020-09-15 06:25:48
19894314,,False,,0,,,,,,BELONG TO ME,0,0,0,,5,1.0,0,1,0,,,,,2020-09-15 06:25:48
19894354,,False,,0,,,,,,A. P. INDY,0,0,0,,5,,0,1,0,,,,,2020-09-15 06:25:48
19894410,,False,,0,,,,,,SALT LAKE,0,0,0,,5,1.0,0,1,0,,,,,2020-09-15 06:25:48
19894430,,False,,0,,,,,,PINE BLUFF,0,0,0,,5,1.0,0,1,0,,,,,2020-09-15 06:25:48
19894450,,False,,0,,,,,,DIXIE BRASS,0,0,0,,5,,0,1,0,,,,,2020-09-15 06:25:48
19894470,,False,,0,,,,,,EL PRADO,0,0,0,,5,9.0,0,1,0,,,,,2020-09-15 06:25:48
19894490,,False,,0,,,,,,CALLER I. D.,0,0,0,,5,,0,1,0,,,,,2020-09-15 06:25:48
19894516,,False,,0,,,,,,COLONY LIGHT,0,0,0,,5,,0,1,0,,,,,2020-09-15 06:25:48
19894536,,False,,0,,,,,,CONCORDE'S TUNE,0,0,0,,5,8.0,0,1,0,,,,,2020-09-15 06:25:48
19894556,,False,,0,,,,,,BOLD N' FLASHY,0,0,0,,5,1.0,0,1,0,,,,,2020-09-15 06:25:48
19894576,,False,,0,,,,,,MUHAYAA,0,0,0,,5,1.0,0,1,0,,,,,2020-09-15 06:25:48
19894612,,False,,0,,,,,,ST. JOVITE,0,0,0,,5,,0,1,0,,,,,2020-09-15 06:25:48
19894632,,False,,0,,,,,,STAR OF THE CROP,0,0,0,,5,1.0,0,1,0,,,,,2020-09-15 06:25:48
19894652,,False,,0,,,,,,SPLINTER RED,0,0,0,,5,8.0,0,1,0,,,,,2020-09-15 06:25:48
19894672,,False,,0,,,,,,ARAZI,0,0,0,,5,8.0,0,1,0,,,,,2020-09-15 06:25:48
19894798,,False,,0,,,,,,IN A WALK,0,0,0,,5,,0,1,0,,,,,2022-10-15 16:55:27
19895533,,False,,0,,,,,,THE WICKED NORTH,0,0,0,,5,,0,1,0,,,,,2020-09-15 06:25:48
19896070,,False,,0,,,,,,AMERICAN CHANCE,0,0,0,,5,,0,1,0,,,,,2020-09-15 06:25:48
19897097,,False,,0,,,,,,IMPERIAL BALLET,0,0,0,,5,,0,1,0,,,,,2020-09-15 06:25:48
19898998,,False,,0,,,,,,LINE IN THE SAND,0,0,0,,5,8.0,0,1,0,,,,,2020-09-15 06:25:48
19899177,,False,,0,,,,,,TECHNOLOGY,0,0,0,,5,,0,1,0,,,,,2020-09-15 06:25:48
19900555,,False,,0,,,,,,MISTER JOLIE,0,0,0,,5,,0,1,0,,,,,2020-09-15 06:25:48
19903056,,False,,0,,,,,,ALPHA OMEGA,0,0,0,,5,1.0,0,1,0,,,,,2020-09-15 06:25:48
19903334,,False,,0,,,,,,FOOTLOOSE,0,0,0,,5,1.0,0,1,0,,,,,2020-09-15 06:25:48
19903556,,False,,0,,,,,,PETESKI,0,0,0,,5,8.0,0,1,0,,,,,2020-09-15 06:25:48
19903632,,False,,0,,,,,,THATS OUR BUCK,0,0,0,,5,1.0,0,1,0,,,,,2020-09-15 06:25:48
19904235,,False,,0,,,,,,FORT CHAFFEE,0,0,0,,5,8.0,0,1,0,,,,,2020-09-15 06:25:48
19904275,,False,,0,,,,,,ABSENT RUSSIAN,0,0,0,,5,8.0,0,1,0,,,,,2020-09-15 06:25:48
19904311,,False,,0,,,,,,BOLD DEMON,0,0,0,,5,1.0,0,1,0,,,,,2020-09-15 06:25:48
19904351,,False,,0,,,,,,GREINTON IMAGE,0,0,0,,5,,0,1,0,,,,,2020-09-15 06:25:48
19904391,,False,,0,,,,,,DIAZO,0,0,0,,5,8.0,0,1,0,,,,,2020-09-15 06:25:48
19904437,,False,,0,,,,,,SMOKEHOUSE SAM,0,0,0,,5,9.0,0,1,0,,,,,2020-09-15 06:25:48
19904513,,False,,0,,,,,,CRUCIAL TRIAL,0,0,0,,5,8.0,0,1,0,,,,,2020-09-15 06:25:48
19904553,,False,,0,,,,,,PRESS CARD,0,0,0,,5,1.0,0,1,0,,,,,2020-09-15 06:25:48
19904593,,False,,0,,,,,,BOUNDARY,0,0,0,,5,1.0,0,1,0,,,,,2020-09-15 06:25:48
19904639,,False,,0,,,,,,PEMBROKE,0,0,0,,5,1.0,0,1,0,,,,,2020-09-15 06:25:48
19904679,,False,,0,,,,,,CRAFTY,0,0,0,,5,8.0,0,1,0,,,,,2020-09-15 06:25:48
19904715,,False,,0,,,,,,IT'SALI'LKNOWNFACT,0,0,0,,5,1.0,0,1,0,,,,,2020-09-15 06:25:48
19904735,,False,,0,,,,,,KISSIN KRIS,0,0,0,,5,1.0,0,1,0,,,,,2020-09-15 06:25:48
19904755,,False,,0,,,,,,WHEATON,0,0,0,,5,8.0,0,1,0,,,,,2020-09-15 06:25:48
19904795,,False,,0,,,,,,LOST SOLDIER,0,0,0,,5,1.0,0,1,0,,,,,2020-09-15 06:25:48
19904831,,False,,0,,,,,,SEA HERO,0,0,0,,5,1.0,0,1,0,,,,,2020-09-15 06:25:48
19904871,,False,,0,,,,,,D'HALLEVANT,0,0,0,,5,1.0,0,1,0,,,,,2020-09-15 06:25:48
19904917,,False,,0,,,,,,AWAD,0,0,0,,5,,0,1,0,,,,,2020-09-15 06:25:48
19904957,,False,,0,,,,,,LIT DE JUSTICE,0,0,0,,5,,0,1,0,,,,,2020-09-15 06:25:48
19904997,,False,,0,,,,,,WAYNE COUNTY,0,0,0,,5,1.0,0,1,0,,,,,2020-09-15 06:25:48
19905010,,False,,0,,,,,,MONTBROOK,0,0,0,,5,,0,1,0,,,,,2020-09-15 06:25:48
19905030,,False,,0,,,,,,WAY WEST,0,0,0,,5,1.0,0,1,0,,,,,2020-09-15 06:25:48
19905050,,False,,0,,,,,,SEMINOLE CANYON,0,0,0,,5,8.0,0,1,0,,,,,2020-09-15 06:25:48
19905070,,False,,0,,,,,,FORT WOOD,0,0,0,,5,1.0,0,1,0,,,,,2020-09-15 06:25:48
19905090,,False,,0,,,,,,EXPLOSIVE RED,0,0,0,,5,8.0,0,1,0,,,,,2020-09-15 06:25:48
19905116,,False,,0,,,,,,FASTNESS,0,0,0,,5,9.0,0,1,0,,,,,2020-09-15 06:25:48
19905136,,False,,0,,,,,,WILLIAMSTOWN,0,0,0,,5,,0,1,0,,,,,2020-09-15 06:25:48
19905156,,False,,0,,,,,,COLONIAL AFFAIR,0,0,0,,5,1.0,0,1,0,,,,,2020-09-15 06:25:48
19905176,,False,,0,,,,,,TACTICAL ADVANTAGE,0,0,0,,5,8.0,0,1,0,,,,,2020-09-15 06:25:48
19905196,,False,,0,,,,,,DEMALOOT DEMASHOOT,0,0,0,,5,,0,1,0,,,,,2020-09-15 06:25:48
19905212,,False,,0,,,,,,FUTURE STORM,0,0,0,,5,8.0,0,1,0,,,,,2020-09-15 06:25:48
19905232,,False,,0,,,,,,CHEROKEE RUN,0,0,0,,5,,0,1,0,,,,,2020-09-15 06:25:48
19905252,,False,,0,,,,,,GILDED TIME,0,0,0,,5,8.0,0,1,0,,,,,2020-09-15 06:25:48
19905272,,False,,0,,,,,,SCHOSSBERG,0,0,0,,5,,0,1,0,,,,,2020-09-15 06:25:48
19905318,,False,,0,,,,,,MINER'S MARK,0,0,0,,5,1.0,0,1,0,,,,,2020-09-15 06:25:48
19905338,,False,,0,,,,,,RICKY P.,0,0,0,,5,9.0,0,1,0,,,,,2020-09-15 06:25:48
19905358,,False,,0,,,,,,MAKIN,0,0,0,,5,1.0,0,1,0,,,,,2020-09-15 06:25:48
19905378,,False,,0,,,,,,KINGMAMBO,0,0,0,,5,1.0,0,1,0,,,,,2020-09-15 06:25:48
19905398,,False,,0,,,,,,MIGRATING MOON,0,0,0,,5,,0,1,0,,,,,2020-09-15 06:25:48
19905414,,False,,0,,,,,,MOUNTAIN CAT,0,0,0,,5,,0,1,0,,,,,2020-09-15 06:25:48
19905434,,False,,0,,,,,,COMPADRE,0,0,0,,5,,0,1,0,,,,,2020-09-15 06:25:48
19905550,,False,,0,,,,,,BLUSH RAMBLER,0,0,0,,5,,0,1,0,,,,,2020-09-15 06:25:48
19905590,,False,,0,,,,,,GOLD LEGEND,0,0,0,,5,,0,1,0,,,,,2021-05-17 07:13:54
19905616,,False,,0,,,,,,NOT FOR LOVE,0,0,0,,5,,0,1,0,,,,,2020-09-15 06:25:48
19905656,,False,,0,,,,,,FOXTRAIL,0,0,0,,5,8.0,0,1,0,,,,,2020-09-15 06:25:48
19905676,,False,,0,,,,,,ZIETEN,0,0,0,,5,,0,1,0,,,,,2022-10-15 16:55:27
19910215,,False,,0,,,,,,RIZZI,0,0,0,,5,1.0,0,1,0,,,,,2020-09-15 06:25:48
19910795,,False,,0,,,,,,MUTAKDDIM,0,0,0,,5,8.0,0,1,0,,,,,2020-09-15 06:25:48
19911550,,False,,0,,,,,,FIGARO,0,0,0,,5,1.0,0,1,0,,,,,2020-09-15 06:25:48
19913170,,False,,0,,,,,,END SWEEP,0,0,0,,5,1.0,0,1,0,,,,,2020-09-15 06:25:48
19914117,,False,,0,,,,,,ROYAL MINISTER,0,0,0,,5,8.0,0,1,0,,,,,2020-09-15 06:25:48
19914157,,False,,0,,,,,,MAHOGANY HALL,0,0,0,,5,8.0,0,1,0,,,,,2020-09-15 06:25:48
19914233,,False,,0,,,,,,WHITNEY TOWER,0,0,0,,5,8.0,0,1,0,,,,,2020-09-15 06:25:48
19914319,,False,,0,,,,,,STRODES CREEK,0,0,0,,5,1.0,0,1,0,,,,,2020-09-15 06:25:48
19914359,,False,,0,,,,,,VALIANT NATURE(US),0,0,0,,5,1.0,0,1,0,,,,,2020-09-15 06:25:48
19914399,,False,,0,,,,,,AL'S RIVER CAT,0,0,0,,5,1.0,0,1,0,,,,,2020-09-15 06:25:49
19914435,,False,,0,,,,,,UNACCOUNTED FOR,0,0,0,,5,1.0,0,1,0,,,,,2020-09-15 06:25:49
19914475,,False,,0,,,,,,DEHERE,0,0,0,,5,1.0,0,1,0,,,,,2020-09-15 06:25:49
19914511,,False,,0,,,,,,LAKE CONISTON,0,0,0,,5,1.0,0,1,0,,,,,2020-09-15 06:25:49
19914551,,False,,0,,,,,,IRGUN,0,0,0,,5,8.0,0,1,0,,,,,2020-09-15 06:25:49
19914591,,False,,0,,,,,,ALPHABET SOUP,0,0,0,,5,,0,1,0,,,,,2020-09-15 06:25:49
19914617,,False,,0,,,,,,PHOENIX DANCER,0,0,0,,5,8.0,0,1,0,,,,,2020-09-15 06:25:49
19914637,,False,,0,,,,,,VALIANT NATURE (US,0,0,0,,5,8.0,0,1,0,,,,,2020-09-15 06:25:49
19914677,,False,,0,,,,,,STAR OF MANILA,0,0,0,,5,1.0,0,1,0,,,,,2020-09-15 06:25:49
19914713,,False,,0,,,,,,GOLDEN GEAR,0,0,0,,5,1.0,0,1,0,,,,,2020-09-15 06:25:49
19914753,,False,,0,,,,,,OUR EMBLEM,0,0,0,,5,,0,1,0,,,,,2020-09-15 06:25:49
19914793,,False,,0,,,,,,BERRY PARKWAY,0,0,0,,5,1.0,0,1,0,,,,,2020-09-15 06:25:49
19914819,,False,,0,,,,,,GREEN MOGUL,0,0,0,,5,8.0,0,1,0,,,,,2020-09-15 06:25:49
19914839,,False,,0,,,,,,SIPHON,0,0,0,,5,1.0,0,1,0,,,,,2020-09-15 06:25:49
19914859,,False,,0,,,,,,BENCHMARK,0,0,0,,5,1.0,0,1,0,,,,,2020-09-15 06:25:49
19914879,,False,,0,,,,,,GO FOR GIN,0,0,0,,5,1.0,0,1,0,,,,,2020-09-15 06:25:49
19914899,,False,,0,,,,,,CONCERN,0,0,0,,5,1.0,0,1,0,,,,,2020-09-15 06:25:49
19914915,,False,,0,,,,,,DIXIE POWER,0,0,0,,5,,0,1,0,,,,,2020-09-15 06:25:49
19914955,,False,,0,,,,,,PATTON,0,0,0,,5,8.0,0,1,0,,,,,2020-09-15 06:25:49
19914975,,False,,0,,,,,,RIVER ARLY,0,0,0,,5,1.0,0,1,0,,,,,2020-09-15 06:25:49
19914995,,False,,0,,,,,,PRIME RATE POWERS,0,0,0,,5,8.0,0,1,0,,,,,2020-09-15 06:25:49
19915018,,False,,0,,,,,,ABAGINONE,0,0,0,,5,1.0,0,1,0,,,,,2020-09-15 06:25:49
19915038,,False,,0,,,,,,JUDGE T C,0,0,0,,5,,0,1,0,,,,,2020-09-15 06:25:49
19915058,,False,,0,,,,,,LITE THE FUSE,0,0,0,,5,1.0,0,1,0,,,,,2020-09-15 06:25:49
19915078,,False,,0,,,,,,MEADOW MONSTER,0,0,0,,5,1.0,0,1,0,,,,,2020-09-15 06:25:49
19915098,,False,,0,,,,,,MEADOW FLIGHT,0,0,0,,5,1.0,0,1,0,,,,,2020-09-15 06:25:49
19915114,,False,,0,,,,,,SERVICE STRIPE,0,0,0,,5,,0,1,0,,,,,2020-09-15 06:25:49
19915134,,False,,0,,,,,,SLEW GIN FIZZ,0,0,0,,5,9.0,0,1,0,,,,,2020-09-15 06:25:49
19915154,,False,,0,,,,,,MISTER BAILEYS,0,0,0,,5,1.0,0,1,0,,,,,2020-09-15 06:25:49
19915174,,False,,0,,,,,,WEKIVA SPRINGS,0,0,0,,5,9.0,0,1,0,,,,,2020-09-15 06:25:49
19915194,,False,,0,,,,,,SOUTHERN RHYTHM,0,0,0,,5,8.0,0,1,0,,,,,2020-09-15 06:25:49
19915210,,False,,0,,,,,,FOREST WILDCAT,0,0,0,,5,1.0,0,1,0,,,,,2020-09-15 06:25:49
19915230,,False,,0,,,,,,TABASCO CAT,0,0,0,,5,8.0,0,1,0,,,,,2020-09-15 06:25:49
19915250,,False,,0,,,,,,LUHUK,0,0,0,,5,8.0,0,1,0,,,,,2020-09-15 06:25:49
19915270,,False,,0,,,,,,EASTOVER COURT,0,0,0,,5,9.0,0,1,0,,,,,2020-09-15 06:25:49
19915316,,False,,0,,,,,,HOLY BULL,0,0,0,,5,9.0,0,1,0,,,,,2020-09-15 06:25:49
19915336,,False,,0,,,,,,DISTANT VIEW,0,0,0,,5,8.0,0,1,0,,,,,2020-09-15 06:25:49
19915356,,False,,0,,,,,,YOU AND I,0,0,0,,5,,0,1,0,,,,,2020-09-15 06:25:49
19915376,,False,,0,,,,,,HALO'S IMAGE,0,0,0,,5,,0,1,0,,,,,2020-09-15 06:25:49
19915396,,False,,0,,,,,,BROCCO,0,0,0,,5,8.0,0,1,0,,,,,2020-09-15 06:25:49
19915538,,False,,0,,,,,,GOODBYE DOENY,0,0,0,,5,,0,1,0,,,,,2022-10-15 16:55:27
19916111,,False,,0,,,,,,DARE AND GO,0,0,0,,5,1.0,0,1,0,,,,,2020-09-15 06:25:49
19916515,,False,,0,,,,,,OCEAN CREST,0,0,0,,5,,0,1,0,,,,,2020-09-15 06:25:49
19923794,,False,,0,,,,,,MAVERICK,0,0,0,,5,8.0,0,1,0,,,,,2020-09-15 06:25:49
19923830,,False,,0,,,,,,LAW OF THE SEA,0,0,0,,5,8.0,0,1,0,,,,,2020-09-15 06:25:49
19923916,,False,,0,,,,,,BOONE'S MILL,0,0,0,,5,8.0,0,1,0,,,,,2020-09-15 06:25:49
19923956,,False,,0,,,,,,MYSTERY STORM,0,0,0,,5,1.0,0,1,0,,,,,2020-09-15 06:25:49
19923996,,False,,0,,,,,,AMERIGO,0,0,0,,5,8.0,0,1,0,,,,,2020-09-15 06:25:49
19924019,,False,,0,,,,,,HAWK ATTACK,0,0,0,,5,1.0,0,1,0,,,,,2020-09-15 06:25:49
19924039,,False,,0,,,,,,GERI,0,0,0,,5,8.0,0,1,0,,,,,2020-09-15 06:25:49
19924059,,False,,0,,,,,,HAIL ORPHAN,0,0,0,,5,,0,1,0,,,,,2020-09-15 06:25:49
19924079,,False,,0,,,,,,SUPREMO,0,0,0,,5,1.0,0,1,0,,,,,2020-09-15 06:25:49
19924099,,False,,0,,,,,,NATIVE REGENT,0,0,0,,5,1.0,0,1,0,,,,,2020-09-15 06:25:49
19924115,,False,,0,,,,,,ANNOUNCE,0,0,0,,5,8.0,0,1,0,,,,,2020-09-15 06:25:49
19924135,,False,,0,,,,,,STRUGGLER,0,0,0,,5,8.0,0,1,0,,,,,2020-09-15 06:25:49
19924175,,False,,0,,,,,,JAMBALAYA JAZZ,0,0,0,,5,8.0,0,1,0,,,,,2020-09-15 06:25:49
19924195,,False,,0,,,,,,SWAIN,0,0,0,,5,1.0,0,1,0,,,,,2020-09-15 06:25:49
19924211,,False,,0,,,,,,LABEEB (GB),0,0,0,,5,1.0,0,1,0,,,,,2020-09-15 06:25:49
19924231,,False,,0,,,,,,KIRIDASHI,0,0,0,,5,1.0,0,1,0,,,,,2020-09-15 06:25:49
19924251,,False,,0,,,,,,THUNDER GULCH,0,0,0,,5,8.0,0,1,0,,,,,2020-09-15 06:25:49
19924271,,False,,0,,,,,,WESTERN ECHO,0,0,0,,5,8.0,0,1,0,,,,,2020-09-15 06:25:49
19924291,,False,,0,,,,,,TOP ACCOUNT,0,0,0,,5,,0,1,0,,,,,2020-09-15 06:25:49
19924317,,False,,0,,,,,,DANJUR,0,0,0,,5,,0,1,0,,,,,2020-09-15 06:25:49
19924337,,False,,0,,,,,,COZY DRIVE,0,0,0,,5,,0,1,0,,,,,2020-09-15 06:25:49
19924357,,False,,0,,,,,,PYRAMID PEAK,0,0,0,,5,8.0,0,1,0,,,,,2020-09-15 06:25:49
19924377,,False,,0,,,,,,TORY HOLE,0,0,0,,5,1.0,0,1,0,,,,,2020-09-15 06:25:49
19924397,,False,,0,,,,,,DE NIRO,0,0,0,,5,,0,1,0,,,,,2020-09-15 06:25:49
19924413,,False,,0,,,,,,PEAKS AND VALLEYS,0,0,0,,5,,0,1,0,,,,,2020-09-15 06:25:49
19924433,,False,,0,,,,,,DEFRERE,0,0,0,,5,,0,1,0,,,,,2020-09-15 06:25:49
19924453,,False,,0,,,,,,MECKE,0,0,0,,5,1.0,0,1,0,,,,,2020-09-15 06:25:49
19924473,,False,,0,,,,,,MIESQUES SON,0,0,0,,5,,0,1,0,,,,,2020-09-15 06:25:49
19924493,,False,,0,,,,,,MR. GREELEY,0,0,0,,5,8.0,0,1,0,,,,,2020-09-15 06:25:49
19924519,,False,,0,,,,,,PRIVATE INTERVIEW,0,0,0,,5,1.0,0,1,0,,,,,2020-09-15 06:25:49
19924539,,False,,0,,,,,,LANGFUHR,0,0,0,,5,1.0,0,1,0,,,,,2020-09-15 06:25:49
19924599,,False,,0,,,,,,REALITY ROAD,0,0,0,,5,,0,1,0,,,,,2020-09-15 06:25:49
19924615,,False,,0,,,,,,HUNTING HARD,0,0,0,,5,1.0,0,1,0,,,,,2020-09-15 06:25:49
19924635,,False,,0,,,,,,PETIONVILLE,0,0,0,,5,,0,1,0,,,,,2020-09-15 06:25:49
19924675,,False,,0,,,,,,ELTISH,0,0,0,,5,1.0,0,1,0,,,,,2020-09-15 06:25:49
19924711,,False,,0,,,,,,AFTERNOON DEELITES,0,0,0,,5,,0,1,0,,,,,2020-09-15 06:25:49
19924731,,False,,0,,,,,,POLES APART,0,0,0,,5,1.0,0,1,0,,,,,2020-09-15 06:25:49
19924751,,False,,0,,,,,,ORMSBY,0,0,0,,5,8.0,0,1,0,,,,,2020-09-15 06:25:49
19924771,,False,,0,,,,,,HELMSMAN,0,0,0,,5,1.0,0,1,0,,,,,2020-09-15 06:25:49
19924837,,False,,0,,,,,,PROSPECT BAY,0,0,0,,5,,0,1,0,,,,,2020-09-15 06:25:49
19924857,,False,,0,,,,,,SMART STRIKE,0,0,0,,5,,0,1,0,,,,,2021-05-17 07:13:55
19924993,,False,,0,,,,,,PAT N JAC,0,0,0,,5,1.0,0,1,0,,,,,2020-09-15 06:25:49
19930837,,False,,0,,,,,,KAMMTARRA,0,0,0,,5,8.0,0,1,0,,,,,2020-09-15 06:25:49
19931192,,False,,0,,,,,,NATURAL SELECTION,0,0,0,,5,,0,1,0,,,,,2020-09-15 06:25:49
19931576,,False,,0,,,,,,LUCKY EMISSARY,0,0,0,,5,,0,1,0,,,,,2020-09-15 06:25:49
19932331,,False,,0,,,,,,J P HAMER,0,0,0,,5,1.0,0,1,0,,,,,2020-09-15 06:25:49
19932775,,False,,0,,,,,,IBN BATTUTA,0,0,0,,5,1.0,0,1,0,,,,,2020-09-15 06:25:49
19933212,,False,,0,,,,,,WOODMAN'S IMAGE,0,0,0,,5,8.0,0,1,0,,,,,2020-09-15 06:25:49
19933510,,False,,0,,,,,,WESTERN CAT,0,0,0,,5,8.0,0,1,0,,,,,2020-09-15 06:25:49
19933914,,False,,0,,,,,,EDITOR'S NOTE,0,0,0,,5,8.0,0,1,0,,,,,2020-09-15 06:25:49
19933994,,False,,0,,,,,,AMERICA'S PAL,0,0,0,,5,9.0,0,1,0,,,,,2020-09-15 06:25:49
19934057,,False,,0,,,,,,CAT'S CAREER,0,0,0,,5,1.0,0,1,0,,,,,2020-09-15 06:25:49
19934097,,False,,0,,,,,,DILIGENCE,0,0,0,,5,9.0,0,1,0,,,,,2020-09-15 06:25:49
19934113,,False,,0,,,,,,FORMAL GOLD,0,0,0,,5,,0,1,0,,,,,2020-09-15 06:25:49
19934153,,False,,0,,,,,,PIONEERING,0,0,0,,5,8.0,0,1,0,,,,,2020-09-15 06:25:49
19934173,,False,,0,,,,,,ROAR (USA),0,0,0,,5,1.0,0,1,0,,,,,2020-09-15 06:25:49
19934193,,False,,0,,,,,,CRAFTY FRIEND,0,0,0,,5,8.0,0,1,0,,,,,2020-09-15 06:25:49
19934219,,False,,0,,,,,,LOUIS QUATORZE,0,0,0,,5,1.0,0,1,0,,,,,2020-09-15 06:25:49
19934239,,False,,0,,,,,,APPEALING SKIER,0,0,0,,5,1.0,0,1,0,,,,,2020-09-15 06:25:49
19934259,,False,,0,,,,,,BYARS,0,0,0,,5,8.0,0,1,0,,,,,2020-09-15 06:25:49
19934279,,False,,0,,,,,,WILD EVENT(USA),0,0,0,,5,1.0,0,1,0,,,,,2020-09-15 06:25:49
19934299,,False,,0,,,,,,MASTER BILL,0,0,0,,5,8.0,0,1,0,,,,,2020-09-15 06:25:49
19934315,,False,,0,,,,,,LUCKY LIONEL,0,0,0,,5,8.0,0,1,0,,,,,2020-09-15 06:25:49
19934335,,False,,0,,,,,,WORLD STAGE,0,0,0,,5,1.0,0,1,0,,,,,2020-09-15 06:25:49
19934375,,False,,0,,,,,,HONOUR AND GLORY,0,0,0,,5,,0,1,0,,,,,2020-09-15 06:25:49
19934395,,False,,0,,,,,,DISTORTED HUMOR,0,0,0,,5,8.0,0,1,0,,,,,2020-09-15 06:25:49
19934411,,False,,0,,,,,,ZERO IN TO WIN,0,0,0,,5,1.0,0,1,0,,,,,2020-09-15 06:25:49
19934431,,False,,0,,,,,,HESABULL,0,0,0,,5,1.0,0,1,0,,,,,2020-09-15 06:25:49
19934451,,False,,0,,,,,,WAVE TO SEATTLE,0,0,0,,5,1.0,0,1,0,,,,,2020-09-15 06:25:49
19934471,,False,,0,,,,,,NORTHERN AFLEET,0,0,0,,5,1.0,0,1,0,,,,,2020-09-15 06:25:49
19934491,,False,,0,,,,,,UNBRIDLED'S SONG,0,0,0,,5,9.0,0,1,0,,,,,2020-09-15 06:25:49
19934517,,False,,0,,,,,,DR. CATON,0,0,0,,5,1.0,0,1,0,,,,,2020-09-15 06:25:49
19934537,,False,,0,,,,,,R. COOPER,0,0,0,,5,,0,1,0,,,,,2020-09-15 06:25:49
19934557,,False,,0,,,,,,STORM CREEK,0,0,0,,5,,0,1,0,,,,,2020-09-15 06:25:49
19934597,,False,,0,,,,,,MARIA'S MON,0,0,0,,5,9.0,0,1,0,,,,,2020-09-15 06:25:49
19934613,,False,,0,,,,,,SPINNING WORLD,0,0,0,,5,8.0,0,1,0,,,,,2020-09-15 06:25:49
19934633,,False,,0,,,,,,GOLD TOKEN,0,0,0,,5,1.0,0,1,0,,,,,2020-09-15 06:25:49
19934653,,False,,0,,,,,,STAR OF VALOR,0,0,0,,5,8.0,0,1,0,,,,,2020-09-15 06:25:49
19934673,,False,,0,,,,,,GOLDMINERS GOLD,0,0,0,,5,8.0,0,1,0,,,,,2020-09-15 06:25:49
19934693,,False,,0,,,,,,MATTY G,0,0,0,,5,,0,1,0,,,,,2020-09-15 06:25:49
19934719,,False,,0,,,,,,GOLD FEVER,0,0,0,,5,8.0,0,1,0,,,,,2020-09-15 06:25:49
19934739,,False,,0,,,,,,VALID EXPECTATIONS,0,0,0,,5,1.0,0,1,0,,,,,2020-09-15 06:25:49
19934759,,False,,0,,,,,,FRUITION,0,0,0,,5,8.0,0,1,0,,,,,2020-09-15 06:25:49
19934779,,False,,0,,,,,,FOOTLOOSE II,0,0,0,,5,8.0,0,1,0,,,,,2020-09-15 06:25:49
19934799,,False,,0,,,,,,SIR CAT (USA),0,0,0,,5,,0,1,0,,,,,2020-09-15 06:25:49
19934815,,False,,0,,,,,,LEFT BANKER,0,0,0,,5,8.0,0,1,0,,,,,2020-09-15 06:25:49
19934835,,False,,0,,,,,,ELUSIVE QUALITY,0,0,0,,5,,0,1,0,,,,,2021-05-17 07:13:55
19934855,,False,,0,,,,,,GRINDSTONE,0,0,0,,5,,0,1,0,,,,,2020-09-15 06:25:49
19934875,,False,,0,,,,,,HENNESSY,0,0,0,,5,8.0,0,1,0,,,,,2020-09-15 06:25:49
19934895,,False,,0,,,,,,BRIGHT LAUNCH,0,0,0,,5,1.0,0,1,0,,,,,2020-09-15 06:25:49
19934971,,False,,0,,,,,,SKIP AWAY,0,0,0,,5,,0,1,0,,,,,2020-09-15 06:25:49
19934991,,False,,0,,,,,,IDE,0,0,0,,5,,0,1,0,,,,,2021-05-17 07:13:55
19942733,,False,,0,,,,,,LATIN CHARM,0,0,0,,5,,0,1,0,,,,,2020-09-15 06:25:49
19943078,,False,,0,,,,,,TOUGH CALL,0,0,0,,5,1.0,0,1,0,,,,,2020-09-15 06:25:49
19943194,,False,,0,,,,,,SILVER MOON,0,0,0,,5,9.0,0,1,0,,,,,2020-09-15 06:25:49
19943316,,False,,0,,,,,,CAPTAIN BODGIT,0,0,0,,5,,0,1,0,,,,,2020-09-15 06:25:49
19943432,,False,,0,,,,,,DEPUTY COMMANDER,0,0,0,,5,,0,1,0,,,,,2020-09-15 06:25:49
19943472,,False,,0,,,,,,ACCELERATOR,0,0,0,,5,,0,1,0,,,,,2020-09-15 06:25:49
19943492,,False,,0,,,,,,THE SILVER MOVE,0,0,0,,5,,0,1,0,,,,,2020-09-15 06:25:49
19943518,,False,,0,,,,,,CONCERTO (USA),0,0,0,,5,8.0,0,1,0,,,,,2020-09-15 06:25:49
19943598,,False,,0,,,,,,ANET,0,0,0,,5,,0,1,0,,,,,2020-09-15 06:25:49
19943634,,False,,0,,,,,,OUTFLANKER,0,0,0,,5,,0,1,0,,,,,2020-09-15 06:25:49
19943674,,False,,0,,,,,,BANKER'S GOLD,0,0,0,,5,8.0,0,1,0,,,,,2020-09-15 06:25:49
19943694,,False,,0,,,,,,SILVER CHARM,0,0,0,,5,9.0,0,1,0,,,,,2020-09-15 06:25:49
19943710,,False,,0,,,,,,CATEGORY,0,0,0,,5,1.0,0,1,0,,,,,2020-09-15 06:25:49
19943730,,False,,0,,,,,,STORMY ATLANTIC,0,0,0,,5,,0,1,0,,,,,2020-09-15 06:25:49
19943750,,False,,0,,,,,,QUARRY,0,0,0,,5,1.0,0,1,0,,,,,2020-09-15 06:25:49
19943790,,False,,0,,,,,,HOLLYCOMBE,0,0,0,,5,1.0,0,1,0,,,,,2020-09-15 06:25:49
19943816,,False,,0,,,,,,DEVONGATE,0,0,0,,5,1.0,0,1,0,,,,,2020-09-15 06:25:49
19943836,,False,,0,,,,,,BRAVE BULL,0,0,0,,5,8.0,0,1,0,,,,,2020-09-15 06:25:49
19943856,,False,,0,,,,,,GOLD TRIBUTE,0,0,0,,5,1.0,0,1,0,,,,,2020-09-15 06:25:49
19943876,,False,,0,,,,,,PRECOCITY (USA),0,0,0,,5,1.0,0,1,0,,,,,2020-09-15 06:25:49
19943896,,False,,0,,,,,,RUNNING STAG,0,0,0,,5,1.0,0,1,0,,,,,2020-09-15 06:25:49
19943912,,False,,0,,,,,,WILD WONDER,0,0,0,,5,9.0,0,1,0,,,,,2020-09-15 06:25:49
19943932,,False,,0,,,,,,SMOKE GLACKEN,0,0,0,,5,9.0,0,1,0,,,,,2020-09-15 06:25:49
19943972,,False,,0,,,,,,TOUCH GOLD,0,0,0,,5,1.0,0,1,0,,,,,2020-09-15 06:25:49
19943992,,False,,0,,,,,,ATAKI,0,0,0,,5,1.0,0,1,0,,,,,2020-09-15 06:25:49
19944015,,False,,0,,,,,,ORDWAY,0,0,0,,5,,0,1,0,,,,,2020-09-15 06:25:49
19944035,,False,,0,,,,,,CRYPTO STAR,0,0,0,,5,,0,1,0,,,,,2020-09-15 06:25:49
19944055,,False,,0,,,,,,WILD RUSH,0,0,0,,5,1.0,0,1,0,,,,,2020-09-15 06:25:49
19944075,,False,,0,,,,,,BENNY THE DIP,0,0,0,,5,,0,1,0,,,,,2020-09-15 06:25:49
19944095,,False,,0,,,,,,RANDY REGENT,0,0,0,,5,1.0,0,1,0,,,,,2020-09-15 06:25:49
19944111,,False,,0,,,,,,FAMILY CALLING,0,0,0,,5,1.0,0,1,0,,,,,2020-09-15 06:25:49
19944131,,False,,0,,,,,,PARTNER'S HERO,0,0,0,,5,,0,1,0,,,,,2020-09-15 06:25:49
19944151,,False,,0,,,,,,DESERT KING,0,0,0,,5,1.0,0,1,0,,,,,2020-09-15 06:25:49
19944171,,False,,0,,,,,,GOLD CASE,0,0,0,,5,8.0,0,1,0,,,,,2020-09-15 06:25:49
19944191,,False,,0,,,,,,AWESOME AGAIN,0,0,0,,5,1.0,0,1,0,,,,,2020-09-15 06:25:49
19944217,,False,,0,,,,,,SAY FLORIDA SANDY,0,0,0,,5,,0,1,0,,,,,2020-09-15 06:25:49
19944237,,False,,0,,,,,,TALE OF THE CAT,0,0,0,,5,,0,1,0,,,,,2020-09-15 06:25:49
19944257,,False,,0,,,,,,STORMIN FEVER,0,0,0,,5,,0,1,0,,,,,2020-09-15 06:25:49
19944277,,False,,0,,,,,,PULPIT,0,0,0,,5,1.0,0,1,0,,,,,2020-09-15 06:25:49
19951032,,False,,0,,,,,,IRISH QUEST,0,0,0,,5,8.0,0,1,0,,,,,2020-09-15 06:25:49
19951234,,False,,0,,,,,,FOREST FRESH,0,0,0,,5,8.0,0,1,0,,,,,2020-09-15 06:25:49
19953470,,False,,0,,,,,,HOLE IN THE WIND,0,0,0,,5,9.0,0,1,0,,,,,2020-09-15 06:25:49
19953516,,False,,0,,,,,,EXOTIC LEADER,0,0,0,,5,,0,1,0,,,,,2020-09-15 06:25:49
19953672,,False,,0,,,,,,NOBLE CAT,0,0,0,,5,1.0,0,1,0,,,,,2020-09-15 06:25:49
19953758,,False,,0,,,,,,ALIAS MR GLITZ,0,0,0,,5,1.0,0,1,0,,,,,2020-09-15 06:25:49
19953834,,False,,0,,,,,,PANGUR BAN,0,0,0,,5,,0,1,0,,,,,2020-09-15 06:25:49
19953910,,False,,0,,,,,,KING OF KINGS(IRE),0,0,0,,5,1.0,0,1,0,,,,,2020-09-15 06:25:49
19953990,,False,,0,,,,,,LIL'S LAD,0,0,0,,5,8.0,0,1,0,,,,,2020-09-15 06:25:49
19954033,,False,,0,,,,,,TOMORROWS CAT,0,0,0,,5,,0,1,0,,,,,2020-09-15 06:25:49
19954053,,False,,0,,,,,,TRACKING,0,0,0,,5,8.0,0,1,0,,,,,2020-09-15 06:25:49
19954073,,False,,0,,,,,,SWEETSOUTHERNSAINT,0,0,0,,5,8.0,0,1,0,,,,,2020-09-15 06:25:49
19954093,,False,,0,,,,,,CHRISTMAS STORM,0,0,0,,5,1.0,0,1,0,,,,,2020-09-15 06:25:49
19954119,,False,,0,,,,,,YARROW BRAE,0,0,0,,5,8.0,0,1,0,,,,,2020-09-15 06:25:49
19954139,,False,,0,,,,,,VICTORY GALLOP,0,0,0,,5,1.0,0,1,0,,,,,2020-09-15 06:25:49
19954159,,False,,0,,,,,,ARCH,0,0,0,,5,,0,1,0,,,,,2020-09-15 06:25:49
19954179,,False,,0,,,,,,REAL QUIET,0,0,0,,5,1.0,0,1,0,,,,,2020-09-15 06:25:49
19954199,,False,,0,,,,,,HORSE CHESTNUT,0,0,0,,5,8.0,0,1,0,,,,,2020-09-15 06:25:49
19954215,,False,,0,,,,,,SEATTLE PATTERN,0,0,0,,5,,0,1,0,,,,,2020-09-15 06:25:49
19954235,,False,,0,,,,,,MAZEL TRICK,0,0,0,,5,8.0,0,1,0,,,,,2020-09-15 06:25:49
19954255,,False,,0,,,,,,RAFFIE'S MAJESTY,0,0,0,,5,,0,1,0,,,,,2020-09-15 06:25:49
19954275,,False,,0,,,,,,ADCAT,0,0,0,,5,8.0,0,1,0,,,,,2020-09-15 06:25:49
19954295,,False,,0,,,,,,ARCHERS BAY,0,0,0,,5,1.0,0,1,0,,,,,2020-09-15 06:25:49
19954311,,False,,0,,,,,,CORONADO'S QUEST,0,0,0,,5,8.0,0,1,0,,,,,2020-09-15 06:25:49
19954331,,False,,0,,,,,,WISED UP,0,0,0,,5,1.0,0,1,0,,,,,2020-09-15 06:25:49
19954351,,False,,0,,,,,,DOUBLE HONOR,0,0,0,,5,,0,1,0,,,,,2020-09-15 06:25:49
19954391,,False,,0,,,,,,WEST ACRE,0,0,0,,5,1.0,0,1,0,,,,,2020-09-15 06:25:49
19954417,,False,,0,,,,,,GOLDEN MISSILE,0,0,0,,5,8.0,0,1,0,,,,,2020-09-15 06:25:49
19954437,,False,,0,,,,,,ROCK AND ROLL,0,0,0,,5,8.0,0,1,0,,,,,2020-09-15 06:25:49
19954457,,False,,0,,,,,,GRAND SLAM,0,0,0,,5,,0,1,0,,,,,2020-09-15 06:25:49
19954477,,False,,0,,,,,,SOUVENIR COPY,0,0,0,,5,,0,1,0,,,,,2020-09-15 06:25:49
19954497,,False,,0,,,,,,CAPE TOWN,0,0,0,,5,,0,1,0,,,,,2020-09-15 06:25:49
19954533,,False,,0,,,,,,GOOD AND TOUGH,0,0,0,,5,1.0,0,1,0,,,,,2020-09-15 06:25:49
19954573,,False,,0,,,,,,DANCE BRIGHTLY,0,0,0,,5,,0,1,0,,,,,2020-09-15 06:25:49
19954593,,False,,0,,,,,,ONE WAY LOVE,0,0,0,,5,,0,1,0,,,,,2020-09-15 06:25:49
19954639,,False,,0,,,,,,INDIAN CHARLIE,0,0,0,,5,,0,1,0,,,,,2020-09-15 06:25:49
19954715,,False,,0,,,,,,HALORY HUNTER,0,0,0,,5,,0,1,0,,,,,2022-10-15 16:55:27
19954735,,False,,0,,,,,,CHESTER HOUSE,0,0,0,,5,,0,1,0,,,,,2021-05-17 07:13:55
19960053,,False,,0,,,,,,KUMAR SANU,0,0,0,,5,1.0,0,1,0,,,,,2020-09-15 06:25:49
19960159,,False,,0,,,,,,REBELLIOUS LION,0,0,0,,5,1.0,0,1,0,,,,,2020-09-15 06:25:49
19960311,,False,,0,,,,,,STORM JUMPER,0,0,0,,5,1.0,0,1,0,,,,,2020-09-15 06:25:49
19960371,,False,,0,,,,,,ELVIS,0,0,0,,5,1.0,0,1,0,,,,,2020-09-15 06:25:49
19960391,,False,,0,,,,,,SIR MOHANDAS BABA,0,0,0,,5,1.0,0,1,0,,,,,2020-09-15 06:25:49
19960457,,False,,0,,,,,,WHISTLING DIXIE,0,0,0,,5,1.0,0,1,0,,,,,2020-09-15 06:25:49
19960477,,False,,0,,,,,,COXSWAIN,0,0,0,,5,8.0,0,1,0,,,,,2020-09-15 06:25:49
19960831,,False,,0,,,,,,RESTLESS RENEGADE,0,0,0,,5,8.0,0,1,0,,,,,2020-09-15 06:25:49
19960997,,False,,0,,,,,,SLEW OF DIAMOND,0,0,0,,5,1.0,0,1,0,,,,,2020-09-15 06:25:49
19961212,,False,,0,,,,,,MASTER ANDREW,0,0,0,,5,8.0,0,1,0,,,,,2020-09-15 06:25:49
19961434,,False,,0,,,,,,WAVE RUNNER,0,0,0,,5,1.0,0,1,0,,,,,2020-09-15 06:25:49
19961616,,False,,0,,,,,,WORD OF HONOUR,0,0,0,,5,1.0,0,1,0,,,,,2020-09-15 06:25:49
19961712,,False,,0,,,,,,ZIDANE'S SON,0,0,0,,5,1.0,0,1,0,,,,,2020-09-15 06:25:49
19961818,,False,,0,,,,,,SWEETMANINTHONG,0,0,0,,5,1.0,0,1,0,,,,,2020-09-15 06:25:49
19962279,,False,,0,,,,,,SCHEMATIC,0,0,0,,5,8.0,0,1,0,,,,,2020-09-15 06:25:49
19962835,,False,,0,,,,,,RUFFLE,0,0,0,,5,8.0,0,1,0,,,,,2020-09-15 06:25:49
19962911,,False,,0,,,,,,CLOSETOTHEHEART,0,0,0,,5,1.0,0,1,0,,,,,2020-09-15 06:25:49
19963094,,False,,0,,,,,,JIVE TALK,0,0,0,,5,1.0,0,1,0,,,,,2020-09-15 06:25:49
19963296,,False,,0,,,,,,FORTYSECONDSTREET,0,0,0,,5,8.0,0,1,0,,,,,2020-09-15 06:25:49
19963574,,False,,0,,,,,,DEPUTY'S REPORT,0,0,0,,5,1.0,0,1,0,,,,,2020-09-15 06:25:49
19963610,,False,,0,,,,,,TITANIC MAN,0,0,0,,5,1.0,0,1,0,,,,,2020-09-15 06:25:49
19963630,,False,,0,,,,,,DODI,0,0,0,,5,1.0,0,1,0,,,,,2020-09-15 06:25:49
19963832,,False,,0,,,,,,SNOWRICO PROSPECT,0,0,0,,5,8.0,0,1,0,,,,,2020-09-15 06:25:49
19963852,,False,,0,,,,,,REVIEWING,0,0,0,,5,8.0,0,1,0,,,,,2020-09-15 06:25:49
19963892,,False,,0,,,,,,ALISIOS,0,0,0,,5,1.0,0,1,0,,,,,2020-09-15 06:25:49
19963918,,False,,0,,,,,,GHOST RANSOM,0,0,0,,5,,0,1,0,,,,,2020-09-15 06:25:49
19963958,,False,,0,,,,,,SAILOR'S WARNING,0,0,0,,5,1.0,0,1,0,,,,,2020-09-15 06:25:49
19963978,,False,,0,,,,,,ALJABR,0,0,0,,5,9.0,0,1,0,,,,,2020-09-15 06:25:49
19963998,,False,,0,,,,,,DONERAILE COURT,0,0,0,,5,,0,1,0,,,,,2020-09-15 06:25:49
19964011,,False,,0,,,,,,LION HEARTED(USA),0,0,0,,5,,0,1,0,,,,,2020-09-15 06:25:49
19964031,,False,,0,,,,,,FRENCH ENVOY,0,0,0,,5,,0,1,0,,,,,2020-09-15 06:25:49
19964051,,False,,0,,,,,,WIND WHIPPER,0,0,0,,5,,0,1,0,,,,,2020-09-15 06:25:49
19964091,,False,,0,,,,,,BURNING MARQUE,0,0,0,,5,8.0,0,1,0,,,,,2020-09-15 06:25:49
19964117,,False,,0,,,,,,KERRYGOLD,0,0,0,,5,8.0,0,1,0,,,,,2020-09-15 06:25:49
19964137,,False,,0,,,,,,SUCCESSFUL APPEAL,0,0,0,,5,,0,1,0,,,,,2020-09-15 06:25:49
19964157,,False,,0,,,,,,PRIME TIMBER,0,0,0,,5,,0,1,0,,,,,2020-09-15 06:25:49
19964177,,False,,0,,,,,,ARRESTED,0,0,0,,5,,0,1,0,,,,,2020-09-15 06:25:49
19964197,,False,,0,,,,,,QUAKER RIDGE,0,0,0,,5,8.0,0,1,0,,,,,2020-09-15 06:25:49
19964233,,False,,0,,,,,,VICAR,0,0,0,,5,,0,1,0,,,,,2020-09-15 06:25:49
19964253,,False,,0,,,,,,TIME BANDIT,0,0,0,,5,8.0,0,1,0,,,,,2020-09-15 06:25:49
19964273,,False,,0,,,,,,TEXAS GLITTER,0,0,0,,5,1.0,0,1,0,,,,,2020-09-15 06:25:49
19964293,,False,,0,,,,,,DELAWARE TOWNSHIP,0,0,0,,5,8.0,0,1,0,,,,,2020-09-15 06:25:49
19964319,,False,,0,,,,,,YES IT'S TRUE,0,0,0,,5,1.0,0,1,0,,,,,2020-09-15 06:25:49
19964339,,False,,0,,,,,,CAT THIEF,0,0,0,,5,8.0,0,1,0,,,,,2020-09-15 06:25:49
19964359,,False,,0,,,,,,CARRY MY COLORS,0,0,0,,5,8.0,0,1,0,,,,,2020-09-15 06:25:49
19964379,,False,,0,,,,,,WESTERN EXPRESSION,0,0,0,,5,,0,1,0,,,,,2020-09-15 06:25:49
19964399,,False,,0,,,,,,SASHA'S PROSPECT,0,0,0,,5,9.0,0,1,0,,,,,2020-09-15 06:25:49
19964415,,False,,0,,,,,,TACTICAL CAT,0,0,0,,5,9.0,0,1,0,,,,,2020-09-15 06:25:49
19964435,,False,,0,,,,,,SKIMMING,0,0,0,,5,1.0,0,1,0,,,,,2020-09-15 06:25:49
19964455,,False,,0,,,,,,TIGER RIDGE,0,0,0,,5,,0,1,0,,,,,2020-09-15 06:25:49
19964495,,False,,0,,,,,,REPARATIONS,0,0,0,,5,8.0,0,1,0,,,,,2020-09-15 06:25:49
19964551,,False,,0,,,,,,LEMON DROP KID,0,0,0,,5,1.0,0,1,0,,,,,2020-09-15 06:25:49
19964571,,False,,0,,,,,,FORESTRY,0,0,0,,5,1.0,0,1,0,,,,,2020-09-15 06:25:49
19964591,,False,,0,,,,,,KIPLING,0,0,0,,5,,0,1,0,,,,,2020-09-15 06:25:49
19964617,,False,,0,,,,,,VISION AND VERSE,0,0,0,,5,1.0,0,1,0,,,,,2020-09-15 06:25:49
19964697,,False,,0,,,,,,STRAIGHT MAN,0,0,0,,5,,0,1,0,,,,,2020-09-15 06:25:49
19964713,,False,,0,,,,,,INDIAN LODGE,0,0,0,,5,,0,1,0,,,,,2020-09-15 06:25:49
19965992,,False,,0,,,,,,SIR RODWELL,0,0,0,,5,1.0,0,1,0,,,,,2020-09-15 06:25:49
19970197,,False,,0,,,,,,CURRENT MAN,0,0,0,,5,1.0,0,1,0,,,,,2020-09-15 06:25:49
19970571,,False,,0,,,,,,TWENTYSIXTWO,0,0,0,,5,1.0,0,1,0,,,,,2020-09-15 06:25:49
19970733,,False,,0,,,,,,STACKA,0,0,0,,5,8.0,0,1,0,,,,,2020-09-15 06:25:49
19970773,,False,,0,,,,,,DIONYSIUS,0,0,0,,5,8.0,0,1,0,,,,,2020-09-15 06:25:49
19970955,,False,,0,,,,,,NUTTY PROFESSOR,0,0,0,,5,8.0,0,1,0,,,,,2020-09-15 06:25:49
19971598,,False,,0,,,,,,THE BARBARIAN,0,0,0,,5,1.0,0,1,0,,,,,2020-09-15 06:25:49
19971694,,False,,0,,,,,,ALL IN THE GAME,0,0,0,,5,8.0,0,1,0,,,,,2020-09-15 06:25:49
19971816,,False,,0,,,,,,CHAUVINIST,0,0,0,,5,1.0,0,1,0,,,,,2020-09-15 06:25:49
19971912,,False,,0,,,,,,DR. DREAD,0,0,0,,5,1.0,0,1,0,,,,,2020-09-15 06:25:49
19972131,,False,,0,,,,,,TRIAL BY JURY,0,0,0,,5,1.0,0,1,0,,,,,2020-09-15 06:25:49
19972873,,False,,0,,,,,,FRENCH FLAVOR,0,0,0,,5,1.0,0,1,0,,,,,2020-09-15 06:25:49
19972999,,False,,0,,,,,,JUDGEMENT TIME,0,0,0,,5,1.0,0,1,0,,,,,2020-09-15 06:25:49
19973032,,False,,0,,,,,,PHYSICS BOOK,0,0,0,,5,1.0,0,1,0,,,,,2020-09-15 06:25:49
19973254,,False,,0,,,,,,SWEPT TO VICTORY,0,0,0,,5,,0,1,0,,,,,2020-09-15 06:25:49
19973294,,False,,0,,,,,,MARKET RALLY,0,0,0,,5,8.0,0,1,0,,,,,2020-09-15 06:25:49
19973310,,False,,0,,,,,,OUTRIGGER,0,0,0,,5,,0,1,0,,,,,2020-09-15 06:25:49
19973330,,False,,0,,,,,,CHIEF SEATTLE,0,0,0,,5,1.0,0,1,0,,,,,2020-09-15 06:25:49
19973390,,False,,0,,,,,,SPACELINK,0,0,0,,5,8.0,0,1,0,,,,,2020-09-15 06:25:49
19973416,,False,,0,,,,,,HE'STHEREALTHING,0,0,0,,5,9.0,0,1,0,,,,,2020-09-15 06:25:49
19973436,,False,,0,,,,,,BERNSTEIN,0,0,0,,5,1.0,0,1,0,,,,,2020-09-15 06:25:49
19973456,,False,,0,,,,,,IMAGE MAKER,0,0,0,,5,1.0,0,1,0,,,,,2020-09-15 06:25:49
19973476,,False,,0,,,,,,WEEKEND CRUISE,0,0,0,,5,8.0,0,1,0,,,,,2020-09-15 06:25:49
19973496,,False,,0,,,,,,SNUCK IN,0,0,0,,5,1.0,0,1,0,,,,,2020-09-15 06:25:49
19973512,,False,,0,,,,,,TIZNOW,0,0,0,,5,1.0,0,1,0,,,,,2020-09-15 06:25:49
19973532,,False,,0,,,,,,SKIPPING,0,0,0,,5,1.0,0,1,0,,,,,2020-09-15 06:25:49
19973552,,False,,0,,,,,,CLOUD HOPPING,0,0,0,,5,8.0,0,1,0,,,,,2020-09-15 06:25:49
19973572,,False,,0,,,,,,PRECISE END,0,0,0,,5,8.0,0,1,0,,,,,2020-09-15 06:25:49
19973592,,False,,0,,,,,,B L'S APPEAL,0,0,0,,5,1.0,0,1,0,,,,,2020-09-15 06:25:49
19973618,,False,,0,,,,,,WHEELAWAY,0,0,0,,5,9.0,0,1,0,,,,,2020-09-15 06:25:49
19973638,,False,,0,,,,,,BRAHMS,0,0,0,,5,,0,1,0,,,,,2020-09-15 06:25:49
19973658,,False,,0,,,,,,FAPPIE'S NOTEBOOK,0,0,0,,5,8.0,0,1,0,,,,,2020-09-15 06:25:49
19973678,,False,,0,,,,,,TRIPPI,0,0,0,,5,1.0,0,1,0,,,,,2020-09-15 06:25:49
19973698,,False,,0,,,,,,THREE WONDERS,0,0,0,,5,1.0,0,1,0,,,,,2020-09-15 06:25:49
19973714,,False,,0,,,,,,NO ARMISTICE,0,0,0,,5,1.0,0,1,0,,,,,2020-09-15 06:25:49
19973734,,False,,0,,,,,,MAX'S PAL,0,0,0,,5,8.0,0,1,0,,,,,2020-09-15 06:25:49
19973754,,False,,0,,,,,,GULF STORM,0,0,0,,5,,0,1,0,,,,,2020-09-15 06:25:49
19973774,,False,,0,,,,,,HIGH YIELD,0,0,0,,5,8.0,0,1,0,,,,,2020-09-15 06:25:49
19973794,,False,,0,,,,,,DANCE MASTER,0,0,0,,5,8.0,0,1,0,,,,,2020-09-15 06:25:49
19973810,,False,,0,,,,,,TWILIGHT TIME,0,0,0,,5,1.0,0,1,0,,,,,2020-09-15 06:25:49
19973830,,False,,0,,,,,,GRAEME HALL,0,0,0,,5,8.0,0,1,0,,,,,2020-09-15 06:25:49
19973850,,False,,0,,,,,,EXCHANGE RATE,0,0,0,,5,9.0,0,1,0,,,,,2020-09-15 06:25:49
19973870,,False,,0,,,,,,SYNCLINE,0,0,0,,5,1.0,0,1,0,,,,,2020-09-15 06:25:49
19973890,,False,,0,,,,,,GIANT'S CAUSEWAY,0,0,0,,5,8.0,0,1,0,,,,,2020-09-15 06:25:49
19973916,,False,,0,,,,,,DIXIE UNION,0,0,0,,5,,0,1,0,,,,,2020-09-15 06:25:49
19973936,,False,,0,,,,,,HOOK AND LADDER,0,0,0,,5,,0,1,0,,,,,2020-09-15 06:25:49
19973956,,False,,0,,,,,,TRAJECTORY,0,0,0,,5,,0,1,0,,,,,2020-09-15 06:25:49
19973976,,False,,0,,,,,,MILWAUKEE BREW,0,0,0,,5,,0,1,0,,,,,2020-09-15 06:25:49
19973996,,False,,0,,,,,,GREENWOOD LAKE,0,0,0,,5,1.0,0,1,0,,,,,2020-09-15 06:25:49
19974019,,False,,0,,,,,,BOP,0,0,0,,5,8.0,0,1,0,,,,,2020-09-15 06:25:49
19974039,,False,,0,,,,,,ROSSINI,0,0,0,,5,1.0,0,1,0,,,,,2020-09-15 06:25:49
19974057,,False,,0,,,,,,FUSAICHI PEGASUS,0,0,0,,5,,0,1,0,,,,,2020-09-15 06:25:49
19974059,,False,,0,,,,,,FUSAICHI PEGASUS,0,0,0,,5,1.0,0,1,0,,,,,2020-09-15 06:25:49
19974079,,False,,0,,,,,,APTITUDE,0,0,0,,5,,0,1,0,,,,,2020-09-15 06:25:49
19974099,,False,,0,,,,,,INNER HARBOUR,0,0,0,,5,8.0,0,1,0,,,,,2020-09-15 06:25:49
19974115,,False,,0,,,,,,RED BULLET,0,0,0,,5,,0,1,0,,,,,2020-09-15 06:25:49
19974135,,False,,0,,,,,,EL CORREDOR,0,0,0,,5,1.0,0,1,0,,,,,2020-09-15 06:25:49
19974155,,False,,0,,,,,,PERFORMING MAGIC,0,0,0,,5,8.0,0,1,0,,,,,2020-09-15 06:25:49
19974211,,False,,0,,,,,,WAR CHANT,0,0,0,,5,,0,1,0,,,,,2022-10-15 16:55:27
19974291,,False,,0,,,,,,INCLUDE,0,0,0,,5,,0,1,0,,,,,2020-09-15 06:25:49
19974357,,False,,0,,,,,,MALIBU MOON,0,0,0,,5,,0,1,0,,,,,2022-10-15 16:55:27
19974377,,False,,0,,,,,,MORE THAN READY,0,0,0,,5,,0,1,0,,,,,2020-09-15 06:25:49
19974397,,False,,0,,,,,,BROKEN VOW,0,0,0,,5,,0,1,0,,,,,2021-05-17 07:13:55
19980155,,False,,0,,,,,,OBEAHMAN,0,0,0,,5,1.0,0,1,0,,,,,2020-09-15 06:25:49
19980317,,False,,0,,,,,,MOVEMENTS,0,0,0,,5,1.0,0,1,0,,,,,2020-09-15 06:25:49
19980337,,False,,0,,,,,,BLACKMOUTH,0,0,0,,5,8.0,0,1,0,,,,,2020-09-15 06:25:49
19980519,,False,,0,,,,,,HE AIN'T HEAVY,0,0,0,,5,8.0,0,1,0,,,,,2020-09-15 06:25:49
19980877,,False,,0,,,,,,TOP STAR,0,0,0,,5,1.0,0,1,0,,,,,2020-09-15 06:25:49
19980897,,False,,0,,,,,,ISRA,0,0,0,,5,1.0,0,1,0,,,,,2020-09-15 06:25:49
19980913,,False,,0,,,,,,CHATEAU LAURIER,0,0,0,,5,1.0,0,1,0,,,,,2020-09-15 06:25:49
19980993,,False,,0,,,,,,WHITE WATER,0,0,0,,5,1.0,0,1,0,,,,,2020-09-15 06:25:49
19981016,,False,,0,,,,,,KING AL,0,0,0,,5,1.0,0,1,0,,,,,2020-09-15 06:25:49
19981596,,False,,0,,,,,,KERMIT,0,0,0,,5,1.0,0,1,0,,,,,2020-09-15 06:25:49
19981990,,False,,0,,,,,,SUNSHINE CRACKER,0,0,0,,5,8.0,0,1,0,,,,,2020-09-15 06:25:49
19982891,,False,,0,,,,,,WATERMELONMAN,0,0,0,,5,1.0,0,1,0,,,,,2020-09-15 06:25:49
19982977,,False,,0,,,,,,MISTER HUGH,0,0,0,,5,,0,1,0,,,,,2020-09-15 06:25:49
19983176,,False,,0,,,,,,JACK'S CHOICE,0,0,0,,5,1.0,0,1,0,,,,,2020-09-15 06:25:49
19983212,,False,,0,,,,,,ASK JOE,0,0,0,,5,1.0,0,1,0,,,,,2020-09-15 06:25:49
19983494,,False,,0,,,,,,SWEET FUH SO,0,0,0,,5,1.0,0,1,0,,,,,2020-09-15 06:25:49
19983510,,False,,0,,,,,,KATAN,0,0,0,,5,1.0,0,1,0,,,,,2020-09-15 06:25:49
19983530,,False,,0,,,,,,CARTOON,0,0,0,,5,1.0,0,1,0,,,,,2020-09-15 06:25:49
19983550,,False,,0,,,,,,THE FARMER,0,0,0,,5,1.0,0,1,0,,,,,2020-09-15 06:25:49
19983616,,False,,0,,,,,,ALWAYS A GLITCH,0,0,0,,5,9.0,0,1,0,,,,,2020-09-15 06:25:49
19983636,,False,,0,,,,,,INVISIBLE INK,0,0,0,,5,1.0,0,1,0,,,,,2020-09-15 06:25:49
19983656,,False,,0,,,,,,WINNING BID(USA),0,0,0,,5,1.0,0,1,0,,,,,2020-09-15 06:25:49
19983676,,False,,0,,,,,,FLAME THROWER,0,0,0,,5,,0,1,0,,,,,2020-09-15 06:25:49
19983696,,False,,0,,,,,,HADRIAN'S WALL,0,0,0,,5,1.0,0,1,0,,,,,2020-09-15 06:25:49
19983712,,False,,0,,,,,,SONGANDAPRAYER,0,0,0,,5,1.0,0,1,0,,,,,2020-09-15 06:25:49
19983732,,False,,0,,,,,,DAYTON FLYER,0,0,0,,5,1.0,0,1,0,,,,,2020-09-15 06:25:49
19983752,,False,,0,,,,,,PLEASANTLY PERFECT,0,0,0,,5,1.0,0,1,0,,,,,2020-09-15 06:25:49
19983772,,False,,0,,,,,,OUTOFTHEBOX,0,0,0,,5,,0,1,0,,,,,2020-09-15 06:25:49
19983792,,False,,0,,,,,,SLIGO BAY,0,0,0,,5,8.0,0,1,0,,,,,2020-09-15 06:25:49
19983818,,False,,0,,,,,,EXPRESS TOUR,0,0,0,,5,,0,1,0,,,,,2020-09-15 06:25:49
19983838,,False,,0,,,,,,BLACK MINNALOUSHE,0,0,0,,5,1.0,0,1,0,,,,,2020-09-15 06:25:49
19983858,,False,,0,,,,,,UNBRIDLED TIME,0,0,0,,5,9.0,0,1,0,,,,,2020-09-15 06:25:49
19983878,,False,,0,,,,,,YONAGUSKA,0,0,0,,5,,0,1,0,,,,,2020-09-15 06:25:49
19983898,,False,,0,,,,,,E DUBAI,0,0,0,,5,1.0,0,1,0,,,,,2020-09-15 06:25:49
19983914,,False,,0,,,,,,STORM CRAFT,0,0,0,,5,,0,1,0,,,,,2020-09-15 06:25:49
19983934,,False,,0,,,,,,VOLPONI,0,0,0,,5,1.0,0,1,0,,,,,2020-09-15 06:25:49
19983954,,False,,0,,,,,,SNOW RIDGE,0,0,0,,5,8.0,0,1,0,,,,,2020-09-15 06:25:50
19983974,,False,,0,,,,,,SKIP TO THE STONE,0,0,0,,5,1.0,0,1,0,,,,,2020-09-15 06:25:50
19983994,,False,,0,,,,,,PURE PRIZE,0,0,0,,5,8.0,0,1,0,,,,,2020-09-15 06:25:50
19984017,,False,,0,,,,,,DREAM RUN,0,0,0,,5,1.0,0,1,0,,,,,2020-09-15 06:25:50
19984037,,False,,0,,,,,,BUCKLE DOWN BEN,0,0,0,,5,,0,1,0,,,,,2020-09-15 06:25:50
19984057,,False,,0,,,,,,FREEFOURINTERNET,0,0,0,,5,1.0,0,1,0,,,,,2020-09-15 06:25:50
19984077,,False,,0,,,,,,DREWMAN,0,0,0,,5,,0,1,0,,,,,2020-09-15 06:25:50
19984097,,False,,0,,,,,,CONGAREE,0,0,0,,5,8.0,0,1,0,,,,,2020-09-15 06:25:50
19984113,,False,,0,,,,,,CHELSEY CAT,0,0,0,,5,,0,1,0,,,,,2020-09-15 06:25:50
19984133,,False,,0,,,,,,EVEN THE SCORE,0,0,0,,5,9.0,0,1,0,,,,,2020-09-15 06:25:50
19984153,,False,,0,,,,,,SANDLOT STAR,0,0,0,,5,1.0,0,1,0,,,,,2020-09-15 06:25:50
19984193,,False,,0,,,,,,D'WILDCAT,0,0,0,,5,,0,1,0,,,,,2020-09-15 06:25:50
19984219,,False,,0,,,,,,PAYNES BAY,0,0,0,,5,1.0,0,1,0,,,,,2020-09-15 06:25:50
19984239,,False,,0,,,,,,MACHO UNO,0,0,0,,5,9.0,0,1,0,,,,,2020-09-15 06:25:50
19984299,,False,,0,,,,,,PUT IT BACK,0,0,0,,5,,0,1,0,,,,,2020-09-15 06:25:50
19984315,,False,,0,,,,,,PERFECT SOUL,0,0,0,,5,,0,1,0,,,,,2020-09-15 06:25:50
19984355,,False,,0,,,,,,OMMADON,0,0,0,,5,1.0,0,1,0,,,,,2020-09-15 06:25:50
19984375,,False,,0,,,,,,ALDEBARAN,0,0,0,,5,,0,1,0,,,,,2020-09-15 06:25:50
19984471,,False,,0,,,,,,KELA,0,0,0,,5,,0,1,0,,,,,2020-09-15 06:25:50
19984491,,False,,0,,,,,,SPEIGHTSTOWN,0,0,0,,5,,0,1,0,,,,,2020-09-15 06:25:50
19984557,,False,,0,,,,,,WINDSOR CASTLE,0,0,0,,5,,0,1,0,,,,,2022-10-15 16:55:27
19984597,,False,,0,,,,,,ROCK SLIDE,0,0,0,,5,,0,1,0,,,,,2021-09-23 06:20:39
19984613,,False,,0,,,,,,JOE'S SON JOEY,0,0,0,,5,,0,1,0,,,,,2022-10-15 16:55:27
19985089,,False,,0,,,,,,DEMAANI'S DREAM,0,0,0,,5,,0,1,0,,,,,2020-09-15 06:25:50
19985963,,False,,0,,,,,,MOONLIGHT AFFAIR,0,0,0,,5,,0,1,0,,,,,2021-09-23 06:20:39
19990315,,False,,0,,,,,,FREE TO GO,0,0,0,,5,8.0,0,1,0,,,,,2020-09-15 06:25:50
19990597,,False,,0,,,,,,MAJOR GENERAL,0,0,0,,5,8.0,0,1,0,,,,,2020-09-15 06:25:50
19990951,,False,,0,,,,,,PRODIGAL SON,0,0,0,,5,8.0,0,1,0,,,,,2020-09-15 06:25:50
19991014,,False,,0,,,,,,MEDIC ON BOARD,0,0,0,,5,8.0,0,1,0,,,,,2020-09-15 06:25:50
19991458,,False,,0,,,,,,HEALING ANGEL,0,0,0,,5,9.0,0,1,0,,,,,2020-09-15 06:25:50
19991554,,False,,0,,,,,,SIR ROMEL,0,0,0,,5,,0,1,0,,,,,2020-09-15 06:25:50
19991670,,False,,0,,,,,,WIGOR JOE,0,0,0,,5,1.0,0,1,0,,,,,2020-09-15 06:25:50
19991852,,False,,0,,,,,,BALLYDOYLE,0,0,0,,5,8.0,0,1,0,,,,,2020-09-15 06:25:50
19991938,,False,,0,,,,,,MINESHAFT,0,0,0,,5,,0,1,0,,,,,2020-09-15 06:25:50
19991978,,False,,0,,,,,,VALIANT NATURE,0,0,0,,5,1.0,0,1,0,,,,,2020-09-15 06:25:50
19992011,,False,,0,,,,,,GOLDEN LOCKS,0,0,0,,5,1.0,0,1,0,,,,,2020-09-15 06:25:50
19992157,,False,,0,,,,,,RAZZAK,0,0,0,,5,8.0,0,1,0,,,,,2020-09-15 06:25:50
19992233,,False,,0,,,,,,BIG CAESAR,0,0,0,,5,1.0,0,1,0,,,,,2020-09-15 06:25:50
19992455,,False,,0,,,,,,MAAS JOE,0,0,0,,5,8.0,0,1,0,,,,,2020-09-15 06:25:50
19992495,,False,,0,,,,,,SENIORITY,0,0,0,,5,8.0,0,1,0,,,,,2020-09-15 06:25:50
19993194,,False,,0,,,,,,LETIMLOOSE,0,0,0,,5,1.0,0,1,0,,,,,2020-09-15 06:25:50
19993230,,False,,0,,,,,,ALYBGOOD,0,0,0,,5,1.0,0,1,0,,,,,2020-09-15 06:25:50
19993316,,False,,0,,,,,,WINNING MESSAGE,0,0,0,,5,1.0,0,1,0,,,,,2020-09-15 06:25:50
19993336,,False,,0,,,,,,SUMMIT STORM,0,0,0,,5,1.0,0,1,0,,,,,2020-09-15 06:25:50
19993356,,False,,0,,,,,,FULL MANDATE,0,0,0,,5,,0,1,0,,,,,2020-09-15 06:25:50
19993396,,False,,0,,,,,,REQUETE,0,0,0,,5,1.0,0,1,0,,,,,2020-09-15 06:25:50
19993412,,False,,0,,,,,,VANADIUM,0,0,0,,5,,0,1,0,,,,,2020-09-15 06:25:50
19993432,,False,,0,,,,,,GREATNESS,0,0,0,,5,8.0,0,1,0,,,,,2020-09-15 06:25:50
19993433,,False,,0,,,,,,ONCE WILD,0,0,0,,5,,0,1,0,,,,,2020-09-15 06:25:50
19993452,,False,,0,,,,,,TRADITIONAL,0,0,0,,5,8.0,0,1,0,,,,,2020-09-15 06:25:50
19993472,,False,,0,,,,,,PURE PRECISION,0,0,0,,5,1.0,0,1,0,,,,,2020-09-15 06:25:50
19993492,,False,,0,,,,,,INDY KING,0,0,0,,5,8.0,0,1,0,,,,,2020-09-15 06:25:50
19993518,,False,,0,,,,,,SAINT APPEAL,0,0,0,,5,1.0,0,1,0,,,,,2020-09-15 06:25:50
19993538,,False,,0,,,,,,FLATTER,0,0,0,,5,,0,1,0,,,,,2020-09-15 06:25:50
19993555,,False,,0,,,,,,PROUD CITIZEN,0,0,0,,5,,0,1,0,,,,,2020-09-15 06:25:50
19993558,,False,,0,,,,,,PROUD CITIZEN,0,0,0,,5,1.0,0,1,0,,,,,2020-09-15 06:25:50
19993578,,False,,0,,,,,,WHERE'S THE RING,0,0,0,,5,,0,1,0,,,,,2020-09-15 06:25:50
19993598,,False,,0,,,,,,SMOOTH JAZZ,0,0,0,,5,,0,1,0,,,,,2020-09-15 06:25:50
19993614,,False,,0,,,,,,NAJRAN,0,0,0,,5,,0,1,0,,,,,2020-09-15 06:25:50
19993634,,False,,0,,,,,,BUDDHA,0,0,0,,5,9.0,0,1,0,,,,,2020-09-15 06:25:50
19993654,,False,,0,,,,,,ALEX'S PAL,0,0,0,,5,,0,1,0,,,,,2020-09-15 06:25:50
19993694,,False,,0,,,,,,SUNDAY BREAK,0,0,0,,5,1.0,0,1,0,,,,,2020-09-15 06:25:50
19993710,,False,,0,,,,,,SUGAR'S SAINT,0,0,0,,5,,0,1,0,,,,,2020-09-15 06:25:50
19993730,,False,,0,,,,,,SARAVA,0,0,0,,5,,0,1,0,,,,,2020-09-15 06:25:50
19993750,,False,,0,,,,,,ESSENCE OF DUBAI,0,0,0,,5,,0,1,0,,,,,2020-09-15 06:25:50
19993770,,False,,0,,,,,,JUMP START,0,0,0,,5,,0,1,0,,,,,2020-09-15 06:25:50
19993790,,False,,0,,,,,,CAME HOME,0,0,0,,5,,0,1,0,,,,,2020-09-15 06:25:50
19993816,,False,,0,,,,,,HARLAN'S HOLIDAY,0,0,0,,5,,0,1,0,,,,,2020-09-15 06:25:50
19993856,,False,,0,,,,,,GREATNESS,0,0,0,,5,8.0,0,1,0,,,,,2020-09-15 06:25:50
19993876,,False,,0,,,,,,OFFICER,0,0,0,,5,,0,1,0,,,,,2020-09-15 06:25:50
19993896,,False,,0,,,,,,YANKEE GENTLEMAN,0,0,0,,5,,0,1,0,,,,,2020-09-15 06:25:50
19993912,,False,,0,,,,,,GEMMA'S STAR,0,0,0,,5,,0,1,0,,,,,2020-09-15 06:25:50
19993913,,False,,0,,,,,,FLOWER ALLEY,0,0,0,,5,,0,1,0,,,,,2020-09-15 06:25:50
19993932,,False,,0,,,,,,MEDAGLIA D'ORO,0,0,0,,5,,0,1,0,,,,,2020-09-15 06:25:50
19993952,,False,,0,,,,,,WERBLIN,0,0,0,,5,,0,1,0,,,,,2020-09-15 06:25:50
19993972,,False,,0,,,,,,CANDY RIDE,0,0,0,,5,,0,1,0,,,,,2020-09-15 06:25:50
19994015,,False,,0,,,,,,KITALPHA,0,0,0,,5,,0,1,0,,,,,2021-05-17 07:13:56
19994075,,False,,0,,,,,,TASTE OF PARADISE,0,0,0,,5,,0,1,0,,,,,2022-10-15 16:55:27
20000256,,False,,0,,,,,,SIR CHACHA BABA,0,0,0,,5,1.0,0,1,0,,,,,2020-09-15 06:25:50
20000458,,False,,0,,,,,,NIJINSKY'S WAR,0,0,0,,5,1.0,0,1,0,,,,,2020-09-15 06:25:50
20000630,,False,,0,,,,,,PRIVY COUNCIL,0,0,0,,5,8.0,0,1,0,,,,,2020-09-15 06:25:50
20000690,,False,,0,,,,,,MEDICAL ACCOUNT,0,0,0,,5,8.0,0,1,0,,,,,2020-09-15 06:25:50
20000736,,False,,0,,,,,,PLYMOUTH ROCK,0,0,0,,5,1.0,0,1,0,,,,,2020-09-15 06:25:50
20000832,,False,,0,,,,,,A KING IS BORN,0,0,0,,5,8.0,0,1,0,,,,,2020-09-15 06:25:50
20000918,,False,,0,,,,,,"COMMON D""""",0,0,0,,5,1.0,0,1,0,,,,,2020-09-15 06:25:50
20001051,,False,,0,,,,,,SUPER GREY,0,0,0,,5,9.0,0,1,0,,,,,2020-09-15 06:25:50
20001117,,False,,0,,,,,,JACKBENIMBLE,0,0,0,,5,1.0,0,1,0,,,,,2020-09-15 06:25:50
20001137,,False,,0,,,,,,THE MINISTER,0,0,0,,5,8.0,0,1,0,,,,,2020-09-15 06:25:50
20001177,,False,,0,,,,,,LITTLE BOY BLUE,0,0,0,,5,1.0,0,1,0,,,,,2020-09-15 06:25:50
20001213,,False,,0,,,,,,SHY JOHN,0,0,0,,5,9.0,0,1,0,,,,,2020-09-15 06:25:50
20001379,,False,,0,,,,,,SHINING STAR,0,0,0,,5,1.0,0,1,0,,,,,2020-09-15 06:25:50
20001399,,False,,0,,,,,,THE ADMIRAL,0,0,0,,5,8.0,0,1,0,,,,,2020-09-15 06:25:50
20001637,,False,,0,,,,,,ARCHANGEL,0,0,0,,5,8.0,0,1,0,,,,,2020-09-15 06:25:50
20001657,,False,,0,,,,,,PUTIN,0,0,0,,5,1.0,0,1,0,,,,,2020-09-15 06:25:50
20001899,,False,,0,,,,,,MR. ANDREW,0,0,0,,5,8.0,0,1,0,,,,,2020-09-15 06:25:50
20002038,,False,,0,,,,,,GOOD COMPANY,0,0,0,,5,1.0,0,1,0,,,,,2020-09-15 06:25:50
20002058,,False,,0,,,,,,PRINCE NATHANIEL,0,0,0,,5,1.0,0,1,0,,,,,2020-09-15 06:25:50
20002078,,False,,0,,,,,,FALUN-GONG,0,0,0,,5,1.0,0,1,0,,,,,2020-09-15 06:25:50
20002194,,False,,0,,,,,,MYSTIC CHARMER,0,0,0,,5,1.0,0,1,0,,,,,2020-09-15 06:25:50
20002230,,False,,0,,,,,,PITTACUS,0,0,0,,5,1.0,0,1,0,,,,,2020-09-15 06:25:50
20002336,,False,,0,,,,,,ADMIRALTY SUIT,0,0,0,,5,8.0,0,1,0,,,,,2020-09-15 06:25:50
20002356,,False,,0,,,,,,KING JOSIAH,0,0,0,,5,1.0,0,1,0,,,,,2020-09-15 06:25:50
20002396,,False,,0,,,,,,WELLINGTON,0,0,0,,5,8.0,0,1,0,,,,,2020-09-15 06:25:50
20002432,,False,,0,,,,,,STEADY READY,0,0,0,,5,1.0,0,1,0,,,,,2020-09-15 06:25:50
20002654,,False,,0,,,,,,T-REX,0,0,0,,5,8.0,0,1,0,,,,,2020-09-15 06:25:50
20002674,,False,,0,,,,,,SILK RUNNER,0,0,0,,5,1.0,0,1,0,,,,,2020-09-15 06:25:50
20002770,,False,,0,,,,,,SIR JONMAR,0,0,0,,5,1.0,0,1,0,,,,,2020-09-15 06:25:50
20002856,,False,,0,,,,,,EL BEAU,0,0,0,,5,1.0,0,1,0,,,,,2020-09-15 06:25:50
20002876,,False,,0,,,,,,CONGRATS,0,0,0,,5,,0,1,0,,,,,2020-09-15 06:25:50
20002912,,False,,0,,,,,,BALLISTIC,0,0,0,,5,8.0,0,1,0,,,,,2020-09-15 06:25:50
20002992,,False,,0,,,,,,DUKE OF LLANGLEY,0,0,0,,5,8.0,0,1,0,,,,,2020-09-15 06:25:50
20003015,,False,,0,,,,,,LIL' COUNTRY BOY,0,0,0,,5,8.0,0,1,0,,,,,2020-09-15 06:25:50
20003151,,False,,0,,,,,,GREAT NOTION,0,0,0,,5,1.0,0,1,0,,,,,2020-09-15 06:25:50
20003191,,False,,0,,,,,,MADISON PIKE,0,0,0,,5,8.0,0,1,0,,,,,2020-09-15 06:25:50
20003217,,False,,0,,,,,,LEGAL PROCESS,0,0,0,,5,8.0,0,1,0,,,,,2020-09-15 06:25:50
20003237,,False,,0,,,,,,GO ROCKIN' ROBIN,0,0,0,,5,,0,1,0,,,,,2020-09-15 06:25:50
20003277,,False,,0,,,,,,REGION OF MERIT,0,0,0,,5,8.0,0,1,0,,,,,2020-09-15 06:25:50
20003297,,False,,0,,,,,,ALAJWAD,0,0,0,,5,8.0,0,1,0,,,,,2020-09-15 06:25:50
20003313,,False,,0,,,,,,ALKE,0,0,0,,5,8.0,0,1,0,,,,,2020-09-15 06:25:50
20003333,,False,,0,,,,,,URBAN KING,0,0,0,,5,8.0,0,1,0,,,,,2020-09-15 06:25:50
20003353,,False,,0,,,,,,HOLD THAT TIGER,0,0,0,,5,8.0,0,1,0,,,,,2020-09-15 06:25:50
20003373,,False,,0,,,,,,ONE NICE CAT,0,0,0,,5,1.0,0,1,0,,,,,2020-09-15 06:25:50
20003393,,False,,0,,,,,,OFFLEE WILD,0,0,0,,5,,0,1,0,,,,,2020-09-15 06:25:50
20003419,,False,,0,,,,,,SIR CHEROKEE,0,0,0,,5,1.0,0,1,0,,,,,2020-09-15 06:25:50
20003439,,False,,0,,,,,,WESTERN ENVOY,0,0,0,,5,1.0,0,1,0,,,,,2020-09-15 06:25:50
20003459,,False,,0,,,,,,SEEKING THE GLORY,0,0,0,,5,1.0,0,1,0,,,,,2020-09-15 06:25:50
20003479,,False,,0,,,,,,GREAT PYRAMID,0,0,0,,5,1.0,0,1,0,,,,,2020-09-15 06:25:50
20003499,,False,,0,,,,,,PARKER'S STORM CAT,0,0,0,,5,,0,1,0,,,,,2020-09-15 06:25:50
20003535,,False,,0,,,,,,WANDO,0,0,0,,5,8.0,0,1,0,,,,,2020-09-15 06:25:50
20003555,,False,,0,,,,,,VAN NISTELROOY,0,0,0,,5,8.0,0,1,0,,,,,2020-09-15 06:25:50
20003575,,False,,0,,,,,,KAFWAIN,0,0,0,,5,,0,1,0,,,,,2020-09-15 06:25:50
20003595,,False,,0,,,,,,OCEAN TERRACE,0,0,0,,5,8.0,0,1,0,,,,,2020-09-15 06:25:50
20003611,,False,,0,,,,,,GIMMEAWINK,0,0,0,,5,,0,1,0,,,,,2020-09-15 06:25:50
20003631,,False,,0,,,,,,GATORS N BEARS,0,0,0,,5,1.0,0,1,0,,,,,2020-09-15 06:25:50
20003651,,False,,0,,,,,,MINGUN,0,0,0,,5,,0,1,0,,,,,2020-09-15 06:25:50
20003671,,False,,0,,,,,,CITY PLACE,0,0,0,,5,,0,1,0,,,,,2020-09-15 06:25:50
20003691,,False,,0,,,,,,TRUST IN LUCK,0,0,0,,5,,0,1,0,,,,,2020-09-15 06:25:50
20003717,,False,,0,,,,,,WHYWHYWHY,0,0,0,,5,,0,1,0,,,,,2020-09-15 06:25:50
20003757,,False,,0,,,,,,DESERT WARRIOR,0,0,0,,5,,0,1,0,,,,,2020-09-15 06:25:50
20003777,,False,,0,,,,,,OMEGA CODE,0,0,0,,5,,0,1,0,,,,,2020-09-15 06:25:50
20003797,,False,,0,,,,,,ACT OF DUTY,0,0,0,,5,,0,1,0,,,,,2020-09-15 06:25:50
20003813,,False,,0,,,,,,GHOSTZAPPER,0,0,0,,5,,0,1,0,,,,,2020-09-15 06:25:50
20003833,,False,,0,,,,,,WOKE UP DREAMIN,0,0,0,,5,,0,1,0,,,,,2020-09-15 06:25:50
20003853,,False,,0,,,,,,CHAMPALI,0,0,0,,5,,0,1,0,,,,,2020-09-15 06:25:50
20003919,,False,,0,,,,,,RESTLESS MON,0,0,0,,5,1.0,0,1,0,,,,,2020-09-15 06:25:50
20003939,,False,,0,,,,,,SKY MESA,0,0,0,,5,,0,1,0,,,,,2020-09-15 06:25:50
20003979,,False,,0,,,,,,LEROIDESANIMAUX,0,0,0,,5,,0,1,0,,,,,2020-09-15 06:25:50
20003999,,False,,0,,,,,,WILDCAT HEIR,0,0,0,,5,,0,1,0,,,,,2020-09-15 06:25:50
20004012,,False,,0,,,,,,SWEET RETURN,0,0,0,,5,,0,1,0,,,,,2020-09-15 06:25:50
20004052,,False,,0,,,,,,STROLL,0,0,0,,5,,0,1,0,,,,,2020-09-15 06:25:50
20004072,,False,,0,,,,,,LION TAMER,0,0,0,,5,,0,1,0,,,,,2021-05-17 07:13:56
20004118,,False,,0,,,,,,UTOPIA,0,0,0,,5,,0,1,0,,,,,2020-09-15 06:25:50
20004158,,False,,0,,,,,,POSSE,0,0,0,,5,,0,1,0,,,,,2020-09-15 06:25:50
20004178,,False,,0,,,,,,AWESOMEOF COURSE,0,0,0,,5,,0,1,0,,,,,2020-09-15 06:25:50
20004198,,False,,0,,,,,,SCRIMSHAW,0,0,0,,5,,0,1,0,,,,,2022-10-15 16:55:27
20010072,,False,,0,,,,,,NATURALRACEHORSE,0,0,0,,5,1.0,0,1,0,,,,,2020-09-15 06:25:50
20010158,,False,,0,,,,,,INDIAN ARROW,0,0,0,,5,1.0,0,1,0,,,,,2020-09-15 06:25:50
20010214,,False,,0,,,,,,MAGIC DRAGON,0,0,0,,5,1.0,0,1,0,,,,,2020-09-15 06:25:50
20010330,,False,,0,,,,,,CRY ME A RIVER,0,0,0,,5,,0,1,0,,,,,2020-09-15 06:25:50
20010532,,False,,0,,,,,,NASATOL,0,0,0,,5,,0,1,0,,,,,2020-09-15 06:25:50
20010552,,False,,0,,,,,,TUTOR,0,0,0,,5,1.0,0,1,0,,,,,2020-09-15 06:25:50
20010592,,False,,0,,,,,,JAGMAR,0,0,0,,5,9.0,0,1,0,,,,,2020-09-15 06:25:50
20010698,,False,,0,,,,,,PACKHU,0,0,0,,5,8.0,0,1,0,,,,,2020-09-15 06:25:50
20010976,,False,,0,,,,,,SLICK RIK,0,0,0,,5,,0,1,0,,,,,2020-09-15 06:25:50
20011039,,False,,0,,,,,,ALL THE TIME,0,0,0,,5,1.0,0,1,0,,,,,2020-09-15 06:25:50
20011079,,False,,0,,,,,,TIMEOUT KING,0,0,0,,5,8.0,0,1,0,,,,,2020-09-15 06:25:50
20011211,,False,,0,,,,,,BIG JACK,0,0,0,,5,1.0,0,1,0,,,,,2020-09-15 06:25:50
20011231,,False,,0,,,,,,DOMINO JIM,0,0,0,,5,1.0,0,1,0,,,,,2020-09-15 06:25:50
20011317,,False,,0,,,,,,DISTINCTLY IRISH,0,0,0,,5,1.0,0,1,0,,,,,2020-09-15 06:25:50
20011473,,False,,0,,,,,,CONCORDE,0,0,0,,5,9.0,0,1,0,,,,,2020-09-15 06:25:50
20011635,,False,,0,,,,,,DAYSOFTHUNDER,0,0,0,,5,,0,1,0,,,,,2020-09-15 06:25:50
20011695,,False,,0,,,,,,DIESEL,0,0,0,,5,8.0,0,1,0,,,,,2020-09-15 06:25:50
20011711,,False,,0,,,,,,ARDRIGH,0,0,0,,5,1.0,0,1,0,,,,,2020-09-15 06:25:50
20011877,,False,,0,,,,,,ULYSSES,0,0,0,,5,8.0,0,1,0,,,,,2020-09-15 06:25:50
20011973,,False,,0,,,,,,ARCHIMEDES,0,0,0,,5,1.0,0,1,0,,,,,2020-09-15 06:25:50
20011993,,False,,0,,,,,,CHOSEN ONE,0,0,0,,5,1.0,0,1,0,,,,,2020-09-15 06:25:50
20012172,,False,,0,,,,,,MEDICAL REPORT,0,0,0,,5,1.0,0,1,0,,,,,2020-09-15 06:25:50
20012238,,False,,0,,,,,,DEPUTY ROKEBY,0,0,0,,5,,0,1,0,,,,,2020-09-15 06:25:50
20012314,,False,,0,,,,,,LAW OF THE LORDS,0,0,0,,5,1.0,0,1,0,,,,,2020-09-15 06:25:50
20012374,,False,,0,,,,,,NEUTRALIZER,0,0,0,,5,1.0,0,1,0,,,,,2020-09-15 06:25:50
20012536,,False,,0,,,,,,SIMPLYUNBELIEVABLE,0,0,0,,5,1.0,0,1,0,,,,,2020-09-15 06:25:50
20012576,,False,,0,,,,,,MACHOMANINTHONG,0,0,0,,5,1.0,0,1,0,,,,,2020-09-15 06:25:50
20012738,,False,,0,,,,,,EDDINGTON,0,0,0,,5,,0,1,0,,,,,2020-09-15 06:25:50
20012758,,False,,0,,,,,,MEDALLIST,0,0,0,,5,,0,1,0,,,,,2020-09-15 06:25:50
20012778,,False,,0,,,,,,HAT TRICK,0,0,0,,5,,0,1,0,,,,,2020-09-15 06:25:50
20012798,,False,,0,,,,,,NAVAJOJOE,0,0,0,,5,1.0,0,1,0,,,,,2020-09-15 06:25:50
20012834,,False,,0,,,,,,STEAD GOLD,0,0,0,,5,8.0,0,1,0,,,,,2020-09-15 06:25:50
20012950,,False,,0,,,,,,TOBAGO,0,0,0,,5,,0,1,0,,,,,2020-09-15 06:25:50
20012990,,False,,0,,,,,,CAPTAIN BONE,0,0,0,,5,1.0,0,1,0,,,,,2020-09-15 06:25:50
20013199,,False,,0,,,,,,RIZZI LEE,0,0,0,,5,,0,1,0,,,,,2020-09-15 06:25:50
20013215,,False,,0,,,,,,WESTERN CLASSIC,0,0,0,,5,1.0,0,1,0,,,,,2020-09-15 06:25:50
20013235,,False,,0,,,,,,CODED WARNING,0,0,0,,5,,0,1,0,,,,,2020-09-15 06:25:50
20013255,,False,,0,,,,,,FOREST DANGER,0,0,0,,5,1.0,0,1,0,,,,,2020-09-15 06:25:50
20013275,,False,,0,,,,,,WAR MARSHALL,0,0,0,,5,8.0,0,1,0,,,,,2020-09-15 06:25:50
20013311,,False,,0,,,,,,WIZARD OF GOLD,0,0,0,,5,1.0,0,1,0,,,,,2020-09-15 06:25:50
20013331,,False,,0,,,,,,CONFIRMED,0,0,0,,5,,0,1,0,,,,,2020-09-15 06:25:50
20013351,,False,,0,,,,,,WITH DISTINCTION,0,0,0,,5,,0,1,0,,,,,2020-09-15 06:25:50
20013371,,False,,0,,,,,,PRINTS OF PEACE,0,0,0,,5,1.0,0,1,0,,,,,2020-09-15 06:25:50
20013391,,False,,0,,,,,,BIRDSTONE,0,0,0,,5,,0,1,0,,,,,2020-09-15 06:25:50
20013417,,False,,0,,,,,,SPANISH STEPS,0,0,0,,5,,0,1,0,,,,,2020-09-15 06:25:50
20013437,,False,,0,,,,,,LION HEART,0,0,0,,5,8.0,0,1,0,,,,,2020-09-15 06:25:50
20013457,,False,,0,,,,,,MASS MEDIA,0,0,0,,5,,0,1,0,,,,,2020-09-15 06:25:50
20013477,,False,,0,,,,,,ACTION THIS DAY,0,0,0,,5,1.0,0,1,0,,,,,2020-09-15 06:25:50
20013497,,False,,0,,,,,,SMARTY JONES,0,0,0,,5,8.0,0,1,0,,,,,2020-09-15 06:25:50
20013513,,False,,0,,,,,,CHAPEL ROYAL,0,0,0,,5,,0,1,0,,,,,2020-09-15 06:25:50
20013533,,False,,0,,,,,,PIES PROSPECT,0,0,0,,5,,0,1,0,,,,,2020-09-15 06:25:50
20013553,,False,,0,,,,,,TAPIT,0,0,0,,5,,0,1,0,,,,,2020-09-15 06:25:50
20013573,,False,,0,,,,,,POMEROY,0,0,0,,5,8.0,0,1,0,,,,,2020-09-15 06:25:50
20013619,,False,,0,,,,,,VALUE PLUS,0,0,0,,5,9.0,0,1,0,,,,,2020-09-15 06:25:50
20013639,,False,,0,,,,,,SUAVE,0,0,0,,5,,0,1,0,,,,,2020-09-15 06:25:50
20013679,,False,,0,,,,,,READ THE FOOTNOTES,0,0,0,,5,,0,1,0,,,,,2020-09-15 06:25:50
20013699,,False,,0,,,,,,SHAKESPEARE,0,0,0,,5,,0,1,0,,,,,2020-09-15 06:25:50
20013735,,False,,0,,,,,,BWANA CHARLIE,0,0,0,,5,,0,1,0,,,,,2020-09-15 06:25:50
20013755,,False,,0,,,,,,OLD FORESTER,0,0,0,,5,,0,1,0,,,,,2020-09-15 06:25:50
20013831,,False,,0,,,,,,ROCK HARD TEN,0,0,0,,5,,0,1,0,,,,,2020-09-15 06:25:50
20013851,,False,,0,,,,,,KITTEN'S JOY,0,0,0,,5,,0,1,0,,,,,2020-09-15 06:25:50
20013891,,False,,0,,,,,,EURO SILVER,0,0,0,,5,,0,1,0,,,,,2020-09-15 06:25:50
20013917,,False,,0,,,,,,PURGE,0,0,0,,5,,0,1,0,,,,,2020-09-15 06:25:50
20013937,,False,,0,,,,,,POLLARD'S VISION,0,0,0,,5,,0,1,0,,,,,2022-10-15 16:55:27
20013957,,False,,0,,,,,,CONGRESSIONALHONOR,0,0,0,,5,,0,1,0,,,,,2022-10-15 16:55:27
20020116,,False,,0,,,,,,SURE PARK,0,0,0,,5,1.0,0,1,0,,,,,2020-09-15 06:25:50
20020196,,False,,0,,,,,,SIR KHAN,0,0,0,,5,8.0,0,1,0,,,,,2020-09-15 06:25:50
20020398,,False,,0,,,,,,DIAMOND MINE,0,0,0,,5,8.0,0,1,0,,,,,2020-09-15 06:25:50
20020510,,False,,0,,,,,,POWER-THRUST,0,0,0,,5,8.0,0,1,0,,,,,2020-09-15 06:25:50
20020656,,False,,0,,,,,,FLYING CHEETAH,0,0,0,,5,8.0,0,1,0,,,,,2020-09-15 06:25:50
20020712,,False,,0,,,,,,AD INFINITUM,0,0,0,,5,1.0,0,1,0,,,,,2020-09-15 06:25:50
20020792,,False,,0,,,,,,DIAMOND KING,0,0,0,,5,1.0,0,1,0,,,,,2020-09-15 06:25:50
20020818,,False,,0,,,,,,MR. BINGO,0,0,0,,5,1.0,0,1,0,,,,,2020-09-15 06:25:50
20020994,,False,,0,,,,,,BULLSEYE,0,0,0,,5,8.0,0,1,0,,,,,2020-09-15 06:25:50
20021017,,False,,0,,,,,,BREAKING NEWS,0,0,0,,5,1.0,0,1,0,,,,,2020-09-15 06:25:50
20021113,,False,,0,,,,,,CHAIN OF COMMAND,0,0,0,,5,8.0,0,1,0,,,,,2020-09-15 06:25:50
20021153,,False,,0,,,,,,NYAH MAN,0,0,0,,5,1.0,0,1,0,,,,,2020-09-15 06:25:50
20021219,,False,,0,,,,,,THE KID,0,0,0,,5,1.0,0,1,0,,,,,2020-09-15 06:25:50
20021239,,False,,0,,,,,,PECKUS OUT,0,0,0,,5,1.0,0,1,0,,,,,2020-09-15 06:25:50
20021279,,False,,0,,,,,,TIMBERLAKE,0,0,0,,5,8.0,0,1,0,,,,,2020-09-15 06:25:50
20021315,,False,,0,,,,,,SEA OF SILENCE,0,0,0,,5,1.0,0,1,0,,,,,2020-09-15 06:25:50
20021335,,False,,0,,,,,,RIGMAROLE,0,0,0,,5,1.0,0,1,0,,,,,2020-09-15 06:25:50
20021355,,False,,0,,,,,,SONOFAMINISTER,0,0,0,,5,8.0,0,1,0,,,,,2020-09-15 06:25:50
20021431,,False,,0,,,,,,BLANCA,0,0,0,,5,1.0,0,1,0,,,,,2020-09-15 06:25:50
20021557,,False,,0,,,,,,MAKE THEM LAFF,0,0,0,,5,8.0,0,1,0,,,,,2020-09-15 06:25:50
20021613,,False,,0,,,,,,NATURAL DESIRE,0,0,0,,5,1.0,0,1,0,,,,,2020-09-15 06:25:50
20021779,,False,,0,,,,,,CAT-UD-RAY,0,0,0,,5,1.0,0,1,0,,,,,2020-09-15 06:25:50
20021875,,False,,0,,,,,,MR. Q.G.P.,0,0,0,,5,1.0,0,1,0,,,,,2020-09-15 06:25:50
20021951,,False,,0,,,,,,AMERICAN DON,0,0,0,,5,1.0,0,1,0,,,,,2020-09-15 06:25:50
20022130,,False,,0,,,,,,JACK SPARROW,0,0,0,,5,1.0,0,1,0,,,,,2020-09-15 06:25:50
20022190,,False,,0,,,,,,BORDER DISPUTE,0,0,0,,5,1.0,0,1,0,,,,,2020-09-15 06:25:50
20022236,,False,,0,,,,,,QUAN,0,0,0,,5,1.0,0,1,0,,,,,2020-09-15 06:25:50
20022276,,False,,0,,,,,,RAY OF LIGHT,0,0,0,,5,8.0,0,1,0,,,,,2020-09-15 06:25:50
20022418,,False,,0,,,,,,MIRACLE MAN,0,0,0,,5,8.0,0,1,0,,,,,2020-09-15 06:25:50
20022478,,False,,0,,,,,,MAJESTIC MOTION,0,0,0,,5,9.0,0,1,0,,,,,2020-09-15 06:25:50
20022498,,False,,0,,,,,,MUSICAL MAESTRO,0,0,0,,5,8.0,0,1,0,,,,,2020-09-15 06:25:50
20022610,,False,,0,,,,,,BEHIND DE BRIDGE,0,0,0,,5,,0,1,0,,,,,2020-09-15 06:25:50
20022958,,False,,0,,,,,,KING OF THE ROCK,0,0,0,,5,1.0,0,1,0,,,,,2020-09-15 06:25:50
20023031,,False,,0,,,,,,KANDINSKI,0,0,0,,5,1.0,0,1,0,,,,,2020-09-15 06:25:50
20023051,,False,,0,,,,,,DOCTORMAN,0,0,0,,5,8.0,0,1,0,,,,,2020-09-15 06:25:50
20023117,,False,,0,,,,,,RUN ROMAN RUN,0,0,0,,5,,0,1,0,,,,,2020-09-15 06:25:50
20023137,,False,,0,,,,,,DON'T STAY NAKED,0,0,0,,5,8.0,0,1,0,,,,,2020-09-15 06:25:50
20023273,,False,,0,,,,,,PASSA PASSA,0,0,0,,5,,0,1,0,,,,,2020-09-15 06:25:50
20023319,,False,,0,,,,,,CLOCK WORK,0,0,0,,5,1.0,0,1,0,,,,,2020-09-15 06:25:50
20023339,,False,,0,,,,,,CHADMAN,0,0,0,,5,1.0,0,1,0,,,,,2020-09-15 06:25:50
20023359,,False,,0,,,,,,FIWI EMBLEM,0,0,0,,5,1.0,0,1,0,,,,,2020-09-15 06:25:50
20023399,,False,,0,,,,,,SAMMY OH SO,0,0,0,,5,8.0,0,1,0,,,,,2020-09-15 06:25:50
20023571,,False,,0,,,,,,TRIPLE ACCOUNT,0,0,0,,5,1.0,0,1,0,,,,,2020-09-15 06:25:50
20023753,,False,,0,,,,,,PROUD ACCOLADE,0,0,0,,5,,0,1,0,,,,,2020-09-15 06:25:50
20023773,,False,,0,,,,,,DISTORTED,0,0,0,,5,1.0,0,1,0,,,,,2020-09-15 06:25:50
20023793,,False,,0,,,,,,GIACOMO,0,0,0,,5,9.0,0,1,0,,,,,2020-09-15 06:25:50
20023819,,False,,0,,,,,,WILKO,0,0,0,,5,8.0,0,1,0,,,,,2020-09-15 06:25:50
20023839,,False,,0,,,,,,STORM SURGE,0,0,0,,5,1.0,0,1,0,,,,,2020-09-15 06:25:50
20023859,,False,,0,,,,,,INDIAN OCEAN,0,0,0,,5,1.0,0,1,0,,,,,2020-09-15 06:25:50
20023879,,False,,0,,,,,,BANDINI,0,0,0,,5,,0,1,0,,,,,2020-09-15 06:25:50
20023915,,False,,0,,,,,,BLUE PEPSI LODGE,0,0,0,,5,8.0,0,1,0,,,,,2020-09-15 06:25:50
20023935,,False,,0,,,,,,INDY WIND,0,0,0,,5,,0,1,0,,,,,2020-09-15 06:25:50
20023955,,False,,0,,,,,,CLOSING ARGUMENT,0,0,0,,5,1.0,0,1,0,,,,,2020-09-15 06:25:50
20023975,,False,,0,,,,,,BELLAMY ROAD,0,0,0,,5,,0,1,0,,,,,2020-09-15 06:25:50
20023995,,False,,0,,,,,,SILVER TRAIN,0,0,0,,5,,0,1,0,,,,,2020-09-15 06:25:50
20024018,,False,,0,,,,,,SURVIVALIST,0,0,0,,5,,0,1,0,,,,,2020-09-15 06:25:50
20024038,,False,,0,,,,,,NASHEET,0,0,0,,5,1.0,0,1,0,,,,,2020-09-15 06:25:50
20024058,,False,,0,,,,,,PAPI CHULLO,0,0,0,,5,9.0,0,1,0,,,,,2020-09-15 06:25:50
20024078,,False,,0,,,,,,SAINT ANDDAN,0,0,0,,5,,0,1,0,,,,,2020-09-15 06:25:50
20024098,,False,,0,,,,,,CONSOLIDATOR,0,0,0,,5,,0,1,0,,,,,2020-09-15 06:25:50
20024114,,False,,0,,,,,,FLOWER ALLEY,0,0,0,,5,,0,1,0,,,,,2020-09-15 06:25:50
20024134,,False,,0,,,,,,MASTER COMMAND,0,0,0,,5,,0,1,0,,,,,2020-09-15 06:25:50
20024154,,False,,0,,,,,,THE DADDY,0,0,0,,5,,0,1,0,,,,,2020-09-15 06:25:50
20024194,,False,,0,,,,,,AFLEET ALEX,0,0,0,,5,,0,1,0,,,,,2020-09-15 06:25:50
20024210,,False,,0,,,,,,ROCKPORT HARBOUR,0,0,0,,5,,0,1,0,,,,,2020-09-15 06:25:50
20024230,,False,,0,,,,,,STUDENT COUNCIL,0,0,0,,5,,0,1,0,,,,,2020-09-15 06:25:50
20024290,,False,,0,,,,,,DANCE WITH RAVENS,0,0,0,,5,,0,1,0,,,,,2020-09-15 06:25:50
20024316,,False,,0,,,,,,ENGLISH CHANNEL,0,0,0,,5,,0,1,0,,,,,2022-10-15 16:55:27
20030015,,False,,0,,,,,,YESBYJIMMINY,0,0,0,,5,,0,1,0,,,,,2020-09-15 06:25:50
20030098,,False,,0,,,,,,ARABIAN SKY,0,0,0,,5,1.0,0,1,0,,,,,2020-09-15 06:25:50
20030114,,False,,0,,,,,,CARIBBEAN MINISTER,0,0,0,,5,8.0,0,1,0,,,,,2020-09-15 06:25:50
20030194,,False,,0,,,,,,RANSOM MAN,0,0,0,,5,1.0,0,1,0,,,,,2020-09-15 06:25:50
20030290,,False,,0,,,,,,SIR BARRINGTON,0,0,0,,5,1.0,0,1,0,,,,,2020-09-15 06:25:50
20030316,,False,,0,,,,,,DOUBLE RALLY,0,0,0,,5,8.0,0,1,0,,,,,2020-09-15 06:25:50
20030376,,False,,0,,,,,,RED LION,0,0,0,,5,1.0,0,1,0,,,,,2020-09-15 06:25:50
20030432,,False,,0,,,,,,PIARCO,0,0,0,,5,1.0,0,1,0,,,,,2020-09-15 06:25:50
20030538,,False,,0,,,,,,RAMPAGE,0,0,0,,5,1.0,0,1,0,,,,,2020-09-15 06:25:50
20030634,,False,,0,,,,,,JAMMING,0,0,0,,5,1.0,0,1,0,,,,,2020-09-15 06:25:50
20030694,,False,,0,,,,,,TOBLERONE,0,0,0,,5,8.0,0,1,0,,,,,2020-09-15 06:25:50
20030710,,False,,0,,,,,,ABSOLUTE STORMER,0,0,0,,5,1.0,0,1,0,,,,,2020-09-15 06:25:50
20030790,,False,,0,,,,,,POWER OF LOVE,0,0,0,,5,1.0,0,1,0,,,,,2020-09-15 06:25:50
20030896,,False,,0,,,,,,YAMASHITA'S GOLD,0,0,0,,5,1.0,0,1,0,,,,,2020-09-15 06:25:50
20030932,,False,,0,,,,,,MAJOR MAYER,0,0,0,,5,8.0,0,1,0,,,,,2020-09-15 06:25:50
20031095,,False,,0,,,,,,LATIN KING,0,0,0,,5,1.0,0,1,0,,,,,2020-09-15 06:25:50
20031111,,False,,0,,,,,,LITTLE SNOW JOHN,0,0,0,,5,8.0,0,1,0,,,,,2020-09-15 06:25:50
20031419,,False,,0,,,,,,WILD GLITZ,0,0,0,,5,8.0,0,1,0,,,,,2020-09-15 06:25:50
20031515,,False,,0,,,,,,YOURK,0,0,0,,5,8.0,0,1,0,,,,,2020-09-15 06:25:50
20031555,,False,,0,,,,,,STONE COLD,0,0,0,,5,8.0,0,1,0,,,,,2020-09-15 06:25:50
20031631,,False,,0,,,,,,BY LAW,0,0,0,,5,1.0,0,1,0,,,,,2020-09-15 06:25:50
20031651,,False,,0,,,,,,BIGG DANGEROUS,0,0,0,,5,1.0,0,1,0,,,,,2020-09-15 06:25:50
20031671,,False,,0,,,,,,UCANDOIT,0,0,0,,5,1.0,0,1,0,,,,,2020-09-15 06:25:50
20031757,,False,,0,,,,,,SPANISH CRACKER,0,0,0,,5,1.0,0,1,0,,,,,2020-09-15 06:25:50
20031797,,False,,0,,,,,,MARKET BRIDLE,0,0,0,,5,1.0,0,1,0,,,,,2020-09-15 06:25:50
20031853,,False,,0,,,,,,CHRISTMAS GIFT,0,0,0,,5,8.0,0,1,0,,,,,2020-09-15 06:25:50
20031999,,False,,0,,,,,,FOX MAN,0,0,0,,5,1.0,0,1,0,,,,,2020-09-15 06:25:50
20032052,,False,,0,,,,,,MYTHICAL PEGASUS,0,0,0,,5,8.0,0,1,0,,,,,2020-09-15 06:25:50
20032072,,False,,0,,,,,,CHINA TOWN,0,0,0,,5,1.0,0,1,0,,,,,2020-09-15 06:25:50
20032234,,False,,0,,,,,,WILD AT HEART,0,0,0,,5,1.0,0,1,0,,,,,2020-09-15 06:25:50
20032310,,False,,0,,,,,,BULLET TRAIN,0,0,0,,5,8.0,0,1,0,,,,,2020-09-15 06:25:50
20032418,,False,,0,,,,,,HALF OURS,0,0,0,,5,,0,1,0,,,,,2022-10-15 16:55:27
20032658,,False,,0,,,,,,FREE FALL,0,0,0,,5,8.0,0,1,0,,,,,2020-09-15 06:25:50
20032678,,False,,0,,,,,,HARBOUR MASTER,0,0,0,,5,8.0,0,1,0,,,,,2020-09-15 06:25:50
20032734,,False,,0,,,,,,SAMBA DANCER,0,0,0,,5,1.0,0,1,0,,,,,2020-09-15 06:25:50
20032810,,False,,0,,,,,,BROKEN ARROW,0,0,0,,5,8.0,0,1,0,,,,,2020-09-15 06:25:50
20032830,,False,,0,,,,,,SANKOFA,0,0,0,,5,8.0,0,1,0,,,,,2020-09-15 06:25:50
20032936,,False,,0,,,,,,LEAVE ME ALONE,0,0,0,,5,1.0,0,1,0,,,,,2020-09-15 06:25:50
20033039,,False,,0,,,,,,MITAKA,0,0,0,,5,1.0,0,1,0,,,,,2020-09-15 06:25:50
20033059,,False,,0,,,,,,HEAR MY CRY,0,0,0,,5,1.0,0,1,0,,,,,2020-09-15 06:25:50
20033079,,False,,0,,,,,,SKYWAY EXPRESS,0,0,0,,5,8.0,0,1,0,,,,,2020-09-15 06:25:50
20033115,,False,,0,,,,,,COLONEL JENKALS,0,0,0,,5,8.0,0,1,0,,,,,2020-09-15 06:25:50
20033211,,False,,0,,,,,,SHUFFLING MADDNES,0,0,0,,5,,0,1,0,,,,,2020-09-15 06:25:50
20033231,,False,,0,,,,,,DODGEM,0,0,0,,5,,0,1,0,,,,,2020-09-15 06:25:50
20033271,,False,,0,,,,,,SUNRIVER,0,0,0,,5,,0,1,0,,,,,2020-09-15 06:25:50
20033291,,False,,0,,,,,,KEYED ENTRY,0,0,0,,5,,0,1,0,,,,,2020-09-15 06:25:50
20033317,,False,,0,,,,,,EXCLUSIVE QUALITY,0,0,0,,5,,0,1,0,,,,,2020-09-15 06:25:50
20033337,,False,,0,,,,,,DA STOOPS,0,0,0,,5,,0,1,0,,,,,2020-09-15 06:25:50
20033357,,False,,0,,,,,,STEVIE WONDERBOY,0,0,0,,5,,0,1,0,,,,,2020-09-15 06:25:50
20033377,,False,,0,,,,,,CORINTHIAN,0,0,0,,5,,0,1,0,,,,,2020-09-15 06:25:50
20033397,,False,,0,,,,,,PORTO SANTO,0,0,0,,5,1.0,0,1,0,,,,,2020-09-15 06:25:50
20033413,,False,,0,,,,,,IN SUMMATION,0,0,0,,5,,0,1,0,,,,,2020-09-15 06:25:50
20033433,,False,,0,,,,,,HENNY HUGHES,0,0,0,,5,,0,1,0,,,,,2020-09-15 06:25:50
20033453,,False,,0,,,,,,BRIDLED QUEST,0,0,0,,5,1.0,0,1,0,,,,,2020-09-15 06:25:50
20033473,,False,,0,,,,,,DEPUTY GLITTERS,0,0,0,,5,1.0,0,1,0,,,,,2020-09-15 06:25:50
20033493,,False,,0,,,,,,MIDNIGHT LUTE,0,0,0,,5,,0,1,0,,,,,2020-09-15 06:25:50
20033519,,False,,0,,,,,,SPRING AT LAST,0,0,0,,5,,0,1,0,,,,,2020-09-15 06:25:50
20033539,,False,,0,,,,,,POLITICAL FORCE,0,0,0,,5,12.0,0,1,0,,,,,2020-09-15 06:25:50
20033559,,False,,0,,,,,,SHARP HUMOR,0,0,0,,5,1.0,0,1,0,,,,,2020-09-15 06:25:50
20033579,,False,,0,,,,,,RISING MOON,0,0,0,,5,9.0,0,1,0,,,,,2020-09-15 06:25:50
20033599,,False,,0,,,,,,FIRST SAMURAI,0,0,0,,5,,0,1,0,,,,,2020-09-15 06:25:50
20033615,,False,,0,,,,,,VIBANK,0,0,0,,5,,0,1,0,,,,,2020-09-15 06:25:50
20033635,,False,,0,,,,,,BERNARDINI,0,0,0,,5,,0,1,0,,,,,2020-09-15 06:25:51
20033655,,False,,0,,,,,,BLUEGRASS CAT,0,0,0,,5,,0,1,0,,,,,2020-09-15 06:25:51
20033675,,False,,0,,,,,,TOO MUCH BLING,0,0,0,,5,,0,1,0,,,,,2020-09-15 06:25:51
20033695,,False,,0,,,,,,SIR PERCY,0,0,0,,5,,0,1,0,,,,,2020-09-15 06:25:51
20033711,,False,,0,,,,,,DISCREET CAT,0,0,0,,5,,0,1,0,,,,,2020-09-15 06:25:51
20033731,,False,,0,,,,,,LATENT HEAT,0,0,0,,5,,0,1,0,,,,,2021-05-17 07:13:56
20034152,,False,,0,,,,,,A. T. WARRIOR,0,0,0,,5,,0,1,0,,,,,2020-09-15 06:25:51
20034192,,False,,0,,,,,,EL NINO,0,0,0,,5,,0,1,0,,,,,2020-09-15 06:25:51
20034218,,False,,0,,,,,,HALF OURS,0,0,0,,5,,0,1,0,,,,,2020-09-15 06:25:51
20040056,,False,,0,,,,,,JOHNNY KOOL,0,0,0,,5,1.0,0,1,0,,,,,2020-09-15 06:25:51
20040152,,False,,0,,,,,,CHANCES ARE,0,0,0,,5,1.0,0,1,0,,,,,2020-09-15 06:25:51
20040172,,False,,0,,,,,,EMMANUEL,0,0,0,,5,1.0,0,1,0,,,,,2020-09-15 06:25:51
20040238,,False,,0,,,,,,MAN OF THE SEA,0,0,0,,5,1.0,0,1,0,,,,,2020-09-15 06:25:51
20040258,,False,,0,,,,,,COLUMBUS,0,0,0,,5,1.0,0,1,0,,,,,2020-09-15 06:25:51
20040394,,False,,0,,,,,,LA'S DANCER,0,0,0,,5,8.0,0,1,0,,,,,2020-09-15 06:25:51
20040410,,False,,0,,,,,,CHAMPAGNE PRINCE,0,0,0,,5,8.0,0,1,0,,,,,2020-09-15 06:25:51
20040430,,False,,0,,,,,,UNBRIDLED DANCER,0,0,0,,5,1.0,0,1,0,,,,,2020-09-15 06:25:51
20040470,,False,,0,,,,,,FULL FARE,0,0,0,,5,8.0,0,1,0,,,,,2020-09-15 06:25:51
20040596,,False,,0,,,,,,HINDU KUSH,0,0,0,,5,1.0,0,1,0,,,,,2020-09-15 06:25:51
20040632,,False,,0,,,,,,POWER GLITZ,0,0,0,,5,1.0,0,1,0,,,,,2020-09-15 06:25:51
20040758,,False,,0,,,,,,EL DIABLO,0,0,0,,5,8.0,0,1,0,,,,,2020-09-15 06:25:51
20040930,,False,,0,,,,,,SIR AL J,0,0,0,,5,8.0,0,1,0,,,,,2020-09-15 06:25:51
20040950,,False,,0,,,,,,ALNASKRA,0,0,0,,5,1.0,0,1,0,,,,,2020-09-15 06:25:51
20041033,,False,,0,,,,,,MAGNIFICO,0,0,0,,5,8.0,0,1,0,,,,,2020-09-15 06:25:51
20041053,,False,,0,,,,,,SPACESAVER,0,0,0,,5,8.0,0,1,0,,,,,2020-09-15 06:25:51
20041073,,False,,0,,,,,,ROMEZ,0,0,0,,5,1.0,0,1,0,,,,,2020-09-15 06:25:51
20041139,,False,,0,,,,,,RHYMAT,0,0,0,,5,1.0,0,1,0,,,,,2020-09-15 06:25:51
20041179,,False,,0,,,,,,THE BOMBER,0,0,0,,5,1.0,0,1,0,,,,,2020-09-15 06:25:51
20041235,,False,,0,,,,,,MUCHO GUSTO,0,0,0,,5,1.0,0,1,0,,,,,2020-09-15 06:25:51
20041255,,False,,0,,,,,,SIR FIN,0,0,0,,5,,0,1,0,,,,,2020-09-15 06:25:51
20041331,,False,,0,,,,,,MAN OF HONOR,0,0,0,,5,8.0,0,1,0,,,,,2020-09-15 06:25:51
20041351,,False,,0,,,,,,THE BEST MAN,0,0,0,,5,1.0,0,1,0,,,,,2020-09-15 06:25:51
20041371,,False,,0,,,,,,IL CAIMANO,0,0,0,,5,1.0,0,1,0,,,,,2020-09-15 06:25:51
20041391,,False,,0,,,,,,ROYAL BLAST,0,0,0,,5,1.0,0,1,0,,,,,2020-09-15 06:25:51
20041437,,False,,0,,,,,,NATURALLY ROYAL,0,0,0,,5,8.0,0,1,0,,,,,2020-09-15 06:25:51
20041457,,False,,0,,,,,,RANKING,0,0,0,,5,8.0,0,1,0,,,,,2020-09-15 06:25:51
20041513,,False,,0,,,,,,CHIPONYOURSHOULDER,0,0,0,,5,1.0,0,1,0,,,,,2020-09-15 06:25:51
20041553,,False,,0,,,,,,PERFECT STEP,0,0,0,,5,1.0,0,1,0,,,,,2020-09-15 06:25:51
20041573,,False,,0,,,,,,PRIME MINISTER,0,0,0,,5,1.0,0,1,0,,,,,2020-09-15 06:25:51
20041619,,False,,0,,,,,,DREAM MASTER,0,0,0,,5,1.0,0,1,0,,,,,2020-09-15 06:25:51
20041639,,False,,0,,,,,,ACCOMPONG,0,0,0,,5,8.0,0,1,0,,,,,2020-09-15 06:25:51
20041715,,False,,0,,,,,,KING'S COUNSEL,0,0,0,,5,8.0,0,1,0,,,,,2020-09-15 06:25:51
20041775,,False,,0,,,,,,RALLYTOMARKET,0,0,0,,5,8.0,0,1,0,,,,,2020-09-15 06:25:51
20041795,,False,,0,,,,,,OPENING BID,0,0,0,,5,1.0,0,1,0,,,,,2020-09-15 06:25:51
20041811,,False,,0,,,,,,MOUNT DIABLO,0,0,0,,5,1.0,0,1,0,,,,,2020-09-15 06:25:51
20041891,,False,,0,,,,,,FULL SPECTRUM,0,0,0,,5,1.0,0,1,0,,,,,2020-09-15 06:25:51
20041957,,False,,0,,,,,,BLUE MAGIC,0,0,0,,5,1.0,0,1,0,,,,,2020-09-15 06:25:51
20041997,,False,,0,,,,,,BUNKER DUST,0,0,0,,5,9.0,0,1,0,,,,,2020-09-15 06:25:51
20042030,,False,,0,,,,,,DESIGNED FOR LUCK,0,0,0,,5,1.0,0,1,0,,,,,2020-09-15 06:25:51
20042050,,False,,0,,,,,,JJ'S RED ROCKET,0,0,0,,5,1.0,0,1,0,,,,,2020-09-15 06:25:51
20042070,,False,,0,,,,,,IVAN THE TERRIBLE,0,0,0,,5,1.0,0,1,0,,,,,2020-09-15 06:25:51
20042212,,False,,0,,,,,,GET THEM,0,0,0,,5,8.0,0,1,0,,,,,2020-09-15 06:25:51
20042232,,False,,0,,,,,,HAIL THE GENIUS,0,0,0,,5,1.0,0,1,0,,,,,2020-09-15 06:25:51
20042292,,False,,0,,,,,,SLING SHOT,0,0,0,,5,8.0,0,1,0,,,,,2020-09-15 06:25:51
20042318,,False,,0,,,,,,MR. BUTCHER,0,0,0,,5,1.0,0,1,0,,,,,2020-09-15 06:25:51
20042358,,False,,0,,,,,,SLOGAN,0,0,0,,5,1.0,0,1,0,,,,,2020-09-15 06:25:51
20042378,,False,,0,,,,,,EARTHWINDANDFIRE,0,0,0,,5,1.0,0,1,0,,,,,2020-09-15 06:25:51
20042398,,False,,0,,,,,,RULE BY SECRECY,0,0,0,,5,8.0,0,1,0,,,,,2020-09-15 06:25:51
20042494,,False,,0,,,,,,MARK TO MARKET,0,0,0,,5,8.0,0,1,0,,,,,2020-09-15 06:25:51
20042510,,False,,0,,,,,,HARDWAR PRINCE,0,0,0,,5,8.0,0,1,0,,,,,2020-09-15 06:25:51
20042530,,False,,0,,,,,,TIMOTHY SCOTT,0,0,0,,5,1.0,0,1,0,,,,,2020-09-15 06:25:51
20042570,,False,,0,,,,,,TEAMWORK,0,0,0,,5,1.0,0,1,0,,,,,2020-09-15 06:25:51
20042636,,False,,0,,,,,,CIRCULAR QUAY,0,0,0,,5,,0,1,0,,,,,2020-09-15 06:25:51
20042752,,False,,0,,,,,,FOURFORTYFOURTRAIN,0,0,0,,5,1.0,0,1,0,,,,,2020-09-15 06:25:51
20042792,,False,,0,,,,,,FRANCHISE,0,0,0,,5,1.0,0,1,0,,,,,2020-09-15 06:25:51
20042818,,False,,0,,,,,,RED FIRE,0,0,0,,5,9.0,0,1,0,,,,,2020-09-15 06:25:51
20042878,,False,,0,,,,,,GALLAVANTER,0,0,0,,5,1.0,0,1,0,,,,,2020-09-15 06:25:51
20042914,,False,,0,,,,,,JAX WILD CARD,0,0,0,,5,1.0,0,1,0,,,,,2020-09-15 06:25:51
20042934,,False,,0,,,,,,RUSH HOUR,0,0,0,,5,1.0,0,1,0,,,,,2020-09-15 06:25:51
20042974,,False,,0,,,,,,CRITICAL REVIEW,0,0,0,,5,1.0,0,1,0,,,,,2020-09-15 06:25:51
20043017,,False,,0,,,,,,FELICIDAD,0,0,0,,5,1.0,0,1,0,,,,,2020-09-15 06:25:51
20043077,,False,,0,,,,,,WATCH AND WAVE,0,0,0,,5,,0,1,0,,,,,2020-09-15 06:25:51
20043097,,False,,0,,,,,,THAT'S MY MARKET,0,0,0,,5,8.0,0,1,0,,,,,2020-09-15 06:25:51
20043113,,False,,0,,,,,,LITTLE QUAN QUAN,0,0,0,,5,1.0,0,1,0,,,,,2020-09-15 06:25:51
20043133,,False,,0,,,,,,MOUNTERE,0,0,0,,5,8.0,0,1,0,,,,,2020-09-15 06:25:51
20043173,,False,,0,,,,,,RUN ALDEENO,0,0,0,,5,11.0,0,1,0,,,,,2020-09-15 06:25:51
20043259,,False,,0,,,,,,BRANSTOCK,0,0,0,,5,1.0,0,1,0,,,,,2020-09-15 06:25:51
20043279,,False,,0,,,,,,STRONG DELIVERY,0,0,0,,5,8.0,0,1,0,,,,,2020-09-15 06:25:51
20043335,,False,,0,,,,,,ONE MOVE,0,0,0,,5,,0,1,0,,,,,2020-09-15 06:25:51
20043371,,False,,0,,,,,,LIQUIDITY,0,0,0,,5,,0,1,0,,,,,2021-05-17 07:13:56
20043375,,False,,0,,,,,,WHO'S STAYIN ON,0,0,0,,5,,0,1,0,,,,,2020-09-15 06:25:51
20043395,,False,,0,,,,,,WILD ZIP,0,0,0,,5,1.0,0,1,0,,,,,2020-09-15 06:25:51
20043471,,False,,0,,,,,,LIQUIDITY,0,0,0,,5,1.0,0,1,0,,,,,2020-09-15 06:25:51
20043491,,False,,0,,,,,,HOMING INSTINCT,0,0,0,,5,8.0,0,1,0,,,,,2020-09-15 06:25:51
20043517,,False,,0,,,,,,MR ZIP,0,0,0,,5,8.0,0,1,0,,,,,2020-09-15 06:25:51
20043537,,False,,0,,,,,,FILM DIRECTOR,0,0,0,,5,1.0,0,1,0,,,,,2020-09-15 06:25:51
20043557,,False,,0,,,,,,SIR MATTHEW,0,0,0,,5,1.0,0,1,0,,,,,2020-09-15 06:25:51
20043577,,False,,0,,,,,,ZAHAAZEH,0,0,0,,5,8.0,0,1,0,,,,,2020-09-15 06:25:51
20043597,,False,,0,,,,,,SUCCESSFUL WAYS,0,0,0,,5,,0,1,0,,,,,2020-09-15 06:25:51
20043613,,False,,0,,,,,,ADORE THE GOLD,0,0,0,,5,,0,1,0,,,,,2020-09-15 06:25:51
20043653,,False,,0,,,,,,COWTOWN CAT,0,0,0,,5,,0,1,0,,,,,2020-09-15 06:25:51
20043673,,False,,0,,,,,,FEARLESS VISION,0,0,0,,5,9.0,0,1,0,,,,,2020-09-15 06:25:51
20043693,,False,,0,,,,,,PAVAROTTI,0,0,0,,5,,0,1,0,,,,,2020-09-15 06:25:51
20043719,,False,,0,,,,,,YESBYJIMMINY,0,0,0,,5,,0,1,0,,,,,2020-09-15 06:25:51
20043759,,False,,0,,,,,,ZANJERO,0,0,0,,5,,0,1,0,,,,,2020-09-15 06:25:51
20043779,,False,,0,,,,,,TIAGO,0,0,0,,5,1.0,0,1,0,,,,,2020-09-15 06:25:51
20043815,,False,,0,,,,,,TEUFLESBERG,0,0,0,,5,,0,1,0,,,,,2020-09-15 06:25:51
20043835,,False,,0,,,,,,SCAT DADDY,0,0,0,,5,,0,1,0,,,,,2020-09-15 06:25:51
20043855,,False,,0,,,,,,CURLIN,0,0,0,,5,,0,1,0,,,,,2022-10-15 16:55:28
20043875,,False,,0,,,,,,HORSE GREELEY,0,0,0,,5,,0,1,0,,,,,2020-09-15 06:25:51
20043895,,False,,0,,,,,,AUTHORIZED,0,0,0,,5,,0,1,0,,,,,2020-09-15 06:25:51
20043931,,False,,0,,,,,,HARD SPUN,0,0,0,,5,,0,1,0,,,,,2020-09-15 06:25:51
20043971,,False,,0,,,,,,CHAPTER ONE,0,0,0,,5,,0,1,0,,,,,2021-09-23 06:20:39
20044014,,False,,0,,,,,,SIGHTSEEING,0,0,0,,5,,0,1,0,,,,,2020-09-15 06:25:51
20050094,,False,,0,,,,,,JAC THE SIOUX,0,0,0,,5,1.0,0,1,0,,,,,2020-09-15 06:25:51
20050130,,False,,0,,,,,,GLOBAL MINISTER,0,0,0,,5,1.0,0,1,0,,,,,2020-09-15 06:25:51
20050170,,False,,0,,,,,,SEA PATROL,0,0,0,,5,1.0,0,1,0,,,,,2020-09-15 06:25:51
20050190,,False,,0,,,,,,LITTLEREDCORVETTE,0,0,0,,5,8.0,0,1,0,,,,,2020-09-15 06:25:51
20050276,,False,,0,,,,,,LORD O' MANDY,0,0,0,,5,1.0,0,1,0,,,,,2020-09-15 06:25:51
20050418,,False,,0,,,,,,ROYAL LAD,0,0,0,,5,1.0,0,1,0,,,,,2020-09-15 06:25:51
20050498,,False,,0,,,,,,THE GUARDIAN,0,0,0,,5,1.0,0,1,0,,,,,2020-09-15 06:25:51
20050610,,False,,0,,,,,,MEDSTAR,0,0,0,,5,1.0,0,1,0,,,,,2020-09-15 06:25:51
20050716,,False,,0,,,,,,SPACEMAN,0,0,0,,5,8.0,0,1,0,,,,,2020-09-15 06:25:51
20050796,,False,,0,,,,,,RAHMAN,0,0,0,,5,9.0,0,1,0,,,,,2020-09-15 06:25:51
20050832,,False,,0,,,,,,THE REAL STREAM,0,0,0,,5,11.0,0,1,0,,,,,2020-09-15 06:25:51
20050872,,False,,0,,,,,,DOLLA WIN,0,0,0,,5,1.0,0,1,0,,,,,2020-09-15 06:25:51
20050892,,False,,0,,,,,,GOOD SENSE,0,0,0,,5,1.0,0,1,0,,,,,2020-09-15 06:25:51
20051031,,False,,0,,,,,,CENTANNI,0,0,0,,5,1.0,0,1,0,,,,,2020-09-15 06:25:51
20051071,,False,,0,,,,,,DISTINCT HONOUR,0,0,0,,5,8.0,0,1,0,,,,,2020-09-15 06:25:51
20051117,,False,,0,,,,,,MONTEGO MAGIC,0,0,0,,5,1.0,0,1,0,,,,,2020-09-15 06:25:51
20051137,,False,,0,,,,,,FOREVER MINE,0,0,0,,5,1.0,0,1,0,,,,,2020-09-15 06:25:51
20051157,,False,,0,,,,,,WAR CHEST,0,0,0,,5,1.0,0,1,0,,,,,2020-09-15 06:25:51
20051177,,False,,0,,,,,,TIME MACHINE,0,0,0,,5,8.0,0,1,0,,,,,2020-09-15 06:25:51
20051197,,False,,0,,,,,,MR SKILL,0,0,0,,5,1.0,0,1,0,,,,,2020-09-15 06:25:51
20051339,,False,,0,,,,,,MACHISMO,0,0,0,,5,1.0,0,1,0,,,,,2020-09-15 06:25:51
20051399,,False,,0,,,,,,THEDIVINEKING,0,0,0,,5,1.0,0,1,0,,,,,2020-09-15 06:25:51
20051455_sire,,False,,0,,,,,,MR. THEOPHILUS,0,0,0,,5,1.0,0,1,0,,,,,2020-09-15 06:25:51
20051495,,False,,0,,,,,,SONOR,0,0,0,,5,1.0,0,1,0,,,,,2020-09-15 06:25:51
20051511,,False,,0,,,,,,DA GLITTERMAN,0,0,0,,5,8.0,0,1,0,,,,,2020-09-15 06:25:51
20051617,,False,,0,,,,,,INDIAN GOVERNOR,0,0,0,,5,1.0,0,1,0,,,,,2020-09-15 06:25:51
20051657,,False,,0,,,,,,MOUNTAINSIDE MAN,0,0,0,,5,8.0,0,1,0,,,,,2020-09-15 06:25:51
20051713,,False,,0,,,,,,WHEEL N DEAL,0,0,0,,5,8.0,0,1,0,,,,,2020-09-15 06:25:51
20051753,,False,,0,,,,,,MAZDA POWER,0,0,0,,5,8.0,0,1,0,,,,,2020-09-15 06:25:51
20051793,,False,,0,,,,,,TACTICAL,0,0,0,,5,1.0,0,1,0,,,,,2020-09-15 06:25:51
20051819,,False,,0,,,,,,MY BROWN EYED BOY,0,0,0,,5,8.0,0,1,0,,,,,2020-09-15 06:25:51
20051879,,False,,0,,,,,,LEVEL FIVE,0,0,0,,5,1.0,0,1,0,,,,,2020-09-15 06:25:51
20051935,,False,,0,,,,,,SPIDERMAN,0,0,0,,5,1.0,0,1,0,,,,,2020-09-15 06:25:51
20051975,,False,,0,,,,,,THE GREYT DOCTOR,0,0,0,,5,9.0,0,1,0,,,,,2020-09-15 06:25:51
20052018,,False,,0,,,,,,RISING HURRICANE,0,0,0,,5,1.0,0,1,0,,,,,2020-09-15 06:25:51
20052038,,False,,0,,,,,,SUPER DAVE,0,0,0,,5,1.0,0,1,0,,,,,2020-09-15 06:25:51
20052114,,False,,0,,,,,,MINISTEROFJUSTICE,0,0,0,,5,8.0,0,1,0,,,,,2020-09-15 06:25:51
20052134,,False,,0,,,,,,EL,0,0,0,,5,,0,1,0,,,,,2020-09-15 06:25:51
20052194,,False,,0,,,,,,DONUT PRINCE,0,0,0,,5,8.0,0,1,0,,,,,2020-09-15 06:25:51
20052250,,False,,0,,,,,,BIG MONEY,0,0,0,,5,1.0,0,1,0,,,,,2020-09-15 06:25:51
20052270,,False,,0,,,,,,MR. HENNESSY,0,0,0,,5,1.0,0,1,0,,,,,2020-09-15 06:25:51
20052316,,False,,0,,,,,,FIRST TIME LUCKY,0,0,0,,5,8.0,0,1,0,,,,,2020-09-15 06:25:51
20052336,,False,,0,,,,,,REGGAE BOY,0,0,0,,5,1.0,0,1,0,,,,,2020-09-15 06:25:51
20052356,,False,,0,,,,,,FLY TO THE MOON,0,0,0,,5,8.0,0,1,0,,,,,2020-09-15 06:25:51
20052396,,False,,0,,,,,,LIL' TIGER,0,0,0,,5,1.0,0,1,0,,,,,2020-09-15 06:25:51
20052412,,False,,0,,,,,,TRAINER'S CHOICE,0,0,0,,5,8.0,0,1,0,,,,,2020-09-15 06:25:51
20052432,,False,,0,,,,,,OUTLAW,0,0,0,,5,1.0,0,1,0,,,,,2020-09-15 06:25:51
20052492,,False,,0,,,,,,MOST HONOURABLE,0,0,0,,5,8.0,0,1,0,,,,,2020-09-15 06:25:51
20052558,,False,,0,,,,,,DAMAGE CONTROL,0,0,0,,5,1.0,0,1,0,,,,,2020-09-15 06:25:51
20052598,,False,,0,,,,,,ROYAL IMPACT,0,0,0,,5,8.0,0,1,0,,,,,2020-09-15 06:25:51
20052634,,False,,0,,,,,,A DREAM COME TRUE,0,0,0,,5,8.0,0,1,0,,,,,2020-09-15 06:25:51
20052674,,False,,0,,,,,,PRINCE RIDELL,0,0,0,,5,1.0,0,1,0,,,,,2020-09-15 06:25:51
20052694,,False,,0,,,,,,ZULU PRINCE,0,0,0,,5,8.0,0,1,0,,,,,2020-09-15 06:25:51
20052710,,False,,0,,,,,,MISTER OFFICER,0,0,0,,5,1.0,0,1,0,,,,,2020-09-15 06:25:51
20052730,,False,,0,,,,,,RIFLEMAN,0,0,0,,5,8.0,0,1,0,,,,,2020-09-15 06:25:51
20052770,,False,,0,,,,,,LITTLERICHBOY,0,0,0,,5,,0,1,0,,,,,2020-09-15 06:25:51
20052816,,False,,0,,,,,,MR BLAIR,0,0,0,,5,8.0,0,1,0,,,,,2020-09-15 06:25:51
20052896,,False,,0,,,,,,ESCAPE THE FATE,0,0,0,,5,8.0,0,1,0,,,,,2020-09-15 06:25:51
20052912,,False,,0,,,,,,COLLATION,0,0,0,,5,8.0,0,1,0,,,,,2020-09-15 06:25:51
20052952,,False,,0,,,,,,FORWARDTRACKING,0,0,0,,5,,0,1,0,,,,,2020-09-15 06:25:51
20052972,,False,,0,,,,,,HAIL THE STAR,0,0,0,,5,1.0,0,1,0,,,,,2020-09-15 06:25:51
20052992,,False,,0,,,,,,SLEDGE,0,0,0,,5,8.0,0,1,0,,,,,2020-09-15 06:25:51
20053015,,False,,0,,,,,,MYSTERY MAN,0,0,0,,5,,0,1,0,,,,,2020-09-15 06:25:51
20053035,,False,,0,,,,,,MR. ROYAL,0,0,0,,5,9.0,0,1,0,,,,,2020-09-15 06:25:51
20053095,,False,,0,,,,,,LATENT POWER,0,0,0,,5,8.0,0,1,0,,,,,2020-09-15 06:25:51
20053171,,False,,0,,,,,,CRISIS,0,0,0,,5,8.0,0,1,0,,,,,2020-09-15 06:25:51
20053217,,False,,0,,,,,,PIECE A FOOT,0,0,0,,5,1.0,0,1,0,,,,,2020-09-15 06:25:51
20053237,,False,,0,,,,,,TWO STEP SALSA,0,0,0,,5,,0,1,0,,,,,2020-09-15 06:25:51
20053257,,False,,0,,,,,,SUR PRINCIPAL,0,0,0,,5,1.0,0,1,0,,,,,2020-09-15 06:25:51
20053373,,False,,0,,,,,,SILENT REPROACH,0,0,0,,5,8.0,0,1,0,,,,,2020-09-15 06:25:51
20053393,,False,,0,,,,,,CHUNGFUSION,0,0,0,,5,1.0,0,1,0,,,,,2020-09-15 06:25:51
20053459,,False,,0,,,,,,LIKKLE BIT,0,0,0,,5,1.0,0,1,0,,,,,2020-09-15 06:25:51
20053479,,False,,0,,,,,,QUALITY SOUP,0,0,0,,5,11.0,0,1,0,,,,,2020-09-15 06:25:51
20053499,,False,,0,,,,,,DANCE OUT THE BOX,0,0,0,,5,9.0,0,1,0,,,,,2020-09-15 06:25:51
20053515,,False,,0,,,,,,SUCCESSFUL QUEST,0,0,0,,5,1.0,0,1,0,,,,,2020-09-15 06:25:51
20053535,,False,,0,,,,,,ENGLISH STORM,0,0,0,,5,8.0,0,1,0,,,,,2020-09-15 06:25:51
20053631,,False,,0,,,,,,WISE FIT,0,0,0,,5,1.0,0,1,0,,,,,2020-09-15 06:25:51
20053671,,False,,0,,,,,,SHANGHAI PASS,0,0,0,,5,,0,1,0,,,,,2020-09-15 06:25:51
20053691,,False,,0,,,,,,TEMPLE CITY,0,0,0,,5,,0,1,0,,,,,2020-09-15 06:25:51
20053717,,False,,0,,,,,,MAIMONIDES,0,0,0,,5,,0,1,0,,,,,2020-09-15 06:25:51
20053737,,False,,0,,,,,,INTO MISCHIEF,0,0,0,,5,,0,1,0,,,,,2020-09-15 06:25:51
20053757,,False,,0,,,,,,COWBOY CAL,0,0,0,,5,,0,1,0,,,,,2020-09-15 06:25:51
20053777,,False,,0,,,,,,BIG BROWN,0,0,0,,5,,0,1,0,,,,,2020-09-15 06:25:51
20053797,,False,,0,,,,,,TIZWAY,0,0,0,,5,,0,1,0,,,,,2020-09-15 06:25:51
20053813,,False,,0,,,,,,FIELD COMMISSION,0,0,0,,5,,0,1,0,,,,,2020-09-15 06:25:51
20053833,,False,,0,,,,,,GIO PONTI,0,0,0,,5,,0,1,0,,,,,2021-05-17 07:13:57
20053873,,False,,0,,,,,,WAR PASS,0,0,0,,5,,0,1,0,,,,,2020-09-15 06:25:51
20053893,,False,,0,,,,,,TALE OF EKATI,0,0,0,,5,,0,1,0,,,,,2022-10-15 16:55:28
20060072,,False,,0,,,,,,BORA BORA,0,0,0,,5,9.0,0,1,0,,,,,2020-09-15 06:25:51
20060274,,False,,0,,,,,,CIO MOTO,0,0,0,,5,1.0,0,1,0,,,,,2020-09-15 06:25:51
20060294,,False,,0,,,,,,SPIN DOCTOR,0,0,0,,5,1.0,0,1,0,,,,,2020-09-15 06:25:51
20060330,,False,,0,,,,,,ILLUSIONIST,0,0,0,,5,1.0,0,1,0,,,,,2020-09-15 06:25:51
20060390,,False,,0,,,,,,REDTRACK,0,0,0,,5,8.0,0,1,0,,,,,2020-09-15 06:25:51
20060436,,False,,0,,,,,,AIRCONTROL,0,0,0,,5,1.0,0,1,0,,,,,2020-09-15 06:25:51
20060496,,False,,0,,,,,,MONTE CARLO,0,0,0,,5,1.0,0,1,0,,,,,2020-09-15 06:25:51
20060512,,False,,0,,,,,,SMARTMAN,0,0,0,,5,1.0,0,1,0,,,,,2020-09-15 06:25:51
20060698,,False,,0,,,,,,BIG MAN,0,0,0,,5,1.0,0,1,0,,,,,2020-09-15 06:25:51
20060754,,False,,0,,,,,,TOP COMMANDER,0,0,0,,5,1.0,0,1,0,,,,,2020-09-15 06:25:51
20060830,,False,,0,,,,,,THEREALPRINCE,0,0,0,,5,11.0,0,1,0,,,,,2020-09-15 06:25:51
20061135,,False,,0,,,,,,POOJAH LINKS,0,0,0,,5,1.0,0,1,0,,,,,2020-09-15 06:25:51
20061231,,False,,0,,,,,,HE'S REALLY OK,0,0,0,,5,11.0,0,1,0,,,,,2020-09-15 06:25:51
20061317,,False,,0,,,,,,RUSSIAN MARQUE,0,0,0,,5,8.0,0,1,0,,,,,2020-09-15 06:25:51
20061337,,False,,0,,,,,,RESTLESS MARQUE,0,0,0,,5,8.0,0,1,0,,,,,2020-09-15 06:25:51
20061413,,False,,0,,,,,,MANONAMISSION,0,0,0,,5,1.0,0,1,0,,,,,2020-09-15 06:25:51
20061519,,False,,0,,,,,,REGGAE ROCK,0,0,0,,5,1.0,0,1,0,,,,,2020-09-15 06:25:51
20061579,,False,,0,,,,,,GO MY ROBIN,0,0,0,,5,8.0,0,1,0,,,,,2020-09-15 06:25:51
20061599,,False,,0,,,,,,GO-SAM-GO,0,0,0,,5,8.0,0,1,0,,,,,2020-09-15 06:25:51
20061695,,False,,0,,,,,,CONEYISLANDBOY,0,0,0,,5,9.0,0,1,0,,,,,2020-09-15 06:25:51
20061711,,False,,0,,,,,,STOCK MARKET,0,0,0,,5,1.0,0,1,0,,,,,2020-09-15 06:25:51
20061731,,False,,0,,,,,,SOMETHING DOING,0,0,0,,5,1.0,0,1,0,,,,,2020-09-15 06:25:51
20061897,,False,,0,,,,,,SIR VALIANT,0,0,0,,5,1.0,0,1,0,,,,,2020-09-15 06:25:51
20061913,,False,,0,,,,,,PROGRESSIVE,0,0,0,,5,1.0,0,1,0,,,,,2020-09-15 06:25:51
20061953,,False,,0,,,,,,EXCELLENT BOY,0,0,0,,5,1.0,0,1,0,,,,,2020-09-15 06:25:51
20062076,,False,,0,,,,,,YOJIMBO,0,0,0,,5,8.0,0,1,0,,,,,2020-09-15 06:25:51
20062112,,False,,0,,,,,,CLASSICAL BULLET,0,0,0,,5,1.0,0,1,0,,,,,2020-09-15 06:25:51
20062152,,False,,0,,,,,,SING ADESH SING,0,0,0,,5,1.0,0,1,0,,,,,2020-09-15 06:25:51
20062172,,False,,0,,,,,,MAKE YOUR MOVE,0,0,0,,5,8.0,0,1,0,,,,,2020-09-15 06:25:51
20062258,,False,,0,,,,,,KETCHIKAN,0,0,0,,5,1.0,0,1,0,,,,,2020-09-15 06:25:51
20062278,,False,,0,,,,,,THE GUV,0,0,0,,5,9.0,0,1,0,,,,,2020-09-15 06:25:51
20062298,,False,,0,,,,,,SKY FORCE,0,0,0,,5,1.0,0,1,0,,,,,2020-09-15 06:25:51
20062334,,False,,0,,,,,,MINISTER'S FANTASY,0,0,0,,5,1.0,0,1,0,,,,,2020-09-15 06:25:51
20062394,,False,,0,,,,,,POSEIDON,0,0,0,,5,8.0,0,1,0,,,,,2020-09-15 06:25:51
20062450,,False,,0,,,,,,THE CHIEF,0,0,0,,5,1.0,0,1,0,,,,,2020-09-15 06:25:51
20062596,,False,,0,,,,,,DANCE MACHINE,0,0,0,,5,8.0,0,1,0,,,,,2020-09-15 06:25:51
20062692,,False,,0,,,,,,HOMEBUSH BABY,0,0,0,,5,,0,1,0,,,,,2020-09-15 06:25:51
20062738,,False,,0,,,,,,SOUND OF THUNDER,0,0,0,,5,1.0,0,1,0,,,,,2020-09-15 06:25:51
20062778,,False,,0,,,,,,THEHOPEFULONE,0,0,0,,5,8.0,0,1,0,,,,,2020-09-15 06:25:51
20062798,,False,,0,,,,,,TOEKAS,0,0,0,,5,1.0,0,1,0,,,,,2020-09-15 06:25:51
20063093,,False,,0,,,,,,GRANDSLAM,0,0,0,,5,9.0,0,1,0,,,,,2020-09-15 06:25:51
20063215,,False,,0,,,,,,BIRD'S EYE VIEW,0,0,0,,5,1.0,0,1,0,,,,,2020-09-15 06:25:51
20063275,,False,,0,,,,,,EL SHADDAI,0,0,0,,5,8.0,0,1,0,,,,,2020-09-15 06:25:51
20063351,,False,,0,,,,,,REEL PRIME TIME,0,0,0,,5,1.0,0,1,0,,,,,2020-09-15 06:25:51
20063417,,False,,0,,,,,,MR. BIGSHOT,0,0,0,,5,1.0,0,1,0,,,,,2020-09-15 06:25:51
20063457,,False,,0,,,,,,DUNKIRK,0,0,0,,5,,0,1,0,,,,,2020-09-15 06:25:51
20063593,,False,,0,,,,,,TOP MAN,0,0,0,,5,1.0,0,1,0,,,,,2020-09-15 06:25:51
20063619,,False,,0,,,,,,SKIPAWAY PRINCE,0,0,0,,5,1.0,0,1,0,,,,,2020-09-15 06:25:51
20063639,,False,,0,,,,,,BLACKJACK WINNER,0,0,0,,5,,0,1,0,,,,,2020-09-15 06:25:51
20063679,,False,,0,,,,,,MAESTRO HIMSELF,0,0,0,,5,8.0,0,1,0,,,,,2020-09-15 06:25:51
20063755,,False,,0,,,,,,MCGIANT,0,0,0,,5,8.0,0,1,0,,,,,2020-09-15 06:25:51
20063775,,False,,0,,,,,,KID CASSIDY,0,0,0,,5,8.0,0,1,0,,,,,2020-09-15 06:25:51
20063795,,False,,0,,,,,,CALL ME ESKIMO,0,0,0,,5,1.0,0,1,0,,,,,2020-09-15 06:25:51
20063831,,False,,0,,,,,,KING USAIN,0,0,0,,5,,0,1,0,,,,,2020-09-15 06:25:51
20063937,,False,,0,,,,,,CHINA CROSSING,0,0,0,,5,8.0,0,1,0,,,,,2020-09-15 06:25:51
20063957,,False,,0,,,,,,SNEAK AWAY,0,0,0,,5,1.0,0,1,0,,,,,2020-09-15 06:25:51
20063977,,False,,0,,,,,,SILENT VALOR,0,0,0,,5,1.0,0,1,0,,,,,2020-09-15 06:25:51
20063997,,False,,0,,,,,,NUCLEAR WAYNE,0,0,0,,5,8.0,0,1,0,,,,,2020-09-15 06:25:51
20064010,,False,,0,,,,,,TAQARUB,0,0,0,,5,1.0,0,1,0,,,,,2020-09-15 06:25:51
20064030,,False,,0,,,,,,STRIKEWHILEITSHOT,0,0,0,,5,8.0,0,1,0,,,,,2020-09-15 06:25:51
20064050,,False,,0,,,,,,HOLD ME BACK,0,0,0,,5,,0,1,0,,,,,2020-09-15 06:25:51
20064070,,False,,0,,,,,,OLD FASHIONED,0,0,0,,5,,0,1,0,,,,,2020-09-15 06:25:51
20064090,,False,,0,,,,,,SOUL WARRIOR,0,0,0,,5,8.0,0,1,0,,,,,2020-09-15 06:25:51
20064116,,False,,0,,,,,,AMERICAN DANCE,0,0,0,,5,9.0,0,1,0,,,,,2020-09-15 06:25:51
20064176,,False,,0,,,,,,HAYNES FIELD,0,0,0,,5,,0,1,0,,,,,2020-09-15 06:25:51
20064196,,False,,0,,,,,,ZENSATIONAL,0,0,0,,5,,0,1,0,,,,,2020-09-15 06:25:51
20064212,,False,,0,,,,,,PIONEEROF THE NILE,0,0,0,,5,,0,1,0,,,,,2020-09-15 06:25:51
20064232,,False,,0,,,,,,MIDSHIPMAN,0,0,0,,5,,0,1,0,,,,,2020-09-15 06:25:51
20064252,,False,,0,,,,,,COURAGEOUS CAT,0,0,0,,5,,0,1,0,,,,,2020-09-15 06:25:51
20064272,,False,,0,,,,,,DUKE OF MISCHIEF,0,0,0,,5,,0,1,0,,,,,2020-09-15 06:25:51
20064292,,False,,0,,,,,,HERE COMES BEN,0,0,0,,5,,0,1,0,,,,,2021-05-17 07:13:57
20064318,,False,,0,,,,,,WARRIOR'S REWARD,0,0,0,,5,,0,1,0,,,,,2021-09-23 06:20:39
20064358,,False,,0,,,,,,DESERT PARTY,0,0,0,,5,,0,1,0,,,,,2021-05-17 07:13:57
20064378,,False,,0,,,,,,GONE ASTRAY,0,0,0,,5,,0,1,0,,,,,2022-10-15 16:55:28
20070090,,False,,0,,,,,,CHIEF CRAZYHORSE,0,0,0,,5,1.0,0,1,0,,,,,2020-09-15 06:25:51
20070116,,False,,0,,,,,,SAM'S HERO,0,0,0,,5,8.0,0,1,0,,,,,2020-09-15 06:25:51
20070212,,False,,0,,,,,,EYESOFGLORY,0,0,0,,5,8.0,0,1,0,,,,,2020-09-15 06:25:51
20070252,,False,,0,,,,,,DAYTON ACCORD,0,0,0,,5,1.0,0,1,0,,,,,2020-09-15 06:25:51
20070378,,False,,0,,,,,,SPORTS STAR,0,0,0,,5,8.0,0,1,0,,,,,2020-09-15 06:25:51
20070494,,False,,0,,,,,,UNLEASH THE POWER,0,0,0,,5,1.0,0,1,0,,,,,2020-09-15 06:25:51
20070550,,False,,0,,,,,,EDMUNDO,0,0,0,,5,1.0,0,1,0,,,,,2020-09-15 06:25:51
20070590,,False,,0,,,,,,HEARTOFACHAMPION,0,0,0,,5,1.0,0,1,0,,,,,2020-09-15 06:25:51
20070732,,False,,0,,,,,,IAM ON THE LOOSE,0,0,0,,5,,0,1,0,,,,,2020-09-15 06:25:51
20070838,,False,,0,,,,,,MR. RELIABLE,0,0,0,,5,1.0,0,1,0,,,,,2020-09-15 06:25:51
20070858,,False,,0,,,,,,ATLANTIC EXPRESS,0,0,0,,5,8.0,0,1,0,,,,,2020-09-15 06:25:51
20071057,,False,,0,,,,,,STATE EXPRESS,0,0,0,,5,1.0,0,1,0,,,,,2020-09-15 06:25:51
20071077,,False,,0,,,,,,FULL BLESSINGS,0,0,0,,5,1.0,0,1,0,,,,,2020-09-15 06:25:51
20071113,,False,,0,,,,,,SAEED,0,0,0,,5,8.0,0,1,0,,,,,2020-09-15 06:25:51
20071153,,False,,0,,,,,,RESTLESS AL,0,0,0,,5,1.0,0,1,0,,,,,2020-09-15 06:25:51
20071517,,False,,0,,,,,,POSTMAN,0,0,0,,5,1.0,0,1,0,,,,,2020-09-15 06:25:51
20071597,,False,,0,,,,,,TRADITIONAL MAN,0,0,0,,5,8.0,0,1,0,,,,,2020-09-15 06:25:51
20071739,,False,,0,,,,,,WILL POWER,0,0,0,,5,1.0,0,1,0,,,,,2020-09-15 06:25:51
20071875,,False,,0,,,,,,KINGMAKER,0,0,0,,5,1.0,0,1,0,,,,,2020-09-15 06:25:51
20072054,,False,,0,,,,,,SAN ANTONIO,0,0,0,,5,1.0,0,1,0,,,,,2020-09-15 06:25:51
20072074,,False,,0,,,,,,ANOTHER CHALLENGE,0,0,0,,5,1.0,0,1,0,,,,,2020-09-15 06:25:51
20072130,,False,,0,,,,,,GO FOR THE GOLD,0,0,0,,5,8.0,0,1,0,,,,,2020-09-15 06:25:51
20072190,,False,,0,,,,,,SPECIAL RANSOM,0,0,0,,5,1.0,0,1,0,,,,,2020-09-15 06:25:51
20072478,,False,,0,,,,,,STYLISH JAC,0,0,0,,5,1.0,0,1,0,,,,,2020-09-15 06:25:51
20072498,,False,,0,,,,,,TITANIUM KING,0,0,0,,5,1.0,0,1,0,,,,,2020-09-15 06:25:51
20072594,,False,,0,,,,,,MIRROR IMAGE,0,0,0,,5,1.0,0,1,0,,,,,2020-09-15 06:25:51
20072610,,False,,0,,,,,,MISTER INFORMATION,0,0,0,,5,1.0,0,1,0,,,,,2020-09-15 06:25:51
20072716,,False,,0,,,,,,MOLTEN KING,0,0,0,,5,8.0,0,1,0,,,,,2020-09-15 06:25:51
20072736,,False,,0,,,,,,STEAD FAST,0,0,0,,5,8.0,0,1,0,,,,,2020-09-15 06:25:51
20072918,,False,,0,,,,,,MY BOY ROBIN,0,0,0,,5,1.0,0,1,0,,,,,2020-09-15 06:25:51
20072998,,False,,0,,,,,,NORTHERN GIANT,0,0,0,,5,1.0,0,1,0,,,,,2020-09-15 06:25:51
20073051,,False,,0,,,,,,EASY SKANKING,0,0,0,,5,1.0,0,1,0,,,,,2020-09-15 06:25:51
20073071,,False,,0,,,,,,ENGINE RHYTHM,0,0,0,,5,1.0,0,1,0,,,,,2020-09-15 06:25:51
20073091,,False,,0,,,,,,D'AGENCY,0,0,0,,5,1.0,0,1,0,,,,,2020-09-15 06:25:51
20073117,,False,,0,,,,,,PASSION APPEAL,0,0,0,,5,1.0,0,1,0,,,,,2020-09-15 06:25:51
20073455,,False,,0,,,,,,TREASURE HUNT,0,0,0,,5,8.0,0,1,0,,,,,2020-09-15 06:25:51
20073495,,False,,0,,,,,,GOLD BEAD,0,0,0,,5,8.0,0,1,0,,,,,2020-09-15 06:25:51
20073531,,False,,0,,,,,,GLORY DAZE,0,0,0,,5,1.0,0,1,0,,,,,2020-09-15 06:25:51
20073697_sire,,False,,0,,,,,,WILLINSTON,0,0,0,,5,8.0,0,1,0,,,,,2020-09-15 06:25:51
20073839,,False,,0,,,,,,OVATION,0,0,0,,5,8.0,0,1,0,,,,,2020-09-15 06:25:51
20073975,,False,,0,,,,,,MAJOR MONEY,0,0,0,,5,,0,1,0,,,,,2020-09-15 06:25:51
20074114,,False,,0,,,,,,MINE OVER MATTER,0,0,0,,5,,0,1,0,,,,,2020-09-15 06:25:51
20074230,,False,,0,,,,,,BLACKIE DAVIS,0,0,0,,5,9.0,0,1,0,,,,,2020-09-15 06:25:51
20074270,,False,,0,,,,,,DOUBLE THE HONEY,0,0,0,,5,1.0,0,1,0,,,,,2020-09-15 06:25:51
20074290,,False,,0,,,,,,SIR VON,0,0,0,,5,1.0,0,1,0,,,,,2020-09-15 06:25:51
20074336,,False,,0,,,,,,RAISE A RUCKUS,0,0,0,,5,8.0,0,1,0,,,,,2020-09-15 06:25:51
20074396,,False,,0,,,,,,AFLEET EXPRESS,0,0,0,,5,,0,1,0,,,,,2020-09-15 06:25:51
20074412,,False,,0,,,,,,SUPER SAVER,0,0,0,,5,,0,1,0,,,,,2020-09-15 06:25:51
20074432,,False,,0,,,,,,MORNING LINE,0,0,0,,5,,0,1,0,,,,,2020-09-15 06:25:51
20074452,,False,,0,,,,,,DISCREETLY MINE,0,0,0,,5,,0,1,0,,,,,2020-09-15 06:25:51
20074472,,False,,0,,,,,,CAPE BLANCO,0,0,0,,5,,0,1,0,,,,,2020-09-15 06:25:51
20074538,,False,,0,,,,,,LINE OF DAVID,0,0,0,,5,,0,1,0,,,,,2020-09-15 06:25:51
20074578,,False,,0,,,,,,SIDNEY'S CANDY,0,0,0,,5,,0,1,0,,,,,2021-05-17 07:13:57
20074598,,False,,0,,,,,,FIRST DUDE,0,0,0,,5,,0,1,0,,,,,2021-05-17 07:13:57
20074614,,False,,0,,,,,,ADMIRAL ALEX,0,0,0,,5,,0,1,0,,,,,2022-10-15 16:55:28
20080038,,False,,0,,,,,,BORDER,0,0,0,,5,1.0,0,1,0,,,,,2020-09-15 06:25:51
20080058,,False,,0,,,,,,GONE WEST,0,0,0,,5,1.0,0,1,0,,,,,2020-09-15 06:25:51
20080134,,False,,0,,,,,,LAWBREAKER,0,0,0,,5,1.0,0,1,0,,,,,2020-09-15 06:25:51
20080356,,False,,0,,,,,,SKY LIMIT,0,0,0,,5,1.0,0,1,0,,,,,2020-09-15 06:25:51
20080376,,False,,0,,,,,,MR. PERFECTION,0,0,0,,5,1.0,0,1,0,,,,,2020-09-15 06:25:51
20080412,,False,,0,,,,,,BLACK MARSHALL,0,0,0,,5,1.0,0,1,0,,,,,2020-09-15 06:25:51
20080472,,False,,0,,,,,,PRIVATE MARSHALL,0,0,0,,5,8.0,0,1,0,,,,,2020-09-15 06:25:51
20080518,,False,,0,,,,,,MARINE TUTOR,0,0,0,,5,8.0,0,1,0,,,,,2020-09-15 06:25:51
20080710,,False,,0,,,,,,MANAMAN,0,0,0,,5,1.0,0,1,0,,,,,2020-09-15 06:25:51
20080856,,False,,0,,,,,,CHAMPION LINKS,0,0,0,,5,1.0,0,1,0,,,,,2020-09-15 06:25:51
20080972,,False,,0,,,,,,REDS THOMAS,0,0,0,,5,8.0,0,1,0,,,,,2020-09-15 06:25:51
20081035,,False,,0,,,,,,OLD HALL,0,0,0,,5,1.0,0,1,0,,,,,2020-09-15 06:25:51
20081151,,False,,0,,,,,,ORDEROFDISTINCTION,0,0,0,,5,1.0,0,1,0,,,,,2020-09-15 06:25:51
20081277,,False,,0,,,,,,STAR RULLAH,0,0,0,,5,8.0,0,1,0,,,,,2020-09-15 06:25:51
20081373,,False,,0,,,,,,TURBINE,0,0,0,,5,8.0,0,1,0,,,,,2020-09-15 06:25:51
20081459,,False,,0,,,,,,FRANKENSTEIN,0,0,0,,5,8.0,0,1,0,,,,,2020-09-15 06:25:51
20081464,,False,,0,,,,,,RHEA MARIE,0,0,0,,5,,0,1,0,,,,,2020-09-15 06:25:51
20081479,,False,,0,,,,,,SMOKIN MAN,0,0,0,,5,11.0,0,1,0,,,,,2020-09-15 06:25:51
20081555,,False,,0,,,,,,LATIN STORM,0,0,0,,5,8.0,0,1,0,,,,,2020-09-15 06:25:51
20081595,,False,,0,,,,,,NATURALFANTASY,0,0,0,,5,1.0,0,1,0,,,,,2020-09-15 06:25:51
20081691,,False,,0,,,,,,GOLD WIZARD,0,0,0,,5,8.0,0,1,0,,,,,2020-09-15 06:25:51
20081797,,False,,0,,,,,,AWESOME WARRIOR,0,0,0,,5,1.0,0,1,0,,,,,2020-09-15 06:25:51
20081939,,False,,0,,,,,,LEARJET,0,0,0,,5,1.0,0,1,0,,,,,2020-09-15 06:25:51
20081959,,False,,0,,,,,,NOTUS,0,0,0,,5,1.0,0,1,0,,,,,2020-09-15 06:25:51
20082012,,False,,0,,,,,,JUSTIN ON FIRE,0,0,0,,5,1.0,0,1,0,,,,,2020-09-15 06:25:51
20082052,,False,,0,,,,,,TEKITTOTHEM,0,0,0,,5,1.0,0,1,0,,,,,2020-09-15 06:25:51
20082072,,False,,0,,,,,,LOOKINTOMYEYES,0,0,0,,5,1.0,0,1,0,,,,,2020-09-15 06:25:51
20082294,,False,,0,,,,,,TRADITIONAL SONG,0,0,0,,5,8.0,0,1,0,,,,,2020-09-15 06:25:51
20082350,,False,,0,,,,,,ENTREPRENEUR,0,0,0,,5,1.0,0,1,0,,,,,2020-09-15 06:25:51
20082512,,False,,0,,,,,,MADIBA,0,0,0,,5,8.0,0,1,0,,,,,2020-09-15 06:25:51
20082532,,False,,0,,,,,,READY TO SCORE,0,0,0,,5,1.0,0,1,0,,,,,2020-09-15 06:25:51
20082678,,False,,0,,,,,,WESTERN CRAFT,0,0,0,,5,1.0,0,1,0,,,,,2020-09-15 06:25:51
20082714,,False,,0,,,,,,FREEDOM FOR JANTE,0,0,0,,5,1.0,0,1,0,,,,,2020-09-15 06:25:51
20082794,,False,,0,,,,,,BREDDA PAPA,0,0,0,,5,1.0,0,1,0,,,,,2020-09-15 06:25:51
20082830,,False,,0,,,,,,DON GEORGE,0,0,0,,5,1.0,0,1,0,,,,,2020-09-15 06:25:51
20083079,,False,,0,,,,,,GENERAL JOE,0,0,0,,5,8.0,0,1,0,,,,,2020-09-15 06:25:51
20083519,,False,,0,,,,,,SUNDOWN,0,0,0,,5,1.0,0,1,0,,,,,2020-09-15 06:25:51
20083579,,False,,0,,,,,,PATCH A FIRE,0,0,0,,5,1.0,0,1,0,,,,,2020-09-15 06:25:51
20083635,,False,,0,,,,,,D GIRLZ DEM SUGAR,0,0,0,,5,8.0,0,1,0,,,,,2020-09-15 06:25:51
20083817,,False,,0,,,,,,KING CHARLIE,0,0,0,,5,9.0,0,1,0,,,,,2020-09-15 06:25:51
20084016,,False,,0,,,,,,PROVEN PROSPECT,0,0,0,,5,1.0,0,1,0,,,,,2020-09-15 06:25:51
20084036,,False,,0,,,,,,LOAN SHARK,0,0,0,,5,1.0,0,1,0,,,,,2020-09-15 06:25:51
20084076,,False,,0,,,,,,TRACKING ESKIMO,0,0,0,,5,1.0,0,1,0,,,,,2020-09-15 06:25:51
20084132,,False,,0,,,,,,GRAND PERFORMANCE,0,0,0,,5,,0,1,0,,,,,2020-09-15 06:25:51
20084152,,False,,0,,,,,,ARABIAN PROSPECT,0,0,0,,5,1.0,0,1,0,,,,,2020-09-15 06:25:51
20084258,,False,,0,,,,,,MISMYRTLEBOYRICHIE,0,0,0,,5,1.0,0,1,0,,,,,2020-09-15 06:25:51
20084298,,False,,0,,,,,,WORLD'S WONDER,0,0,0,,5,1.0,0,1,0,,,,,2020-09-15 06:25:51
20084314,,False,,0,,,,,,SAGA BOY,0,0,0,,5,1.0,0,1,0,,,,,2020-09-15 06:25:51
20084315,,False,,0,,,,,,PERFECT SOUL,0,0,0,,5,,0,1,0,,,,,2020-09-15 06:25:51
20084374,,False,,0,,,,,,SIR D,0,0,0,,5,8.0,0,1,0,,,,,2020-09-15 06:25:51
20084394,,False,,0,,,,,,DISTANT SUNSET,0,0,0,,5,,0,1,0,,,,,2020-09-15 06:25:51
20084430,,False,,0,,,,,,EMPEROR HALL,0,0,0,,5,1.0,0,1,0,,,,,2020-09-15 06:25:51
20084450,,False,,0,,,,,,SURGEON GENERAL,0,0,0,,5,1.0,0,1,0,,,,,2020-09-15 06:25:51
20084490,,False,,0,,,,,,SHEVA'S BOY,0,0,0,,5,9.0,0,1,0,,,,,2020-09-15 06:25:51
20084516,,False,,0,,,,,,CRYSTAL SPRING,0,0,0,,5,1.0,0,1,0,,,,,2020-09-15 06:25:51
20084536,,False,,0,,,,,,WHAT A BAM BAM,0,0,0,,5,1.0,0,1,0,,,,,2020-09-15 06:25:51
20084596,,False,,0,,,,,,LET'S GO SOUTH,0,0,0,,5,1.0,0,1,0,,,,,2020-09-15 06:25:51
20084612,,False,,0,,,,,,TOMORROW FOR ME,0,0,0,,5,,0,1,0,,,,,2020-09-15 06:25:52
20084652,,False,,0,,,,,,ADIOS CHARLIE,0,0,0,,5,,0,1,0,,,,,2020-09-15 06:25:52
20084692,,False,,0,,,,,,TAPILU,0,0,0,,5,1.0,0,1,0,,,,,2020-09-15 06:25:52
20084718,,False,,0,,,,,,SENSATIONAL SLAM,0,0,0,,5,8.0,0,1,0,,,,,2020-09-15 06:25:52
20084738,,False,,0,,,,,,SILVER MEDALLION,0,0,0,,5,1.0,0,1,0,,,,,2020-09-15 06:25:52
20084758,,False,,0,,,,,,KANTHAROS,0,0,0,,5,,0,1,0,,,,,2020-09-15 06:25:52
20084798,,False,,0,,,,,,ARCHARCHARCH,0,0,0,,5,,0,1,0,,,,,2020-09-15 06:25:52
20084814,,False,,0,,,,,,POSEIDON'S WARRIOR,0,0,0,,5,,0,1,0,,,,,2020-09-15 06:25:52
20084834,,False,,0,,,,,,HELMET,0,0,0,,5,,0,1,0,,,,,2020-09-15 06:25:52
20084874,,False,,0,,,,,,SHACKLEFORD,0,0,0,,5,,0,1,0,,,,,2020-09-15 06:25:52
20084894,,False,,0,,,,,,RATTLESNAKE BRIDGE,0,0,0,,5,,0,1,0,,,,,2020-09-15 06:25:52
20084910,,False,,0,,,,,,BOLD WARRIOR,0,0,0,,5,,0,1,0,,,,,2020-09-15 06:25:52
20084930,,False,,0,,,,,,BERLINO DI TIGER,0,0,0,,5,,0,1,0,,,,,2021-05-17 07:13:57
20084950,,False,,0,,,,,,RODERIC O'CONNER,0,0,0,,5,,0,1,0,,,,,2020-09-15 06:25:52
20084990,,False,,0,,,,,,BIONDETTI,0,0,0,,5,,0,1,0,,,,,2020-09-15 06:25:52
20085013,,False,,0,,,,,,BUFFUM,0,0,0,,5,,0,1,0,,,,,2020-09-15 06:25:52
20085033,,False,,0,,,,,,SOLDAT,0,0,0,,5,,0,1,0,,,,,2020-09-15 06:25:52
20085053,,False,,0,,,,,,ASTROLOGY,0,0,0,,5,,0,1,0,,,,,2020-09-15 06:25:52
20085073,,False,,0,,,,,,TATIZAR,0,0,0,,5,,0,1,0,,,,,2021-05-17 07:13:57
20085119,,False,,0,,,,,,BOYS AT TOSCONOVA,0,0,0,,5,,0,1,0,,,,,2020-09-15 06:25:52
20085139,,False,,0,,,,,,UNCLE MO,0,0,0,,5,,0,1,0,,,,,2021-05-17 07:13:57
20085159,,False,,0,,,,,,DATA LINK,0,0,0,,5,,0,1,0,,,,,2022-10-15 16:55:28
20085199,,False,,0,,,,,,CAJUN BREEZE,0,0,0,,5,,0,1,0,,,,,2020-09-15 06:25:52
20085215,,False,,0,,,,,,JUSTIN PHILLIP,0,0,0,,5,,0,1,0,,,,,2021-05-17 07:13:57
20085235,,False,,0,,,,,,TURBO COMPRESSOR,0,0,0,,5,,0,1,0,,,,,2020-09-15 06:25:52
20085275,,False,,0,,,,,,FORT LARNED,0,0,0,,5,,0,1,0,,,,,2022-10-15 16:55:28
20085295,,False,,0,,,,,,BRETHREN,0,0,0,,5,,0,1,0,,,,,2022-10-15 16:55:28
20090112,,False,,0,,,,,,SIR WILLIE,0,0,0,,5,1.0,0,1,0,,,,,2020-09-15 06:25:52
20090314,,False,,0,,,,,,SATURDAY'S SPECIAL,0,0,0,,5,,0,1,0,,,,,2020-09-15 06:25:52
20090652,,False,,0,,,,,,CANTARE,0,0,0,,5,1.0,0,1,0,,,,,2020-09-15 06:25:52
20090798,,False,,0,,,,,,PRINCE SHIV,0,0,0,,5,1.0,0,1,0,,,,,2020-09-15 06:25:52
20090854,,False,,0,,,,,,GREY GHOST,0,0,0,,5,9.0,0,1,0,,,,,2020-09-15 06:25:52
20090970,,False,,0,,,,,,OUR CREATION,0,0,0,,5,9.0,0,1,0,,,,,2020-09-15 06:25:52
20091053,,False,,0,,,,,,EASTWOOD,0,0,0,,5,8.0,0,1,0,,,,,2020-09-15 06:25:52
20091093,,False,,0,,,,,,RANSOM REWARD,0,0,0,,5,1.0,0,1,0,,,,,2020-09-15 06:25:52
20091215,,False,,0,,,,,,DIRECTOR DREAM,0,0,0,,5,1.0,0,1,0,,,,,2020-09-15 06:25:52
20091255,,False,,0,,,,,,PRESCRIPTION,0,0,0,,5,1.0,0,1,0,,,,,2020-09-15 06:25:52
20091275,,False,,0,,,,,,SPY CHIEF,0,0,0,,5,1.0,0,1,0,,,,,2020-09-15 06:25:52
20091295,,False,,0,,,,,,SAM'S SELECTION,0,0,0,,5,9.0,0,1,0,,,,,2020-09-15 06:25:52
20091437,,False,,0,,,,,,SIR BAS,0,0,0,,5,1.0,0,1,0,,,,,2020-09-15 06:25:52
20091457,,False,,0,,,,,,PREMIUM RETURNS,0,0,0,,5,1.0,0,1,0,,,,,2020-09-15 06:25:52
20091497,,False,,0,,,,,,SIRMANDI,0,0,0,,5,1.0,0,1,0,,,,,2020-09-15 06:25:52
20091755,,False,,0,,,,,,SCOOP JORDYNE,0,0,0,,5,1.0,0,1,0,,,,,2020-09-15 06:25:52
20091775,,False,,0,,,,,,TASTE OF TEXAS,0,0,0,,5,1.0,0,1,0,,,,,2020-09-15 06:25:52
20091795,,False,,0,,,,,,DIOR,0,0,0,,5,8.0,0,1,0,,,,,2020-09-15 06:25:52
20091811,,False,,0,,,,,,PISTONS AND RINGS,0,0,0,,5,9.0,0,1,0,,,,,2020-09-15 06:25:52
20091831,,False,,0,,,,,,PERSIAN GOLD,0,0,0,,5,8.0,0,1,0,,,,,2020-09-15 06:25:52
20092070,,False,,0,,,,,,GOLDEN FLIGHT,0,0,0,,5,8.0,0,1,0,,,,,2020-09-15 06:25:52
20092116,,False,,0,,,,,,DI COBRE,0,0,0,,5,8.0,0,1,0,,,,,2020-09-15 06:25:52
20092292,,False,,0,,,,,,MIDNIGHTOIL,0,0,0,,5,1.0,0,1,0,,,,,2020-09-15 06:25:52
20092696,,False,,0,,,,,,JUSTMYLUCK,0,0,0,,5,9.0,0,1,0,,,,,2020-09-15 06:25:52
20092772,,False,,0,,,,,,ONE FORTHEROAD,0,0,0,,5,8.0,0,1,0,,,,,2020-09-15 06:25:52
20092792,,False,,0,,,,,,TIMEFORARMS,0,0,0,,5,1.0,0,1,0,,,,,2020-09-15 06:25:52
20092974,,False,,0,,,,,,GOLD DUST,0,0,0,,5,,0,1,0,,,,,2020-09-15 06:25:52
20092994,,False,,0,,,,,,MOVIE FOR RONNIE,0,0,0,,5,8.0,0,1,0,,,,,2020-09-15 06:25:52
20093017,,False,,0,,,,,,URBAN DANCER,0,0,0,,5,1.0,0,1,0,,,,,2020-09-15 06:25:52
20093057,,False,,0,,,,,,FREE PASSAGE,0,0,0,,5,1.0,0,1,0,,,,,2020-09-15 06:25:52
20093193,,False,,0,,,,,,UNCLE DONNY,0,0,0,,5,9.0,0,1,0,,,,,2020-09-15 06:25:52
20093219,,False,,0,,,,,,URBAN LEGEND,0,0,0,,5,1.0,0,1,0,,,,,2020-09-15 06:25:52
20093279,,False,,0,,,,,,WILD ROYAL,0,0,0,,5,1.0,0,1,0,,,,,2020-09-15 06:25:52
20093355,,False,,0,,,,,,LITTLE WARRIOR,0,0,0,,5,1.0,0,1,0,,,,,2020-09-15 06:25:52
20093411,,False,,0,,,,,,SEA GOLD,0,0,0,,5,8.0,0,1,0,,,,,2020-09-15 06:25:52
20093471,,False,,0,,,,,,BAM BAM LULU,0,0,0,,5,11.0,0,1,0,,,,,2020-09-15 06:25:52
20093673,,False,,0,,,,,,PRINCE CODY,0,0,0,,5,1.0,0,1,0,,,,,2020-09-15 06:25:52
20093739,,False,,0,,,,,,SMART BIDDER,0,0,0,,5,1.0,0,1,0,,,,,2020-09-15 06:25:52
20093799,,False,,0,,,,,,MIRACLE STAR,0,0,0,,5,8.0,0,1,0,,,,,2020-09-15 06:25:52
20093835,,False,,0,,,,,,WILD MAGIC,0,0,0,,5,8.0,0,1,0,,,,,2020-09-15 06:25:52
20093991,,False,,0,,,,,,PIRATE TONIGHT,0,0,0,,5,8.0,0,1,0,,,,,2020-09-15 06:25:52
20094150,,False,,0,,,,,,DANCING MOOD,0,0,0,,5,1.0,0,1,0,,,,,2020-09-15 06:25:52
20094498,,False,,0,,,,,,VALENTINE BOY,0,0,0,,5,,0,1,0,,,,,2020-09-15 06:25:52
20094514,,False,,0,,,,,,TOP TRACKA,0,0,0,,5,8.0,0,1,0,,,,,2020-09-15 06:25:52
20094554,,False,,0,,,,,,BLAST THEM AWAY,0,0,0,,5,1.0,0,1,0,,,,,2020-09-15 06:25:52
20094594,,False,,0,,,,,,BORN AGAIN,0,0,0,,5,1.0,0,1,0,,,,,2020-09-15 06:25:52
20094716,,False,,0,,,,,,UPPA TUNE,0,0,0,,5,1.0,0,1,0,,,,,2020-09-15 06:25:52
20094736,,False,,0,,,,,,SIR GEOVANNI,0,0,0,,5,1.0,0,1,0,,,,,2020-09-15 06:25:52
20094796,,False,,0,,,,,,DELAWNO,0,0,0,,5,12.0,0,1,0,,,,,2020-09-15 06:25:52
20094832,,False,,0,,,,,,I AGREE,0,0,0,,5,8.0,0,1,0,,,,,2020-09-15 06:25:52
20094852,,False,,0,,,,,,SORRENTINO,0,0,0,,5,,0,1,0,,,,,2020-09-15 06:25:52
20094872,,False,,0,,,,,,PAPER N LACE,0,0,0,,5,8.0,0,1,0,,,,,2020-09-15 06:25:52
20094918,,False,,0,,,,,,RAGAMUFFIN,0,0,0,,5,8.0,0,1,0,,,,,2020-09-15 06:25:52
20094938,,False,,0,,,,,,CASUAL TRICK,0,0,0,,5,1.0,0,1,0,,,,,2020-09-15 06:25:52
20094958,,False,,0,,,,,,HANDSOME MIKE,0,0,0,,5,,0,1,0,,,,,2020-09-15 06:25:52
20094978,,False,,0,,,,,,LIAISON,0,0,0,,5,,0,1,0,,,,,2021-05-17 07:13:57
20095071,,False,,0,,,,,,PAYNTER,0,0,0,,5,,0,1,0,,,,,2020-09-15 06:25:52
20095091,,False,,0,,,,,,KEY TO POWER,0,0,0,,5,,0,1,0,,,,,2022-10-15 16:55:28
20095117,,False,,0,,,,,,DRILL,0,0,0,,5,,0,1,0,,,,,2021-05-17 07:13:57
20095137,,False,,0,,,,,,GIANT SURPRISE,0,0,0,,5,,0,1,0,,,,,2020-09-15 06:25:52
20095157,,False,,0,,,,,,GOLDEN TICKET,0,0,0,,5,,0,1,0,,,,,2020-09-15 06:25:52
20095177,,False,,0,,,,,,GEMOLOGIST,0,0,0,,5,,0,1,0,,,,,2021-05-17 07:13:57
20095197,,False,,0,,,,,,BAHAMIAN SQUALL,0,0,0,,5,,0,1,0,,,,,2020-09-15 06:25:52
20095213,,False,,0,,,,,,ZIVO,0,0,0,,5,,0,1,0,,,,,2020-09-15 06:25:52
20095233,,False,,0,,,,,,BOURBON COURAGE,0,0,0,,5,,0,1,0,,,,,2021-05-17 07:13:57
20095253,,False,,0,,,,,,MAJESTIC CITY,0,0,0,,5,,0,1,0,,,,,2020-09-15 06:25:52
20095273,,False,,0,,,,,,ALGORITHMS,0,0,0,,5,,0,1,0,,,,,2022-10-15 16:55:28
20095339,,False,,0,,,,,,BODEMEISTER,0,0,0,,5,,0,1,0,,,,,2021-05-17 07:13:57
20095379,,False,,0,,,,,,LAUNCH COMMANDER,0,0,0,,5,,0,1,0,,,,,2022-10-15 16:55:28
20100139_sire,,False,,0,,,,,,STEVE'S REAL,0,0,0,,5,9.0,0,1,0,,,,,2020-09-15 06:25:52
20100159,,False,,0,,,,,,DUTCHROW,0,0,0,,5,1.0,0,1,0,,,,,2020-09-15 06:25:52
20100255_sire,,False,,0,,,,,,PERFECT NEIGHBOUR,0,0,0,,5,1.0,0,1,0,,,,,2020-09-15 06:25:52
20100477,,False,,0,,,,,,TOKICO,0,0,0,,5,8.0,0,1,0,,,,,2020-09-15 06:25:52
20100619,,False,,0,,,,,,DIGME,0,0,0,,5,9.0,0,1,0,,,,,2020-09-15 06:25:52
20100639,,False,,0,,,,,,WINIT,0,0,0,,5,,0,1,0,,,,,2020-09-15 06:25:52
20100659,,False,,0,,,,,,LEROY J,0,0,0,,5,1.0,0,1,0,,,,,2020-09-15 06:25:52
20100699,,False,,0,,,,,,CLASSIK MAKIT,0,0,0,,5,1.0,0,1,0,,,,,2020-09-15 06:25:52
20101010,,False,,0,,,,,,ALEXANDER,0,0,0,,5,1.0,0,1,0,,,,,2020-09-15 06:25:52
20101070,,False,,0,,,,,,YOUR EMINENCE,0,0,0,,5,8.0,0,1,0,,,,,2020-09-15 06:25:52
20101156,,False,,0,,,,,,FLAGRANS,0,0,0,,5,1.0,0,1,0,,,,,2020-09-15 06:25:52
20101232,,False,,0,,,,,,BLESSINGS N' GLORY,0,0,0,,5,1.0,0,1,0,,,,,2020-09-15 06:25:52
20101318,,False,,0,,,,,,MARLEY'S GLORY,0,0,0,,5,1.0,0,1,0,,,,,2020-09-15 06:25:52
20101338,,False,,0,,,,,,STREET JUSTICE,0,0,0,,5,9.0,0,1,0,,,,,2020-09-15 06:25:52
20101378,,False,,0,,,,,,URBAN KNIGHT,0,0,0,,5,1.0,0,1,0,,,,,2020-09-15 06:25:52
20101414,,False,,0,,,,,,HIGH MAINTENANCE,0,0,0,,5,1.0,0,1,0,,,,,2020-09-15 06:25:52
20101494,,False,,0,,,,,,WEST KINGSTON,0,0,0,,5,1.0,0,1,0,,,,,2020-09-15 06:25:52
20101636,,False,,0,,,,,,FRANKENSTORM,0,0,0,,5,1.0,0,1,0,,,,,2020-09-15 06:25:52
20101752,,False,,0,,,,,,DREAM MARSHALL,0,0,0,,5,8.0,0,1,0,,,,,2020-09-15 06:25:52
20101898,,False,,0,,,,,,EL NUMERO UNO,0,0,0,,5,8.0,0,1,0,,,,,2020-09-15 06:25:52
20102077,,False,,0,,,,,,AGAINST THE ODDS,0,0,0,,5,8.0,0,1,0,,,,,2020-09-15 06:25:52
20102335,,False,,0,,,,,,PECKARONI,0,0,0,,5,8.0,0,1,0,,,,,2020-09-15 06:25:52
20102451,,False,,0,,,,,,RAJ KAPOOR,0,0,0,,5,1.0,0,1,0,,,,,2020-09-15 06:25:52
20102517,,False,,0,,,,,,NEW YEARS DAY,0,0,0,,5,1.0,0,1,0,,,,,2020-09-15 06:25:52
20102577,,False,,0,,,,,,PROVIDER,0,0,0,,5,8.0,0,1,0,,,,,2020-09-15 06:25:52
20102597,,False,,0,,,,,,MIRACLE TRAIN,0,0,0,,5,8.0,0,1,0,,,,,2020-09-15 06:25:52
20102739,,False,,0,,,,,,CONVOY,0,0,0,,5,8.0,0,1,0,,,,,2020-09-15 06:25:52
20102759,,False,,0,,,,,,CAFE'S MARQUE,0,0,0,,5,1.0,0,1,0,,,,,2020-09-15 06:25:52
20102779,,False,,0,,,,,,CAT MASTER,0,0,0,,5,8.0,0,1,0,,,,,2020-09-15 06:25:52
20102911,,False,,0,,,,,,RUSSIAN SKIP,0,0,0,,5,8.0,0,1,0,,,,,2020-09-15 06:25:52
20102931,,False,,0,,,,,,MYBOYCHAD,0,0,0,,5,8.0,0,1,0,,,,,2020-09-15 06:25:52
20103014,,False,,0,,,,,,INITTOWINIT,0,0,0,,5,1.0,0,1,0,,,,,2020-09-15 06:25:52
20103054_sire,,False,,0,,,,,,KING NEBARUE,0,0,0,,5,1.0,0,1,0,,,,,2020-09-15 06:25:52
20103418,,False,,0,,,,,,PRINCE ZESHAN,0,0,0,,5,1.0,0,1,0,,,,,2020-09-15 06:25:52
20103438,,False,,0,,,,,,FLYING MIRACLE,0,0,0,,5,1.0,0,1,0,,,,,2020-09-15 06:25:52
20103514,,False,,0,,,,,,SANGO,0,0,0,,5,1.0,0,1,0,,,,,2020-09-15 06:25:52
20103630,,False,,0,,,,,,BEAST,0,0,0,,5,1.0,0,1,0,,,,,2020-09-15 06:25:52
20103690,,False,,0,,,,,,MONDAY HILL,0,0,0,,5,1.0,0,1,0,,,,,2020-09-15 06:25:52
20103796,,False,,0,,,,,,HAIL DE KING,0,0,0,,5,8.0,0,1,0,,,,,2020-09-15 06:25:52
20103978,,False,,0,,,,,,TURBULENT VELOCITY,0,0,0,,5,1.0,0,1,0,,,,,2020-09-15 06:25:52
20103998,,False,,0,,,,,,BACK TO REALITY,0,0,0,,5,1.0,0,1,0,,,,,2020-09-15 06:25:52
20104071,,False,,0,,,,,,BADGE EIGHTY THREE,0,0,0,,5,1.0,0,1,0,,,,,2020-09-15 06:25:52
20104091_sire,,False,,0,,,,,,BIGBROWNGREYHOPE,0,0,0,,5,9.0,0,1,0,,,,,2020-09-15 06:25:52
20104117,,False,,0,,,,,,DON'S DRAGON,0,0,0,,5,,0,1,0,,,,,2020-09-15 06:25:52
20104137,,False,,0,,,,,,BERN IDENTITY,0,0,0,,5,1.0,0,1,0,,,,,2020-09-15 06:25:52
20104157,,False,,0,,,,,,ORB,0,0,0,,5,,0,1,0,,,,,2022-10-15 16:55:28
20104177,,False,,0,,,,,,HE'S HAD ENOUGH,0,0,0,,5,,0,1,0,,,,,2020-09-15 06:25:52
20104213,,False,,0,,,,,,ITSMYLUCKYDAY,0,0,0,,5,,0,1,0,,,,,2020-09-15 06:25:52
20104233,,False,,0,,,,,,UNCAPTURED,0,0,0,,5,,0,1,0,,,,,2020-09-15 06:25:52
20104253,,False,,0,,,,,,JACK MILTON,0,0,0,,5,,0,1,0,,,,,2022-10-15 16:55:28
20104293,,False,,0,,,,,,FLASHBACK,0,0,0,,5,,0,1,0,,,,,2020-09-15 06:25:52
20104319,,False,,0,,,,,,FURY KAPCORI,0,0,0,,5,,0,1,0,,,,,2021-05-17 07:13:58
20104339,,False,,0,,,,,,SHAKIN IT UP,0,0,0,,5,,0,1,0,,,,,2020-09-15 06:25:52
20104359,,False,,0,,,,,,VERRAZANO,0,0,0,,5,,0,1,0,,,,,2022-10-15 16:55:28
20104399,,False,,0,,,,,,OVERANALYZE,0,0,0,,5,,0,1,0,,,,,2021-09-23 06:20:39
20104415,,False,,0,,,,,,BAL A BALI,0,0,0,,5,,0,1,0,,,,,2022-10-15 16:55:28
20104435,,False,,0,,,,,,TOURIST,0,0,0,,5,,0,1,0,,,,,2022-10-15 16:55:28
20104455,,False,,0,,,,,,MSHAWISH,0,0,0,,5,,0,1,0,,,,,2022-10-15 16:55:28
20104475,,False,,0,,,,,,SPARROW HAWK,0,0,0,,5,,0,1,0,,,,,2022-10-15 16:55:28
20104495,,False,,0,,,,,,GOLDEN LAD,0,0,0,,5,,0,1,0,,,,,2021-09-23 06:20:39
20104511,,False,,0,,,,,,VIOLENCE,0,0,0,,5,,0,1,0,,,,,2020-09-15 06:25:52
20104551,,False,,0,,,,,,OXBOW,0,0,0,,5,,0,1,0,,,,,2022-10-15 16:55:28
20104662,,False,,0,,,,,,THIS IS SHE,0,0,0,,5,,0,1,0,,,,,2021-05-17 07:13:58
20110031,,False,,0,,,,,,BLACK TONEY,0,0,0,,5,,0,1,0,,,,,2020-09-15 06:25:52
20113254,,False,,0,,,,,,FORCE DE JOUR,0,0,0,,5,,0,1,0,,,,,2022-10-15 16:55:28
20113512,,False,,0,,,,,,MIDNIGHT HAWK,0,0,0,,5,,0,1,0,,,,,2021-05-17 07:13:58
20113532,,False,,0,,,,,,THE BIG BEAST,0,0,0,,5,,0,1,0,,,,,2020-09-15 06:25:52
20113552,,False,,0,,,,,,CHITU,0,0,0,,5,,0,1,0,,,,,2020-09-15 06:25:52
20113572,,False,,0,,,,,,A TREIDES,0,0,0,,5,,0,1,0,,,,,2020-09-15 06:25:52
20113592,,False,,0,,,,,,CAN THE MAN,0,0,0,,5,,0,1,0,,,,,2020-09-15 06:25:52
20113698,,False,,0,,,,,,STRONG MANDATE,0,0,0,,5,,0,1,0,,,,,2020-09-15 06:25:52
20113714,,False,,0,,,,,,RIDE ON CURLIN,0,0,0,,5,8.0,0,1,0,,,,,2021-05-17 07:13:58
20113754,,False,,0,,,,,,FAST ANNA,0,0,0,,5,,0,1,0,,,,,2022-10-15 16:55:28
20113774,,False,,0,,,,,,RACE DAY,0,0,0,,5,,0,1,0,,,,,2020-09-15 06:25:52
20113794,,False,,0,,,,,,WICKED STRONG,0,0,0,,5,,0,1,0,,,,,2021-05-17 07:13:58
20113810,,False,,0,,,,,,TAPITURE,0,0,0,,5,,0,1,0,,,,,2022-10-15 16:55:28
20113830,,False,,0,,,,,,DANZA,0,0,0,,5,,0,1,0,,,,,2022-10-15 16:55:28
20113850,,False,,0,,,,,,MUSLER,0,0,0,,5,,0,1,0,,,,,2022-10-15 16:55:28
20113870,,False,,0,,,,,,BAYERN,0,0,0,,5,,0,1,0,,,,,2022-10-15 16:55:28
20113890,,False,,0,,,,,,TONALIST,0,0,0,,5,,0,1,0,,,,,2022-10-15 16:55:28
20120059_sire,,False,,0,,,,,,FRIAR MARCUS,0,0,0,,5,1.0,0,1,0,,,,,2020-09-15 06:25:52
20122457,,False,,0,,,,,,BUZZ NIGHTMARE,0,0,0,,5,,0,1,0,,,,,2021-09-23 06:20:39
20123934,,False,,0,,,,,,SAVOY STOMP,0,0,0,,5,,0,1,0,,,,,2021-09-23 06:20:39
20123954,,False,,0,,,,,,KHOZAN,0,0,0,,5,,0,1,0,,,,,2020-09-15 06:25:52
20123974,,False,,0,,,,,,BOLD CONQUEST,0,0,0,,5,,0,1,0,,,,,2022-10-15 16:55:28
20123994,,False,,0,,,,,,SPEIGHTSTER,0,0,0,,5,,0,1,0,,,,,2021-05-17 07:13:58
20124017,,False,,0,,,,,,TAKEOVER TARGET,0,0,0,,5,,0,1,0,,,,,2022-10-15 16:55:28
20124057,,False,,0,,,,,,VANCOUVER,0,0,0,,5,,0,1,0,,,,,2022-10-15 16:55:28
20124077,,False,,0,,,,,,SKY FIRE,0,0,0,,5,,0,1,0,,,,,2022-10-15 16:55:28
20124097,,False,,0,,,,,,MR. Z,0,0,0,,5,,0,1,0,,,,,2022-10-15 16:55:28
20130037,,False,,0,,,,,,TEDDY,0,0,0,,5,1.0,0,1,0,,,,,2020-09-15 06:25:52
20130057,,False,,0,,,,,,FRIAR ROCK,0,0,0,,5,8.0,0,1,0,,,,,2020-09-15 06:25:52
20130077,,False,,0,,,,,,PHALARIS,0,0,0,,5,8.0,0,1,0,,,,,2020-09-15 06:25:52
20130097_sire,,False,,0,,,,,,CHICLE,0,0,0,,5,1.0,0,1,0,,,,,2020-09-15 06:25:52
20134217,,False,,0,,,,,,PERFECT CURLIN,0,0,0,,5,,0,1,0,,,,,2021-05-17 07:13:58
20134277,,False,,0,,,,,,PERFECT CURLIN,0,0,0,,5,,0,1,0,,,,,2021-05-17 07:13:58
20134313,,False,,0,,,,,,ARMANDO BIG,0,0,0,,5,,0,1,0,,,,,2021-09-23 06:20:39
20134373,,False,,0,,,,,,BRODY'S CAUSE,0,0,0,,5,,0,1,0,,,,,2021-05-17 07:13:58
20134419,,False,,0,,,,,,GREENPOINTCRUSADER,0,0,0,,5,,0,1,0,,,,,2022-10-15 16:55:28
20134439,,False,,0,,,,,,UNCLE LINO,0,0,0,,5,,0,1,0,,,,,2021-05-17 07:13:58
20140035_sire,,False,,0,,,,,,POLYMELIAN,0,0,0,,5,8.0,0,1,0,,,,,2020-09-15 06:25:52
20140055,,False,,0,,,,,,NORTH STAR III,0,0,0,,5,8.0,0,1,0,,,,,2020-09-15 06:25:52
20141996_sire,,False,,0,,,,,,DISTURBIN DI PEACE,0,0,0,,5,,0,1,0,,,,,2022-10-15 16:55:28
20143632,,False,,0,,,,,,HEDGE FUND,0,0,0,,5,,0,1,0,,,,,2022-10-15 16:55:28
20150033_sire,,False,,0,,,,,,GAINSBOROUGH,0,0,0,,5,1.0,0,1,0,,,,,2020-09-15 06:25:52
20150053,,False,,0,,,,,,HAVRESAC,0,0,0,,5,,0,1,0,,,,,2020-09-15 06:25:52
20150073_sire,,False,,0,,,,,,THE PORTER,0,0,0,,5,1.0,0,1,0,,,,,2020-09-15 06:25:52
20160031_sire,,False,,0,,,,,,STEFAN THE GREAT,0,0,0,,5,,0,1,0,,,,,2020-09-15 06:25:52
20160051,,False,,0,,,,,,SWEEP ON,0,0,0,,5,,0,1,0,,,,,2020-09-15 06:25:52
20160071_sire,,False,,0,,,,,,BUCHAN,0,0,0,,5,1.0,0,1,0,,,,,2020-09-15 06:25:52
20170039_sire,,False,,0,,,,,,ALLENBY,0,0,0,,5,,0,1,0,,,,,2020-09-15 06:25:52
20170059_sire,,False,,0,,,,,,MAN OWAR,0,0,0,,5,8.0,0,1,0,,,,,2020-09-15 06:25:52
20170079_sire,,False,,0,,,,,,ABBOTS TRACE,0,0,0,,5,8.0,0,1,0,,,,,2020-09-15 06:25:52
20170099_sire,,False,,0,,,,,,JOHN P GRIER,0,0,0,,5,8.0,0,1,0,,,,,2020-09-15 06:25:52
20180057_sire,,False,,0,,,,,,KSAR,0,0,0,,5,8.0,0,1,0,,,,,2020-09-15 06:25:52
20180077_sire,,False,,0,,,,,,CRAIG AN ERAN,0,0,0,,5,1.0,0,1,0,,,,,2020-09-15 06:25:52
20180078,,False,,0,,,,,,BROKEN VOW,0,0,0,16.0,5,,0,1,0,,,,,2020-09-30 06:47:37
20180079,,False,,0,,,,,,MIDNIGHT HAWK,0,0,0,16.0,5,,0,1,0,,,,,2020-09-30 07:06:42
20180080,,False,,0,,,,,,HERECOMESBEN,0,0,0,16.0,5,,0,1,0,,,,,2020-09-30 11:54:35
20180081,,False,,0,,,,,,LION TAMER,0,0,0,16.0,5,,0,1,0,,,,,2020-09-30 11:54:58
20180082_sire,,False,,0,,,,,,CONGRESSIONALHONOR,0,0,0,16.0,5,,0,1,0,,,,,2020-09-30 12:35:53
20180083,,False,,0,,,,,,WICKED STRONG,0,0,0,,5,,0,1,0,,,,,2020-09-30 13:02:46
20180084,,False,,0,,,,,,LIAISON,0,0,0,,5,,0,1,0,,,,,2020-09-30 13:07:29
20180085,,False,,0,,,,,,BERLINO DI TIGER,0,0,0,,5,,0,1,0,,,,,2020-09-30 13:43:43
20180086,,False,,0,,,,,,VERRAZANO,0,0,0,,5,,0,1,0,,,,,2020-09-30 14:01:24
20180087,,False,,0,,,,,,FAST ANNA,0,0,0,,5,,0,1,0,,,,,2020-09-30 14:04:25
20180088,,False,,0,,,,,,SPEIGHTSTER,0,0,0,,5,,0,1,0,,,,,2020-09-30 14:09:53
20180089,,False,,0,,,,,,GEMOLOGIST,0,0,0,,5,,0,1,0,,,,,2020-09-30 14:14:26
20180090,,False,,0,,,,,,DATA LINK,0,0,0,,5,,0,1,0,,,,,2020-09-30 14:20:09
20180091,,False,,0,,,,,,BRODY'S CAUSE,0,0,0,,5,,0,1,0,,,,,2020-09-30 14:23:10
20180092,,False,,0,,,,,,PERFECT CURLIN,0,0,0,,5,,0,1,0,,,,,2020-10-01 17:00:54
20180093,,False,,0,,,,,,JUSTIN PHILLIP,0,0,0,,5,,0,1,0,,,,,2020-10-02 12:04:42
20180094,,False,,0,,,,,,TAPIZAR,0,0,0,16.0,5,,0,1,0,,,,,2020-10-02 12:11:34
20180095,,False,,0,,,,,,BOURBON COURAGE,0,0,0,,5,,0,1,0,,,,,2020-10-02 12:17:01
20180096,,False,,0,,,,,,UNCLE LINO,0,0,0,,5,,0,1,0,,,,,2020-10-02 12:21:14
20180097,,False,,0,,,,,,GOLDEN LAD,0,0,0,,5,,0,1,0,,,,,2020-10-02 12:38:13
20180098,,False,,0,,,,,,MOSLER,0,0,0,,5,,0,1,0,,,,,2020-10-02 12:38:29
20180099,,False,,0,,,,,,SAVOY STOMP,0,0,0,,5,,0,1,0,,,,,2020-11-18 06:01:53
20180100,,False,,0,,,,,,BUZZ NIGHTMARE,0,0,0,,5,,0,1,0,,,,,2020-11-24 06:38:19
20180101,,False,,0,,,,,,JESS'S DREAM,0,0,0,,5,,0,1,0,,,,,2020-11-24 06:50:41
20180102,,False,,0,,,,,,BALA-BAL,0,0,0,,5,,0,1,0,,,,,2020-11-24 07:01:49
20180103,,False,,0,,,,,,FORCE DE JOUR,0,0,0,,5,,0,1,0,,,,,2020-11-25 06:15:35
20180104,,False,,0,,,,,,KEY TO POWER,0,0,0,,5,,0,1,0,,,,,2020-11-25 06:22:28
20180105,,False,,0,,,,,,GREENPOINTCRUSADER,0,0,0,,5,,0,1,0,,,,,2020-11-25 06:32:43
20180106,,False,,0,,,,,,TOURIST,0,0,0,,5,,0,1,0,,,,,2020-11-25 06:51:33
20180107,,False,,0,,,,,,SPARROW HAWK,0,0,0,,5,,0,1,0,,,,,2021-02-26 05:32:18
20180108_sire,,False,,0,,,,,,DANZA,0,0,0,,5,,0,1,0,,,,,2021-02-26 05:34:27
20180109,,False,,0,,,,,,JACK MILTON,0,0,0,,5,,0,1,0,,,,,2021-02-26 05:51:34
20180110,,False,,0,,,,,,BAYERN,0,0,0,,5,,0,1,0,,,,,2021-02-26 05:53:09
20180111,,False,,0,,,,,,NEOLITHIC,0,0,0,,5,,0,1,0,,,,,2021-02-26 05:59:55
20180112,,False,,0,,,,,,TONALIST,0,0,0,,5,,0,1,0,,,,,2021-02-26 06:01:35
20180113_sire,,False,,0,,,,,,LEA,0,0,0,,5,,0,1,0,,,,,2021-02-26 06:12:54
20180114,,False,,0,,,,,,RIDE ON CURLIN,0,0,0,,5,,0,1,0,,,,,2021-02-26 06:27:27
20180115,,False,,0,,,,,,SKY FIRE,0,0,0,,5,,0,1,0,,,,,2021-02-26 06:28:30
20180116,,False,,0,,,,,,ALGORITHMS,0,0,0,,5,,0,1,0,,,,,2021-02-26 06:30:03
20180117,,False,,0,,,,,,BRETHREN,0,0,0,,5,,0,1,0,,,,,2021-02-26 08:07:37
20180118,,False,,0,,,,,,TAKEOVER TARGET,0,0,0,,5,,0,1,0,,,,,2021-02-26 08:11:26
20180119,,False,,0,,,,,,WARRIOR'S REWARD,0,0,0,,5,,0,1,0,,,,,2021-04-16 06:22:41
20180120,,False,,0,,,,,,GOLDEN RON,0,0,0,,5,,0,1,0,,,,,2021-10-19 11:37:53
20180121,,False,,0,,,,,,TAPITURE,0,0,0,,5,,0,1,0,,,,,2021-10-27 07:24:47
20180122,,False,,0,,,,,,BAL A BALI,0,0,0,,5,,0,1,0,,,,,2021-10-27 07:35:00
20180123,,False,,0,,,,,,RACEDAY,0,0,0,,5,,0,1,0,,,,,2021-11-12 05:45:32
20180124,,False,,0,,,,,,ORB,0,0,0,,5,,0,1,0,,,,,2021-11-25 05:58:09
20180125,,False,,0,,,,,,HEDGE FUND,0,0,0,,5,,0,1,0,,,,,2022-01-27 07:07:10
20180126,,False,,0,,,,,,SUNSHINE N SHADOWS,0,0,0,,5,,0,1,0,,,,,2022-01-27 07:26:47
20180127,,False,,0,,,,,,BOLD CONQUEST,0,0,0,,5,,0,1,0,,,,,2022-01-27 07:30:21
20180128_sire,,False,,0,,,,,,WESTERN WARRIOR,0,0,0,,5,,0,1,0,,,,,2022-01-28 06:30:23
20180129,,False,,0,,,,,,WANNABEAPLAYER,0,0,0,,5,,0,1,0,,,,,2022-01-28 06:57:52
20180130,,False,,0,,,,,,SPIETH,0,0,0,,5,,0,1,0,,,,,2022-02-03 06:01:12
20180131,,False,,0,,,,,,CONQUEST CHERIMASH,0,0,0,,5,,0,1,0,,,,,2022-02-04 05:34:09
20180132,,False,,0,,,,,,ADMIRAL ALEX,0,0,0,,5,,0,1,0,,,,,2022-02-08 05:57:55
20180133,,False,,0,,,,,,LAUNCH COMMANDER,0,0,0,,5,,0,1,0,,,,,2022-02-18 05:35:22
20180134,,False,,0,,,,,,VANCOUVER,0,0,0,,5,,0,1,0,,,,,2022-03-03 05:22:10
20180135,,False,,0,,,,,,HE BE FIRE N ICE,0,0,0,16.0,5,,0,1,0,,,,,2022-12-16 06:00:19
20180136,,False,,0,,,,,,PATTON PROUD,0,0,0,16.0,5,,0,1,0,,,,,2023-02-16 04:57:39
20180137,,False,,0,,,,,,UNION JACKSON,0,0,0,16.0,5,,0,1,0,,,,,2023-02-16 05:02:12
20180138,,False,,0,,,,,,AMIRA'S PRINCE,0,0,0,10.0,5,,0,1,0,,,,,2023-02-16 05:04:26
20180139,,False,,0,,,,,,VALIANT MINISTER,0,0,0,,5,,0,1,0,,,,,2023-03-03 03:13:07
20180140,,False,,0,,,,,,RESURGENCE,0,0,0,,5,,0,1,0,,,,,2023-03-03 03:15:47
20180141,,False,,0,,,,,,SHACKLEVILLE,0,0,0,,5,,0,1,0,,,,,2023-04-04 02:46:30
20180142,,False,,0,,,,,,SEEKING MY DREAM,0,0,0,,5,,0,1,0,,,,,2023-04-04 04:02:47
20180143,,False,,0,,,,,,SUCESSFUL NATIVE,0,0,0,,5,,0,1,0,,,,,2023-04-04 04:06:34
20180144,,False,,0,,,,,,SUCCESSFUL NATIVE,0,0,0,,5,,0,1,0,,,,,2023-04-04 04:07:08
20180145,,False,,0,,,,,,GOLDENCENTS,0,0,0,,5,,0,1,0,,,,,2023-04-27 06:38:27
20180146,,False,,0,,,,,,WAR CORRESPONDENT,0,0,0,,5,,0,1,0,,,,,2023-06-07 06:07:02
20180147,,False,,0,,,,,,CATALINA CRUISER,0,0,0,,5,,0,1,0,,,,,2023-06-12 06:37:57
20180148_sire,,False,,0,,,,,,TAPWRIT,0,0,0,,5,,0,1,0,,,,,2023-06-12 06:39:07
20180149,,False,,0,,,,,,KLIMT,0,0,0,,5,,0,1,0,,,,,2023-06-12 06:40:11
20180150,,False,,0,,,,,,GIRVIN,0,0,0,,5,,0,1,0,,,,,2023-06-12 06:45:41
20180151,,False,,0,,,,,,ARROGATE,0,0,0,16.0,5,,0,1,0,,,,,2023-09-04 06:07:09
20180152,,False,,0,,,,,,BILBOA,0,0,0,2.0,5,,0,1,0,,,,,2024-03-05 06:24:02
20180153_sire,,False,,0,,,,,,AVEENU MALCAINU,0,0,0,,5,,0,1,0,,,,,2024-03-07 03:25:42
20180154,,False,,0,,,,,,WOW WOW,0,0,0,,5,,0,1,0,,,,,2024-03-12 06:50:01
20180155,,False,,0,,,,,,FORT LOUDON,0,0,0,,5,,0,1,0,,,,,2024-03-28 06:08:03
